# Coding: utf-8;;;;;;;;;;
# File format version: 2;;;;;;;;;;
# Title: CAMS Radiation Service v4.0 all-sky irradiation (derived from satellite data).;;;;;;;;;;
# Content:  A time-series of solar radiation received on horizontal plane and plane always normal to the sun rays at ground level.;;;;;;;;;;
#           Returns the global, beam and diffuse irradiations integrated over a selected time step,;;;;;;;;;;
#           for a selected location (Meteosat Second Generation satellite coverage) and a selected period.;;;;;;;;;;
# The research leading to these results has received funding from the European Union within the Copernicus programme.;;;;;;;;;;
# Provider: MINES ParisTech (France);;;;;;;;;;
# More information at: http://www.soda-pro.com/web-services/radiation/cams-radiation-service;;;;;;;;;;
# Date begin (ISO 8601): 2019-01-01T00:00:00.0;;;;;;;;;;
# Date end (ISO 8601): 2020-01-01T00:00:00.0;;;;;;;;;;
# Latitude (positive North, ISO 19115): 54.0960;;;;;;;;;;
# Longitude (positive East, ISO 19115): 13.3830;;;;;;;;;;
# Altitude (m): 10.00;;;;;;;;;;
# Time reference: Universal time (UT);;;;;;;;;;
# Encoding partly from D2.8.III.13-14 INSPIRE Data Specification on Atmospheric Conditions and Meteorological Geographical Features - Technical Guidelines (2013-12-10) and CF (Climate and Forecast) metadata (2013-11-11);;;;;;;;;;
# CF Standard Names registry of ObservablePropertyValue;;;;;;;;;;
# http://cfconventions.org/Data/cf-standard-names/27/build/cf-standard-name-table.html;;;;;;;;;;
# Summarization (integration) period: 0 year 0 month 0 day 1 h 0 min 0 s;;;;;;;;;;
# noValue: nan;;;;;;;;;;
# File generated on: 2022-02-10;;;;;;;;;;
# Columns:;;;;;;;;;;
# 1. Observation period (ISO 8601);;;;;;;;;;
# 2. TOA. Irradiation on horizontal plane at the top of atmosphere (Wh/m2);;;;;;;;;;
# 3. Clear sky GHI. Clear sky global irradiation on horizontal plane at ground level (Wh/m2);;;;;;;;;;
# 4. Clear sky BHI. Clear sky beam irradiation on horizontal plane at ground level (Wh/m2);;;;;;;;;;
# 5. Clear sky DHI. Clear sky diffuse irradiation on horizontal plane at ground level (Wh/m2);;;;;;;;;;
# 6. Clear sky BNI. Clear sky beam irradiation on mobile plane following the sun at normal incidence (Wh/m2);;;;;;;;;;
# 7. GHI. Global irradiation on horizontal plane at ground level (Wh/m2);;;;;;;;;;
# 8. BHI. Beam irradiation on horizontal plane at ground level (Wh/m2);;;;;;;;;;
# 9. DHI. Diffuse irradiation on horizontal plane at ground level (Wh/m2);;;;;;;;;;
#10. BNI. Beam irradiation on mobile plane following the sun at normal incidence (Wh/m2);;;;;;;;;;
#11. Reliability. Proportion of reliable data in the summarization (0-1);;;;;;;;;;
Observation period;TOA;Clear sky GHI;Clear sky BHI;Clear sky DHI;Clear sky BNI;GHI;BHI;DHI;BNI;Reliability
2019-01-01T00:00:00.0/2019-01-01T01:00:00.0;0;0;0;0;0;0;0;0;0;1
2019-01-01T01:00:00.0/2019-01-01T02:00:00.0;0;0;0;0;0;0;0;0;0;1
2019-01-01T02:00:00.0/2019-01-01T03:00:00.0;0;0;0;0;0;0;0;0;0;1
2019-01-01T03:00:00.0/2019-01-01T04:00:00.0;0;0;0;0;0;0;0;0;0;1
2019-01-01T04:00:00.0/2019-01-01T05:00:00.0;0;0;0;0;0;0;0;0;0;1
2019-01-01T05:00:00.0/2019-01-01T06:00:00.0;0;0;0;0;0;0;0;0;0;1
2019-01-01T06:00:00.0/2019-01-01T07:00:00.0;0;0;0;0;0;0;0;0;0;1
2019-01-01T07:00:00.0/2019-01-01T08:00:00.0;15.2138;4.4962;0.2417;4.2545;5.7762;3.0396;0;3.0396;0;1
2019-01-01T08:00:00.0/2019-01-01T09:00:00.0;134.9725;60.1324;17.8224;42.31;170.0203;45.4388;3.4172;42.0216;29.8738;1
2019-01-01T09:00:00.0/2019-01-01T10:00:00.0;241.1852;132.2628;56.543;75.7198;326.4559;48.652;0;48.652;0;1
2019-01-01T10:00:00.0/2019-01-01T11:00:00.0;300.6192;178.8838;86.8902;91.9935;406.5019;97.0554;2.9427;94.1127;13.3849;1
2019-01-01T11:00:00.0/2019-01-01T12:00:00.0;309.2273;186.0987;90.6823;95.4164;412.6976;112.8629;6.5227;106.3402;29.7329;1
2019-01-01T12:00:00.0/2019-01-01T13:00:00.0;266.4247;152.2978;67.6054;84.6924;355.3104;83.646;1.7254;81.9205;8.374;1
2019-01-01T13:00:00.0/2019-01-01T14:00:00.0;175.1287;85.6614;28.5078;57.1537;219.1125;47.1717;0;47.1717;0;1
2019-01-01T14:00:00.0/2019-01-01T15:00:00.0;45.7276;15.9297;2.0288;13.9009;31.9663;12.0487;0;12.0487;0;1
2019-01-01T15:00:00.0/2019-01-01T16:00:00.0;0;0;0;0;0;0;0;0;0;1
2019-01-01T16:00:00.0/2019-01-01T17:00:00.0;0;0;0;0;0;0;0;0;0;1
2019-01-01T17:00:00.0/2019-01-01T18:00:00.0;0;0;0;0;0;0;0;0;0;1
2019-01-01T18:00:00.0/2019-01-01T19:00:00.0;0;0;0;0;0;0;0;0;0;1
2019-01-01T19:00:00.0/2019-01-01T20:00:00.0;0;0;0;0;0;0;0;0;0;1
2019-01-01T20:00:00.0/2019-01-01T21:00:00.0;0;0;0;0;0;0;0;0;0;1
2019-01-01T21:00:00.0/2019-01-01T22:00:00.0;0;0;0;0;0;0;0;0;0;1
2019-01-01T22:00:00.0/2019-01-01T23:00:00.0;0;0;0;0;0;0;0;0;0;1
2019-01-01T23:00:00.0/2019-01-02T00:00:00.0;0;0;0;0;0;0;0;0;0;1
2019-01-02T00:00:00.0/2019-01-02T01:00:00.0;0;0;0;0;0;0;0;0;0;1
2019-01-02T01:00:00.0/2019-01-02T02:00:00.0;0;0;0;0;0;0;0;0;0;1
2019-01-02T02:00:00.0/2019-01-02T03:00:00.0;0;0;0;0;0;0;0;0;0;1
2019-01-02T03:00:00.0/2019-01-02T04:00:00.0;0;0;0;0;0;0;0;0;0;1
2019-01-02T04:00:00.0/2019-01-02T05:00:00.0;0;0;0;0;0;0;0;0;0;1
2019-01-02T05:00:00.0/2019-01-02T06:00:00.0;0;0;0;0;0;0;0;0;0;1
2019-01-02T06:00:00.0/2019-01-02T07:00:00.0;0;0;0;0;0;0;0;0;0;1
2019-01-02T07:00:00.0/2019-01-02T08:00:00.0;15.4934;5.845;2.4173;3.4277;62.0325;4.0142;0.3248;3.6894;7.226;1
2019-01-02T08:00:00.0/2019-01-02T09:00:00.0;135.8961;75.9435;51.2387;24.7048;505.2675;66.588;44.3466;22.2413;424.1303;1
2019-01-02T09:00:00.0/2019-01-02T10:00:00.0;242.5287;158.8383;122.0551;36.7832;705.4234;143.9014;117.0586;26.8428;675.9585;1
2019-01-02T10:00:00.0/2019-01-02T11:00:00.0;302.3969;208.1606;165.7081;42.4525;771.1415;190.8225;160.9216;29.9009;748.8348;1
2019-01-02T11:00:00.0/2019-01-02T12:00:00.0;311.424;215.7973;172.0855;43.7118;777.8383;179.6842;132.9292;46.7549;598.0512;1
2019-01-02T12:00:00.0/2019-01-02T13:00:00.0;268.9969;178.1397;134.9243;43.2154;703.2547;142.3761;91.205;51.1711;486.3582;1
2019-01-02T13:00:00.0/2019-01-02T14:00:00.0;178.0077;102.0403;65.4902;36.55;503.3236;90.4182;59.3166;31.1017;451.3165;1
2019-01-02T14:00:00.0/2019-01-02T15:00:00.0;48.137;19.6563;7.8575;11.7987;129.5191;15.5561;3.5263;12.0299;49.2674;1
2019-01-02T15:00:00.0/2019-01-02T16:00:00.0;0;0;0;0;0;0;0;0;0;1
2019-01-02T16:00:00.0/2019-01-02T17:00:00.0;0;0;0;0;0;0;0;0;0;1
2019-01-02T17:00:00.0/2019-01-02T18:00:00.0;0;0;0;0;0;0;0;0;0;1
2019-01-02T18:00:00.0/2019-01-02T19:00:00.0;0;0;0;0;0;0;0;0;0;1
2019-01-02T19:00:00.0/2019-01-02T20:00:00.0;0;0;0;0;0;0;0;0;0;1
2019-01-02T20:00:00.0/2019-01-02T21:00:00.0;0;0;0;0;0;0;0;0;0;1
2019-01-02T21:00:00.0/2019-01-02T22:00:00.0;0;0;0;0;0;0;0;0;0;1
2019-01-02T22:00:00.0/2019-01-02T23:00:00.0;0;0;0;0;0;0;0;0;0;1
2019-01-02T23:00:00.0/2019-01-03T00:00:00.0;0;0;0;0;0;0;0;0;0;1
2019-01-03T00:00:00.0/2019-01-03T01:00:00.0;0;0;0;0;0;0;0;0;0;1
2019-01-03T01:00:00.0/2019-01-03T02:00:00.0;0;0;0;0;0;0;0;0;0;1
2019-01-03T02:00:00.0/2019-01-03T03:00:00.0;0;0;0;0;0;0;0;0;0;1
2019-01-03T03:00:00.0/2019-01-03T04:00:00.0;0;0;0;0;0;0;0;0;0;1
2019-01-03T04:00:00.0/2019-01-03T05:00:00.0;0;0;0;0;0;0;0;0;0;1
2019-01-03T05:00:00.0/2019-01-03T06:00:00.0;0;0;0;0;0;0;0;0;0;1
2019-01-03T06:00:00.0/2019-01-03T07:00:00.0;0;0;0;0;0;0;0;0;0;1
2019-01-03T07:00:00.0/2019-01-03T08:00:00.0;15.8496;5.9875;2.4621;3.5254;61.9442;4.1003;0.3276;3.7727;7.1954;1
2019-01-03T08:00:00.0/2019-01-03T09:00:00.0;136.9983;74.8169;49.4605;25.3565;485.2878;48.4363;12.2818;36.1545;148.2323;1
2019-01-03T09:00:00.0/2019-01-03T10:00:00.0;244.0516;155.1758;117.1789;37.9969;672.7562;72.8843;0.1711;72.7132;0.864;1
2019-01-03T10:00:00.0/2019-01-03T11:00:00.0;304.3522;203.8493;160.6005;43.2488;742.5323;87.7473;0;87.7473;0;1
2019-01-03T11:00:00.0/2019-01-03T12:00:00.0;313.7945;211.7272;167.8039;43.9232;752.7809;120.8378;13.5566;107.2812;61.8212;1
2019-01-03T12:00:00.0/2019-01-03T13:00:00.0;271.7371;177.5364;137.1996;40.3368;709.2358;145.8249;93.0232;52.8017;488.1584;1
2019-01-03T13:00:00.0/2019-01-03T14:00:00.0;181.0472;106.7785;75.8768;30.9016;579.5948;86.5901;46.249;40.3411;341.6635;1
2019-01-03T14:00:00.0/2019-01-03T15:00:00.0;50.7287;22.9148;12.4569;10.4579;207.7497;17.0926;4.0209;13.0718;59.0742;1
2019-01-03T15:00:00.0/2019-01-03T16:00:00.0;0;0;0;0;0;0;0;0;0;1
2019-01-03T16:00:00.0/2019-01-03T17:00:00.0;0;0;0;0;0;0;0;0;0;1
2019-01-03T17:00:00.0/2019-01-03T18:00:00.0;0;0;0;0;0;0;0;0;0;1
2019-01-03T18:00:00.0/2019-01-03T19:00:00.0;0;0;0;0;0;0;0;0;0;1
2019-01-03T19:00:00.0/2019-01-03T20:00:00.0;0;0;0;0;0;0;0;0;0;1
2019-01-03T20:00:00.0/2019-01-03T21:00:00.0;0;0;0;0;0;0;0;0;0;1
2019-01-03T21:00:00.0/2019-01-03T22:00:00.0;0;0;0;0;0;0;0;0;0;1
2019-01-03T22:00:00.0/2019-01-03T23:00:00.0;0;0;0;0;0;0;0;0;0;1
2019-01-03T23:00:00.0/2019-01-04T00:00:00.0;0;0;0;0;0;0;0;0;0;1
2019-01-04T00:00:00.0/2019-01-04T01:00:00.0;0;0;0;0;0;0;0;0;0;1
2019-01-04T01:00:00.0/2019-01-04T02:00:00.0;0;0;0;0;0;0;0;0;0;1
2019-01-04T02:00:00.0/2019-01-04T03:00:00.0;0;0;0;0;0;0;0;0;0;1
2019-01-04T03:00:00.0/2019-01-04T04:00:00.0;0;0;0;0;0;0;0;0;0;1
2019-01-04T04:00:00.0/2019-01-04T05:00:00.0;0;0;0;0;0;0;0;0;0;1
2019-01-04T05:00:00.0/2019-01-04T06:00:00.0;0;0;0;0;0;0;0;0;0;1
2019-01-04T06:00:00.0/2019-01-04T07:00:00.0;0;0;0;0;0;0;0;0;0;1
2019-01-04T07:00:00.0/2019-01-04T08:00:00.0;16.318;5.1;0.6173;4.4827;15.2065;3.5313;0;3.5313;0;1
2019-01-04T08:00:00.0/2019-01-04T09:00:00.0;138.2792;65.2354;26.2036;39.0319;246.488;37.3083;0.8389;36.4694;11.1893;1
2019-01-04T09:00:00.0/2019-01-04T10:00:00.0;245.7533;141.4617;78.5049;62.9568;445.4687;36.385;0;36.385;0;1
2019-01-04T10:00:00.0/2019-01-04T11:00:00.0;306.4844;189.9535;119.0656;70.8879;546.3305;35.293;0;35.293;0;1
2019-01-04T11:00:00.0/2019-01-04T12:00:00.0;316.3374;198.7734;129.2092;69.5642;575.0204;40.5675;0;40.5675;0;1
2019-01-04T12:00:00.0/2019-01-04T13:00:00.0;274.6434;167.2138;107.8108;59.403;551.6716;29.6959;0;29.6959;0;1
2019-01-04T13:00:00.0/2019-01-04T14:00:00.0;184.245;101.0659;60.299;40.7669;452.4734;49.4565;3.8522;45.6043;37.2846;1
2019-01-04T14:00:00.0/2019-01-04T15:00:00.0;53.5354;22.3731;9.9134;12.4597;161.1487;17.2167;3.7741;13.4426;52.831;1
2019-01-04T15:00:00.0/2019-01-04T16:00:00.0;0;0;0;0;0;0;0;0;0;1
2019-01-04T16:00:00.0/2019-01-04T17:00:00.0;0;0;0;0;0;0;0;0;0;1
2019-01-04T17:00:00.0/2019-01-04T18:00:00.0;0;0;0;0;0;0;0;0;0;1
2019-01-04T18:00:00.0/2019-01-04T19:00:00.0;0;0;0;0;0;0;0;0;0;1
2019-01-04T19:00:00.0/2019-01-04T20:00:00.0;0;0;0;0;0;0;0;0;0;1
2019-01-04T20:00:00.0/2019-01-04T21:00:00.0;0;0;0;0;0;0;0;0;0;1
2019-01-04T21:00:00.0/2019-01-04T22:00:00.0;0;0;0;0;0;0;0;0;0;1
2019-01-04T22:00:00.0/2019-01-04T23:00:00.0;0;0;0;0;0;0;0;0;0;1
2019-01-04T23:00:00.0/2019-01-05T00:00:00.0;0;0;0;0;0;0;0;0;0;1
2019-01-05T00:00:00.0/2019-01-05T01:00:00.0;0;0;0;0;0;0;0;0;0;1
2019-01-05T01:00:00.0/2019-01-05T02:00:00.0;0;0;0;0;0;0;0;0;0;1
2019-01-05T02:00:00.0/2019-01-05T03:00:00.0;0;0;0;0;0;0;0;0;0;1
2019-01-05T03:00:00.0/2019-01-05T04:00:00.0;0;0;0;0;0;0;0;0;0;1
2019-01-05T04:00:00.0/2019-01-05T05:00:00.0;0;0;0;0;0;0;0;0;0;1
2019-01-05T05:00:00.0/2019-01-05T06:00:00.0;0;0;0;0;0;0;0;0;0;1
2019-01-05T06:00:00.0/2019-01-05T07:00:00.0;0;0;0;0;0;0;0;0;0;1
2019-01-05T07:00:00.0/2019-01-05T08:00:00.0;16.846;6.2334;2.588;3.6454;64.2559;4.2591;0.2804;3.9786;6.038;1
2019-01-05T08:00:00.0/2019-01-05T09:00:00.0;139.7386;74.706;49.817;24.889;479.4656;25.8495;0.4408;25.4087;7.631;1
2019-01-05T09:00:00.0/2019-01-05T10:00:00.0;247.6334;154.2101;117.3949;36.8153;664.3159;102.5111;47.9083;54.6028;256.3108;1
2019-01-05T10:00:00.0/2019-01-05T11:00:00.0;308.7923;202.6495;160.7256;41.9239;732.4205;103.8726;16.3641;87.5085;78.2402;1
2019-01-05T11:00:00.0/2019-01-05T12:00:00.0;319.0513;211.0925;168.4154;42.6772;743.0818;74.0591;0;74.0591;0;1
2019-01-05T12:00:00.0/2019-01-05T13:00:00.0;277.714;177.8571;137.4873;40.3698;695.2416;24.2998;0;24.2998;0;1
2019-01-05T13:00:00.0/2019-01-05T14:00:00.0;187.5989;108.1765;75.4882;32.6883;556.0723;20.8334;0.0062;20.8272;0.0677;1
2019-01-05T14:00:00.0/2019-01-05T15:00:00.0;56.5227;24.7322;12.6204;12.1118;199.0229;16.3344;1.6242;14.7102;24.625;1
2019-01-05T15:00:00.0/2019-01-05T16:00:00.0;0;0;0;0;0;0;0;0;0;1
2019-01-05T16:00:00.0/2019-01-05T17:00:00.0;0;0;0;0;0;0;0;0;0;1
2019-01-05T17:00:00.0/2019-01-05T18:00:00.0;0;0;0;0;0;0;0;0;0;1
2019-01-05T18:00:00.0/2019-01-05T19:00:00.0;0;0;0;0;0;0;0;0;0;1
2019-01-05T19:00:00.0/2019-01-05T20:00:00.0;0;0;0;0;0;0;0;0;0;1
2019-01-05T20:00:00.0/2019-01-05T21:00:00.0;0;0;0;0;0;0;0;0;0;1
2019-01-05T21:00:00.0/2019-01-05T22:00:00.0;0;0;0;0;0;0;0;0;0;1
2019-01-05T22:00:00.0/2019-01-05T23:00:00.0;0;0;0;0;0;0;0;0;0;1
2019-01-05T23:00:00.0/2019-01-06T00:00:00.0;0;0;0;0;0;0;0;0;0;1
2019-01-06T00:00:00.0/2019-01-06T01:00:00.0;0;0;0;0;0;0;0;0;0;1
2019-01-06T01:00:00.0/2019-01-06T02:00:00.0;0;0;0;0;0;0;0;0;0;1
2019-01-06T02:00:00.0/2019-01-06T03:00:00.0;0;0;0;0;0;0;0;0;0;1
2019-01-06T03:00:00.0/2019-01-06T04:00:00.0;0;0;0;0;0;0;0;0;0;1
2019-01-06T04:00:00.0/2019-01-06T05:00:00.0;0;0;0;0;0;0;0;0;0;1
2019-01-06T05:00:00.0/2019-01-06T06:00:00.0;0;0;0;0;0;0;0;0;0;1
2019-01-06T06:00:00.0/2019-01-06T07:00:00.0;0;0;0;0;0;0;0;0;0;1
2019-01-06T07:00:00.0/2019-01-06T08:00:00.0;17.4832;6.4744;2.6034;3.871;64.8742;4.5411;0.3232;4.2179;6.795;1
2019-01-06T08:00:00.0/2019-01-06T09:00:00.0;141.3763;75.9163;49.6732;26.2431;472.4933;56.4421;11.8765;44.5656;111.915;1
2019-01-06T09:00:00.0/2019-01-06T10:00:00.0;249.6911;156.3643;117.375;38.9893;658.6118;135.6082;96.7122;38.896;534.5955;1
2019-01-06T10:00:00.0/2019-01-06T11:00:00.0;311.2747;205.4497;161.2015;44.2482;728.7064;187.396;152.4721;34.9239;689.404;1
2019-01-06T11:00:00.0/2019-01-06T12:00:00.0;321.9345;214.0106;169.1664;44.8442;739.6999;185.4402;133.2141;52.2261;583.1906;1
2019-01-06T12:00:00.0/2019-01-06T13:00:00.0;280.9468;180.3395;138.3709;41.9686;691.6668;164.4764;131.6287;32.8478;657.7296;1
2019-01-06T13:00:00.0/2019-01-06T14:00:00.0;191.1066;110.0753;76.5187;33.5566;553.6176;98.0268;69.1216;28.9051;496.7499;1
2019-01-06T14:00:00.0/2019-01-06T15:00:00.0;59.7103;25.9973;13.3097;12.6875;203.7364;20.9192;7.4422;13.477;98.1094;1
2019-01-06T15:00:00.0/2019-01-06T16:00:00.0;0;0;0;0;0;0;0;0;0;1
2019-01-06T16:00:00.0/2019-01-06T17:00:00.0;0;0;0;0;0;0;0;0;0;1
2019-01-06T17:00:00.0/2019-01-06T18:00:00.0;0;0;0;0;0;0;0;0;0;1
2019-01-06T18:00:00.0/2019-01-06T19:00:00.0;0;0;0;0;0;0;0;0;0;1
2019-01-06T19:00:00.0/2019-01-06T20:00:00.0;0;0;0;0;0;0;0;0;0;1
2019-01-06T20:00:00.0/2019-01-06T21:00:00.0;0;0;0;0;0;0;0;0;0;1
2019-01-06T21:00:00.0/2019-01-06T22:00:00.0;0;0;0;0;0;0;0;0;0;1
2019-01-06T22:00:00.0/2019-01-06T23:00:00.0;0;0;0;0;0;0;0;0;0;1
2019-01-06T23:00:00.0/2019-01-07T00:00:00.0;0;0;0;0;0;0;0;0;0;1
2019-01-07T00:00:00.0/2019-01-07T01:00:00.0;0;0;0;0;0;0;0;0;0;1
2019-01-07T01:00:00.0/2019-01-07T02:00:00.0;0;0;0;0;0;0;0;0;0;1
2019-01-07T02:00:00.0/2019-01-07T03:00:00.0;0;0;0;0;0;0;0;0;0;1
2019-01-07T03:00:00.0/2019-01-07T04:00:00.0;0;0;0;0;0;0;0;0;0;1
2019-01-07T04:00:00.0/2019-01-07T05:00:00.0;0;0;0;0;0;0;0;0;0;1
2019-01-07T05:00:00.0/2019-01-07T06:00:00.0;0;0;0;0;0;0;0;0;0;1
2019-01-07T06:00:00.0/2019-01-07T07:00:00.0;0;0;0;0;0;0;0;0;0;1
2019-01-07T07:00:00.0/2019-01-07T08:00:00.0;18.1948;6.2579;1.9892;4.2687;47.8439;4.362;0.061;4.301;1.2155;1
2019-01-07T08:00:00.0/2019-01-07T09:00:00.0;143.192;73.0009;43.3932;29.6077;404.9026;22.6845;0.1509;22.5336;2.5443;1
2019-01-07T09:00:00.0/2019-01-07T10:00:00.0;251.9257;152.1332;107.5662;44.567;597.5779;19.241;0;19.241;0;1
2019-01-07T10:00:00.0/2019-01-07T11:00:00.0;313.9305;201.4521;151.2818;50.1703;677.952;51.6446;0;51.6446;0;1
2019-01-07T11:00:00.0/2019-01-07T12:00:00.0;324.9852;210.8826;160.6984;50.1842;696.0791;64.2673;0;64.2673;0;1
2019-01-07T12:00:00.0/2019-01-07T13:00:00.0;284.3396;178.9541;132.9354;46.0187;656.7175;47.6229;0;47.6229;0;1
2019-01-07T13:00:00.0/2019-01-07T14:00:00.0;194.7657;110.7749;74.7684;36.0065;531.2531;42.2877;0;42.2877;0;1
2019-01-07T14:00:00.0/2019-01-07T15:00:00.0;63.1356;27.3154;13.5199;13.7955;201.9338;19.4329;0.3853;19.0476;5.0461;1
2019-01-07T15:00:00.0/2019-01-07T16:00:00.0;0;0;0;0;0;0;0;0;0;1
2019-01-07T16:00:00.0/2019-01-07T17:00:00.0;0;0;0;0;0;0;0;0;0;1
2019-01-07T17:00:00.0/2019-01-07T18:00:00.0;0;0;0;0;0;0;0;0;0;1
2019-01-07T18:00:00.0/2019-01-07T19:00:00.0;0;0;0;0;0;0;0;0;0;1
2019-01-07T19:00:00.0/2019-01-07T20:00:00.0;0;0;0;0;0;0;0;0;0;1
2019-01-07T20:00:00.0/2019-01-07T21:00:00.0;0;0;0;0;0;0;0;0;0;1
2019-01-07T21:00:00.0/2019-01-07T22:00:00.0;0;0;0;0;0;0;0;0;0;1
2019-01-07T22:00:00.0/2019-01-07T23:00:00.0;0;0;0;0;0;0;0;0;0;1
2019-01-07T23:00:00.0/2019-01-08T00:00:00.0;0;0;0;0;0;0;0;0;0;1
2019-01-08T00:00:00.0/2019-01-08T01:00:00.0;0;0;0;0;0;0;0;0;0;1
2019-01-08T01:00:00.0/2019-01-08T02:00:00.0;0;0;0;0;0;0;0;0;0;1
2019-01-08T02:00:00.0/2019-01-08T03:00:00.0;0;0;0;0;0;0;0;0;0;1
2019-01-08T03:00:00.0/2019-01-08T04:00:00.0;0;0;0;0;0;0;0;0;0;1
2019-01-08T04:00:00.0/2019-01-08T05:00:00.0;0;0;0;0;0;0;0;0;0;1
2019-01-08T05:00:00.0/2019-01-08T06:00:00.0;0;0;0;0;0;0;0;0;0;1
2019-01-08T06:00:00.0/2019-01-08T07:00:00.0;0;0;0;0;0;0;0;0;0;1
2019-01-08T07:00:00.0/2019-01-08T08:00:00.0;19.0239;5.793;0.5918;5.2012;12.9616;4.1249;0;4.1249;0;1
2019-01-08T08:00:00.0/2019-01-08T09:00:00.0;145.1852;69.9654;32.1775;37.7879;286.1542;33.0188;1.229;31.7898;8.6134;1
2019-01-08T09:00:00.0/2019-01-08T10:00:00.0;254.3362;150.0838;96.1064;53.9774;527.7034;90.9318;29.5862;61.3456;158.3145;1
2019-01-08T10:00:00.0/2019-01-08T11:00:00.0;316.758;199.9257;142.3418;57.5839;631.9168;82.2141;6.2737;75.9404;29.4772;1
2019-01-08T11:00:00.0/2019-01-08T12:00:00.0;328.2016;209.9459;156.3402;53.6058;670.6115;101.684;25.0659;76.6181;108.1295;1
2019-01-08T12:00:00.0/2019-01-08T13:00:00.0;287.8903;178.4225;131.1709;47.2516;639.9375;63.4564;7.809;55.6474;36.188;1
2019-01-08T13:00:00.0/2019-01-08T14:00:00.0;198.5736;110.6056;73.6688;36.9368;513.2864;18.7034;0;18.7034;0;1
2019-01-08T14:00:00.0/2019-01-08T15:00:00.0;66.7589;27.8499;13.5048;14.3452;194.6306;11.9605;0;11.9605;0;1
2019-01-08T15:00:00.0/2019-01-08T16:00:00.0;0;0;0;0;0;0;0;0;0;1
2019-01-08T16:00:00.0/2019-01-08T17:00:00.0;0;0;0;0;0;0;0;0;0;1
2019-01-08T17:00:00.0/2019-01-08T18:00:00.0;0;0;0;0;0;0;0;0;0;1
2019-01-08T18:00:00.0/2019-01-08T19:00:00.0;0;0;0;0;0;0;0;0;0;1
2019-01-08T19:00:00.0/2019-01-08T20:00:00.0;0;0;0;0;0;0;0;0;0;1
2019-01-08T20:00:00.0/2019-01-08T21:00:00.0;0;0;0;0;0;0;0;0;0;1
2019-01-08T21:00:00.0/2019-01-08T22:00:00.0;0;0;0;0;0;0;0;0;0;1
2019-01-08T22:00:00.0/2019-01-08T23:00:00.0;0;0;0;0;0;0;0;0;0;1
2019-01-08T23:00:00.0/2019-01-09T00:00:00.0;0;0;0;0;0;0;0;0;0;1
2019-01-09T00:00:00.0/2019-01-09T01:00:00.0;0;0;0;0;0;0;0;0;0;1
2019-01-09T01:00:00.0/2019-01-09T02:00:00.0;0;0;0;0;0;0;0;0;0;1
2019-01-09T02:00:00.0/2019-01-09T03:00:00.0;0;0;0;0;0;0;0;0;0;1
2019-01-09T03:00:00.0/2019-01-09T04:00:00.0;0;0;0;0;0;0;0;0;0;1
2019-01-09T04:00:00.0/2019-01-09T05:00:00.0;0;0;0;0;0;0;0;0;0;1
2019-01-09T05:00:00.0/2019-01-09T06:00:00.0;0;0;0;0;0;0;0;0;0;1
2019-01-09T06:00:00.0/2019-01-09T07:00:00.0;0;0;0;0;0;0;0;0;0;1
2019-01-09T07:00:00.0/2019-01-09T08:00:00.0;19.9307;6.6523;1.8979;4.7543;44.6071;4.7389;0.0504;4.6885;0.9431;1
2019-01-09T08:00:00.0/2019-01-09T09:00:00.0;147.3555;74.4868;42.1624;32.3244;381.9499;40.5132;1.2094;39.3038;15.4888;1
2019-01-09T09:00:00.0/2019-01-09T10:00:00.0;256.9214;154.0955;103.0524;51.0431;561.7216;27.2179;0;27.2179;0;1
2019-01-09T10:00:00.0/2019-01-09T11:00:00.0;319.7559;203.1455;141.8008;61.3447;623.9757;36.0905;0;36.0905;0;1
2019-01-09T11:00:00.0/2019-01-09T12:00:00.0;331.5817;211.8978;146.5132;65.3845;621.8734;112.522;7.193;105.329;30.745;1
2019-01-09T12:00:00.0/2019-01-09T13:00:00.0;291.5965;179.1158;116.7896;62.3263;562.0542;74.7318;0.402;74.3298;1.7932;1
2019-01-09T13:00:00.0/2019-01-09T14:00:00.0;202.5277;110.4374;61.3989;49.0384;417.1396;21.622;0;21.622;0;1
2019-01-09T14:00:00.0/2019-01-09T15:00:00.0;70.6295;28.1721;9.3518;18.8202;124.6294;14.5374;0;14.5374;0;1
2019-01-09T15:00:00.0/2019-01-09T16:00:00.0;0;0;0;0;0;0;0;0;0;1
2019-01-09T16:00:00.0/2019-01-09T17:00:00.0;0;0;0;0;0;0;0;0;0;1
2019-01-09T17:00:00.0/2019-01-09T18:00:00.0;0;0;0;0;0;0;0;0;0;1
2019-01-09T18:00:00.0/2019-01-09T19:00:00.0;0;0;0;0;0;0;0;0;0;1
2019-01-09T19:00:00.0/2019-01-09T20:00:00.0;0;0;0;0;0;0;0;0;0;1
2019-01-09T20:00:00.0/2019-01-09T21:00:00.0;0;0;0;0;0;0;0;0;0;1
2019-01-09T21:00:00.0/2019-01-09T22:00:00.0;0;0;0;0;0;0;0;0;0;1
2019-01-09T22:00:00.0/2019-01-09T23:00:00.0;0;0;0;0;0;0;0;0;0;1
2019-01-09T23:00:00.0/2019-01-10T00:00:00.0;0;0;0;0;0;0;0;0;0;1
2019-01-10T00:00:00.0/2019-01-10T01:00:00.0;0;0;0;0;0;0;0;0;0;1
2019-01-10T01:00:00.0/2019-01-10T02:00:00.0;0;0;0;0;0;0;0;0;0;1
2019-01-10T02:00:00.0/2019-01-10T03:00:00.0;0;0;0;0;0;0;0;0;0;1
2019-01-10T03:00:00.0/2019-01-10T04:00:00.0;0;0;0;0;0;0;0;0;0;1
2019-01-10T04:00:00.0/2019-01-10T05:00:00.0;0;0;0;0;0;0;0;0;0;1
2019-01-10T05:00:00.0/2019-01-10T06:00:00.0;0;0;0;0;0;0;0;0;0;1
2019-01-10T06:00:00.0/2019-01-10T07:00:00.0;0;0;0;0;0;0;0;0;0;1
2019-01-10T07:00:00.0/2019-01-10T08:00:00.0;20.9741;8.2003;3.7502;4.4501;85.8049;5.9178;0.9005;5.0173;17.8597;1
2019-01-10T08:00:00.0/2019-01-10T09:00:00.0;149.702;84.1411;57.5754;26.5657;520.483;36.7598;3.4055;33.3543;44.0494;1
2019-01-10T09:00:00.0/2019-01-10T10:00:00.0;259.6804;168.8378;130.1811;38.6567;702.6525;27.0899;0;27.0899;0;1
2019-01-10T10:00:00.0/2019-01-10T11:00:00.0;322.9225;220.37;176.7466;43.6234;770.0679;51.0493;0;51.0493;0;1
2019-01-10T11:00:00.0/2019-01-10T12:00:00.0;335.1235;230.1532;185.9759;44.1773;781.0883;63.864;0;63.864;0;1
2019-01-10T12:00:00.0/2019-01-10T13:00:00.0;295.4557;196.0689;154.1566;41.9122;732.7953;59.0453;0;59.0453;0;1
2019-01-10T13:00:00.0/2019-01-10T14:00:00.0;206.6255;123.5682;88.785;34.7832;595.8113;47.3;0;47.3;0;1
2019-01-10T14:00:00.0/2019-01-10T15:00:00.0;74.7136;33.9074;18.5361;15.3713;255.2522;22.2851;0.6952;21.5899;9.1475;1
2019-01-10T15:00:00.0/2019-01-10T16:00:00.0;0;0;0;0;0;0;0;0;0;1
2019-01-10T16:00:00.0/2019-01-10T17:00:00.0;0;0;0;0;0;0;0;0;0;1
2019-01-10T17:00:00.0/2019-01-10T18:00:00.0;0;0;0;0;0;0;0;0;0;1
2019-01-10T18:00:00.0/2019-01-10T19:00:00.0;0;0;0;0;0;0;0;0;0;1
2019-01-10T19:00:00.0/2019-01-10T20:00:00.0;0;0;0;0;0;0;0;0;0;1
2019-01-10T20:00:00.0/2019-01-10T21:00:00.0;0;0;0;0;0;0;0;0;0;1
2019-01-10T21:00:00.0/2019-01-10T22:00:00.0;0;0;0;0;0;0;0;0;0;1
2019-01-10T22:00:00.0/2019-01-10T23:00:00.0;0;0;0;0;0;0;0;0;0;1
2019-01-10T23:00:00.0/2019-01-11T00:00:00.0;0;0;0;0;0;0;0;0;0;1
2019-01-11T00:00:00.0/2019-01-11T01:00:00.0;0;0;0;0;0;0;0;0;0;1
2019-01-11T01:00:00.0/2019-01-11T02:00:00.0;0;0;0;0;0;0;0;0;0;1
2019-01-11T02:00:00.0/2019-01-11T03:00:00.0;0;0;0;0;0;0;0;0;0;1
2019-01-11T03:00:00.0/2019-01-11T04:00:00.0;0;0;0;0;0;0;0;0;0;1
2019-01-11T04:00:00.0/2019-01-11T05:00:00.0;0;0;0;0;0;0;0;0;0;1
2019-01-11T05:00:00.0/2019-01-11T06:00:00.0;0;0;0;0;0;0;0;0;0;1
2019-01-11T06:00:00.0/2019-01-11T07:00:00.0;0;0;0;0;0;0;0;0;0;1
2019-01-11T07:00:00.0/2019-01-11T08:00:00.0;22.1276;7.8074;2.9652;4.8423;66.5968;5.6778;0.4034;5.2744;7.4821;1
2019-01-11T08:00:00.0/2019-01-11T09:00:00.0;152.2239;78.3592;48.8044;29.5548;432.297;40.3472;2.5473;37.7999;32.4187;1
2019-01-11T09:00:00.0/2019-01-11T10:00:00.0;262.6117;158.5188;113.2754;45.2433;604.1984;24.5855;0;24.5855;0;1
2019-01-11T10:00:00.0/2019-01-11T11:00:00.0;326.256;208.9233;155.3374;53.5859;669.8077;22.4991;0;22.4991;0;1
2019-01-11T11:00:00.0/2019-01-11T12:00:00.0;338.8248;219.7832;163.191;56.5922;677.8406;23.8537;0;23.8537;0;1
2019-01-11T12:00:00.0/2019-01-11T13:00:00.0;299.4657;188.4475;134.177;54.2705;629.1022;32.0409;0;32.0409;0;1
2019-01-11T13:00:00.0/2019-01-11T14:00:00.0;210.8641;119.5369;75.3929;44.144;494.5934;61.1679;0.6394;60.5285;5.6397;1
2019-01-11T14:00:00.0/2019-01-11T15:00:00.0;79.0607;33.6293;14.4494;19.1798;187.5536;23.7456;2.6945;21.0511;33.1233;1
2019-01-11T15:00:00.0/2019-01-11T16:00:00.0;0;0;0;0;0;0;0;0;0;1
2019-01-11T16:00:00.0/2019-01-11T17:00:00.0;0;0;0;0;0;0;0;0;0;1
2019-01-11T17:00:00.0/2019-01-11T18:00:00.0;0;0;0;0;0;0;0;0;0;1
2019-01-11T18:00:00.0/2019-01-11T19:00:00.0;0;0;0;0;0;0;0;0;0;1
2019-01-11T19:00:00.0/2019-01-11T20:00:00.0;0;0;0;0;0;0;0;0;0;1
2019-01-11T20:00:00.0/2019-01-11T21:00:00.0;0;0;0;0;0;0;0;0;0;1
2019-01-11T21:00:00.0/2019-01-11T22:00:00.0;0;0;0;0;0;0;0;0;0;1
2019-01-11T22:00:00.0/2019-01-11T23:00:00.0;0;0;0;0;0;0;0;0;0;1
2019-01-11T23:00:00.0/2019-01-12T00:00:00.0;0;0;0;0;0;0;0;0;0;1
2019-01-12T00:00:00.0/2019-01-12T01:00:00.0;0;0;0;0;0;0;0;0;0;1
2019-01-12T01:00:00.0/2019-01-12T02:00:00.0;0;0;0;0;0;0;0;0;0;1
2019-01-12T02:00:00.0/2019-01-12T03:00:00.0;0;0;0;0;0;0;0;0;0;1
2019-01-12T03:00:00.0/2019-01-12T04:00:00.0;0;0;0;0;0;0;0;0;0;1
2019-01-12T04:00:00.0/2019-01-12T05:00:00.0;0;0;0;0;0;0;0;0;0;1
2019-01-12T05:00:00.0/2019-01-12T06:00:00.0;0;0;0;0;0;0;0;0;0;1
2019-01-12T06:00:00.0/2019-01-12T07:00:00.0;0;0;0;0;0;0;0;0;0;1
2019-01-12T07:00:00.0/2019-01-12T08:00:00.0;23.3991;7.467;1.1558;6.3112;24.4171;5.4493;0;5.4493;0;1
2019-01-12T08:00:00.0/2019-01-12T09:00:00.0;154.9203;73.6891;30.1456;43.5435;256.9966;35.434;0.0709;35.363;0.54;1
2019-01-12T09:00:00.0/2019-01-12T10:00:00.0;265.7139;153.816;86.3795;67.4365;452.9236;42.5651;0.2048;42.3603;1.2231;1
2019-01-12T10:00:00.0/2019-01-12T11:00:00.0;329.7545;207.3936;137.1204;70.2733;584.2567;41.0256;0;41.0256;0;1
2019-01-12T11:00:00.0/2019-01-12T12:00:00.0;342.6834;220.8482;158.9326;61.9156;652.8624;77.6841;0;77.6841;0;1
2019-01-12T12:00:00.0/2019-01-12T13:00:00.0;303.6237;191.7453;141.5671;50.1781;655.4575;68.8755;0;68.8755;0;1
2019-01-12T13:00:00.0/2019-01-12T14:00:00.0;215.241;125.036;88.4214;36.6146;572.3228;38.2906;0;38.2906;0;1
2019-01-12T14:00:00.0/2019-01-12T15:00:00.0;83.561;38.325;22.7337;15.5913;305.1197;19.5116;0.3632;19.1485;5.9433;1
2019-01-12T15:00:00.0/2019-01-12T16:00:00.0;0.0669;0.0146;0;0.0146;0;0;0;0;0;1
2019-01-12T16:00:00.0/2019-01-12T17:00:00.0;0;0;0;0;0;0;0;0;0;1
2019-01-12T17:00:00.0/2019-01-12T18:00:00.0;0;0;0;0;0;0;0;0;0;1
2019-01-12T18:00:00.0/2019-01-12T19:00:00.0;0;0;0;0;0;0;0;0;0;1
2019-01-12T19:00:00.0/2019-01-12T20:00:00.0;0;0;0;0;0;0;0;0;0;1
2019-01-12T20:00:00.0/2019-01-12T21:00:00.0;0;0;0;0;0;0;0;0;0;1
2019-01-12T21:00:00.0/2019-01-12T22:00:00.0;0;0;0;0;0;0;0;0;0;1
2019-01-12T22:00:00.0/2019-01-12T23:00:00.0;0;0;0;0;0;0;0;0;0;1
2019-01-12T23:00:00.0/2019-01-13T00:00:00.0;0;0;0;0;0;0;0;0;0;1
2019-01-13T00:00:00.0/2019-01-13T01:00:00.0;0;0;0;0;0;0;0;0;0;1
2019-01-13T01:00:00.0/2019-01-13T02:00:00.0;0;0;0;0;0;0;0;0;0;1
2019-01-13T02:00:00.0/2019-01-13T03:00:00.0;0;0;0;0;0;0;0;0;0;1
2019-01-13T03:00:00.0/2019-01-13T04:00:00.0;0;0;0;0;0;0;0;0;0;1
2019-01-13T04:00:00.0/2019-01-13T05:00:00.0;0;0;0;0;0;0;0;0;0;1
2019-01-13T05:00:00.0/2019-01-13T06:00:00.0;0;0;0;0;0;0;0;0;0;1
2019-01-13T06:00:00.0/2019-01-13T07:00:00.0;0;0;0;0;0;0;0;0;0;1
2019-01-13T07:00:00.0/2019-01-13T08:00:00.0;24.7967;8.3486;1.7174;6.6312;34.8646;6.1991;0.0133;6.1858;0.2252;1
2019-01-13T08:00:00.0/2019-01-13T09:00:00.0;157.7902;79.7172;41.0842;38.6329;345.9098;32.8076;0.1723;32.6353;1.3209;1
2019-01-13T09:00:00.0/2019-01-13T10:00:00.0;268.9856;161.8109;107.66;54.1508;559.0502;44.5469;0.1024;44.4445;0.5968;1
2019-01-13T10:00:00.0/2019-01-13T11:00:00.0;333.4163;213.9863;158.9458;55.0405;670.1332;85.672;13.2044;72.4675;55.9988;1
2019-01-13T11:00:00.0/2019-01-13T12:00:00.0;346.697;225.9382;176.9796;48.9586;718.4449;57.2649;0;57.2649;0;1
2019-01-13T12:00:00.0/2019-01-13T13:00:00.0;307.9273;195.5998;150.6972;44.9026;687.1219;39.0532;0;39.0532;0;1
2019-01-13T13:00:00.0/2019-01-13T14:00:00.0;219.7532;127.3274;86.9594;40.368;548.4208;44.0366;0;44.0366;0;1
2019-01-13T14:00:00.0/2019-01-13T15:00:00.0;88.1867;39.0757;18.4724;20.6033;226.8614;20.733;0.0159;20.7172;0.1675;1
2019-01-13T15:00:00.0/2019-01-13T16:00:00.0;0.2933;0.0678;0.0066;0.0612;0;0;0;0;0;1
2019-01-13T16:00:00.0/2019-01-13T17:00:00.0;0;0;0;0;0;0;0;0;0;1
2019-01-13T17:00:00.0/2019-01-13T18:00:00.0;0;0;0;0;0;0;0;0;0;1
2019-01-13T18:00:00.0/2019-01-13T19:00:00.0;0;0;0;0;0;0;0;0;0;1
2019-01-13T19:00:00.0/2019-01-13T20:00:00.0;0;0;0;0;0;0;0;0;0;1
2019-01-13T20:00:00.0/2019-01-13T21:00:00.0;0;0;0;0;0;0;0;0;0;1
2019-01-13T21:00:00.0/2019-01-13T22:00:00.0;0;0;0;0;0;0;0;0;0;1
2019-01-13T22:00:00.0/2019-01-13T23:00:00.0;0;0;0;0;0;0;0;0;0;1
2019-01-13T23:00:00.0/2019-01-14T00:00:00.0;0;0;0;0;0;0;0;0;0;1
2019-01-14T00:00:00.0/2019-01-14T01:00:00.0;0;0;0;0;0;0;0;0;0;1
2019-01-14T01:00:00.0/2019-01-14T02:00:00.0;0;0;0;0;0;0;0;0;0;1
2019-01-14T02:00:00.0/2019-01-14T03:00:00.0;0;0;0;0;0;0;0;0;0;1
2019-01-14T03:00:00.0/2019-01-14T04:00:00.0;0;0;0;0;0;0;0;0;0;1
2019-01-14T04:00:00.0/2019-01-14T05:00:00.0;0;0;0;0;0;0;0;0;0;1
2019-01-14T05:00:00.0/2019-01-14T06:00:00.0;0;0;0;0;0;0;0;0;0;1
2019-01-14T06:00:00.0/2019-01-14T07:00:00.0;0;0;0;0;0;0;0;0;0;1
2019-01-14T07:00:00.0/2019-01-14T08:00:00.0;26.328;9.7696;2.7278;7.0418;55.4673;7.444;0.5579;6.8861;9.376;1
2019-01-14T08:00:00.0/2019-01-14T09:00:00.0;160.8321;88.1317;49.8425;38.2891;415.9095;71.1919;31.108;40.0839;268.6579;1
2019-01-14T09:00:00.0/2019-01-14T10:00:00.0;272.425;175.3714;119.6257;55.7456;614.403;137.226;68.5722;68.6538;343.1224;1
2019-01-14T10:00:00.0/2019-01-14T11:00:00.0;337.239;230.0967;167.8407;62.256;699.8282;197.5483;136.9463;60.602;570.6133;1
2019-01-14T11:00:00.0/2019-01-14T12:00:00.0;350.8632;242.3536;180.0836;62.27;722.2104;163.8404;97.6801;66.1604;393.2868;1
2019-01-14T12:00:00.0/2019-01-14T13:00:00.0;312.3738;210.9396;154.8233;56.1163;696.5661;193.5727;152.1266;41.4461;684.2722;1
2019-01-14T13:00:00.0/2019-01-14T14:00:00.0;224.398;140.3029;97.1365;43.1663;602.9749;126.2148;92.602;33.6128;573.17;1
2019-01-14T14:00:00.0/2019-01-14T15:00:00.0;92.9347;46.3248;25.9813;20.3436;325.7945;38.7754;18.9462;19.8292;209.9633;1
2019-01-14T15:00:00.0/2019-01-14T16:00:00.0;0.6524;0.1701;0.017;0.1531;0;0.0183;0;0.0183;0;1
2019-01-14T16:00:00.0/2019-01-14T17:00:00.0;0;0;0;0;0;0;0;0;0;1
2019-01-14T17:00:00.0/2019-01-14T18:00:00.0;0;0;0;0;0;0;0;0;0;1
2019-01-14T18:00:00.0/2019-01-14T19:00:00.0;0;0;0;0;0;0;0;0;0;1
2019-01-14T19:00:00.0/2019-01-14T20:00:00.0;0;0;0;0;0;0;0;0;0;1
2019-01-14T20:00:00.0/2019-01-14T21:00:00.0;0;0;0;0;0;0;0;0;0;1
2019-01-14T21:00:00.0/2019-01-14T22:00:00.0;0;0;0;0;0;0;0;0;0;1
2019-01-14T22:00:00.0/2019-01-14T23:00:00.0;0;0;0;0;0;0;0;0;0;1
2019-01-14T23:00:00.0/2019-01-15T00:00:00.0;0;0;0;0;0;0;0;0;0;1
2019-01-15T00:00:00.0/2019-01-15T01:00:00.0;0;0;0;0;0;0;0;0;0;1
2019-01-15T01:00:00.0/2019-01-15T02:00:00.0;0;0;0;0;0;0;0;0;0;1
2019-01-15T02:00:00.0/2019-01-15T03:00:00.0;0;0;0;0;0;0;0;0;0;1
2019-01-15T03:00:00.0/2019-01-15T04:00:00.0;0;0;0;0;0;0;0;0;0;1
2019-01-15T04:00:00.0/2019-01-15T05:00:00.0;0;0;0;0;0;0;0;0;0;1
2019-01-15T05:00:00.0/2019-01-15T06:00:00.0;0;0;0;0;0;0;0;0;0;1
2019-01-15T06:00:00.0/2019-01-15T07:00:00.0;0;0;0;0;0;0;0;0;0;1
2019-01-15T07:00:00.0/2019-01-15T08:00:00.0;28.0008;9.7491;2.1926;7.5565;42.1218;7.4553;0.2363;7.219;3.7671;1
2019-01-15T08:00:00.0/2019-01-15T09:00:00.0;164.0449;85.4484;46.1252;39.3232;374.6271;59.1201;3.6033;55.5168;37.5942;1
2019-01-15T09:00:00.0/2019-01-15T10:00:00.0;276.0304;169.9997;115.9741;54.0256;587.4773;47.2765;0;47.2765;0;1
2019-01-15T10:00:00.0/2019-01-15T11:00:00.0;341.2208;222.5822;165.2062;57.3759;680.6482;50.5678;0;50.5678;0;1
2019-01-15T11:00:00.0/2019-01-15T12:00:00.0;355.1795;234.2074;179.7614;54.446;712.1164;74.9575;0;74.9575;0;1
2019-01-15T12:00:00.0/2019-01-15T13:00:00.0;316.9604;203.7537;155.9645;47.7892;691.4733;89.3312;0;89.3312;0;1
2019-01-15T13:00:00.0/2019-01-15T14:00:00.0;229.1726;136.0533;98.9699;37.0834;602.0186;71.7207;0;71.7207;0;1
2019-01-15T14:00:00.0/2019-01-15T15:00:00.0;97.8025;46.4366;28.198;18.2387;347.2528;31.6041;4.6361;26.9681;57.8397;1
2019-01-15T15:00:00.0/2019-01-15T16:00:00.0;1.1544;0.2939;0.0474;0.2466;0;0.0544;0;0.0544;0;1
2019-01-15T16:00:00.0/2019-01-15T17:00:00.0;0;0;0;0;0;0;0;0;0;1
2019-01-15T17:00:00.0/2019-01-15T18:00:00.0;0;0;0;0;0;0;0;0;0;1
2019-01-15T18:00:00.0/2019-01-15T19:00:00.0;0;0;0;0;0;0;0;0;0;1
2019-01-15T19:00:00.0/2019-01-15T20:00:00.0;0;0;0;0;0;0;0;0;0;1
2019-01-15T20:00:00.0/2019-01-15T21:00:00.0;0;0;0;0;0;0;0;0;0;1
2019-01-15T21:00:00.0/2019-01-15T22:00:00.0;0;0;0;0;0;0;0;0;0;1
2019-01-15T22:00:00.0/2019-01-15T23:00:00.0;0;0;0;0;0;0;0;0;0;1
2019-01-15T23:00:00.0/2019-01-16T00:00:00.0;0;0;0;0;0;0;0;0;0;1
2019-01-16T00:00:00.0/2019-01-16T01:00:00.0;0;0;0;0;0;0;0;0;0;1
2019-01-16T01:00:00.0/2019-01-16T02:00:00.0;0;0;0;0;0;0;0;0;0;1
2019-01-16T02:00:00.0/2019-01-16T03:00:00.0;0;0;0;0;0;0;0;0;0;1
2019-01-16T03:00:00.0/2019-01-16T04:00:00.0;0;0;0;0;0;0;0;0;0;1
2019-01-16T04:00:00.0/2019-01-16T05:00:00.0;0;0;0;0;0;0;0;0;0;1
2019-01-16T05:00:00.0/2019-01-16T06:00:00.0;0;0;0;0;0;0;0;0;0;1
2019-01-16T06:00:00.0/2019-01-16T07:00:00.0;0;0;0;0;0;0;0;0;0;1
2019-01-16T07:00:00.0/2019-01-16T08:00:00.0;29.8226;10.9872;3.7635;7.2237;73.502;6.1229;0;6.1229;0;1
2019-01-16T08:00:00.0/2019-01-16T09:00:00.0;167.427;88.6022;52.7457;35.8565;425.7534;39.4387;0;39.4387;0;1
2019-01-16T09:00:00.0/2019-01-16T10:00:00.0;279.7999;171.509;118.5839;52.9251;593.7123;38.3566;0;38.3566;0;1
2019-01-16T10:00:00.0/2019-01-16T11:00:00.0;345.3592;222.2398;159.6489;62.5909;650.0994;30.1752;0;30.1752;0;1
2019-01-16T11:00:00.0/2019-01-16T12:00:00.0;359.6435;232.1875;165.773;66.4146;648.3827;53.4843;0;53.4843;0;1
2019-01-16T12:00:00.0/2019-01-16T13:00:00.0;321.6846;199.0188;133.7605;65.2583;583.2284;79.1373;0.2961;78.8412;1.4277;1
2019-01-16T13:00:00.0/2019-01-16T14:00:00.0;234.0742;128.9171;74.3721;54.545;439.4439;51.6915;0.0851;51.6064;0.6675;1
2019-01-16T14:00:00.0/2019-01-16T15:00:00.0;102.787;42.6871;16.1955;26.4916;181.5954;28.2071;1.6974;26.5096;20.4101;1
2019-01-16T15:00:00.0/2019-01-16T16:00:00.0;1.7966;0.4262;0.0087;0.4175;0;0.0852;0;0.0852;0;1
2019-01-16T16:00:00.0/2019-01-16T17:00:00.0;0;0;0;0;0;0;0;0;0;1
2019-01-16T17:00:00.0/2019-01-16T18:00:00.0;0;0;0;0;0;0;0;0;0;1
2019-01-16T18:00:00.0/2019-01-16T19:00:00.0;0;0;0;0;0;0;0;0;0;1
2019-01-16T19:00:00.0/2019-01-16T20:00:00.0;0;0;0;0;0;0;0;0;0;1
2019-01-16T20:00:00.0/2019-01-16T21:00:00.0;0;0;0;0;0;0;0;0;0;1
2019-01-16T21:00:00.0/2019-01-16T22:00:00.0;0;0;0;0;0;0;0;0;0;1
2019-01-16T22:00:00.0/2019-01-16T23:00:00.0;0;0;0;0;0;0;0;0;0;1
2019-01-16T23:00:00.0/2019-01-17T00:00:00.0;0;0;0;0;0;0;0;0;0;1
2019-01-17T00:00:00.0/2019-01-17T01:00:00.0;0;0;0;0;0;0;0;0;0;1
2019-01-17T01:00:00.0/2019-01-17T02:00:00.0;0;0;0;0;0;0;0;0;0;1
2019-01-17T02:00:00.0/2019-01-17T03:00:00.0;0;0;0;0;0;0;0;0;0;1
2019-01-17T03:00:00.0/2019-01-17T04:00:00.0;0;0;0;0;0;0;0;0;0;1
2019-01-17T04:00:00.0/2019-01-17T05:00:00.0;0;0;0;0;0;0;0;0;0;1
2019-01-17T05:00:00.0/2019-01-17T06:00:00.0;0;0;0;0;0;0;0;0;0;1
2019-01-17T06:00:00.0/2019-01-17T07:00:00.0;0;0;0;0;0;0;0;0;0;1
2019-01-17T07:00:00.0/2019-01-17T08:00:00.0;31.8008;11.5673;3.0884;8.4789;57.1656;6.6886;0;6.6886;0;1
2019-01-17T08:00:00.0/2019-01-17T09:00:00.0;170.9768;90.4286;47.2653;43.1632;372.3221;59.7318;15.5768;44.155;123.7474;1
2019-01-17T09:00:00.0/2019-01-17T10:00:00.0;283.7315;175.9335;111.9247;64.0088;551.6481;84.6777;10.5728;74.1049;51.4902;1
2019-01-17T10:00:00.0/2019-01-17T11:00:00.0;349.652;229.355;157.1702;72.1848;631.8666;35.3512;0.0649;35.2863;0.2803;1
2019-01-17T11:00:00.0/2019-01-17T12:00:00.0;364.2525;240.8417;167.9541;72.8876;648.5702;31.9876;0;31.9876;0;1
2019-01-17T12:00:00.0/2019-01-17T13:00:00.0;326.5435;209.7978;143.5718;66.2259;617.5813;87.1906;0;87.1906;0;1
2019-01-17T13:00:00.0/2019-01-17T14:00:00.0;239.0999;141.0234;89.4147;51.6087;520.2361;26.5166;0;26.5166;0;1
2019-01-17T14:00:00.0/2019-01-17T15:00:00.0;107.8856;49.9659;23.9981;25.9679;267.4113;21.0443;0;21.0443;0;1
2019-01-17T15:00:00.0/2019-01-17T16:00:00.0;2.6239;0.693;0.0504;0.6425;0.5996;0.2005;0;0.2005;0;1
2019-01-17T16:00:00.0/2019-01-17T17:00:00.0;0;0;0;0;0;0;0;0;0;1
2019-01-17T17:00:00.0/2019-01-17T18:00:00.0;0;0;0;0;0;0;0;0;0;1
2019-01-17T18:00:00.0/2019-01-17T19:00:00.0;0;0;0;0;0;0;0;0;0;1
2019-01-17T19:00:00.0/2019-01-17T20:00:00.0;0;0;0;0;0;0;0;0;0;1
2019-01-17T20:00:00.0/2019-01-17T21:00:00.0;0;0;0;0;0;0;0;0;0;1
2019-01-17T21:00:00.0/2019-01-17T22:00:00.0;0;0;0;0;0;0;0;0;0;1
2019-01-17T22:00:00.0/2019-01-17T23:00:00.0;0;0;0;0;0;0;0;0;0;1
2019-01-17T23:00:00.0/2019-01-18T00:00:00.0;0;0;0;0;0;0;0;0;0;1
2019-01-18T00:00:00.0/2019-01-18T01:00:00.0;0;0;0;0;0;0;0;0;0;1
2019-01-18T01:00:00.0/2019-01-18T02:00:00.0;0;0;0;0;0;0;0;0;0;1
2019-01-18T02:00:00.0/2019-01-18T03:00:00.0;0;0;0;0;0;0;0;0;0;1
2019-01-18T03:00:00.0/2019-01-18T04:00:00.0;0;0;0;0;0;0;0;0;0;1
2019-01-18T04:00:00.0/2019-01-18T05:00:00.0;0;0;0;0;0;0;0;0;0;1
2019-01-18T05:00:00.0/2019-01-18T06:00:00.0;0;0;0;0;0;0;0;0;0;1
2019-01-18T06:00:00.0/2019-01-18T07:00:00.0;0;0;0;0;0;0;0;0;0;1
2019-01-18T07:00:00.0/2019-01-18T08:00:00.0;33.9426;14.6763;7.4343;7.2419;140.0419;11.4406;3.5643;7.8763;58.0964;1
2019-01-18T08:00:00.0/2019-01-18T09:00:00.0;174.6926;103.4855;72.5129;30.9726;567.9327;92.0436;66.4508;25.5929;514.7381;1
2019-01-18T09:00:00.0/2019-01-18T10:00:00.0;287.8232;192.3358;147.8425;44.4933;720.3184;175.8727;143.1871;32.6856;697.2891;1
2019-01-18T10:00:00.0/2019-01-18T11:00:00.0;354.0969;246.0797;193.3638;52.7159;767.8607;210.175;151.9221;58.2529;608.0558;1
2019-01-18T11:00:00.0/2019-01-18T12:00:00.0;369.0039;257.0743;200.4568;56.6175;763.9803;191.0569;102.1976;88.8593;391.0184;1
2019-01-18T12:00:00.0/2019-01-18T13:00:00.0;331.5344;223.6779;167.5078;56.1701;709.2415;204.6398;161.4359;43.2038;684.0641;1
2019-01-18T13:00:00.0/2019-01-18T14:00:00.0;244.247;150.5241;101.6542;48.8699;578.3828;135.941;96.8409;39.1001;549.5495;1
2019-01-18T14:00:00.0/2019-01-18T15:00:00.0;113.0955;54.5178;27.271;27.2468;292.9716;44.2179;14.9989;29.219;139.1508;1
2019-01-18T15:00:00.0/2019-01-18T16:00:00.0;3.6212;1.0004;0.0869;0.9135;1.575;0.3388;0;0.3388;0;1
2019-01-18T16:00:00.0/2019-01-18T17:00:00.0;0;0;0;0;0;0;0;0;0;1
2019-01-18T17:00:00.0/2019-01-18T18:00:00.0;0;0;0;0;0;0;0;0;0;1
2019-01-18T18:00:00.0/2019-01-18T19:00:00.0;0;0;0;0;0;0;0;0;0;1
2019-01-18T19:00:00.0/2019-01-18T20:00:00.0;0;0;0;0;0;0;0;0;0;1
2019-01-18T20:00:00.0/2019-01-18T21:00:00.0;0;0;0;0;0;0;0;0;0;1
2019-01-18T21:00:00.0/2019-01-18T22:00:00.0;0;0;0;0;0;0;0;0;0;1
2019-01-18T22:00:00.0/2019-01-18T23:00:00.0;0;0;0;0;0;0;0;0;0;1
2019-01-18T23:00:00.0/2019-01-19T00:00:00.0;0;0;0;0;0;0;0;0;0;1
2019-01-19T00:00:00.0/2019-01-19T01:00:00.0;0;0;0;0;0;0;0;0;0;1
2019-01-19T01:00:00.0/2019-01-19T02:00:00.0;0;0;0;0;0;0;0;0;0;1
2019-01-19T02:00:00.0/2019-01-19T03:00:00.0;0;0;0;0;0;0;0;0;0;1
2019-01-19T03:00:00.0/2019-01-19T04:00:00.0;0;0;0;0;0;0;0;0;0;1
2019-01-19T04:00:00.0/2019-01-19T05:00:00.0;0;0;0;0;0;0;0;0;0;1
2019-01-19T05:00:00.0/2019-01-19T06:00:00.0;0;0;0;0;0;0;0;0;0;1
2019-01-19T06:00:00.0/2019-01-19T07:00:00.0;0;0;0;0;0;0;0;0;0;1
2019-01-19T07:00:00.0/2019-01-19T08:00:00.0;36.2551;13.8222;4.709;9.1131;83.5065;10.6104;0.9031;9.7074;13.3036;1
2019-01-19T08:00:00.0/2019-01-19T09:00:00.0;178.5726;97.7056;58.0163;39.6894;440.3577;70.5779;18.6964;51.8814;142.3169;1
2019-01-19T09:00:00.0/2019-01-19T10:00:00.0;292.0728;185.4091;129.3557;56.0534;619.8093;100.4292;5.99;94.4392;32.1167;1
2019-01-19T10:00:00.0/2019-01-19T11:00:00.0;358.6913;240.7172;177.8563;62.8608;696.8753;87.5966;0;87.5966;0;1
2019-01-19T11:00:00.0/2019-01-19T12:00:00.0;373.8952;253.973;190.272;63.701;715.6256;60.3205;0;60.3205;0;1
2019-01-19T12:00:00.0/2019-01-19T13:00:00.0;336.6544;221.1953;159.7848;61.4105;665.9301;38.0663;0;38.0663;0;1
2019-01-19T13:00:00.0/2019-01-19T14:00:00.0;249.5125;147.53;94.3706;53.1594;524.6987;16.3771;0;16.3771;0;1
2019-01-19T14:00:00.0/2019-01-19T15:00:00.0;118.4137;53.5449;24.2487;29.2962;249.3174;15.6322;0;15.6322;0;1
2019-01-19T15:00:00.0/2019-01-19T16:00:00.0;4.7972;1.2749;0.1245;1.1504;3.22;0.4427;0;0.4427;0;1
2019-01-19T16:00:00.0/2019-01-19T17:00:00.0;0;0;0;0;0;0;0;0;0;1
2019-01-19T17:00:00.0/2019-01-19T18:00:00.0;0;0;0;0;0;0;0;0;0;1
2019-01-19T18:00:00.0/2019-01-19T19:00:00.0;0;0;0;0;0;0;0;0;0;1
2019-01-19T19:00:00.0/2019-01-19T20:00:00.0;0;0;0;0;0;0;0;0;0;1
2019-01-19T20:00:00.0/2019-01-19T21:00:00.0;0;0;0;0;0;0;0;0;0;1
2019-01-19T21:00:00.0/2019-01-19T22:00:00.0;0;0;0;0;0;0;0;0;0;1
2019-01-19T22:00:00.0/2019-01-19T23:00:00.0;0;0;0;0;0;0;0;0;0;1
2019-01-19T23:00:00.0/2019-01-20T00:00:00.0;0;0;0;0;0;0;0;0;0;1
2019-01-20T00:00:00.0/2019-01-20T01:00:00.0;0;0;0;0;0;0;0;0;0;1
2019-01-20T01:00:00.0/2019-01-20T02:00:00.0;0;0;0;0;0;0;0;0;0;1
2019-01-20T02:00:00.0/2019-01-20T03:00:00.0;0;0;0;0;0;0;0;0;0;1
2019-01-20T03:00:00.0/2019-01-20T04:00:00.0;0;0;0;0;0;0;0;0;0;1
2019-01-20T04:00:00.0/2019-01-20T05:00:00.0;0;0;0;0;0;0;0;0;0;1
2019-01-20T05:00:00.0/2019-01-20T06:00:00.0;0;0;0;0;0;0;0;0;0;1
2019-01-20T06:00:00.0/2019-01-20T07:00:00.0;0;0;0;0;0;0;0;0;0;1
2019-01-20T07:00:00.0/2019-01-20T08:00:00.0;38.7452;16.0806;7.6385;8.442;135.6352;9.634;0.3544;9.2796;6.6295;1
2019-01-20T08:00:00.0/2019-01-20T09:00:00.0;182.6149;105.1241;71.2667;33.8574;533.5739;21.3043;0;21.3043;0;1
2019-01-20T09:00:00.0/2019-01-20T10:00:00.0;296.478;194.4184;147.3281;47.0903;696.1409;22.6603;0;22.6603;0;1
2019-01-20T10:00:00.0/2019-01-20T11:00:00.0;363.4328;249.8308;196.8259;53.0049;761.1525;40.1312;0;40.1312;0;1
2019-01-20T11:00:00.0/2019-01-20T12:00:00.0;378.9234;262.729;208.5215;54.2075;773.7336;62.8198;0;62.8198;0;1
2019-01-20T12:00:00.0/2019-01-20T13:00:00.0;341.9007;230.2115;177.0519;53.1596;726.7704;71.814;0;71.814;0;1
2019-01-20T13:00:00.0/2019-01-20T14:00:00.0;254.8937;156.9379;109.8374;47.1004;599.545;45.5858;0;45.5858;0;1
2019-01-20T14:00:00.0/2019-01-20T15:00:00.0;123.8377;60.2612;32.7054;27.5558;332.4302;21.5993;0;21.5993;0;1
2019-01-20T15:00:00.0/2019-01-20T16:00:00.0;6.1602;1.7747;0.313;1.4617;8.773;0.7834;0;0.7834;0;1
2019-01-20T16:00:00.0/2019-01-20T17:00:00.0;0;0;0;0;0;0;0;0;0;1
2019-01-20T17:00:00.0/2019-01-20T18:00:00.0;0;0;0;0;0;0;0;0;0;1
2019-01-20T18:00:00.0/2019-01-20T19:00:00.0;0;0;0;0;0;0;0;0;0;1
2019-01-20T19:00:00.0/2019-01-20T20:00:00.0;0;0;0;0;0;0;0;0;0;1
2019-01-20T20:00:00.0/2019-01-20T21:00:00.0;0;0;0;0;0;0;0;0;0;1
2019-01-20T21:00:00.0/2019-01-20T22:00:00.0;0;0;0;0;0;0;0;0;0;1
2019-01-20T22:00:00.0/2019-01-20T23:00:00.0;0;0;0;0;0;0;0;0;0;1
2019-01-20T23:00:00.0/2019-01-21T00:00:00.0;0;0;0;0;0;0;0;0;0;1
2019-01-21T00:00:00.0/2019-01-21T01:00:00.0;0;0;0;0;0;0;0;0;0;1
2019-01-21T01:00:00.0/2019-01-21T02:00:00.0;0;0;0;0;0;0;0;0;0;1
2019-01-21T02:00:00.0/2019-01-21T03:00:00.0;0;0;0;0;0;0;0;0;0;1
2019-01-21T03:00:00.0/2019-01-21T04:00:00.0;0;0;0;0;0;0;0;0;0;1
2019-01-21T04:00:00.0/2019-01-21T05:00:00.0;0;0;0;0;0;0;0;0;0;1
2019-01-21T05:00:00.0/2019-01-21T06:00:00.0;0;0;0;0;0;0;0;0;0;1
2019-01-21T06:00:00.0/2019-01-21T07:00:00.0;0;0;0;0;0;0;0;0;0;1
2019-01-21T07:00:00.0/2019-01-21T08:00:00.0;41.444;16.811;7.4339;9.3771;126.1939;11.0731;0.487;10.5861;8.1685;1
2019-01-21T08:00:00.0/2019-01-21T09:00:00.0;186.8162;106.2815;70.0056;36.276;511.4965;53.1156;0.8452;52.2704;8.671;1
2019-01-21T09:00:00.0/2019-01-21T10:00:00.0;301.0352;195.6257;145.7891;49.8366;678.3148;110.0514;3.8063;106.245;16.7755;1
2019-01-21T10:00:00.0/2019-01-21T11:00:00.0;368.3173;250.2672;194.4858;55.7814;742.021;94.3231;0;94.3231;0;1
2019-01-21T11:00:00.0/2019-01-21T12:00:00.0;384.0845;262.2454;205.5478;56.6976;752.3235;87.9489;0;87.9489;0;1
2019-01-21T12:00:00.0/2019-01-21T13:00:00.0;347.2691;228.045;168.5336;59.5114;680.2394;39.534;0;39.534;0;1
2019-01-21T13:00:00.0/2019-01-21T14:00:00.0;260.3863;152.6399;94.3238;58.3161;501.0773;17.9062;0;17.9062;0;1
2019-01-21T14:00:00.0/2019-01-21T15:00:00.0;129.3634;57.5799;23.0262;34.5537;217.6323;23.67;0;23.67;0;1
2019-01-21T15:00:00.0/2019-01-21T16:00:00.0;7.6969;2.0367;0.1422;1.8944;4.1471;0.9389;0;0.9389;0;1
2019-01-21T16:00:00.0/2019-01-21T17:00:00.0;0;0;0;0;0;0;0;0;0;1
2019-01-21T17:00:00.0/2019-01-21T18:00:00.0;0;0;0;0;0;0;0;0;0;1
2019-01-21T18:00:00.0/2019-01-21T19:00:00.0;0;0;0;0;0;0;0;0;0;1
2019-01-21T19:00:00.0/2019-01-21T20:00:00.0;0;0;0;0;0;0;0;0;0;1
2019-01-21T20:00:00.0/2019-01-21T21:00:00.0;0;0;0;0;0;0;0;0;0;1
2019-01-21T21:00:00.0/2019-01-21T22:00:00.0;0;0;0;0;0;0;0;0;0;1
2019-01-21T22:00:00.0/2019-01-21T23:00:00.0;0;0;0;0;0;0;0;0;0;1
2019-01-21T23:00:00.0/2019-01-22T00:00:00.0;0;0;0;0;0;0;0;0;0;1
2019-01-22T00:00:00.0/2019-01-22T01:00:00.0;0;0;0;0;0;0;0;0;0;1
2019-01-22T01:00:00.0/2019-01-22T02:00:00.0;0;0;0;0;0;0;0;0;0;1
2019-01-22T02:00:00.0/2019-01-22T03:00:00.0;0;0;0;0;0;0;0;0;0;1
2019-01-22T03:00:00.0/2019-01-22T04:00:00.0;0;0;0;0;0;0;0;0;0;1
2019-01-22T04:00:00.0/2019-01-22T05:00:00.0;0;0;0;0;0;0;0;0;0;1
2019-01-22T05:00:00.0/2019-01-22T06:00:00.0;0;0;0;0;0;0;0;0;0;1
2019-01-22T06:00:00.0/2019-01-22T07:00:00.0;0;0;0;0;0;0;0;0;0;1
2019-01-22T07:00:00.0/2019-01-22T08:00:00.0;44.3262;16.741;5.2829;11.458;84.2883;10.5901;0;10.5901;0;1
2019-01-22T08:00:00.0/2019-01-22T09:00:00.0;191.1769;103.82;58.6821;45.1379;416.0765;24.1344;0;24.1344;0;1
2019-01-22T09:00:00.0/2019-01-22T10:00:00.0;305.7447;193.8097;131.7014;62.1083;602.2686;22.4911;0;22.4911;0;1
2019-01-22T10:00:00.0/2019-01-22T11:00:00.0;373.3449;251.3438;183.6477;67.6961;690.8884;47.0342;0;47.0342;0;1
2019-01-22T11:00:00.0/2019-01-22T12:00:00.0;389.3784;266.4033;199.8088;66.5945;721.2933;63.4361;0;63.4361;0;1
2019-01-22T12:00:00.0/2019-01-22T13:00:00.0;352.7593;234.9298;172.2501;62.6798;685.1292;63.0736;0;63.0736;0;1
2019-01-22T13:00:00.0/2019-01-22T14:00:00.0;265.99;161.6185;107.6299;53.9886;562.8305;28.9775;0;28.9775;0;1
2019-01-22T14:00:00.0/2019-01-22T15:00:00.0;134.9904;64.8066;32.9363;31.8704;310.2548;20.3124;0;20.3124;0;1
2019-01-22T15:00:00.0/2019-01-22T16:00:00.0;9.4617;2.755;0.4609;2.2941;12.9642;1.4902;0;1.4902;0;1
2019-01-22T16:00:00.0/2019-01-22T17:00:00.0;0;0;0;0;0;0;0;0;0;1
2019-01-22T17:00:00.0/2019-01-22T18:00:00.0;0;0;0;0;0;0;0;0;0;1
2019-01-22T18:00:00.0/2019-01-22T19:00:00.0;0;0;0;0;0;0;0;0;0;1
2019-01-22T19:00:00.0/2019-01-22T20:00:00.0;0;0;0;0;0;0;0;0;0;1
2019-01-22T20:00:00.0/2019-01-22T21:00:00.0;0;0;0;0;0;0;0;0;0;1
2019-01-22T21:00:00.0/2019-01-22T22:00:00.0;0;0;0;0;0;0;0;0;0;1
2019-01-22T22:00:00.0/2019-01-22T23:00:00.0;0;0;0;0;0;0;0;0;0;1
2019-01-22T23:00:00.0/2019-01-23T00:00:00.0;0;0;0;0;0;0;0;0;0;1
2019-01-23T00:00:00.0/2019-01-23T01:00:00.0;0;0;0;0;0;0;0;0;0;1
2019-01-23T01:00:00.0/2019-01-23T02:00:00.0;0;0;0;0;0;0;0;0;0;1
2019-01-23T02:00:00.0/2019-01-23T03:00:00.0;0;0;0;0;0;0;0;0;0;1
2019-01-23T03:00:00.0/2019-01-23T04:00:00.0;0;0;0;0;0;0;0;0;0;1
2019-01-23T04:00:00.0/2019-01-23T05:00:00.0;0;0;0;0;0;0;0;0;0;1
2019-01-23T05:00:00.0/2019-01-23T06:00:00.0;0;0;0;0;0;0;0;0;0;1
2019-01-23T06:00:00.0/2019-01-23T07:00:00.0;0;0;0;0;0;0;0;0;0;1
2019-01-23T07:00:00.0/2019-01-23T08:00:00.0;47.4082;16.644;4.8554;11.7886;76.046;12.7805;0.4177;12.3628;5.1322;1
2019-01-23T08:00:00.0/2019-01-23T09:00:00.0;195.6935;98.3983;49.7554;48.6429;344.6652;86.132;39.7886;46.3434;264.9533;1
2019-01-23T09:00:00.0/2019-01-23T10:00:00.0;310.6025;185.6957;114.9359;70.7598;516.7031;170.5663;111.7196;58.8467;501.9622;1
2019-01-23T10:00:00.0/2019-01-23T11:00:00.0;378.5116;244.3175;165.5768;78.7407;614.1486;181.3183;77.2827;104.0355;290.9182;1
2019-01-23T11:00:00.0/2019-01-23T12:00:00.0;394.8008;261.1609;183.405;77.756;652.8811;170.572;42.8889;127.6832;152.6974;1
2019-01-23T12:00:00.0/2019-01-23T13:00:00.0;358.3671;230.0357;156.688;73.3477;613.0588;154.6459;42.4451;112.2007;166.0695;1
2019-01-23T13:00:00.0/2019-01-23T14:00:00.0;271.7007;156.4296;93.7205;62.709;478.7018;103.4813;14.9178;88.5634;76.8295;1
2019-01-23T14:00:00.0/2019-01-23T15:00:00.0;140.7146;62.5962;26.8964;35.6998;242.2823;50.7607;12.5367;38.224;107.9255;1
2019-01-23T15:00:00.0/2019-01-23T16:00:00.0;11.4348;3.1439;0.4296;2.7143;11.673;1.8101;0;1.8101;0;1
2019-01-23T16:00:00.0/2019-01-23T17:00:00.0;0;0;0;0;0;0;0;0;0;1
2019-01-23T17:00:00.0/2019-01-23T18:00:00.0;0;0;0;0;0;0;0;0;0;1
2019-01-23T18:00:00.0/2019-01-23T19:00:00.0;0;0;0;0;0;0;0;0;0;1
2019-01-23T19:00:00.0/2019-01-23T20:00:00.0;0;0;0;0;0;0;0;0;0;1
2019-01-23T20:00:00.0/2019-01-23T21:00:00.0;0;0;0;0;0;0;0;0;0;1
2019-01-23T21:00:00.0/2019-01-23T22:00:00.0;0;0;0;0;0;0;0;0;0;1
2019-01-23T22:00:00.0/2019-01-23T23:00:00.0;0;0;0;0;0;0;0;0;0;1
2019-01-23T23:00:00.0/2019-01-24T00:00:00.0;0;0;0;0;0;0;0;0;0;1
2019-01-24T00:00:00.0/2019-01-24T01:00:00.0;0;0;0;0;0;0;0;0;0;1
2019-01-24T01:00:00.0/2019-01-24T02:00:00.0;0;0;0;0;0;0;0;0;0;1
2019-01-24T02:00:00.0/2019-01-24T03:00:00.0;0;0;0;0;0;0;0;0;0;1
2019-01-24T03:00:00.0/2019-01-24T04:00:00.0;0;0;0;0;0;0;0;0;0;1
2019-01-24T04:00:00.0/2019-01-24T05:00:00.0;0;0;0;0;0;0;0;0;0;1
2019-01-24T05:00:00.0/2019-01-24T06:00:00.0;0;0;0;0;0;0;0;0;0;1
2019-01-24T06:00:00.0/2019-01-24T07:00:00.0;0;0;0;0;0;0;0;0;0;1
2019-01-24T07:00:00.0/2019-01-24T08:00:00.0;50.7291;23.5614;13.6003;9.9611;217.5338;16.5044;2.6358;13.8686;38.4325;1
2019-01-24T08:00:00.0/2019-01-24T09:00:00.0;200.3639;123.3;90.7426;32.5573;624.0535;93.9628;48.8571;45.1057;301.8741;1
2019-01-24T09:00:00.0/2019-01-24T10:00:00.0;315.6061;216.3808;172.645;43.7359;766.4932;198.8627;167.3202;31.5425;742.6478;1
2019-01-24T10:00:00.0/2019-01-24T11:00:00.0;383.8145;273.7693;224.8627;48.9066;822.9073;254.2556;218.9927;35.2629;801.4138;1
2019-01-24T11:00:00.0/2019-01-24T12:00:00.0;400.3487;287.559;237.4615;50.0975;833.3878;267.2774;230.5446;36.7327;809.062;1
2019-01-24T12:00:00.0/2019-01-24T13:00:00.0;364.0894;249.3329;193.0375;56.2954;742.4968;216.1863;158.3795;57.8069;610.2418;1
2019-01-24T13:00:00.0/2019-01-24T14:00:00.0;277.5152;166.2375;108.1682;58.0693;539.9402;138.7112;77.9279;60.7832;374.1497;1
2019-01-24T14:00:00.0/2019-01-24T15:00:00.0;146.5333;65.9483;29.555;36.3933;254.9091;47.8102;2.316;45.4942;17.8507;1
2019-01-24T15:00:00.0/2019-01-24T16:00:00.0;13.6231;3.719;0.5167;3.2023;13.2363;2.2861;0;2.2861;0;1
2019-01-24T16:00:00.0/2019-01-24T17:00:00.0;0;0;0;0;0;0;0;0;0;1
2019-01-24T17:00:00.0/2019-01-24T18:00:00.0;0;0;0;0;0;0;0;0;0;1
2019-01-24T18:00:00.0/2019-01-24T19:00:00.0;0;0;0;0;0;0;0;0;0;1
2019-01-24T19:00:00.0/2019-01-24T20:00:00.0;0;0;0;0;0;0;0;0;0;1
2019-01-24T20:00:00.0/2019-01-24T21:00:00.0;0;0;0;0;0;0;0;0;0;1
2019-01-24T21:00:00.0/2019-01-24T22:00:00.0;0;0;0;0;0;0;0;0;0;1
2019-01-24T22:00:00.0/2019-01-24T23:00:00.0;0;0;0;0;0;0;0;0;0;1
2019-01-24T23:00:00.0/2019-01-25T00:00:00.0;0;0;0;0;0;0;0;0;0;1
2019-01-25T00:00:00.0/2019-01-25T01:00:00.0;0;0;0;0;0;0;0;0;0;1
2019-01-25T01:00:00.0/2019-01-25T02:00:00.0;0;0;0;0;0;0;0;0;0;1
2019-01-25T02:00:00.0/2019-01-25T03:00:00.0;0;0;0;0;0;0;0;0;0;1
2019-01-25T03:00:00.0/2019-01-25T04:00:00.0;0;0;0;0;0;0;0;0;0;1
2019-01-25T04:00:00.0/2019-01-25T05:00:00.0;0;0;0;0;0;0;0;0;0;1
2019-01-25T05:00:00.0/2019-01-25T06:00:00.0;0;0;0;0;0;0;0;0;0;1
2019-01-25T06:00:00.0/2019-01-25T07:00:00.0;0;0;0;0;0;0;0;0;0;1
2019-01-25T07:00:00.0/2019-01-25T08:00:00.0;54.2527;18.2615;4.4266;13.8349;64.5248;8.9118;0;8.9118;0;1
2019-01-25T08:00:00.0/2019-01-25T09:00:00.0;205.1855;98.7056;44.3168;54.3888;292.0586;21.9146;0;21.9146;0;1
2019-01-25T09:00:00.0/2019-01-25T10:00:00.0;320.7529;184.2298;103.4537;80.7761;450.2982;30.2599;0;30.2599;0;1
2019-01-25T10:00:00.0/2019-01-25T11:00:00.0;389.2507;241.1798;147.9115;93.2683;533.3188;38.4262;0;38.4262;0;1
2019-01-25T11:00:00.0/2019-01-25T12:00:00.0;406.0191;257.1838;162.1938;94.99;561.1835;31.8584;0;31.8584;0;1
2019-01-25T12:00:00.0/2019-01-25T13:00:00.0;369.9232;227.274;138.6022;88.6718;525.2695;27.6779;0;27.6779;0;1
2019-01-25T13:00:00.0/2019-01-25T14:00:00.0;283.4306;156.9948;84.6053;72.3895;414.5001;20.4559;0;20.4559;0;1
2019-01-25T14:00:00.0/2019-01-25T15:00:00.0;152.4436;66.4414;25.9313;40.5101;218.998;18.8727;0;18.8727;0;1
2019-01-25T15:00:00.0/2019-01-25T16:00:00.0;16.0328;4.527;0.6413;3.8857;15.521;2.6256;0;2.6256;0;1
2019-01-25T16:00:00.0/2019-01-25T17:00:00.0;0;0;0;0;0;0;0;0;0;1
2019-01-25T17:00:00.0/2019-01-25T18:00:00.0;0;0;0;0;0;0;0;0;0;1
2019-01-25T18:00:00.0/2019-01-25T19:00:00.0;0;0;0;0;0;0;0;0;0;1
2019-01-25T19:00:00.0/2019-01-25T20:00:00.0;0;0;0;0;0;0;0;0;0;1
2019-01-25T20:00:00.0/2019-01-25T21:00:00.0;0;0;0;0;0;0;0;0;0;1
2019-01-25T21:00:00.0/2019-01-25T22:00:00.0;0;0;0;0;0;0;0;0;0;1
2019-01-25T22:00:00.0/2019-01-25T23:00:00.0;0;0;0;0;0;0;0;0;0;1
2019-01-25T23:00:00.0/2019-01-26T00:00:00.0;0;0;0;0;0;0;0;0;0;1
2019-01-26T00:00:00.0/2019-01-26T01:00:00.0;0;0;0;0;0;0;0;0;0;1
2019-01-26T01:00:00.0/2019-01-26T02:00:00.0;0;0;0;0;0;0;0;0;0;1
2019-01-26T02:00:00.0/2019-01-26T03:00:00.0;0;0;0;0;0;0;0;0;0;1
2019-01-26T03:00:00.0/2019-01-26T04:00:00.0;0;0;0;0;0;0;0;0;0;1
2019-01-26T04:00:00.0/2019-01-26T05:00:00.0;0;0;0;0;0;0;0;0;0;1
2019-01-26T05:00:00.0/2019-01-26T06:00:00.0;0;0;0;0;0;0;0;0;0;1
2019-01-26T06:00:00.0/2019-01-26T07:00:00.0;0;0;0;0;0;0;0;0;0;1
2019-01-26T07:00:00.0/2019-01-26T08:00:00.0;58.029;24.0496;11.2225;12.8271;161.9358;10.9284;0;10.9284;0;1
2019-01-26T08:00:00.0/2019-01-26T09:00:00.0;210.1561;120.1363;81.7197;38.4166;533.2077;36.5494;0;36.5494;0;1
2019-01-26T09:00:00.0/2019-01-26T10:00:00.0;326.0401;211.1011;161.1369;49.9642;691.8354;55.183;0;55.183;0;1
2019-01-26T10:00:00.0/2019-01-26T11:00:00.0;394.8173;267.719;212.7944;54.9246;756.65;75.1857;0;75.1857;0;1
2019-01-26T11:00:00.0/2019-01-26T12:00:00.0;411.8089;282.0528;226.7127;55.3401;773.2173;66.3017;0;66.3017;0;1
2019-01-26T12:00:00.0/2019-01-26T13:00:00.0;375.8653;251.2809;197.498;53.7828;737.0087;43.0282;0;43.0282;0;1
2019-01-26T13:00:00.0/2019-01-26T14:00:00.0;289.4438;179.5175;130.8118;48.7058;629.9642;25.9152;0;25.9152;0;1
2019-01-26T14:00:00.0/2019-01-26T15:00:00.0;158.4425;80.9945;48.1846;32.8099;400.9133;39.4953;0.3365;39.1588;3.756;1
2019-01-26T15:00:00.0/2019-01-26T16:00:00.0;18.6696;6.1101;1.7339;4.3763;39.3731;3.8917;0;3.8917;0;1
2019-01-26T16:00:00.0/2019-01-26T17:00:00.0;0;0;0;0;0;0;0;0;0;1
2019-01-26T17:00:00.0/2019-01-26T18:00:00.0;0;0;0;0;0;0;0;0;0;1
2019-01-26T18:00:00.0/2019-01-26T19:00:00.0;0;0;0;0;0;0;0;0;0;1
2019-01-26T19:00:00.0/2019-01-26T20:00:00.0;0;0;0;0;0;0;0;0;0;1
2019-01-26T20:00:00.0/2019-01-26T21:00:00.0;0;0;0;0;0;0;0;0;0;1
2019-01-26T21:00:00.0/2019-01-26T22:00:00.0;0;0;0;0;0;0;0;0;0;1
2019-01-26T22:00:00.0/2019-01-26T23:00:00.0;0;0;0;0;0;0;0;0;0;1
2019-01-26T23:00:00.0/2019-01-27T00:00:00.0;0;0;0;0;0;0;0;0;0;1
2019-01-27T00:00:00.0/2019-01-27T01:00:00.0;0;0;0;0;0;0;0;0;0;1
2019-01-27T01:00:00.0/2019-01-27T02:00:00.0;0;0;0;0;0;0;0;0;0;1
2019-01-27T02:00:00.0/2019-01-27T03:00:00.0;0;0;0;0;0;0;0;0;0;1
2019-01-27T03:00:00.0/2019-01-27T04:00:00.0;0;0;0;0;0;0;0;0;0;1
2019-01-27T04:00:00.0/2019-01-27T05:00:00.0;0;0;0;0;0;0;0;0;0;1
2019-01-27T05:00:00.0/2019-01-27T06:00:00.0;0;0;0;0;0;0;0;0;0;1
2019-01-27T06:00:00.0/2019-01-27T07:00:00.0;0;0;0;0;0;0;0;0;0;1
2019-01-27T07:00:00.0/2019-01-27T08:00:00.0;62.0266;25.382;11.5915;13.7906;160.9977;17.784;0.2985;17.4855;3.6192;1
2019-01-27T08:00:00.0/2019-01-27T09:00:00.0;215.2731;121.8651;82.6605;39.2047;525.8748;51.2708;0;51.2708;0;1
2019-01-27T09:00:00.0/2019-01-27T10:00:00.0;331.465;212.8075;163.4586;49.3489;690.251;55.258;0;55.258;0;1
2019-01-27T10:00:00.0/2019-01-27T11:00:00.0;400.5112;269.2149;215.1439;54.0711;753.9681;44.5788;0;44.5788;0;1
2019-01-27T11:00:00.0/2019-01-27T12:00:00.0;417.7151;283.7287;229.3647;54.3641;771.0365;52.8252;0;52.8252;0;1
2019-01-27T12:00:00.0/2019-01-27T13:00:00.0;381.9124;255.5365;205.7357;49.8008;756.0493;49.939;0;49.939;0;1
2019-01-27T13:00:00.0/2019-01-27T14:00:00.0;295.5518;188.1928;147.7701;40.4227;699.2439;65.604;0;65.604;0;1
2019-01-27T14:00:00.0/2019-01-27T15:00:00.0;164.527;91.1694;65.4456;25.7238;538.4077;33.0878;0.0202;33.0676;0.2661;1
2019-01-27T15:00:00.0/2019-01-27T16:00:00.0;21.5391;8.3212;4.2738;4.0475;93.6511;4.9817;0.0965;4.8852;1.8143;1
2019-01-27T16:00:00.0/2019-01-27T17:00:00.0;0;0;0;0;0;0;0;0;0;1
2019-01-27T17:00:00.0/2019-01-27T18:00:00.0;0;0;0;0;0;0;0;0;0;1
2019-01-27T18:00:00.0/2019-01-27T19:00:00.0;0;0;0;0;0;0;0;0;0;1
2019-01-27T19:00:00.0/2019-01-27T20:00:00.0;0;0;0;0;0;0;0;0;0;1
2019-01-27T20:00:00.0/2019-01-27T21:00:00.0;0;0;0;0;0;0;0;0;0;1
2019-01-27T21:00:00.0/2019-01-27T22:00:00.0;0;0;0;0;0;0;0;0;0;1
2019-01-27T22:00:00.0/2019-01-27T23:00:00.0;0;0;0;0;0;0;0;0;0;1
2019-01-27T23:00:00.0/2019-01-28T00:00:00.0;0;0;0;0;0;0;0;0;0;1
2019-01-28T00:00:00.0/2019-01-28T01:00:00.0;0;0;0;0;0;0;0;0;0;1
2019-01-28T01:00:00.0/2019-01-28T02:00:00.0;0;0;0;0;0;0;0;0;0;1
2019-01-28T02:00:00.0/2019-01-28T03:00:00.0;0;0;0;0;0;0;0;0;0;1
2019-01-28T03:00:00.0/2019-01-28T04:00:00.0;0;0;0;0;0;0;0;0;0;1
2019-01-28T04:00:00.0/2019-01-28T05:00:00.0;0;0;0;0;0;0;0;0;0;1
2019-01-28T05:00:00.0/2019-01-28T06:00:00.0;0;0;0;0;0;0;0;0;0;1
2019-01-28T06:00:00.0/2019-01-28T07:00:00.0;0;0;0;0;0;0;0;0;0;1
2019-01-28T07:00:00.0/2019-01-28T08:00:00.0;66.2979;28.1941;13.3064;14.8878;178.8975;23.3173;8.0931;15.2242;94.2812;1
2019-01-28T08:00:00.0/2019-01-28T09:00:00.0;220.534;128.3454;87.3228;41.0225;543.915;94.3374;37.0619;57.2755;257.6501;1
2019-01-28T09:00:00.0/2019-01-28T10:00:00.0;337.0247;220.2535;166.7903;53.4632;692.8082;150.1044;65.8858;84.2186;259.0956;1
2019-01-28T10:00:00.0/2019-01-28T11:00:00.0;406.3295;276.5283;216.2632;60.265;746.9568;203.2057;85.8757;117.33;300.2799;1
2019-01-28T11:00:00.0/2019-01-28T12:00:00.0;423.7343;290.0139;227.6275;62.3865;754.1379;184.0283;31.742;152.2863;105.2285;1
2019-01-28T12:00:00.0/2019-01-28T13:00:00.0;388.0615;259.3194;199.3184;60.001;720.3078;156.7056;19.9385;136.7671;72.0388;1
2019-01-28T13:00:00.0/2019-01-28T14:00:00.0;301.7511;188.3606;136.3117;52.0489;630.2266;90.737;6.236;84.501;25.7897;1
2019-01-28T14:00:00.0/2019-01-28T15:00:00.0;170.6942;89.3442;54.8619;34.4823;429.6448;23.7143;0;23.7143;0;1
2019-01-28T15:00:00.0/2019-01-28T16:00:00.0;24.6462;8.5642;3.042;5.5222;62.241;5.3072;0;5.3072;0;1
2019-01-28T16:00:00.0/2019-01-28T17:00:00.0;0;0;0;0;0;0;0;0;0;1
2019-01-28T17:00:00.0/2019-01-28T18:00:00.0;0;0;0;0;0;0;0;0;0;1
2019-01-28T18:00:00.0/2019-01-28T19:00:00.0;0;0;0;0;0;0;0;0;0;1
2019-01-28T19:00:00.0/2019-01-28T20:00:00.0;0;0;0;0;0;0;0;0;0;1
2019-01-28T20:00:00.0/2019-01-28T21:00:00.0;0;0;0;0;0;0;0;0;0;1
2019-01-28T21:00:00.0/2019-01-28T22:00:00.0;0;0;0;0;0;0;0;0;0;1
2019-01-28T22:00:00.0/2019-01-28T23:00:00.0;0;0;0;0;0;0;0;0;0;1
2019-01-28T23:00:00.0/2019-01-29T00:00:00.0;0;0;0;0;0;0;0;0;0;1
2019-01-29T00:00:00.0/2019-01-29T01:00:00.0;0;0;0;0;0;0;0;0;0;1
2019-01-29T01:00:00.0/2019-01-29T02:00:00.0;0;0;0;0;0;0;0;0;0;1
2019-01-29T02:00:00.0/2019-01-29T03:00:00.0;0;0;0;0;0;0;0;0;0;1
2019-01-29T03:00:00.0/2019-01-29T04:00:00.0;0;0;0;0;0;0;0;0;0;1
2019-01-29T04:00:00.0/2019-01-29T05:00:00.0;0;0;0;0;0;0;0;0;0;1
2019-01-29T05:00:00.0/2019-01-29T06:00:00.0;0;0;0;0;0;0;0;0;0;1
2019-01-29T06:00:00.0/2019-01-29T07:00:00.0;0;0;0;0;0;0;0;0;0;1
2019-01-29T07:00:00.0/2019-01-29T08:00:00.0;70.8002;31.7535;16.1252;15.6283;213.5065;26.3693;10.6327;15.7366;122.5109;1
2019-01-29T08:00:00.0/2019-01-29T09:00:00.0;225.9361;136.5127;94.449;42.0638;575.5504;123.1105;88.9978;34.1127;539.8452;1
2019-01-29T09:00:00.0/2019-01-29T10:00:00.0;342.7163;230.3662;172.9457;57.4205;706.9215;212.6927;168.9299;43.7628;690.2159;1
2019-01-29T10:00:00.0/2019-01-29T11:00:00.0;412.2689;286.166;216.8663;69.2997;738.265;248.4883;177.5881;70.9002;608.1589;1
2019-01-29T11:00:00.0/2019-01-29T12:00:00.0;429.8632;298.1109;221.6746;76.4363;723.7333;207.8676;70.5128;137.3548;229.9942;1
2019-01-29T12:00:00.0/2019-01-29T13:00:00.0;394.3091;266.4456;191.8659;74.5797;682.3035;133.0454;4.9081;128.1372;16.9306;1
2019-01-29T13:00:00.0/2019-01-29T14:00:00.0;308.0387;195.1698;132.4103;62.7595;599.6564;83.4879;0.3729;83.115;1.4716;1
2019-01-29T14:00:00.0/2019-01-29T15:00:00.0;176.9408;94.8223;53.9094;40.9128;407.5712;39.2509;0.236;39.0149;2.2852;1
2019-01-29T15:00:00.0/2019-01-29T16:00:00.0;27.9955;10.1019;3.0629;7.039;58.4907;6.4858;0;6.4858;0;1
2019-01-29T16:00:00.0/2019-01-29T17:00:00.0;0;0;0;0;0;0;0;0;0;1
2019-01-29T17:00:00.0/2019-01-29T18:00:00.0;0;0;0;0;0;0;0;0;0;1
2019-01-29T18:00:00.0/2019-01-29T19:00:00.0;0;0;0;0;0;0;0;0;0;1
2019-01-29T19:00:00.0/2019-01-29T20:00:00.0;0;0;0;0;0;0;0;0;0;1
2019-01-29T20:00:00.0/2019-01-29T21:00:00.0;0;0;0;0;0;0;0;0;0;1
2019-01-29T21:00:00.0/2019-01-29T22:00:00.0;0;0;0;0;0;0;0;0;0;1
2019-01-29T22:00:00.0/2019-01-29T23:00:00.0;0;0;0;0;0;0;0;0;0;1
2019-01-29T23:00:00.0/2019-01-30T00:00:00.0;0;0;0;0;0;0;0;0;0;1
2019-01-30T00:00:00.0/2019-01-30T01:00:00.0;0;0;0;0;0;0;0;0;0;1
2019-01-30T01:00:00.0/2019-01-30T02:00:00.0;0;0;0;0;0;0;0;0;0;1
2019-01-30T02:00:00.0/2019-01-30T03:00:00.0;0;0;0;0;0;0;0;0;0;1
2019-01-30T03:00:00.0/2019-01-30T04:00:00.0;0;0;0;0;0;0;0;0;0;1
2019-01-30T04:00:00.0/2019-01-30T05:00:00.0;0;0;0;0;0;0;0;0;0;1
2019-01-30T05:00:00.0/2019-01-30T06:00:00.0;0;0;0;0;0;0;0;0;0;1
2019-01-30T06:00:00.0/2019-01-30T07:00:00.0;0;0;0;0;0;0;0;0;0;1
2019-01-30T07:00:00.0/2019-01-30T08:00:00.0;75.6043;33.3043;15.7591;17.5453;198.6331;24.9352;2.6669;22.2683;30.7094;1
2019-01-30T08:00:00.0/2019-01-30T09:00:00.0;231.4766;137.7556;92.6992;45.0564;550.7984;96.0847;13.4981;82.5866;76.4315;1
2019-01-30T09:00:00.0/2019-01-30T10:00:00.0;348.5367;232.9887;175.425;57.5637;704.0696;153.0451;24.5791;128.466;99.6078;1
2019-01-30T10:00:00.0/2019-01-30T11:00:00.0;418.3263;292.8216;229.8647;62.957;770.7015;188.0231;32.6014;155.4218;108.5648;1
2019-01-30T11:00:00.0/2019-01-30T12:00:00.0;436.0986;309.0523;245.6562;63.396;790.4391;255.2439;159.9521;95.2918;514.7408;1
2019-01-30T12:00:00.0/2019-01-30T13:00:00.0;400.6518;277.3911;215.1566;62.2346;752.5359;202.274;73.921;128.3529;256.682;1
2019-01-30T13:00:00.0/2019-01-30T14:00:00.0;314.4111;201.8492;144.4224;57.4268;640.0601;151.6898;56.1859;95.5039;252.4648;1
2019-01-30T14:00:00.0/2019-01-30T15:00:00.0;183.2636;97.8276;57.2097;40.6179;416.7465;83.1546;42.9083;40.2463;312.9635;1
2019-01-30T15:00:00.0/2019-01-30T16:00:00.0;31.5911;11.3062;3.5831;7.7231;65.5331;8.4953;0.7331;7.7622;10.8057;1
2019-01-30T16:00:00.0/2019-01-30T17:00:00.0;0;0;0;0;0;0;0;0;0;1
2019-01-30T17:00:00.0/2019-01-30T18:00:00.0;0;0;0;0;0;0;0;0;0;1
2019-01-30T18:00:00.0/2019-01-30T19:00:00.0;0;0;0;0;0;0;0;0;0;1
2019-01-30T19:00:00.0/2019-01-30T20:00:00.0;0;0;0;0;0;0;0;0;0;1
2019-01-30T20:00:00.0/2019-01-30T21:00:00.0;0;0;0;0;0;0;0;0;0;1
2019-01-30T21:00:00.0/2019-01-30T22:00:00.0;0;0;0;0;0;0;0;0;0;1
2019-01-30T22:00:00.0/2019-01-30T23:00:00.0;0;0;0;0;0;0;0;0;0;1
2019-01-30T23:00:00.0/2019-01-31T00:00:00.0;0;0;0;0;0;0;0;0;0;1
2019-01-31T00:00:00.0/2019-01-31T01:00:00.0;0;0;0;0;0;0;0;0;0;1
2019-01-31T01:00:00.0/2019-01-31T02:00:00.0;0;0;0;0;0;0;0;0;0;1
2019-01-31T02:00:00.0/2019-01-31T03:00:00.0;0;0;0;0;0;0;0;0;0;1
2019-01-31T03:00:00.0/2019-01-31T04:00:00.0;0;0;0;0;0;0;0;0;0;1
2019-01-31T04:00:00.0/2019-01-31T05:00:00.0;0;0;0;0;0;0;0;0;0;1
2019-01-31T05:00:00.0/2019-01-31T06:00:00.0;0;0;0;0;0;0;0;0;0;1
2019-01-31T06:00:00.0/2019-01-31T07:00:00.0;0;0;0;0;0;0;0;0;0;1
2019-01-31T07:00:00.0/2019-01-31T08:00:00.0;80.6807;33.4029;14.1635;19.2393;172.485;23.1818;0.3933;22.7885;4.0152;1
2019-01-31T08:00:00.0/2019-01-31T09:00:00.0;237.153;132.9423;81.6524;51.2899;473.3094;61.1067;0;61.1067;0;1
2019-01-31T09:00:00.0/2019-01-31T10:00:00.0;354.4829;225.4417;157.6833;67.7584;621.6036;92.3637;0;92.3637;0;1
2019-01-31T10:00:00.0/2019-01-31T11:00:00.0;424.4982;285.2571;212.1258;73.1313;700.5774;185.7229;36.6291;149.0938;119.1372;1
2019-01-31T11:00:00.0/2019-01-31T12:00:00.0;442.437;302.196;230.3844;71.8115;730.5093;206.4055;54.6994;151.7061;173.5435;1
2019-01-31T12:00:00.0/2019-01-31T13:00:00.0;407.0862;268.4005;194.9467;73.4537;670.1805;182.2805;38.9055;143.375;132.1251;1
2019-01-31T13:00:00.0/2019-01-31T14:00:00.0;320.8651;189.5724;118.5907;70.9817;512.9083;126.3376;15.0467;111.2909;65.8694;1
2019-01-31T14:00:00.0/2019-01-31T15:00:00.0;189.6596;88.147;39.336;48.8111;272.477;52.8873;0.8614;52.0259;4.7732;1
2019-01-31T15:00:00.0/2019-01-31T16:00:00.0;35.4366;10.805;2.0631;8.7418;35.3893;7.2115;0;7.2115;0;1
2019-01-31T16:00:00.0/2019-01-31T17:00:00.0;0;0;0;0;0;0;0;0;0;1
2019-01-31T17:00:00.0/2019-01-31T18:00:00.0;0;0;0;0;0;0;0;0;0;1
2019-01-31T18:00:00.0/2019-01-31T19:00:00.0;0;0;0;0;0;0;0;0;0;1
2019-01-31T19:00:00.0/2019-01-31T20:00:00.0;0;0;0;0;0;0;0;0;0;1
2019-01-31T20:00:00.0/2019-01-31T21:00:00.0;0;0;0;0;0;0;0;0;0;1
2019-01-31T21:00:00.0/2019-01-31T22:00:00.0;0;0;0;0;0;0;0;0;0;1
2019-01-31T22:00:00.0/2019-01-31T23:00:00.0;0;0;0;0;0;0;0;0;0;1
2019-01-31T23:00:00.0/2019-02-01T00:00:00.0;0;0;0;0;0;0;0;0;0;1
2019-02-01T00:00:00.0/2019-02-01T01:00:00.0;0;0;0;0;0;0;0;0;0;1
2019-02-01T01:00:00.0/2019-02-01T02:00:00.0;0;0;0;0;0;0;0;0;0;1
2019-02-01T02:00:00.0/2019-02-01T03:00:00.0;0;0;0;0;0;0;0;0;0;1
2019-02-01T03:00:00.0/2019-02-01T04:00:00.0;0;0;0;0;0;0;0;0;0;1
2019-02-01T04:00:00.0/2019-02-01T05:00:00.0;0;0;0;0;0;0;0;0;0;1
2019-02-01T05:00:00.0/2019-02-01T06:00:00.0;0;0;0;0;0;0;0;0;0;1
2019-02-01T06:00:00.0/2019-02-01T07:00:00.0;0;0;0;0;0;0;0;0;0;1
2019-02-01T07:00:00.0/2019-02-01T08:00:00.0;86.0398;35.057;14.1529;20.9042;165.5949;21.7213;0;21.7213;0;1
2019-02-01T08:00:00.0/2019-02-01T09:00:00.0;242.9621;135.8998;82.4407;53.4591;465.655;43.1198;0;43.1198;0;1
2019-02-01T09:00:00.0/2019-02-01T10:00:00.0;360.5518;229.6002;159.9007;69.6994;619.725;45.6952;0;45.6952;0;1
2019-02-01T10:00:00.0/2019-02-01T11:00:00.0;430.7815;289.0273;212.6466;76.3806;691.9257;80.837;0;80.837;0;1
2019-02-01T11:00:00.0/2019-02-01T12:00:00.0;448.8749;305.3697;229.2505;76.1192;716.2912;60.7505;0;60.7505;0;1
2019-02-01T12:00:00.0/2019-02-01T13:00:00.0;413.6089;276.4132;204.8743;71.5389;694.0781;58.5828;0;58.5828;0;1
2019-02-01T13:00:00.0/2019-02-01T14:00:00.0;327.397;205.8994;143.9961;61.9033;613.5475;34.4209;0;34.4209;0;1
2019-02-01T14:00:00.0/2019-02-01T15:00:00.0;196.1254;105.6759;63.1187;42.5572;434.8441;25.7364;0;25.7364;0;1
2019-02-01T15:00:00.0/2019-02-01T16:00:00.0;39.5352;14.8584;5.4082;9.4502;90.4115;10.2283;0.4763;9.7521;7.0729;1
2019-02-01T16:00:00.0/2019-02-01T17:00:00.0;0;0;0;0;0;0;0;0;0;1
2019-02-01T17:00:00.0/2019-02-01T18:00:00.0;0;0;0;0;0;0;0;0;0;1
2019-02-01T18:00:00.0/2019-02-01T19:00:00.0;0;0;0;0;0;0;0;0;0;1
2019-02-01T19:00:00.0/2019-02-01T20:00:00.0;0;0;0;0;0;0;0;0;0;1
2019-02-01T20:00:00.0/2019-02-01T21:00:00.0;0;0;0;0;0;0;0;0;0;1
2019-02-01T21:00:00.0/2019-02-01T22:00:00.0;0;0;0;0;0;0;0;0;0;1
2019-02-01T22:00:00.0/2019-02-01T23:00:00.0;0;0;0;0;0;0;0;0;0;1
2019-02-01T23:00:00.0/2019-02-02T00:00:00.0;0;0;0;0;0;0;0;0;0;1
2019-02-02T00:00:00.0/2019-02-02T01:00:00.0;0;0;0;0;0;0;0;0;0;1
2019-02-02T01:00:00.0/2019-02-02T02:00:00.0;0;0;0;0;0;0;0;0;0;1
2019-02-02T02:00:00.0/2019-02-02T03:00:00.0;0;0;0;0;0;0;0;0;0;1
2019-02-02T03:00:00.0/2019-02-02T04:00:00.0;0;0;0;0;0;0;0;0;0;1
2019-02-02T04:00:00.0/2019-02-02T05:00:00.0;0;0;0;0;0;0;0;0;0;1
2019-02-02T05:00:00.0/2019-02-02T06:00:00.0;0;0;0;0;0;0;0;0;0;1
2019-02-02T06:00:00.0/2019-02-02T07:00:00.0;0;0;0;0;0;0;0;0;0;1
2019-02-02T07:00:00.0/2019-02-02T08:00:00.0;91.6758;36.7392;13.9818;22.7574;156.0187;25.9502;3.2203;22.7298;35.425;1
2019-02-02T08:00:00.0/2019-02-02T09:00:00.0;248.9013;137.8401;83.2673;54.5729;458.2856;57.0206;0.4277;56.5929;3.0459;1
2019-02-02T09:00:00.0/2019-02-02T10:00:00.0;366.7402;231.689;164.2257;67.4634;625.5003;61.6525;0;61.6525;0;1
2019-02-02T10:00:00.0/2019-02-02T11:00:00.0;437.1726;291.146;219.6263;71.5197;703.9592;68.565;0;68.565;0;1
2019-02-02T11:00:00.0/2019-02-02T12:00:00.0;455.4087;308.1212;238.6538;69.4674;734.7868;71.1527;0;71.1527;0;1
2019-02-02T12:00:00.0/2019-02-02T13:00:00.0;420.216;279.657;214.9937;64.6632;716.7554;48.4068;0;48.4068;0;1
2019-02-02T13:00:00.0/2019-02-02T14:00:00.0;334.0034;209.4372;152.8987;56.5384;638.7351;32.389;0;32.389;0;1
2019-02-02T14:00:00.0/2019-02-02T15:00:00.0;202.6575;109.5087;69.4475;40.0612;464.693;44.0892;0;44.0892;0;1
2019-02-02T15:00:00.0/2019-02-02T16:00:00.0;43.8897;16.6238;6.7326;9.8912;107.1924;8.8614;0;8.8614;0;1
2019-02-02T16:00:00.0/2019-02-02T17:00:00.0;0;0;0;0;0;0;0;0;0;1
2019-02-02T17:00:00.0/2019-02-02T18:00:00.0;0;0;0;0;0;0;0;0;0;1
2019-02-02T18:00:00.0/2019-02-02T19:00:00.0;0;0;0;0;0;0;0;0;0;1
2019-02-02T19:00:00.0/2019-02-02T20:00:00.0;0;0;0;0;0;0;0;0;0;1
2019-02-02T20:00:00.0/2019-02-02T21:00:00.0;0;0;0;0;0;0;0;0;0;1
2019-02-02T21:00:00.0/2019-02-02T22:00:00.0;0;0;0;0;0;0;0;0;0;1
2019-02-02T22:00:00.0/2019-02-02T23:00:00.0;0;0;0;0;0;0;0;0;0;1
2019-02-02T23:00:00.0/2019-02-03T00:00:00.0;0;0;0;0;0;0;0;0;0;1
2019-02-03T00:00:00.0/2019-02-03T01:00:00.0;0;0;0;0;0;0;0;0;0;1
2019-02-03T01:00:00.0/2019-02-03T02:00:00.0;0;0;0;0;0;0;0;0;0;1
2019-02-03T02:00:00.0/2019-02-03T03:00:00.0;0;0;0;0;0;0;0;0;0;1
2019-02-03T03:00:00.0/2019-02-03T04:00:00.0;0;0;0;0;0;0;0;0;0;1
2019-02-03T04:00:00.0/2019-02-03T05:00:00.0;0;0;0;0;0;0;0;0;0;1
2019-02-03T05:00:00.0/2019-02-03T06:00:00.0;0;0;0;0;0;0;0;0;0;1
2019-02-03T06:00:00.0/2019-02-03T07:00:00.0;0.1676;0.0382;0.0032;0.035;0;0;0;0;0;1
2019-02-03T07:00:00.0/2019-02-03T08:00:00.0;97.4723;44.1797;22.8902;21.2895;256.8645;32.8154;5.8361;26.9793;63.4722;1
2019-02-03T08:00:00.0/2019-02-03T09:00:00.0;254.9675;152.4091;105.0935;47.3156;569.1253;95.644;1.9754;93.6686;11.8919;1
2019-02-03T09:00:00.0/2019-02-03T10:00:00.0;373.0447;247.6831;188.0863;59.5967;704.7589;142.5483;1.5239;141.0244;5.9439;1
2019-02-03T10:00:00.0/2019-02-03T11:00:00.0;443.668;307.594;243.5848;64.0093;769.2546;120.513;0;120.513;0;1
2019-02-03T11:00:00.0/2019-02-03T12:00:00.0;462.0349;323.894;260.5324;63.3616;790.4107;205.3576;119.141;86.2166;362.0021;1
2019-02-03T12:00:00.0/2019-02-03T13:00:00.0;426.9042;294.3475;234.2734;60.0741;768.6376;178.2162;82.3432;95.8731;268.6692;1
2019-02-03T13:00:00.0/2019-02-03T14:00:00.0;340.6809;222.429;168.879;53.55;691.8428;87.5567;2.9786;84.5781;10.763;1
2019-02-03T14:00:00.0/2019-02-03T15:00:00.0;209.2528;119.0918;79.8677;39.2241;519.7685;36.0002;0;36.0002;0;1
2019-02-03T15:00:00.0/2019-02-03T16:00:00.0;48.5023;19.6611;8.9254;10.7357;136.3662;10.468;0;10.468;0;1
2019-02-03T16:00:00.0/2019-02-03T17:00:00.0;0;0;0;0;0;0;0;0;0;1
2019-02-03T17:00:00.0/2019-02-03T18:00:00.0;0;0;0;0;0;0;0;0;0;1
2019-02-03T18:00:00.0/2019-02-03T19:00:00.0;0;0;0;0;0;0;0;0;0;1
2019-02-03T19:00:00.0/2019-02-03T20:00:00.0;0;0;0;0;0;0;0;0;0;1
2019-02-03T20:00:00.0/2019-02-03T21:00:00.0;0;0;0;0;0;0;0;0;0;1
2019-02-03T21:00:00.0/2019-02-03T22:00:00.0;0;0;0;0;0;0;0;0;0;1
2019-02-03T22:00:00.0/2019-02-03T23:00:00.0;0;0;0;0;0;0;0;0;0;1
2019-02-03T23:00:00.0/2019-02-04T00:00:00.0;0;0;0;0;0;0;0;0;0;1
2019-02-04T00:00:00.0/2019-02-04T01:00:00.0;0;0;0;0;0;0;0;0;0;1
2019-02-04T01:00:00.0/2019-02-04T02:00:00.0;0;0;0;0;0;0;0;0;0;1
2019-02-04T02:00:00.0/2019-02-04T03:00:00.0;0;0;0;0;0;0;0;0;0;1
2019-02-04T03:00:00.0/2019-02-04T04:00:00.0;0;0;0;0;0;0;0;0;0;1
2019-02-04T04:00:00.0/2019-02-04T05:00:00.0;0;0;0;0;0;0;0;0;0;1
2019-02-04T05:00:00.0/2019-02-04T06:00:00.0;0;0;0;0;0;0;0;0;0;1
2019-02-04T06:00:00.0/2019-02-04T07:00:00.0;0.512;0.1254;0.0098;0.1156;0;0.0123;0;0.0123;0;1
2019-02-04T07:00:00.0/2019-02-04T08:00:00.0;103.4021;50.7062;28.8265;21.8797;315.9035;43.2369;22.1355;21.1014;216.9257;1
2019-02-04T08:00:00.0/2019-02-04T09:00:00.0;261.1577;164.8935;120.2983;44.5952;637.197;149.9708;114.9769;34.9938;607.6429;1
2019-02-04T09:00:00.0/2019-02-04T10:00:00.0;379.4621;262.158;207.0083;55.1497;762.8408;226.3826;169.4343;56.9483;630.017;1
2019-02-04T10:00:00.0/2019-02-04T11:00:00.0;450.2644;321.8736;261.8192;60.0544;814.6048;289.0407;232.3923;56.6484;720.9932;1
2019-02-04T11:00:00.0/2019-02-04T12:00:00.0;468.7499;337.1696;276.3035;60.8661;825.9984;316.8237;269.633;47.1907;806.0541;1
2019-02-04T12:00:00.0/2019-02-04T13:00:00.0;433.6697;306.0518;247.4107;58.6412;798.8577;265.3652;188.4526;76.9126;602.5885;1
2019-02-04T13:00:00.0/2019-02-04T14:00:00.0;347.4258;232.1527;179.5736;52.5791;721.3647;163.6092;46.1499;117.4593;178.4248;1
2019-02-04T14:00:00.0/2019-02-04T15:00:00.0;215.9078;126.4025;87.2661;39.1364;551.8679;83.4741;4.5617;78.9125;30.7726;1
2019-02-04T15:00:00.0/2019-02-04T16:00:00.0;53.3749;22.5737;11.0018;11.5719;161.8951;16.3017;1.709;14.5927;21.3147;1
2019-02-04T16:00:00.0/2019-02-04T17:00:00.0;0;0;0;0;0;0;0;0;0;1
2019-02-04T17:00:00.0/2019-02-04T18:00:00.0;0;0;0;0;0;0;0;0;0;1
2019-02-04T18:00:00.0/2019-02-04T19:00:00.0;0;0;0;0;0;0;0;0;0;1
2019-02-04T19:00:00.0/2019-02-04T20:00:00.0;0;0;0;0;0;0;0;0;0;1
2019-02-04T20:00:00.0/2019-02-04T21:00:00.0;0;0;0;0;0;0;0;0;0;1
2019-02-04T21:00:00.0/2019-02-04T22:00:00.0;0;0;0;0;0;0;0;0;0;1
2019-02-04T22:00:00.0/2019-02-04T23:00:00.0;0;0;0;0;0;0;0;0;0;1
2019-02-04T23:00:00.0/2019-02-05T00:00:00.0;0;0;0;0;0;0;0;0;0;1
2019-02-05T00:00:00.0/2019-02-05T01:00:00.0;0;0;0;0;0;0;0;0;0;1
2019-02-05T01:00:00.0/2019-02-05T02:00:00.0;0;0;0;0;0;0;0;0;0;1
2019-02-05T02:00:00.0/2019-02-05T03:00:00.0;0;0;0;0;0;0;0;0;0;1
2019-02-05T03:00:00.0/2019-02-05T04:00:00.0;0;0;0;0;0;0;0;0;0;1
2019-02-05T04:00:00.0/2019-02-05T05:00:00.0;0;0;0;0;0;0;0;0;0;1
2019-02-05T05:00:00.0/2019-02-05T06:00:00.0;0;0;0;0;0;0;0;0;0;1
2019-02-05T06:00:00.0/2019-02-05T07:00:00.0;1.0447;0.2559;0.0174;0.2385;0;0.0501;0;0.0501;0;1
2019-02-05T07:00:00.0/2019-02-05T08:00:00.0;109.4625;49.96;23.6212;26.3388;246.1275;21.0188;0;21.0188;0;1
2019-02-05T08:00:00.0/2019-02-05T09:00:00.0;267.4686;159.2887;101.2196;58.0691;522.7313;71.0287;5.7537;65.275;30.2391;1
2019-02-05T09:00:00.0/2019-02-05T10:00:00.0;385.989;254.4505;177.6273;76.8232;643.0253;77.7261;0;77.7261;0;1
2019-02-05T10:00:00.0/2019-02-05T11:00:00.0;456.9579;314.1806;226.6693;87.5113;694.6943;120.1747;0;120.1747;0;1
2019-02-05T11:00:00.0/2019-02-05T12:00:00.0;475.5498;329.9322;237.7206;92.2116;700.2707;137.0306;0.0128;137.0177;0.0385;1
2019-02-05T12:00:00.0/2019-02-05T13:00:00.0;440.5088;298.9481;208.3725;90.5756;661.9271;148.8378;7.1222;141.7156;21.9337;1
2019-02-05T13:00:00.0/2019-02-05T14:00:00.0;354.2345;224.9906;144.7461;80.2446;569.0715;99.0865;11.5747;87.5118;48.1726;1
2019-02-05T14:00:00.0/2019-02-05T15:00:00.0;222.619;120.6116;63.4283;57.1833;384.9599;42.7902;0.422;42.3683;2.0215;1
2019-02-05T15:00:00.0/2019-02-05T16:00:00.0;58.509;22.154;6.3949;15.7591;85.7186;12.1276;0;12.1276;0;1
2019-02-05T16:00:00.0/2019-02-05T17:00:00.0;0;0;0;0;0;0;0;0;0;1
2019-02-05T17:00:00.0/2019-02-05T18:00:00.0;0;0;0;0;0;0;0;0;0;1
2019-02-05T18:00:00.0/2019-02-05T19:00:00.0;0;0;0;0;0;0;0;0;0;1
2019-02-05T19:00:00.0/2019-02-05T20:00:00.0;0;0;0;0;0;0;0;0;0;1
2019-02-05T20:00:00.0/2019-02-05T21:00:00.0;0;0;0;0;0;0;0;0;0;1
2019-02-05T21:00:00.0/2019-02-05T22:00:00.0;0;0;0;0;0;0;0;0;0;1
2019-02-05T22:00:00.0/2019-02-05T23:00:00.0;0;0;0;0;0;0;0;0;0;1
2019-02-05T23:00:00.0/2019-02-06T00:00:00.0;0;0;0;0;0;0;0;0;0;1
2019-02-06T00:00:00.0/2019-02-06T01:00:00.0;0;0;0;0;0;0;0;0;0;1
2019-02-06T01:00:00.0/2019-02-06T02:00:00.0;0;0;0;0;0;0;0;0;0;1
2019-02-06T02:00:00.0/2019-02-06T03:00:00.0;0;0;0;0;0;0;0;0;0;1
2019-02-06T03:00:00.0/2019-02-06T04:00:00.0;0;0;0;0;0;0;0;0;0;1
2019-02-06T04:00:00.0/2019-02-06T05:00:00.0;0;0;0;0;0;0;0;0;0;1
2019-02-06T05:00:00.0/2019-02-06T06:00:00.0;0;0;0;0;0;0;0;0;0;1
2019-02-06T06:00:00.0/2019-02-06T07:00:00.0;1.7774;0.4485;0.0342;0.4143;0;0.1301;0;0.1301;0;1
2019-02-06T07:00:00.0/2019-02-06T08:00:00.0;115.6506;53.531;26.6757;26.8553;269.1111;30.5255;0;30.5255;0;1
2019-02-06T08:00:00.0/2019-02-06T09:00:00.0;273.8972;165.6128;112.8447;52.7681;568.56;104.8079;9.2793;95.5286;42.6688;1
2019-02-06T09:00:00.0/2019-02-06T10:00:00.0;392.6219;261.773;196.7104;65.0626;700.1149;111.048;0.8382;110.2099;3.4018;1
2019-02-06T10:00:00.0/2019-02-06T11:00:00.0;463.7451;320.3139;248.5317;71.7822;750.3366;130.5771;0;130.5771;0;1
2019-02-06T11:00:00.0/2019-02-06T12:00:00.0;482.4311;334.9564;261.4395;73.5169;758.936;153.5478;3.4351;150.1127;10.0372;1
2019-02-06T12:00:00.0/2019-02-06T13:00:00.0;447.4178;304.0802;232.8087;71.2715;728.0964;136.767;7.1313;129.6357;21.391;1
2019-02-06T13:00:00.0/2019-02-06T14:00:00.0;361.1034;231.602;167.7414;63.8606;647.6856;90.6793;11.709;78.9703;49.9432;1
2019-02-06T14:00:00.0/2019-02-06T15:00:00.0;229.3832;128.4042;80.9858;47.4184;481.4642;69.4358;8.5888;60.847;42.6123;1
2019-02-06T15:00:00.0/2019-02-06T16:00:00.0;63.9056;25.9785;10.9711;15.0074;146.0475;17.0717;0.3293;16.7424;4.2293;1
2019-02-06T16:00:00.0/2019-02-06T17:00:00.0;0;0;0;0;0;0;0;0;0;1
2019-02-06T17:00:00.0/2019-02-06T18:00:00.0;0;0;0;0;0;0;0;0;0;1
2019-02-06T18:00:00.0/2019-02-06T19:00:00.0;0;0;0;0;0;0;0;0;0;1
2019-02-06T19:00:00.0/2019-02-06T20:00:00.0;0;0;0;0;0;0;0;0;0;1
2019-02-06T20:00:00.0/2019-02-06T21:00:00.0;0;0;0;0;0;0;0;0;0;1
2019-02-06T21:00:00.0/2019-02-06T22:00:00.0;0;0;0;0;0;0;0;0;0;1
2019-02-06T22:00:00.0/2019-02-06T23:00:00.0;0;0;0;0;0;0;0;0;0;1
2019-02-06T23:00:00.0/2019-02-07T00:00:00.0;0;0;0;0;0;0;0;0;0;1
2019-02-07T00:00:00.0/2019-02-07T01:00:00.0;0;0;0;0;0;0;0;0;0;1
2019-02-07T01:00:00.0/2019-02-07T02:00:00.0;0;0;0;0;0;0;0;0;0;1
2019-02-07T02:00:00.0/2019-02-07T03:00:00.0;0;0;0;0;0;0;0;0;0;1
2019-02-07T03:00:00.0/2019-02-07T04:00:00.0;0;0;0;0;0;0;0;0;0;1
2019-02-07T04:00:00.0/2019-02-07T05:00:00.0;0;0;0;0;0;0;0;0;0;1
2019-02-07T05:00:00.0/2019-02-07T06:00:00.0;0;0;0;0;0;0;0;0;0;1
2019-02-07T06:00:00.0/2019-02-07T07:00:00.0;2.7212;0.6817;0.0454;0.6363;0.6376;0.2349;0;0.2349;0;1
2019-02-07T07:00:00.0/2019-02-07T08:00:00.0;121.9634;55.4015;26.8384;28.5631;259.2882;30.3086;0.1487;30.1599;1.3481;1
2019-02-07T08:00:00.0/2019-02-07T09:00:00.0;280.4401;167.5474;112.9786;54.5688;555.5987;106.6943;26.9223;79.772;125.0656;1
2019-02-07T09:00:00.0/2019-02-07T10:00:00.0;399.3572;264.3268;197.7937;66.533;691.7961;104.0388;2.5361;101.5027;10.0744;1
2019-02-07T10:00:00.0/2019-02-07T11:00:00.0;470.6223;323.5777;251.0372;72.5405;746.5571;102.9514;15.054;87.8974;43.7225;1
2019-02-07T11:00:00.0/2019-02-07T12:00:00.0;489.39;339.019;265.5731;73.4459;759.742;125.2115;14.1658;111.0457;40.3741;1
2019-02-07T12:00:00.0/2019-02-07T13:00:00.0;454.3931;309.5489;240.5986;68.9502;740.9197;98.0898;10.5059;87.5839;33.303;1
2019-02-07T13:00:00.0/2019-02-07T14:00:00.0;368.029;238.8152;179.8088;59.0064;681.7847;58.2655;7.228;51.0375;25.0173;1
2019-02-07T14:00:00.0/2019-02-07T15:00:00.0;236.1969;136.3331;93.4976;42.8355;543.3504;27.7281;0.0071;27.721;0.0627;1
2019-02-07T15:00:00.0/2019-02-07T16:00:00.0;69.5937;29.8022;14.9023;14.8998;191.3736;19.1087;1.7786;17.33;22.6321;1
2019-02-07T16:00:00.0/2019-02-07T17:00:00.0;0;0;0;0;0;0;0;0;0;1
2019-02-07T17:00:00.0/2019-02-07T18:00:00.0;0;0;0;0;0;0;0;0;0;1
2019-02-07T18:00:00.0/2019-02-07T19:00:00.0;0;0;0;0;0;0;0;0;0;1
2019-02-07T19:00:00.0/2019-02-07T20:00:00.0;0;0;0;0;0;0;0;0;0;1
2019-02-07T20:00:00.0/2019-02-07T21:00:00.0;0;0;0;0;0;0;0;0;0;1
2019-02-07T21:00:00.0/2019-02-07T22:00:00.0;0;0;0;0;0;0;0;0;0;1
2019-02-07T22:00:00.0/2019-02-07T23:00:00.0;0;0;0;0;0;0;0;0;0;1
2019-02-07T23:00:00.0/2019-02-08T00:00:00.0;0;0;0;0;0;0;0;0;0;1
2019-02-08T00:00:00.0/2019-02-08T01:00:00.0;0;0;0;0;0;0;0;0;0;1
2019-02-08T01:00:00.0/2019-02-08T02:00:00.0;0;0;0;0;0;0;0;0;0;1
2019-02-08T02:00:00.0/2019-02-08T03:00:00.0;0;0;0;0;0;0;0;0;0;1
2019-02-08T03:00:00.0/2019-02-08T04:00:00.0;0;0;0;0;0;0;0;0;0;1
2019-02-08T04:00:00.0/2019-02-08T05:00:00.0;0;0;0;0;0;0;0;0;0;1
2019-02-08T05:00:00.0/2019-02-08T06:00:00.0;0;0;0;0;0;0;0;0;0;1
2019-02-08T06:00:00.0/2019-02-08T07:00:00.0;3.8869;1.0226;0.0878;0.9347;2.0552;0.41;0;0.41;0;1
2019-02-08T07:00:00.0/2019-02-08T08:00:00.0;128.3979;60.9045;29.5411;31.3633;277.7684;41.6117;0.5357;41.0759;3.6273;1
2019-02-08T08:00:00.0/2019-02-08T09:00:00.0;287.0941;174.921;112.3582;62.5628;540.9696;137.4939;60.4689;77.025;289.1535;1
2019-02-08T09:00:00.0/2019-02-08T10:00:00.0;406.1916;271.4512;191.6069;79.8443;658.6696;178.6128;35.9089;142.7039;123.3496;1
2019-02-08T10:00:00.0/2019-02-08T11:00:00.0;477.5857;330.4661;242.3625;88.1036;710.0472;159.9189;6.1636;153.7553;18.7518;1
2019-02-08T11:00:00.0/2019-02-08T12:00:00.0;496.4227;345.0015;254.5895;90.4119;717.762;164.5462;0.764;163.7821;2.1729;1
2019-02-08T12:00:00.0/2019-02-08T13:00:00.0;461.4309;311.5554;223.1207;88.4347;675.9352;180.0809;29.2033;150.8776;87.9113;1
2019-02-08T13:00:00.0/2019-02-08T14:00:00.0;375.0077;234.7364;155.1878;79.5487;575.9072;76.4411;0;76.4411;0;1
2019-02-08T14:00:00.0/2019-02-08T15:00:00.0;243.0568;128.9276;70.4731;58.4546;393.2283;45.3998;0;45.3998;0;1
2019-02-08T15:00:00.0/2019-02-08T16:00:00.0;75.5204;28.2075;9.1709;19.0366;109.422;18.9515;0;18.9515;0;1
2019-02-08T16:00:00.0/2019-02-08T17:00:00.0;0;0;0;0;0;0;0;0;0;1
2019-02-08T17:00:00.0/2019-02-08T18:00:00.0;0;0;0;0;0;0;0;0;0;1
2019-02-08T18:00:00.0/2019-02-08T19:00:00.0;0;0;0;0;0;0;0;0;0;1
2019-02-08T19:00:00.0/2019-02-08T20:00:00.0;0;0;0;0;0;0;0;0;0;1
2019-02-08T20:00:00.0/2019-02-08T21:00:00.0;0;0;0;0;0;0;0;0;0;1
2019-02-08T21:00:00.0/2019-02-08T22:00:00.0;0;0;0;0;0;0;0;0;0;1
2019-02-08T22:00:00.0/2019-02-08T23:00:00.0;0;0;0;0;0;0;0;0;0;1
2019-02-08T23:00:00.0/2019-02-09T00:00:00.0;0;0;0;0;0;0;0;0;0;1
2019-02-09T00:00:00.0/2019-02-09T01:00:00.0;0;0;0;0;0;0;0;0;0;1
2019-02-09T01:00:00.0/2019-02-09T02:00:00.0;0;0;0;0;0;0;0;0;0;1
2019-02-09T02:00:00.0/2019-02-09T03:00:00.0;0;0;0;0;0;0;0;0;0;1
2019-02-09T03:00:00.0/2019-02-09T04:00:00.0;0;0;0;0;0;0;0;0;0;1
2019-02-09T04:00:00.0/2019-02-09T05:00:00.0;0;0;0;0;0;0;0;0;0;1
2019-02-09T05:00:00.0/2019-02-09T06:00:00.0;0;0;0;0;0;0;0;0;0;1
2019-02-09T06:00:00.0/2019-02-09T07:00:00.0;5.2851;1.3405;0.1017;1.2388;2.979;0.5646;0;0.5646;0;1
2019-02-09T07:00:00.0/2019-02-09T08:00:00.0;134.951;61.4084;27.8955;33.5128;247.918;35.1627;2.0627;33.1;22.3457;1
2019-02-09T08:00:00.0/2019-02-09T09:00:00.0;293.8557;177.3058;115.9332;61.3726;543.4905;68.2761;0;68.2761;0;1
2019-02-09T09:00:00.0/2019-02-09T10:00:00.0;413.1212;277.2124;202.9782;74.2342;685.8416;186.6445;87.7253;98.9192;294.5332;1
2019-02-09T10:00:00.0/2019-02-09T11:00:00.0;484.6317;339.0219;257.1689;81.853;742.1918;141.9824;2.7061;139.2763;8.2326;1
2019-02-09T11:00:00.0/2019-02-09T12:00:00.0;503.5255;356.7634;272.4757;84.2877;757.1152;223.145;75.876;147.269;211.2812;1
2019-02-09T12:00:00.0/2019-02-09T13:00:00.0;468.5275;325.7685;238.995;86.7735;712.7178;237.0286;105.9457;131.0829;317.4355;1
2019-02-09T13:00:00.0/2019-02-09T14:00:00.0;382.036;249.1437;163.1261;86.0177;593.6862;204.7493;111.2638;93.4855;409.0698;1
2019-02-09T14:00:00.0/2019-02-09T15:00:00.0;249.9596;140.3254;72.3124;68.013;391.4653;77.2111;15.8603;61.3507;74.666;1
2019-02-09T15:00:00.0/2019-02-09T16:00:00.0;81.7106;32.3631;8.6979;23.6652;96.4918;16.1283;0;16.1283;0;1
2019-02-09T16:00:00.0/2019-02-09T17:00:00.0;0;0;0;0;0;0;0;0;0;1
2019-02-09T17:00:00.0/2019-02-09T18:00:00.0;0;0;0;0;0;0;0;0;0;1
2019-02-09T18:00:00.0/2019-02-09T19:00:00.0;0;0;0;0;0;0;0;0;0;1
2019-02-09T19:00:00.0/2019-02-09T20:00:00.0;0;0;0;0;0;0;0;0;0;1
2019-02-09T20:00:00.0/2019-02-09T21:00:00.0;0;0;0;0;0;0;0;0;0;1
2019-02-09T21:00:00.0/2019-02-09T22:00:00.0;0;0;0;0;0;0;0;0;0;1
2019-02-09T22:00:00.0/2019-02-09T23:00:00.0;0;0;0;0;0;0;0;0;0;1
2019-02-09T23:00:00.0/2019-02-10T00:00:00.0;0;0;0;0;0;0;0;0;0;1
2019-02-10T00:00:00.0/2019-02-10T01:00:00.0;0;0;0;0;0;0;0;0;0;1
2019-02-10T01:00:00.0/2019-02-10T02:00:00.0;0;0;0;0;0;0;0;0;0;1
2019-02-10T02:00:00.0/2019-02-10T03:00:00.0;0;0;0;0;0;0;0;0;0;1
2019-02-10T03:00:00.0/2019-02-10T04:00:00.0;0;0;0;0;0;0;0;0;0;1
2019-02-10T04:00:00.0/2019-02-10T05:00:00.0;0;0;0;0;0;0;0;0;0;1
2019-02-10T05:00:00.0/2019-02-10T06:00:00.0;0;0;0;0;0;0;0;0;0;1
2019-02-10T06:00:00.0/2019-02-10T07:00:00.0;6.926;1.8082;0.1117;1.6965;3.113;0.8885;0;0.8885;0;1
2019-02-10T07:00:00.0/2019-02-10T08:00:00.0;141.6194;64.0388;25.6862;38.3526;219.6215;22.0955;0;22.0955;0;1
2019-02-10T08:00:00.0/2019-02-10T09:00:00.0;300.7215;175.3731;101.2183;74.1549;464.2036;60.2527;0;60.2527;0;1
2019-02-10T09:00:00.0/2019-02-10T10:00:00.0;420.1426;272.3206;182.4646;89.8559;605.1083;90.3246;0;90.3246;0;1
2019-02-10T10:00:00.0/2019-02-10T11:00:00.0;491.7565;335.2722;246.7989;88.4733;701.3688;80.4423;0;80.4423;0;1
2019-02-10T11:00:00.0/2019-02-10T12:00:00.0;510.6947;354.3683;276.6791;77.6892;757.8024;107.8021;0;107.8021;0;1
2019-02-10T12:00:00.0/2019-02-10T13:00:00.0;475.6794;324.7986;255.1344;69.6642;749.5597;95.9205;0;95.9205;0;1
2019-02-10T13:00:00.0/2019-02-10T14:00:00.0;389.1104;250.3255;186.376;63.9495;667.2333;58.3389;0;58.3389;0;1
2019-02-10T14:00:00.0/2019-02-10T15:00:00.0;256.902;144.471;94.7171;49.7539;504.5107;67.7815;1.0244;66.7571;7.5716;1
2019-02-10T15:00:00.0/2019-02-10T16:00:00.0;88.1638;35.7254;16.0997;19.6257;181.0735;25.9766;3.1581;22.8185;32.8611;1
2019-02-10T16:00:00.0/2019-02-10T17:00:00.0;0;0;0;0;0;0;0;0;0;1
2019-02-10T17:00:00.0/2019-02-10T18:00:00.0;0;0;0;0;0;0;0;0;0;1
2019-02-10T18:00:00.0/2019-02-10T19:00:00.0;0;0;0;0;0;0;0;0;0;1
2019-02-10T19:00:00.0/2019-02-10T20:00:00.0;0;0;0;0;0;0;0;0;0;1
2019-02-10T20:00:00.0/2019-02-10T21:00:00.0;0;0;0;0;0;0;0;0;0;1
2019-02-10T21:00:00.0/2019-02-10T22:00:00.0;0;0;0;0;0;0;0;0;0;1
2019-02-10T22:00:00.0/2019-02-10T23:00:00.0;0;0;0;0;0;0;0;0;0;1
2019-02-10T23:00:00.0/2019-02-11T00:00:00.0;0;0;0;0;0;0;0;0;0;1
2019-02-11T00:00:00.0/2019-02-11T01:00:00.0;0;0;0;0;0;0;0;0;0;1
2019-02-11T01:00:00.0/2019-02-11T02:00:00.0;0;0;0;0;0;0;0;0;0;1
2019-02-11T02:00:00.0/2019-02-11T03:00:00.0;0;0;0;0;0;0;0;0;0;1
2019-02-11T03:00:00.0/2019-02-11T04:00:00.0;0;0;0;0;0;0;0;0;0;1
2019-02-11T04:00:00.0/2019-02-11T05:00:00.0;0;0;0;0;0;0;0;0;0;1
2019-02-11T05:00:00.0/2019-02-11T06:00:00.0;0;0;0;0;0;0;0;0;0;1
2019-02-11T06:00:00.0/2019-02-11T07:00:00.0;8.8193;2.5789;0.4344;2.1446;11.8009;1.5214;0;1.5214;0;1
2019-02-11T07:00:00.0/2019-02-11T08:00:00.0;148.4;75.5568;42.6932;32.8637;361.5271;33.3663;1.941;31.4254;25.098;1
2019-02-11T08:00:00.0/2019-02-11T09:00:00.0;307.688;197.0358;143.7257;53.3101;645.9686;47.017;0;47.017;0;1
2019-02-11T09:00:00.0/2019-02-11T10:00:00.0;427.2521;297.8603;237.0978;60.7624;774.3973;143.4579;4.3255;139.1324;13.8993;1
2019-02-11T10:00:00.0/2019-02-11T11:00:00.0;498.9563;360.1308;296.696;63.4348;831.1359;126.4829;0;126.4829;0;1
2019-02-11T11:00:00.0/2019-02-11T12:00:00.0;517.9265;377.4069;315.3759;62.031;851.3847;109.4424;0;109.4424;0;1
2019-02-11T12:00:00.0/2019-02-11T13:00:00.0;482.8828;347.1508;287.4191;59.7317;831.7152;132.4107;0;132.4107;0;1
2019-02-11T13:00:00.0/2019-02-11T14:00:00.0;396.2274;272.4838;216.8251;55.6588;762.8468;55.4015;0;55.4015;0;1
2019-02-11T14:00:00.0/2019-02-11T15:00:00.0;263.8811;163.4511;118.8158;44.6353;619.6996;28.5763;0;28.5763;0;1
2019-02-11T15:00:00.0/2019-02-11T16:00:00.0;94.8794;44.8915;25.4838;19.4077;288.3624;19.7606;0;19.7606;0;1
2019-02-11T16:00:00.0/2019-02-11T17:00:00.0;0;0;0;0;0;0;0;0;0;1
2019-02-11T17:00:00.0/2019-02-11T18:00:00.0;0;0;0;0;0;0;0;0;0;1
2019-02-11T18:00:00.0/2019-02-11T19:00:00.0;0;0;0;0;0;0;0;0;0;1
2019-02-11T19:00:00.0/2019-02-11T20:00:00.0;0;0;0;0;0;0;0;0;0;1
2019-02-11T20:00:00.0/2019-02-11T21:00:00.0;0;0;0;0;0;0;0;0;0;1
2019-02-11T21:00:00.0/2019-02-11T22:00:00.0;0;0;0;0;0;0;0;0;0;1
2019-02-11T22:00:00.0/2019-02-11T23:00:00.0;0;0;0;0;0;0;0;0;0;1
2019-02-11T23:00:00.0/2019-02-12T00:00:00.0;0;0;0;0;0;0;0;0;0;1
2019-02-12T00:00:00.0/2019-02-12T01:00:00.0;0;0;0;0;0;0;0;0;0;1
2019-02-12T01:00:00.0/2019-02-12T02:00:00.0;0;0;0;0;0;0;0;0;0;1
2019-02-12T02:00:00.0/2019-02-12T03:00:00.0;0;0;0;0;0;0;0;0;0;1
2019-02-12T03:00:00.0/2019-02-12T04:00:00.0;0;0;0;0;0;0;0;0;0;1
2019-02-12T04:00:00.0/2019-02-12T05:00:00.0;0;0;0;0;0;0;0;0;0;1
2019-02-12T05:00:00.0/2019-02-12T06:00:00.0;0;0;0;0;0;0;0;0;0;1
2019-02-12T06:00:00.0/2019-02-12T07:00:00.0;10.9746;3.9427;1.5038;2.439;40.6388;2.4771;0.072;2.4052;1.6263;1
2019-02-12T07:00:00.0/2019-02-12T08:00:00.0;155.2893;88.4037;59.9281;28.4756;504.0298;77.9929;52.9298;25.0631;427.4112;1
2019-02-12T08:00:00.0/2019-02-12T09:00:00.0;314.7516;214.3006;168.3152;45.9854;742.1099;196.9369;163.1759;33.7609;718.9259;1
2019-02-12T09:00:00.0/2019-02-12T10:00:00.0;434.4458;315.5286;260.4587;55.0698;836.9103;295.175;254.476;40.699;817.643;1
2019-02-12T10:00:00.0/2019-02-12T11:00:00.0;506.2275;376.5182;316.2406;60.2776;873.0074;355.1332;309.2404;45.8929;853.6826;1
2019-02-12T11:00:00.0/2019-02-12T12:00:00.0;525.2173;391.5492;329.4205;62.1288;876.624;369.9843;322.0131;47.9712;856.911;1
2019-02-12T12:00:00.0/2019-02-12T13:00:00.0;490.1343;359.148;298.1663;60.9818;849.7819;338.0608;291.01;47.0508;829.3456;1
2019-02-12T13:00:00.0/2019-02-12T14:00:00.0;403.3839;282.7731;226.6404;56.1327;783.1221;252.9381;203.3786;49.5594;702.1946;1
2019-02-12T14:00:00.0/2019-02-12T15:00:00.0;270.8936;171.7981;126.6376;45.1605;644.0197;147.9085;105.4222;42.4863;536.6462;1
2019-02-12T15:00:00.0/2019-02-12T16:00:00.0;101.7094;49.2503;27.8859;21.3644;299.0157;41.3737;20.5067;20.867;194.7293;1
2019-02-12T16:00:00.0/2019-02-12T17:00:00.0;0.1471;0.0345;0.0042;0.0303;0;0;0;0;0;1
2019-02-12T17:00:00.0/2019-02-12T18:00:00.0;0;0;0;0;0;0;0;0;0;1
2019-02-12T18:00:00.0/2019-02-12T19:00:00.0;0;0;0;0;0;0;0;0;0;1
2019-02-12T19:00:00.0/2019-02-12T20:00:00.0;0;0;0;0;0;0;0;0;0;1
2019-02-12T20:00:00.0/2019-02-12T21:00:00.0;0;0;0;0;0;0;0;0;0;1
2019-02-12T21:00:00.0/2019-02-12T22:00:00.0;0;0;0;0;0;0;0;0;0;1
2019-02-12T22:00:00.0/2019-02-12T23:00:00.0;0;0;0;0;0;0;0;0;0;1
2019-02-12T23:00:00.0/2019-02-13T00:00:00.0;0;0;0;0;0;0;0;0;0;1
2019-02-13T00:00:00.0/2019-02-13T01:00:00.0;0;0;0;0;0;0;0;0;0;1
2019-02-13T01:00:00.0/2019-02-13T02:00:00.0;0;0;0;0;0;0;0;0;0;1
2019-02-13T02:00:00.0/2019-02-13T03:00:00.0;0;0;0;0;0;0;0;0;0;1
2019-02-13T03:00:00.0/2019-02-13T04:00:00.0;0;0;0;0;0;0;0;0;0;1
2019-02-13T04:00:00.0/2019-02-13T05:00:00.0;0;0;0;0;0;0;0;0;0;1
2019-02-13T05:00:00.0/2019-02-13T06:00:00.0;0;0;0;0;0;0;0;0;0;1
2019-02-13T06:00:00.0/2019-02-13T07:00:00.0;13.401;4.2713;0.888;3.3833;22.1821;2.7708;0;2.7708;0;1
2019-02-13T07:00:00.0/2019-02-13T08:00:00.0;162.284;82.4497;42.6474;39.8023;337.6621;46.4479;0.0683;46.3796;0.631;1
2019-02-13T08:00:00.0/2019-02-13T09:00:00.0;321.9087;201.5652;131.5189;70.0464;565.361;55.4128;0;55.4128;0;1
2019-02-13T09:00:00.0/2019-02-13T10:00:00.0;441.7202;302.2604;216.7653;85.4951;683.9208;68.6918;0;68.6918;0;1
2019-02-13T10:00:00.0/2019-02-13T11:00:00.0;513.5662;366.6295;277.5081;89.1214;754.6032;103.966;0;103.966;0;1
2019-02-13T11:00:00.0/2019-02-13T12:00:00.0;532.5632;385.7533;300.3722;85.381;788.0458;91.8611;0;91.8611;0;1
2019-02-13T12:00:00.0/2019-02-13T13:00:00.0;497.4303;355.5939;274.7777;80.8161;771.2437;101.8108;0;101.8108;0;1
2019-02-13T13:00:00.0/2019-02-13T14:00:00.0;410.5764;279.5266;204.9377;74.5888;695.0038;124.2122;1.7019;122.5103;6.5935;1
2019-02-13T14:00:00.0/2019-02-13T15:00:00.0;277.9366;169.3557;109.9699;59.3858;543.1352;110.3454;8.5922;101.7532;39.2712;1
2019-02-13T15:00:00.0/2019-02-13T16:00:00.0;108.5677;50.0908;23.1239;26.9669;236.142;36.1497;3.1288;33.0209;30.6977;1
2019-02-13T16:00:00.0/2019-02-13T17:00:00.0;0.5263;0.1251;0.0061;0.1191;0;0.0074;0;0.0074;0;1
2019-02-13T17:00:00.0/2019-02-13T18:00:00.0;0;0;0;0;0;0;0;0;0;1
2019-02-13T18:00:00.0/2019-02-13T19:00:00.0;0;0;0;0;0;0;0;0;0;1
2019-02-13T19:00:00.0/2019-02-13T20:00:00.0;0;0;0;0;0;0;0;0;0;1
2019-02-13T20:00:00.0/2019-02-13T21:00:00.0;0;0;0;0;0;0;0;0;0;1
2019-02-13T21:00:00.0/2019-02-13T22:00:00.0;0;0;0;0;0;0;0;0;0;1
2019-02-13T22:00:00.0/2019-02-13T23:00:00.0;0;0;0;0;0;0;0;0;0;1
2019-02-13T23:00:00.0/2019-02-14T00:00:00.0;0;0;0;0;0;0;0;0;0;1
2019-02-14T00:00:00.0/2019-02-14T01:00:00.0;0;0;0;0;0;0;0;0;0;1
2019-02-14T01:00:00.0/2019-02-14T02:00:00.0;0;0;0;0;0;0;0;0;0;1
2019-02-14T02:00:00.0/2019-02-14T03:00:00.0;0;0;0;0;0;0;0;0;0;1
2019-02-14T03:00:00.0/2019-02-14T04:00:00.0;0;0;0;0;0;0;0;0;0;1
2019-02-14T04:00:00.0/2019-02-14T05:00:00.0;0;0;0;0;0;0;0;0;0;1
2019-02-14T05:00:00.0/2019-02-14T06:00:00.0;0;0;0;0;0;0;0;0;0;1
2019-02-14T06:00:00.0/2019-02-14T07:00:00.0;16.1071;4.9493;0.8829;4.0664;20.2903;2.4914;0;2.4914;0;1
2019-02-14T07:00:00.0/2019-02-14T08:00:00.0;169.3805;83.991;42.427;41.564;320.4848;24.3525;0;24.3525;0;1
2019-02-14T08:00:00.0/2019-02-14T09:00:00.0;329.1556;204.0448;136.324;67.7208;572.0189;52.4703;0;52.4703;0;1
2019-02-14T09:00:00.0/2019-02-14T10:00:00.0;449.0715;304.7006;225.8185;78.8821;700.7901;117.8032;0;117.8032;0;1
2019-02-14T10:00:00.0/2019-02-14T11:00:00.0;520.9688;367.3672;284.4961;82.8711;762.4164;209.7424;39.2617;170.4807;102.5447;1
2019-02-14T11:00:00.0/2019-02-14T12:00:00.0;539.9609;385.2412;303.8463;81.3949;785.9368;328.6892;229.9356;98.7536;595.1809;1
2019-02-14T12:00:00.0/2019-02-14T13:00:00.0;504.7674;352.9236;270.4429;82.4807;747.4009;313.3452;228.5725;84.7727;627.4749;1
2019-02-14T13:00:00.0/2019-02-14T14:00:00.0;417.8018;273.912;192.0518;81.8602;638.989;216.1136;113.1143;102.9993;385.932;1
2019-02-14T14:00:00.0/2019-02-14T15:00:00.0;285.0074;162.5934;95.7887;66.8046;458.9501;148.1563;90.4156;57.7407;431.2381;1
2019-02-14T15:00:00.0/2019-02-14T16:00:00.0;115.4517;48.2355;18.2505;29.985;176.6852;40.9901;11.6724;29.3177;97.4064;1
2019-02-14T16:00:00.0/2019-02-14T17:00:00.0;1.1389;0.2602;0.0066;0.2536;0;0.039;0;0.039;0;1
2019-02-14T17:00:00.0/2019-02-14T18:00:00.0;0;0;0;0;0;0;0;0;0;1
2019-02-14T18:00:00.0/2019-02-14T19:00:00.0;0;0;0;0;0;0;0;0;0;1
2019-02-14T19:00:00.0/2019-02-14T20:00:00.0;0;0;0;0;0;0;0;0;0;1
2019-02-14T20:00:00.0/2019-02-14T21:00:00.0;0;0;0;0;0;0;0;0;0;1
2019-02-14T21:00:00.0/2019-02-14T22:00:00.0;0;0;0;0;0;0;0;0;0;1
2019-02-14T22:00:00.0/2019-02-14T23:00:00.0;0;0;0;0;0;0;0;0;0;1
2019-02-14T23:00:00.0/2019-02-15T00:00:00.0;0;0;0;0;0;0;0;0;0;1
2019-02-15T00:00:00.0/2019-02-15T01:00:00.0;0;0;0;0;0;0;0;0;0;1
2019-02-15T01:00:00.0/2019-02-15T02:00:00.0;0;0;0;0;0;0;0;0;0;1
2019-02-15T02:00:00.0/2019-02-15T03:00:00.0;0;0;0;0;0;0;0;0;0;1
2019-02-15T03:00:00.0/2019-02-15T04:00:00.0;0;0;0;0;0;0;0;0;0;1
2019-02-15T04:00:00.0/2019-02-15T05:00:00.0;0;0;0;0;0;0;0;0;0;1
2019-02-15T05:00:00.0/2019-02-15T06:00:00.0;0;0;0;0;0;0;0;0;0;1
2019-02-15T06:00:00.0/2019-02-15T07:00:00.0;19.1013;6.277;1.4324;4.8446;30.6776;3.445;0;3.445;0;1
2019-02-15T07:00:00.0/2019-02-15T08:00:00.0;176.5752;91.6778;49.4215;42.2562;362.6184;51.885;0;51.885;0;1
2019-02-15T08:00:00.0/2019-02-15T09:00:00.0;336.4886;215.3598;147.551;67.8088;606.3377;129.9964;7.5805;122.4159;28.7361;1
2019-02-15T09:00:00.0/2019-02-15T10:00:00.0;456.4958;317.5385;237.3875;80.1509;724.6806;207.3216;36.0405;171.2811;107.7413;1
2019-02-15T10:00:00.0/2019-02-15T11:00:00.0;528.4315;380.1899;294.367;85.8228;777.5072;295.8943;140.4363;155.4581;369.2227;1
2019-02-15T11:00:00.0/2019-02-15T12:00:00.0;547.4066;396.9155;310.7877;86.1278;792.6476;331.3279;198.3395;132.9883;505.9598;1
2019-02-15T12:00:00.0/2019-02-15T13:00:00.0;512.1421;365.3696;281.4178;83.9518;766.6223;309.1797;190.2565;118.9231;517.8297;1
2019-02-15T13:00:00.0/2019-02-15T14:00:00.0;425.057;288.8639;210.9232;77.9406;690.5239;254.5175;174.0903;80.4272;573.6719;1
2019-02-15T14:00:00.0/2019-02-15T15:00:00.0;292.1029;177.9347;115.7436;62.1911;544.4347;148.7717;86.5035;62.2682;403.1799;1
2019-02-15T15:00:00.0/2019-02-15T16:00:00.0;122.3589;57.2068;27.243;29.9639;261.9015;47.9062;18.6246;29.2815;159.2959;1
2019-02-15T16:00:00.0/2019-02-15T17:00:00.0;1.9859;0.5165;0.0417;0.4748;0;0.1413;0;0.1413;0;1
2019-02-15T17:00:00.0/2019-02-15T18:00:00.0;0;0;0;0;0;0;0;0;0;1
2019-02-15T18:00:00.0/2019-02-15T19:00:00.0;0;0;0;0;0;0;0;0;0;1
2019-02-15T19:00:00.0/2019-02-15T20:00:00.0;0;0;0;0;0;0;0;0;0;1
2019-02-15T20:00:00.0/2019-02-15T21:00:00.0;0;0;0;0;0;0;0;0;0;1
2019-02-15T21:00:00.0/2019-02-15T22:00:00.0;0;0;0;0;0;0;0;0;0;1
2019-02-15T22:00:00.0/2019-02-15T23:00:00.0;0;0;0;0;0;0;0;0;0;1
2019-02-15T23:00:00.0/2019-02-16T00:00:00.0;0;0;0;0;0;0;0;0;0;1
2019-02-16T00:00:00.0/2019-02-16T01:00:00.0;0;0;0;0;0;0;0;0;0;1
2019-02-16T01:00:00.0/2019-02-16T02:00:00.0;0;0;0;0;0;0;0;0;0;1
2019-02-16T02:00:00.0/2019-02-16T03:00:00.0;0;0;0;0;0;0;0;0;0;1
2019-02-16T03:00:00.0/2019-02-16T04:00:00.0;0;0;0;0;0;0;0;0;0;1
2019-02-16T04:00:00.0/2019-02-16T05:00:00.0;0;0;0;0;0;0;0;0;0;1
2019-02-16T05:00:00.0/2019-02-16T06:00:00.0;0;0;0;0;0;0;0;0;0;1
2019-02-16T06:00:00.0/2019-02-16T07:00:00.0;22.3915;8.5886;3.3719;5.2167;68.7673;6.3063;0.9313;5.3751;15.8203;1
2019-02-16T07:00:00.0/2019-02-16T08:00:00.0;183.8647;104.9538;68.9735;35.9803;497.774;93.5483;62.5975;30.9508;442.1485;1
2019-02-16T08:00:00.0/2019-02-16T09:00:00.0;343.904;231.6492;176.6301;55.0191;712.1461;210.7213;165.7791;44.9422;670.1979;1
2019-02-16T09:00:00.0/2019-02-16T10:00:00.0;463.9895;333.8404;268.2293;65.6111;805.7756;310.669;258.2158;52.4532;774.4756;1
2019-02-16T10:00:00.0/2019-02-16T11:00:00.0;535.9505;396.4621;324.5604;71.9018;845.0037;375.2825;319.3441;55.9383;831.4163;1
2019-02-16T11:00:00.0/2019-02-16T12:00:00.0;554.8967;413.0089;338.7601;74.2488;851.9932;391.488;333.4538;58.0342;838.6453;1
2019-02-16T12:00:00.0/2019-02-16T13:00:00.0;519.5512;380.1048;305.227;74.8778;819.2803;359.0727;300.6138;58.4589;806.916;1
2019-02-16T13:00:00.0/2019-02-16T14:00:00.0;432.339;301.0551;228.9329;72.1222;736.6146;271.683;206.3632;65.3199;660.4799;1
2019-02-16T14:00:00.0/2019-02-16T15:00:00.0;299.2207;187.2413;127.296;59.9454;585.0888;161.4268;101.3325;60.0944;462.2005;1
2019-02-16T15:00:00.0/2019-02-16T16:00:00.0;129.287;62.316;31.4986;30.8173;291.3671;52.4881;21.9536;30.5346;183.797;1
2019-02-16T16:00:00.0/2019-02-16T17:00:00.0;3.0679;0.8258;0.0854;0.7404;1.9337;0.2801;0;0.2801;0;1
2019-02-16T17:00:00.0/2019-02-16T18:00:00.0;0;0;0;0;0;0;0;0;0;1
2019-02-16T18:00:00.0/2019-02-16T19:00:00.0;0;0;0;0;0;0;0;0;0;1
2019-02-16T19:00:00.0/2019-02-16T20:00:00.0;0;0;0;0;0;0;0;0;0;1
2019-02-16T20:00:00.0/2019-02-16T21:00:00.0;0;0;0;0;0;0;0;0;0;1
2019-02-16T21:00:00.0/2019-02-16T22:00:00.0;0;0;0;0;0;0;0;0;0;1
2019-02-16T22:00:00.0/2019-02-16T23:00:00.0;0;0;0;0;0;0;0;0;0;1
2019-02-16T23:00:00.0/2019-02-17T00:00:00.0;0;0;0;0;0;0;0;0;0;1
2019-02-17T00:00:00.0/2019-02-17T01:00:00.0;0;0;0;0;0;0;0;0;0;1
2019-02-17T01:00:00.0/2019-02-17T02:00:00.0;0;0;0;0;0;0;0;0;0;1
2019-02-17T02:00:00.0/2019-02-17T03:00:00.0;0;0;0;0;0;0;0;0;0;1
2019-02-17T03:00:00.0/2019-02-17T04:00:00.0;0;0;0;0;0;0;0;0;0;1
2019-02-17T04:00:00.0/2019-02-17T05:00:00.0;0;0;0;0;0;0;0;0;0;1
2019-02-17T05:00:00.0/2019-02-17T06:00:00.0;0;0;0;0;0;0;0;0;0;1
2019-02-17T06:00:00.0/2019-02-17T07:00:00.0;25.9852;7.3689;0.7139;6.655;13.1283;4.9518;0;4.9518;0;1
2019-02-17T07:00:00.0/2019-02-17T08:00:00.0;191.2451;82.0856;25.3982;56.6874;169.9454;52.5169;0;52.5169;0;1
2019-02-17T08:00:00.0/2019-02-17T09:00:00.0;351.398;189.1007;84.2335;104.8671;330.3843;67.397;0;67.397;0;1
2019-02-17T09:00:00.0/2019-02-17T10:00:00.0;471.5487;282.0214;145.3841;136.6373;428.7457;80.5113;0;80.5113;0;1
2019-02-17T10:00:00.0/2019-02-17T11:00:00.0;543.5223;341.4779;188.8313;152.6466;484.4414;88.4605;0;88.4605;0;1
2019-02-17T11:00:00.0/2019-02-17T12:00:00.0;562.4277;357.1109;200.6305;156.4804;497.6353;101.2436;0;101.2436;0;1
2019-02-17T12:00:00.0/2019-02-17T13:00:00.0;526.9915;327.0324;177.8413;149.1911;470.2871;122.806;0;122.806;0;1
2019-02-17T13:00:00.0/2019-02-17T14:00:00.0;439.6447;255.222;125.7833;129.4386;397.0029;73.3506;0;73.3506;0;1
2019-02-17T14:00:00.0/2019-02-17T15:00:00.0;306.3581;153.6072;59.963;93.6442;266.1992;30.1813;0;30.1813;0;1
2019-02-17T15:00:00.0/2019-02-17T16:00:00.0;136.2339;50.3795;10.6607;39.7188;89.8858;19.6882;0;19.6882;0;1
2019-02-17T16:00:00.0/2019-02-17T17:00:00.0;4.3855;0.997;0.0357;0.9613;0.9046;0.3074;0;0.3074;0;1
2019-02-17T17:00:00.0/2019-02-17T18:00:00.0;0;0;0;0;0;0;0;0;0;1
2019-02-17T18:00:00.0/2019-02-17T19:00:00.0;0;0;0;0;0;0;0;0;0;1
2019-02-17T19:00:00.0/2019-02-17T20:00:00.0;0;0;0;0;0;0;0;0;0;1
2019-02-17T20:00:00.0/2019-02-17T21:00:00.0;0;0;0;0;0;0;0;0;0;1
2019-02-17T21:00:00.0/2019-02-17T22:00:00.0;0;0;0;0;0;0;0;0;0;1
2019-02-17T22:00:00.0/2019-02-17T23:00:00.0;0;0;0;0;0;0;0;0;0;1
2019-02-17T23:00:00.0/2019-02-18T00:00:00.0;0;0;0;0;0;0;0;0;0;1
2019-02-18T00:00:00.0/2019-02-18T01:00:00.0;0;0;0;0;0;0;0;0;0;1
2019-02-18T01:00:00.0/2019-02-18T02:00:00.0;0;0;0;0;0;0;0;0;0;1
2019-02-18T02:00:00.0/2019-02-18T03:00:00.0;0;0;0;0;0;0;0;0;0;1
2019-02-18T03:00:00.0/2019-02-18T04:00:00.0;0;0;0;0;0;0;0;0;0;1
2019-02-18T04:00:00.0/2019-02-18T05:00:00.0;0;0;0;0;0;0;0;0;0;1
2019-02-18T05:00:00.0/2019-02-18T06:00:00.0;0;0;0;0;0;0;0;0;0;1
2019-02-18T06:00:00.0/2019-02-18T07:00:00.0;29.8895;10.8556;3.7383;7.1173;67.1987;8.3797;1.0548;7.3249;15.3792;1
2019-02-18T07:00:00.0/2019-02-18T08:00:00.0;198.7129;109.0452;66.9798;42.0654;446.7744;97.6299;60.5291;37.1007;395.7667;1
2019-02-18T08:00:00.0/2019-02-18T09:00:00.0;358.9669;235.7935;173.1194;62.6742;667.6584;218.4808;168.7043;49.7765;650.2026;1
2019-02-18T09:00:00.0/2019-02-18T10:00:00.0;479.1696;338.381;265.3638;73.0173;771.1746;318.7456;260.9642;57.7814;758.3345;1
2019-02-18T10:00:00.0/2019-02-18T11:00:00.0;551.1431;400.9588;322.7613;78.1975;816.472;380.4615;317.8928;62.5687;804.1556;1
2019-02-18T11:00:00.0/2019-02-18T12:00:00.0;569.9962;417.4971;338.603;78.8941;828.3884;396.6933;333.2012;63.4921;815.1691;1
2019-02-18T12:00:00.0/2019-02-18T13:00:00.0;534.4595;385.0256;306.4451;78.5805;798.9923;364.6025;301.435;63.1675;785.9453;1
2019-02-18T13:00:00.0/2019-02-18T14:00:00.0;446.9715;306.8234;231.0272;75.7962;718.5115;287.5968;226.8445;60.7523;705.3971;1
2019-02-18T14:00:00.0/2019-02-18T15:00:00.0;313.5125;193.7684;130.0787;63.6897;570.5176;177.6418;124.9802;52.6616;546.9302;1
2019-02-18T15:00:00.0/2019-02-18T16:00:00.0;143.1974;69.2938;35.093;34.2008;302.3071;58.6993;24.17;34.5293;185.4615;1
2019-02-18T16:00:00.0/2019-02-18T17:00:00.0;5.9389;1.6922;0.2404;1.4518;6.9397;0.6911;0;0.6911;0;1
2019-02-18T17:00:00.0/2019-02-18T18:00:00.0;0;0;0;0;0;0;0;0;0;1
2019-02-18T18:00:00.0/2019-02-18T19:00:00.0;0;0;0;0;0;0;0;0;0;1
2019-02-18T19:00:00.0/2019-02-18T20:00:00.0;0;0;0;0;0;0;0;0;0;1
2019-02-18T20:00:00.0/2019-02-18T21:00:00.0;0;0;0;0;0;0;0;0;0;1
2019-02-18T21:00:00.0/2019-02-18T22:00:00.0;0;0;0;0;0;0;0;0;0;1
2019-02-18T22:00:00.0/2019-02-18T23:00:00.0;0;0;0;0;0;0;0;0;0;1
2019-02-18T23:00:00.0/2019-02-19T00:00:00.0;0;0;0;0;0;0;0;0;0;1
2019-02-19T00:00:00.0/2019-02-19T01:00:00.0;0;0;0;0;0;0;0;0;0;1
2019-02-19T01:00:00.0/2019-02-19T02:00:00.0;0;0;0;0;0;0;0;0;0;1
2019-02-19T02:00:00.0/2019-02-19T03:00:00.0;0;0;0;0;0;0;0;0;0;1
2019-02-19T03:00:00.0/2019-02-19T04:00:00.0;0;0;0;0;0;0;0;0;0;1
2019-02-19T04:00:00.0/2019-02-19T05:00:00.0;0;0;0;0;0;0;0;0;0;1
2019-02-19T05:00:00.0/2019-02-19T06:00:00.0;0;0;0;0;0;0;0;0;0;1
2019-02-19T06:00:00.0/2019-02-19T07:00:00.0;34.1499;10.1214;1.4127;8.7087;22.9866;7.3609;0;7.3609;0;1
2019-02-19T07:00:00.0/2019-02-19T08:00:00.0;206.2643;96.2274;39.6655;56.562;247.3236;26.7502;0;26.7502;0;1
2019-02-19T08:00:00.0/2019-02-19T09:00:00.0;366.6068;221.7685;138.4648;83.3037;518.8817;55.0893;0;55.0893;0;1
2019-02-19T09:00:00.0/2019-02-19T10:00:00.0;486.8486;328.1782;237.4178;90.7604;678.2785;159.2611;0.1845;159.0766;0.4859;1
2019-02-19T10:00:00.0/2019-02-19T11:00:00.0;558.8092;394.0968;299.5082;94.5886;746.7816;227.6927;20.4003;207.2924;50.7351;1
2019-02-19T11:00:00.0/2019-02-19T12:00:00.0;577.5988;415.3407;323.4798;91.8608;780.6811;257.3787;59.4396;197.9391;144.0816;1
2019-02-19T12:00:00.0/2019-02-19T13:00:00.0;541.9523;385.4171;295.635;89.7821;759.7824;298.4008;182.4002;116.0006;469.3152;1
2019-02-19T13:00:00.0/2019-02-19T14:00:00.0;454.3163;307.3951;220.6177;86.7774;674.5627;135.2641;28.4252;106.8389;80.2507;1
2019-02-19T14:00:00.0/2019-02-19T15:00:00.0;320.6815;194.7786;122.0667;72.7118;522.4924;35.4733;0;35.4733;0;1
2019-02-19T15:00:00.0/2019-02-19T16:00:00.0;150.1753;70.5868;31.5661;39.0207;257.7465;32.0698;0.5425;31.5274;4.7498;1
2019-02-19T16:00:00.0/2019-02-19T17:00:00.0;7.7281;2.0963;0.2083;1.888;5.8344;0.9735;0;0.9735;0;1
2019-02-19T17:00:00.0/2019-02-19T18:00:00.0;0;0;0;0;0;0;0;0;0;1
2019-02-19T18:00:00.0/2019-02-19T19:00:00.0;0;0;0;0;0;0;0;0;0;1
2019-02-19T19:00:00.0/2019-02-19T20:00:00.0;0;0;0;0;0;0;0;0;0;1
2019-02-19T20:00:00.0/2019-02-19T21:00:00.0;0;0;0;0;0;0;0;0;0;1
2019-02-19T21:00:00.0/2019-02-19T22:00:00.0;0;0;0;0;0;0;0;0;0;1
2019-02-19T22:00:00.0/2019-02-19T23:00:00.0;0;0;0;0;0;0;0;0;0;1
2019-02-19T23:00:00.0/2019-02-20T00:00:00.0;0;0;0;0;0;0;0;0;0;1
2019-02-20T00:00:00.0/2019-02-20T01:00:00.0;0;0;0;0;0;0;0;0;0;1
2019-02-20T01:00:00.0/2019-02-20T02:00:00.0;0;0;0;0;0;0;0;0;0;1
2019-02-20T02:00:00.0/2019-02-20T03:00:00.0;0;0;0;0;0;0;0;0;0;1
2019-02-20T03:00:00.0/2019-02-20T04:00:00.0;0;0;0;0;0;0;0;0;0;1
2019-02-20T04:00:00.0/2019-02-20T05:00:00.0;0;0;0;0;0;0;0;0;0;1
2019-02-20T05:00:00.0/2019-02-20T06:00:00.0;0;0;0;0;0;0;0;0;0;1
2019-02-20T06:00:00.0/2019-02-20T07:00:00.0;38.7071;14.638;4.6164;10.0215;71.8254;10.9561;0.4521;10.504;5.6652;1
2019-02-20T07:00:00.0/2019-02-20T08:00:00.0;213.8944;119.3925;69.5828;49.8096;433.0826;60.7004;5.2447;55.4558;45.5584;1
2019-02-20T08:00:00.0/2019-02-20T09:00:00.0;374.3128;246.0325;172.4706;73.5619;637.751;103.0676;0;103.0676;0;1
2019-02-20T09:00:00.0/2019-02-20T10:00:00.0;494.5807;347.2453;260.7226;86.5227;733.5075;122.7094;0;122.7094;0;1
2019-02-20T10:00:00.0/2019-02-20T11:00:00.0;566.5161;408.5616;315.3238;93.2379;775.3983;207.632;12.1808;195.4512;29.349;1
2019-02-20T11:00:00.0/2019-02-20T12:00:00.0;585.231;423.7654;328.8263;94.9391;782.8791;248.3972;31.9588;216.4383;75.9983;1
2019-02-20T12:00:00.0/2019-02-20T13:00:00.0;549.4658;386.2593;285.9366;100.3228;724.0396;230.0295;32.5416;197.4879;83.7478;1
2019-02-20T13:00:00.0/2019-02-20T14:00:00.0;461.6755;300.5135;196.6024;103.911;590.0113;211.0358;49.0708;161.965;146.9246;1
2019-02-20T14:00:00.0/2019-02-20T15:00:00.0;327.8619;183.4332;94.4305;89.0027;392.3382;116.9405;4.7542;112.1863;17.2912;1
2019-02-20T15:00:00.0/2019-02-20T16:00:00.0;157.1649;65.0275;20.0904;44.9371;154.3543;45.1926;0;45.1926;0;1
2019-02-20T16:00:00.0/2019-02-20T17:00:00.0;9.7529;2.448;0.1452;2.3028;3.8264;1.2411;0;1.2411;0;1
2019-02-20T17:00:00.0/2019-02-20T18:00:00.0;0;0;0;0;0;0;0;0;0;1
2019-02-20T18:00:00.0/2019-02-20T19:00:00.0;0;0;0;0;0;0;0;0;0;1
2019-02-20T19:00:00.0/2019-02-20T20:00:00.0;0;0;0;0;0;0;0;0;0;1
2019-02-20T20:00:00.0/2019-02-20T21:00:00.0;0;0;0;0;0;0;0;0;0;1
2019-02-20T21:00:00.0/2019-02-20T22:00:00.0;0;0;0;0;0;0;0;0;0;1
2019-02-20T22:00:00.0/2019-02-20T23:00:00.0;0;0;0;0;0;0;0;0;0;1
2019-02-20T23:00:00.0/2019-02-21T00:00:00.0;0;0;0;0;0;0;0;0;0;1
2019-02-21T00:00:00.0/2019-02-21T01:00:00.0;0;0;0;0;0;0;0;0;0;1
2019-02-21T01:00:00.0/2019-02-21T02:00:00.0;0;0;0;0;0;0;0;0;0;1
2019-02-21T02:00:00.0/2019-02-21T03:00:00.0;0;0;0;0;0;0;0;0;0;1
2019-02-21T03:00:00.0/2019-02-21T04:00:00.0;0;0;0;0;0;0;0;0;0;1
2019-02-21T04:00:00.0/2019-02-21T05:00:00.0;0;0;0;0;0;0;0;0;0;1
2019-02-21T05:00:00.0/2019-02-21T06:00:00.0;0;0;0;0;0;0;0;0;0;1
2019-02-21T06:00:00.0/2019-02-21T07:00:00.0;43.5953;15.1611;4.5374;10.6237;66.4321;9.7911;0;9.7911;0;1
2019-02-21T07:00:00.0/2019-02-21T08:00:00.0;221.6015;114.6894;64.4199;50.2694;386.9844;43.4129;0;43.4129;0;1
2019-02-21T08:00:00.0/2019-02-21T09:00:00.0;382.0832;235.5627;160.0472;75.5154;579.3757;111.9236;2.4529;109.4706;8.125;1
2019-02-21T09:00:00.0/2019-02-21T10:00:00.0;502.3643;334.562;244.8101;89.7519;677.5812;202.6144;46.9763;155.6381;127.4629;1
2019-02-21T10:00:00.0/2019-02-21T11:00:00.0;574.262;396.8004;300.2825;96.5179;728.0813;160.6539;12.2757;148.3782;30.7999;1
2019-02-21T11:00:00.0/2019-02-21T12:00:00.0;592.8913;414.493;316.6487;97.8443;743.8423;100.6435;0;100.6435;0;1
2019-02-21T12:00:00.0/2019-02-21T13:00:00.0;556.9988;383.71;286.3363;97.3737;715.4158;73.9776;0;73.9776;0;1
2019-02-21T13:00:00.0/2019-02-21T14:00:00.0;469.0483;307.5017;214.3564;93.1453;634.337;69.3143;0;69.3143;0;1
2019-02-21T14:00:00.0/2019-02-21T15:00:00.0;335.0531;197.0389;119.3838;77.6551;488.8904;65.5764;0;65.5764;0;1
2019-02-21T15:00:00.0/2019-02-21T16:00:00.0;164.1658;75.2034;32.8115;42.3919;250.5209;46.643;0;46.643;0;1
2019-02-21T16:00:00.0/2019-02-21T17:00:00.0;12.0134;3.3083;0.4249;2.8834;10.6187;1.8287;0;1.8287;0;1
2019-02-21T17:00:00.0/2019-02-21T18:00:00.0;0;0;0;0;0;0;0;0;0;1
2019-02-21T18:00:00.0/2019-02-21T19:00:00.0;0;0;0;0;0;0;0;0;0;1
2019-02-21T19:00:00.0/2019-02-21T20:00:00.0;0;0;0;0;0;0;0;0;0;1
2019-02-21T20:00:00.0/2019-02-21T21:00:00.0;0;0;0;0;0;0;0;0;0;1
2019-02-21T21:00:00.0/2019-02-21T22:00:00.0;0;0;0;0;0;0;0;0;0;1
2019-02-21T22:00:00.0/2019-02-21T23:00:00.0;0;0;0;0;0;0;0;0;0;1
2019-02-21T23:00:00.0/2019-02-22T00:00:00.0;0;0;0;0;0;0;0;0;0;1
2019-02-22T00:00:00.0/2019-02-22T01:00:00.0;0;0;0;0;0;0;0;0;0;1
2019-02-22T01:00:00.0/2019-02-22T02:00:00.0;0;0;0;0;0;0;0;0;0;1
2019-02-22T02:00:00.0/2019-02-22T03:00:00.0;0;0;0;0;0;0;0;0;0;1
2019-02-22T03:00:00.0/2019-02-22T04:00:00.0;0;0;0;0;0;0;0;0;0;1
2019-02-22T04:00:00.0/2019-02-22T05:00:00.0;0;0;0;0;0;0;0;0;0;1
2019-02-22T05:00:00.0/2019-02-22T06:00:00.0;0;0;0;0;0;0;0;0;0;1
2019-02-22T06:00:00.0/2019-02-22T07:00:00.0;48.8192;18.8779;6.3273;12.5506;88.361;12.4312;0;12.4312;0;1
2019-02-22T07:00:00.0/2019-02-22T08:00:00.0;229.3809;130.4318;78.2487;52.1831;455.8268;64.7212;0;64.7212;0;1
2019-02-22T08:00:00.0/2019-02-22T09:00:00.0;389.9131;262.4372;188.5086;73.9286;668.6533;116.3002;0;116.3002;0;1
2019-02-22T09:00:00.0/2019-02-22T10:00:00.0;510.1945;369.4722;286.1934;83.2787;779.6557;171.8934;0;171.8934;0;1
2019-02-22T10:00:00.0/2019-02-22T11:00:00.0;582.0425;436.097;351.6342;84.4627;840.7994;275.174;97.9004;177.2736;229.6885;1
2019-02-22T11:00:00.0/2019-02-22T12:00:00.0;600.5755;455.834;374.9476;80.8864;869.171;425.0277;355.4465;69.5812;824.0519;1
2019-02-22T12:00:00.0/2019-02-22T13:00:00.0;564.5472;426.4169;351.7939;74.623;867.3278;403.1305;344.8963;58.2341;850.0582;1
2019-02-22T13:00:00.0/2019-02-22T14:00:00.0;476.431;350.6334;284.9164;65.717;831.4407;325.5432;272.9712;52.5719;796.2416;1
2019-02-22T14:00:00.0/2019-02-22T15:00:00.0;342.2518;237.0021;184.5559;52.4462;745.9952;204.667;152.8089;51.8582;620.4989;1
2019-02-22T15:00:00.0/2019-02-22T16:00:00.0;171.1753;100.1351;67.6965;32.4386;516.4885;88.1991;60.1408;28.0583;443.4005;1
2019-02-22T16:00:00.0/2019-02-22T17:00:00.0;14.509;5.4531;2.0417;3.4114;49.4969;3.4916;0.2227;3.2689;4.3836;1
2019-02-22T17:00:00.0/2019-02-22T18:00:00.0;0;0;0;0;0;0;0;0;0;1
2019-02-22T18:00:00.0/2019-02-22T19:00:00.0;0;0;0;0;0;0;0;0;0;1
2019-02-22T19:00:00.0/2019-02-22T20:00:00.0;0;0;0;0;0;0;0;0;0;1
2019-02-22T20:00:00.0/2019-02-22T21:00:00.0;0;0;0;0;0;0;0;0;0;1
2019-02-22T21:00:00.0/2019-02-22T22:00:00.0;0;0;0;0;0;0;0;0;0;1
2019-02-22T22:00:00.0/2019-02-22T23:00:00.0;0;0;0;0;0;0;0;0;0;1
2019-02-22T23:00:00.0/2019-02-23T00:00:00.0;0;0;0;0;0;0;0;0;0;1
2019-02-23T00:00:00.0/2019-02-23T01:00:00.0;0;0;0;0;0;0;0;0;0;1
2019-02-23T01:00:00.0/2019-02-23T02:00:00.0;0;0;0;0;0;0;0;0;0;1
2019-02-23T02:00:00.0/2019-02-23T03:00:00.0;0;0;0;0;0;0;0;0;0;1
2019-02-23T03:00:00.0/2019-02-23T04:00:00.0;0;0;0;0;0;0;0;0;0;1
2019-02-23T04:00:00.0/2019-02-23T05:00:00.0;0;0;0;0;0;0;0;0;0;1
2019-02-23T05:00:00.0/2019-02-23T06:00:00.0;0;0;0;0;0;0;0;0;0;1
2019-02-23T06:00:00.0/2019-02-23T07:00:00.0;54.423;22.5871;10.034;12.5532;136.6246;18.4347;5.6618;12.7729;66.0123;1
2019-02-23T07:00:00.0/2019-02-23T08:00:00.0;237.2285;138.1931;92.9744;45.2187;529.0386;121.2076;78.9761;42.2315;449.5377;1
2019-02-23T08:00:00.0/2019-02-23T09:00:00.0;397.7986;266.284;204.2378;62.0461;710.9061;232.6428;160.0855;72.5574;551.5974;1
2019-02-23T09:00:00.0/2019-02-23T10:00:00.0;518.0676;367.0356;294.4536;72.582;790.2519;335.6906;266.3067;69.3839;713.6217;1
2019-02-23T10:00:00.0/2019-02-23T11:00:00.0;589.8538;427.2917;346.5819;80.7098;817.586;401.8792;328.4307;73.4485;775.4971;1
2019-02-23T11:00:00.0/2019-02-23T12:00:00.0;608.2803;441.7951;356.5957;85.1994;815.7683;384.3904;257.1195;127.2709;587.9673;1
2019-02-23T12:00:00.0/2019-02-23T13:00:00.0;572.1081;409.8423;325.2631;84.5792;790.8114;341.1018;200.9227;140.1791;488.9015;1
2019-02-23T13:00:00.0/2019-02-23T14:00:00.0;483.8209;334.364;256.345;78.019;735.7685;296.9232;208.9548;87.9684;603.8119;1
2019-02-23T14:00:00.0/2019-02-23T15:00:00.0;349.4557;222.7969;158.0038;64.7931;623.4046;191.8108;126.9588;64.8519;503.1281;1
2019-02-23T15:00:00.0/2019-02-23T16:00:00.0;178.1913;93.1392;53.5902;39.549;389.1447;82.2079;45.4841;36.7238;315.6952;1
2019-02-23T16:00:00.0/2019-02-23T17:00:00.0;17.239;5.7183;1.4939;4.2245;33.3231;3.8051;0.0278;3.7773;0.4799;1
2019-02-23T17:00:00.0/2019-02-23T18:00:00.0;0;0;0;0;0;0;0;0;0;1
2019-02-23T18:00:00.0/2019-02-23T19:00:00.0;0;0;0;0;0;0;0;0;0;1
2019-02-23T19:00:00.0/2019-02-23T20:00:00.0;0;0;0;0;0;0;0;0;0;1
2019-02-23T20:00:00.0/2019-02-23T21:00:00.0;0;0;0;0;0;0;0;0;0;1
2019-02-23T21:00:00.0/2019-02-23T22:00:00.0;0;0;0;0;0;0;0;0;0;1
2019-02-23T22:00:00.0/2019-02-23T23:00:00.0;0;0;0;0;0;0;0;0;0;1
2019-02-23T23:00:00.0/2019-02-24T00:00:00.0;0;0;0;0;0;0;0;0;0;1
2019-02-24T00:00:00.0/2019-02-24T01:00:00.0;0;0;0;0;0;0;0;0;0;1
2019-02-24T01:00:00.0/2019-02-24T02:00:00.0;0;0;0;0;0;0;0;0;0;1
2019-02-24T02:00:00.0/2019-02-24T03:00:00.0;0;0;0;0;0;0;0;0;0;1
2019-02-24T03:00:00.0/2019-02-24T04:00:00.0;0;0;0;0;0;0;0;0;0;1
2019-02-24T04:00:00.0/2019-02-24T05:00:00.0;0;0;0;0;0;0;0;0;0;1
2019-02-24T05:00:00.0/2019-02-24T06:00:00.0;0;0;0;0;0;0;0;0;0;1
2019-02-24T06:00:00.0/2019-02-24T07:00:00.0;60.3493;22.9147;7.8451;15.0696;99.7487;18.8132;3.7021;15.111;39.4282;1
2019-02-24T07:00:00.0/2019-02-24T08:00:00.0;245.1406;132.3953;75.5045;56.8908;414.0244;120.077;69.5167;50.5603;377.0401;1
2019-02-24T08:00:00.0/2019-02-24T09:00:00.0;405.7359;255.9793;171.8254;84.1539;585.6681;237.356;164.7841;72.5719;562.8543;1
2019-02-24T09:00:00.0/2019-02-24T10:00:00.0;525.9798;355.7209;255.1083;100.6126;673.67;326.0948;226.9198;99.175;597.4849;1
2019-02-24T10:00:00.0/2019-02-24T11:00:00.0;597.6924;417.2035;308.3648;108.8387;717.479;396.5207;304.532;91.9887;708.5159;1
2019-02-24T11:00:00.0/2019-02-24T12:00:00.0;616.0022;433.05;322.1113;110.9387;727.3314;414.5241;322.5427;91.9814;728.3082;1
2019-02-24T12:00:00.0/2019-02-24T13:00:00.0;579.6784;404.2291;301.2889;102.9401;722.9023;385.5973;300.3517;85.2456;720.5793;1
2019-02-24T13:00:00.0/2019-02-24T14:00:00.0;491.2155;333.7345;247.7442;85.9904;700.6757;315.1089;244.1723;70.9367;690.399;1
2019-02-24T14:00:00.0/2019-02-24T15:00:00.0;356.6627;227.2408;162.9561;64.2847;631.7865;210.1685;156.9943;53.1742;607.727;1
2019-02-24T15:00:00.0/2019-02-24T16:00:00.0;185.2121;99.1851;61.2618;37.9233;432.8266;87.7314;52.6619;35.0695;359.502;1
2019-02-24T16:00:00.0/2019-02-24T17:00:00.0;20.2027;7.0042;2.2921;4.7121;48.1158;4.8355;0.2313;4.6041;3.8285;1
2019-02-24T17:00:00.0/2019-02-24T18:00:00.0;0;0;0;0;0;0;0;0;0;1
2019-02-24T18:00:00.0/2019-02-24T19:00:00.0;0;0;0;0;0;0;0;0;0;1
2019-02-24T19:00:00.0/2019-02-24T20:00:00.0;0;0;0;0;0;0;0;0;0;1
2019-02-24T20:00:00.0/2019-02-24T21:00:00.0;0;0;0;0;0;0;0;0;0;1
2019-02-24T21:00:00.0/2019-02-24T22:00:00.0;0;0;0;0;0;0;0;0;0;1
2019-02-24T22:00:00.0/2019-02-24T23:00:00.0;0;0;0;0;0;0;0;0;0;1
2019-02-24T23:00:00.0/2019-02-25T00:00:00.0;0;0;0;0;0;0;0;0;0;1
2019-02-25T00:00:00.0/2019-02-25T01:00:00.0;0;0;0;0;0;0;0;0;0;1
2019-02-25T01:00:00.0/2019-02-25T02:00:00.0;0;0;0;0;0;0;0;0;0;1
2019-02-25T02:00:00.0/2019-02-25T03:00:00.0;0;0;0;0;0;0;0;0;0;1
2019-02-25T03:00:00.0/2019-02-25T04:00:00.0;0;0;0;0;0;0;0;0;0;1
2019-02-25T04:00:00.0/2019-02-25T05:00:00.0;0;0;0;0;0;0;0;0;0;1
2019-02-25T05:00:00.0/2019-02-25T06:00:00.0;0;0;0;0;0;0;0;0;0;1
2019-02-25T06:00:00.0/2019-02-25T07:00:00.0;66.6257;27.0832;10.3787;16.7045;127.2295;12.3808;0;12.3808;0;1
2019-02-25T07:00:00.0/2019-02-25T08:00:00.0;253.1134;145.5385;88.9411;56.5974;473.4108;66.2886;0;66.2886;0;1
2019-02-25T08:00:00.0/2019-02-25T09:00:00.0;413.7212;276.5657;198.3854;78.1803;662.9109;161.5112;15.5969;145.9143;48.5885;1
2019-02-25T09:00:00.0/2019-02-25T10:00:00.0;533.9274;380.5877;291.3966;89.191;757.8651;316.6259;207.2999;109.3259;531.4911;1
2019-02-25T10:00:00.0/2019-02-25T11:00:00.0;605.5548;443.1301;349.1961;93.934;801.5883;421.1737;344.5743;76.5994;790.7623;1
2019-02-25T11:00:00.0/2019-02-25T12:00:00.0;623.738;458.8769;365.5481;93.3288;814.819;438.1537;362.5138;75.6399;808.0505;1
2019-02-25T12:00:00.0/2019-02-25T13:00:00.0;587.2552;425.2115;333.6121;91.5994;789.3502;404.8151;330.2802;74.535;781.4546;1
2019-02-25T13:00:00.0/2019-02-25T14:00:00.0;498.6119;345.6003;258.3611;87.2392;718.6257;297.2593;203.8711;93.3883;562.4539;1
2019-02-25T14:00:00.0/2019-02-25T15:00:00.0;363.8703;230.2908;156.0369;74.2539;590.0797;147.4442;53.6753;93.769;185.4774;1
2019-02-25T15:00:00.0/2019-02-25T16:00:00.0;192.2355;98.0163;51.1574;46.8589;342.9647;37.7747;0;37.7747;0;1
2019-02-25T16:00:00.0/2019-02-25T17:00:00.0;23.3992;7.5432;1.6112;5.932;31.1342;4.9614;0;4.9614;0;1
2019-02-25T17:00:00.0/2019-02-25T18:00:00.0;0;0;0;0;0;0;0;0;0;1
2019-02-25T18:00:00.0/2019-02-25T19:00:00.0;0;0;0;0;0;0;0;0;0;1
2019-02-25T19:00:00.0/2019-02-25T20:00:00.0;0;0;0;0;0;0;0;0;0;1
2019-02-25T20:00:00.0/2019-02-25T21:00:00.0;0;0;0;0;0;0;0;0;0;1
2019-02-25T21:00:00.0/2019-02-25T22:00:00.0;0;0;0;0;0;0;0;0;0;1
2019-02-25T22:00:00.0/2019-02-25T23:00:00.0;0;0;0;0;0;0;0;0;0;1
2019-02-25T23:00:00.0/2019-02-26T00:00:00.0;0;0;0;0;0;0;0;0;0;1
2019-02-26T00:00:00.0/2019-02-26T01:00:00.0;0;0;0;0;0;0;0;0;0;1
2019-02-26T01:00:00.0/2019-02-26T02:00:00.0;0;0;0;0;0;0;0;0;0;1
2019-02-26T02:00:00.0/2019-02-26T03:00:00.0;0;0;0;0;0;0;0;0;0;1
2019-02-26T03:00:00.0/2019-02-26T04:00:00.0;0;0;0;0;0;0;0;0;0;1
2019-02-26T04:00:00.0/2019-02-26T05:00:00.0;0;0;0;0;0;0;0;0;0;1
2019-02-26T05:00:00.0/2019-02-26T06:00:00.0;0;0;0;0;0;0;0;0;0;1
2019-02-26T06:00:00.0/2019-02-26T07:00:00.0;73.2903;28.9943;10.2963;18.6981;119.3689;19.3876;0.0186;19.369;0.1583;1
2019-02-26T07:00:00.0/2019-02-26T08:00:00.0;261.1429;145.2646;84.0793;61.1853;433.8919;89.8615;6.1718;83.6897;27.0292;1
2019-02-26T08:00:00.0/2019-02-26T09:00:00.0;421.7505;272.5473;186.1795;86.3678;610.0238;160.7682;26.6555;134.1127;92.5889;1
2019-02-26T09:00:00.0/2019-02-26T10:00:00.0;541.9065;373.4785;271.5577;101.9207;695.6439;143.8611;0;143.8611;0;1
2019-02-26T10:00:00.0/2019-02-26T11:00:00.0;613.4373;433.7535;321.8411;111.9125;729.024;228.573;9.5789;218.9941;21.3687;1
2019-02-26T11:00:00.0/2019-02-26T12:00:00.0;631.4843;447.9567;331.7871;116.1696;730.1442;309.02;104.621;204.399;230.9163;1
2019-02-26T12:00:00.0/2019-02-26T13:00:00.0;594.8354;414.4896;298.1967;116.2929;696.1638;353.94;206.469;147.471;481.5166;1
2019-02-26T13:00:00.0/2019-02-26T14:00:00.0;506.0077;336.5135;226.29;110.2236;619.582;292.8709;178.1688;114.7021;491.7968;1
2019-02-26T14:00:00.0/2019-02-26T15:00:00.0;371.0764;223.2888;131.1158;92.1731;484.9335;199.1367;113.9321;85.2046;422.2478;1
2019-02-26T15:00:00.0/2019-02-26T16:00:00.0;199.2598;95.5998;40.4075;55.1923;260.029;82.8653;29.7861;53.0792;180.4405;1
2019-02-26T16:00:00.0/2019-02-26T17:00:00.0;26.8274;8.3327;1.2625;7.0702;22.6847;6.0167;0;6.0167;0;1
2019-02-26T17:00:00.0/2019-02-26T18:00:00.0;0;0;0;0;0;0;0;0;0;1
2019-02-26T18:00:00.0/2019-02-26T19:00:00.0;0;0;0;0;0;0;0;0;0;1
2019-02-26T19:00:00.0/2019-02-26T20:00:00.0;0;0;0;0;0;0;0;0;0;1
2019-02-26T20:00:00.0/2019-02-26T21:00:00.0;0;0;0;0;0;0;0;0;0;1
2019-02-26T21:00:00.0/2019-02-26T22:00:00.0;0;0;0;0;0;0;0;0;0;1
2019-02-26T22:00:00.0/2019-02-26T23:00:00.0;0;0;0;0;0;0;0;0;0;1
2019-02-26T23:00:00.0/2019-02-27T00:00:00.0;0;0;0;0;0;0;0;0;0;1
2019-02-27T00:00:00.0/2019-02-27T01:00:00.0;0;0;0;0;0;0;0;0;0;1
2019-02-27T01:00:00.0/2019-02-27T02:00:00.0;0;0;0;0;0;0;0;0;0;1
2019-02-27T02:00:00.0/2019-02-27T03:00:00.0;0;0;0;0;0;0;0;0;0;1
2019-02-27T03:00:00.0/2019-02-27T04:00:00.0;0;0;0;0;0;0;0;0;0;1
2019-02-27T04:00:00.0/2019-02-27T05:00:00.0;0;0;0;0;0;0;0;0;0;1
2019-02-27T05:00:00.0/2019-02-27T06:00:00.0;0;0;0;0;0;0;0;0;0;1
2019-02-27T06:00:00.0/2019-02-27T07:00:00.0;80.2965;35.4617;16.0893;19.3724;181.2697;29.8222;11.0662;18.7561;108.9558;1
2019-02-27T07:00:00.0/2019-02-27T08:00:00.0;269.2254;164.187;111.2704;52.9165;559.508;149.645;106.3951;43.2499;532.6837;1
2019-02-27T08:00:00.0/2019-02-27T09:00:00.0;429.8201;299.6744;234.0479;65.6265;752.6741;280.4585;229.241;51.2175;737.1954;1
2019-02-27T09:00:00.0/2019-02-27T10:00:00.0;549.9135;403.5003;329.765;73.7353;832.5542;382.6905;323.8962;58.7943;817.6523;1
2019-02-27T10:00:00.0/2019-02-27T11:00:00.0;621.3365;462.6122;379.4319;83.1803;848.2662;441.358;374.1265;67.2315;836.39;1
2019-02-27T11:00:00.0/2019-02-27T12:00:00.0;639.238;474.7317;385.5237;89.208;837.7154;453.5314;381.0942;72.4372;828.0927;1
2019-02-27T12:00:00.0/2019-02-27T13:00:00.0;602.4161;438.7667;348.3315;90.4352;802.7549;418.3449;344.5924;73.7525;794.1311;1
2019-02-27T13:00:00.0/2019-02-27T14:00:00.0;513.4001;358.19;272.971;85.219;736.9161;338.7306;269.1235;69.607;726.4346;1
2019-02-27T14:00:00.0/2019-02-27T15:00:00.0;378.2785;241.6817;169.3489;72.3328;616.3046;224.3035;164.2554;60.0481;597.1011;1
2019-02-27T15:00:00.0/2019-02-27T16:00:00.0;206.2829;108.75;62.39;46.36;397.9776;96.9855;54.4945;42.491;338.4068;1
2019-02-27T16:00:00.0/2019-02-27T17:00:00.0;30.486;10.6662;3.2343;7.4319;56.1555;7.9209;0.5919;7.329;8.1294;1
2019-02-27T17:00:00.0/2019-02-27T18:00:00.0;0;0;0;0;0;0;0;0;0;1
2019-02-27T18:00:00.0/2019-02-27T19:00:00.0;0;0;0;0;0;0;0;0;0;1
2019-02-27T19:00:00.0/2019-02-27T20:00:00.0;0;0;0;0;0;0;0;0;0;1
2019-02-27T20:00:00.0/2019-02-27T21:00:00.0;0;0;0;0;0;0;0;0;0;1
2019-02-27T21:00:00.0/2019-02-27T22:00:00.0;0;0;0;0;0;0;0;0;0;1
2019-02-27T22:00:00.0/2019-02-27T23:00:00.0;0;0;0;0;0;0;0;0;0;1
2019-02-27T23:00:00.0/2019-02-28T00:00:00.0;0;0;0;0;0;0;0;0;0;1
2019-02-28T00:00:00.0/2019-02-28T01:00:00.0;0;0;0;0;0;0;0;0;0;1
2019-02-28T01:00:00.0/2019-02-28T02:00:00.0;0;0;0;0;0;0;0;0;0;1
2019-02-28T02:00:00.0/2019-02-28T03:00:00.0;0;0;0;0;0;0;0;0;0;1
2019-02-28T03:00:00.0/2019-02-28T04:00:00.0;0;0;0;0;0;0;0;0;0;1
2019-02-28T04:00:00.0/2019-02-28T05:00:00.0;0;0;0;0;0;0;0;0;0;1
2019-02-28T05:00:00.0/2019-02-28T06:00:00.0;0;0;0;0;0;0;0;0;0;1
2019-02-28T06:00:00.0/2019-02-28T07:00:00.0;87.6634;31.4812;7.4965;23.9847;77.7232;24.1031;1.1851;22.918;9.53;1
2019-02-28T07:00:00.0/2019-02-28T08:00:00.0;277.3569;143.8611;67.2964;76.5646;324.3762;60.1348;0.4095;59.7254;2.9518;1
2019-02-28T08:00:00.0/2019-02-28T09:00:00.0;437.9261;272.0049;163.2751;108.7298;513.7071;57.2698;0;57.2698;0;1
2019-02-28T09:00:00.0/2019-02-28T10:00:00.0;557.9446;379.5689;259.5705;119.9984;644.2319;95.015;0;95.015;0;1
2019-02-28T10:00:00.0/2019-02-28T11:00:00.0;629.2487;450.2235;335.9419;114.2816;740.8012;120.4194;0;120.4194;0;1
2019-02-28T11:00:00.0/2019-02-28T12:00:00.0;646.9956;474.536;374.0669;100.4692;802.7925;209.6915;60.4784;149.213;130.0797;1
2019-02-28T12:00:00.0/2019-02-28T13:00:00.0;609.9943;446.4054;356.512;89.8934;811.1282;262.1964;49.6435;212.5529;114.0956;1
2019-02-28T13:00:00.0/2019-02-28T14:00:00.0;520.7866;368.4445;284.1713;84.2732;756.1863;263.0657;89.9549;173.1108;240.1513;1
2019-02-28T14:00:00.0/2019-02-28T15:00:00.0;385.4744;253.14;181.1813;71.9587;647.5416;185.9729;72.5253;113.4476;264.0712;1
2019-02-28T15:00:00.0/2019-02-28T16:00:00.0;213.3028;118.8927;72.6383;46.2545;453.9639;94.4639;39.4639;54.9999;254.6057;1
2019-02-28T16:00:00.0/2019-02-28T17:00:00.0;34.3736;13.2433;5.0862;8.1572;84.7982;10.0055;1.7053;8.3002;23.1605;1
2019-02-28T17:00:00.0/2019-02-28T18:00:00.0;0;0;0;0;0;0;0;0;0;1
2019-02-28T18:00:00.0/2019-02-28T19:00:00.0;0;0;0;0;0;0;0;0;0;1
2019-02-28T19:00:00.0/2019-02-28T20:00:00.0;0;0;0;0;0;0;0;0;0;1
2019-02-28T20:00:00.0/2019-02-28T21:00:00.0;0;0;0;0;0;0;0;0;0;1
2019-02-28T21:00:00.0/2019-02-28T22:00:00.0;0;0;0;0;0;0;0;0;0;1
2019-02-28T22:00:00.0/2019-02-28T23:00:00.0;0;0;0;0;0;0;0;0;0;1
2019-02-28T23:00:00.0/2019-03-01T00:00:00.0;0;0;0;0;0;0;0;0;0;1
2019-03-01T00:00:00.0/2019-03-01T01:00:00.0;0;0;0;0;0;0;0;0;0;1
2019-03-01T01:00:00.0/2019-03-01T02:00:00.0;0;0;0;0;0;0;0;0;0;1
2019-03-01T02:00:00.0/2019-03-01T03:00:00.0;0;0;0;0;0;0;0;0;0;1
2019-03-01T03:00:00.0/2019-03-01T04:00:00.0;0;0;0;0;0;0;0;0;0;1
2019-03-01T04:00:00.0/2019-03-01T05:00:00.0;0;0;0;0;0;0;0;0;0;1
2019-03-01T05:00:00.0/2019-03-01T06:00:00.0;0;0;0;0;0;0;0;0;0;1
2019-03-01T06:00:00.0/2019-03-01T07:00:00.0;95.4291;45.6904;25.5637;20.1267;271.9055;14.6826;0;14.6826;0;1
2019-03-01T07:00:00.0/2019-03-01T08:00:00.0;285.5336;179.5134;130.0264;49.487;621.6798;29.2477;0;29.2477;0;1
2019-03-01T08:00:00.0/2019-03-01T09:00:00.0;446.0647;311.2422;244.7962;66.446;759.235;72.1634;0;72.1634;0;1
2019-03-01T09:00:00.0/2019-03-01T10:00:00.0;565.9962;414.3189;338.6326;75.6863;829.5511;112.3549;0;112.3549;0;1
2019-03-01T10:00:00.0/2019-03-01T11:00:00.0;637.1705;476.8744;398.4329;78.4415;867.6697;178.5625;0;178.5625;0;1
2019-03-01T11:00:00.0/2019-03-01T12:00:00.0;654.754;492.432;414.9071;77.5249;879.4058;179.8581;0;179.8581;0;1
2019-03-01T12:00:00.0/2019-03-01T13:00:00.0;617.5669;457.2963;377.7758;79.5205;848.3502;173.5252;0.6423;172.8829;1.5236;1
2019-03-01T13:00:00.0/2019-03-01T14:00:00.0;528.1644;374.4621;291.8921;82.57;765.0121;176.8449;1.0439;175.801;2.5893;1
2019-03-01T14:00:00.0/2019-03-01T15:00:00.0;392.6617;254.9477;179.282;75.6657;627.7861;138.869;6.7953;132.0737;25.7852;1
2019-03-01T15:00:00.0/2019-03-01T16:00:00.0;220.3175;118.4736;67.3834;51.0901;404.1362;87.9515;32.0045;55.9471;209.0588;1
2019-03-01T16:00:00.0/2019-03-01T17:00:00.0;38.4885;13.8847;4.287;9.5977;66.5699;10.6586;1.1672;9.4914;14.5634;1
2019-03-01T17:00:00.0/2019-03-01T18:00:00.0;0;0;0;0;0;0;0;0;0;1
2019-03-01T18:00:00.0/2019-03-01T19:00:00.0;0;0;0;0;0;0;0;0;0;1
2019-03-01T19:00:00.0/2019-03-01T20:00:00.0;0;0;0;0;0;0;0;0;0;1
2019-03-01T20:00:00.0/2019-03-01T21:00:00.0;0;0;0;0;0;0;0;0;0;1
2019-03-01T21:00:00.0/2019-03-01T22:00:00.0;0;0;0;0;0;0;0;0;0;1
2019-03-01T22:00:00.0/2019-03-01T23:00:00.0;0;0;0;0;0;0;0;0;0;1
2019-03-01T23:00:00.0/2019-03-02T00:00:00.0;0;0;0;0;0;0;0;0;0;1
2019-03-02T00:00:00.0/2019-03-02T01:00:00.0;0;0;0;0;0;0;0;0;0;1
2019-03-02T01:00:00.0/2019-03-02T02:00:00.0;0;0;0;0;0;0;0;0;0;1
2019-03-02T02:00:00.0/2019-03-02T03:00:00.0;0;0;0;0;0;0;0;0;0;1
2019-03-02T03:00:00.0/2019-03-02T04:00:00.0;0;0;0;0;0;0;0;0;0;1
2019-03-02T04:00:00.0/2019-03-02T05:00:00.0;0;0;0;0;0;0;0;0;0;1
2019-03-02T05:00:00.0/2019-03-02T06:00:00.0;0;0;0;0;0;0;0;0;0;1
2019-03-02T06:00:00.0/2019-03-02T07:00:00.0;103.5448;43.0483;14.6106;28.4377;141.0951;16.6524;0;16.6524;0;1
2019-03-02T07:00:00.0/2019-03-02T08:00:00.0;293.7517;169.7295;94.8836;74.846;436.3724;86.4872;0.3918;86.0954;1.4645;1
2019-03-02T08:00:00.0/2019-03-02T09:00:00.0;454.232;301.8811;201.1696;100.7114;611.0638;171.4771;10.2894;161.1878;31.3069;1
2019-03-02T09:00:00.0/2019-03-02T10:00:00.0;574.0645;406.5705;293.9535;112.617;709.2549;283.8748;110.0922;173.7827;261.7417;1
2019-03-02T10:00:00.0/2019-03-02T11:00:00.0;645.0983;470.3544;355.6704;114.684;764.5647;196.1407;13.8088;182.332;30.7011;1
2019-03-02T11:00:00.0/2019-03-02T12:00:00.0;662.5097;487.0351;376.4774;110.5577;788.2474;215.0213;54.6279;160.3934;114.502;1
2019-03-02T12:00:00.0/2019-03-02T13:00:00.0;625.1311;453.295;346.8691;106.4259;769.2315;115.1163;2.8791;112.2372;6.1282;1
2019-03-02T13:00:00.0/2019-03-02T14:00:00.0;535.5309;372.3614;271.2838;101.0776;701.0369;102.9903;0;102.9903;0;1
2019-03-02T14:00:00.0/2019-03-02T15:00:00.0;399.8382;254.8982;168.4209;86.4773;579.031;64.809;0;64.809;0;1
2019-03-02T15:00:00.0/2019-03-02T16:00:00.0;227.3249;120.9686;65.1935;55.7752;380.6213;70.1059;0;70.1059;0;1
2019-03-02T16:00:00.0/2019-03-02T17:00:00.0;42.829;15.6304;4.7582;10.8722;70.4103;10.2511;0;10.2511;0;1
2019-03-02T17:00:00.0/2019-03-02T18:00:00.0;0;0;0;0;0;0;0;0;0;1
2019-03-02T18:00:00.0/2019-03-02T19:00:00.0;0;0;0;0;0;0;0;0;0;1
2019-03-02T19:00:00.0/2019-03-02T20:00:00.0;0;0;0;0;0;0;0;0;0;1
2019-03-02T20:00:00.0/2019-03-02T21:00:00.0;0;0;0;0;0;0;0;0;0;1
2019-03-02T21:00:00.0/2019-03-02T22:00:00.0;0;0;0;0;0;0;0;0;0;1
2019-03-02T22:00:00.0/2019-03-02T23:00:00.0;0;0;0;0;0;0;0;0;0;1
2019-03-02T23:00:00.0/2019-03-03T00:00:00.0;0;0;0;0;0;0;0;0;0;1
2019-03-03T00:00:00.0/2019-03-03T01:00:00.0;0;0;0;0;0;0;0;0;0;1
2019-03-03T01:00:00.0/2019-03-03T02:00:00.0;0;0;0;0;0;0;0;0;0;1
2019-03-03T02:00:00.0/2019-03-03T03:00:00.0;0;0;0;0;0;0;0;0;0;1
2019-03-03T03:00:00.0/2019-03-03T04:00:00.0;0;0;0;0;0;0;0;0;0;1
2019-03-03T04:00:00.0/2019-03-03T05:00:00.0;0;0;0;0;0;0;0;0;0;1
2019-03-03T05:00:00.0/2019-03-03T06:00:00.0;0.216;0.046;0.0012;0.0448;0;0;0;0;0;1
2019-03-03T06:00:00.0/2019-03-03T07:00:00.0;111.8116;48.4934;20.4037;28.0897;191.1508;26.6681;0;26.6681;0;1
2019-03-03T07:00:00.0/2019-03-03T08:00:00.0;302.0073;179.2564;116.4452;62.8113;522.4056;64.1478;0;64.1478;0;1
2019-03-03T08:00:00.0/2019-03-03T09:00:00.0;462.4243;311.3394;237.8466;73.4927;709.6678;93.6144;0;93.6144;0;1
2019-03-03T09:00:00.0/2019-03-03T10:00:00.0;582.1458;413.5095;335.098;78.4116;797.4679;101.2636;0;101.2636;0;1
2019-03-03T10:00:00.0/2019-03-03T11:00:00.0;653.0287;474.1784;389.9487;84.2296;827.8168;131.1888;0;131.1888;0;1
2019-03-03T11:00:00.0/2019-03-03T12:00:00.0;670.2597;489.0225;402.3843;86.6382;832.3248;197.1428;51.8044;145.3384;107.323;1
2019-03-03T12:00:00.0/2019-03-03T13:00:00.0;632.6839;453.2994;362.5125;90.787;793.7709;123.1112;3.2804;119.8308;6.8982;1
2019-03-03T13:00:00.0/2019-03-03T14:00:00.0;542.8834;370.3495;277.0932;93.2563;705.739;113.6324;0;113.6324;0;1
2019-03-03T14:00:00.0/2019-03-03T15:00:00.0;407.0013;252.2085;167.8813;84.3271;566.1479;62.7841;0;62.7841;0;1
2019-03-03T15:00:00.0/2019-03-03T16:00:00.0;234.323;120.5458;65.2391;55.3067;370.9683;54.4732;0;54.4732;0;1
2019-03-03T16:00:00.0/2019-03-03T17:00:00.0;47.3932;16.7329;5.2888;11.4441;74.1157;11.1004;0;11.1004;0;1
2019-03-03T17:00:00.0/2019-03-03T18:00:00.0;0;0;0;0;0;0;0;0;0;1
2019-03-03T18:00:00.0/2019-03-03T19:00:00.0;0;0;0;0;0;0;0;0;0;1
2019-03-03T19:00:00.0/2019-03-03T20:00:00.0;0;0;0;0;0;0;0;0;0;1
2019-03-03T20:00:00.0/2019-03-03T21:00:00.0;0;0;0;0;0;0;0;0;0;1
2019-03-03T21:00:00.0/2019-03-03T22:00:00.0;0;0;0;0;0;0;0;0;0;1
2019-03-03T22:00:00.0/2019-03-03T23:00:00.0;0;0;0;0;0;0;0;0;0;1
2019-03-03T23:00:00.0/2019-03-04T00:00:00.0;0;0;0;0;0;0;0;0;0;1
2019-03-04T00:00:00.0/2019-03-04T01:00:00.0;0;0;0;0;0;0;0;0;0;1
2019-03-04T01:00:00.0/2019-03-04T02:00:00.0;0;0;0;0;0;0;0;0;0;1
2019-03-04T02:00:00.0/2019-03-04T03:00:00.0;0;0;0;0;0;0;0;0;0;1
2019-03-04T03:00:00.0/2019-03-04T04:00:00.0;0;0;0;0;0;0;0;0;0;1
2019-03-04T04:00:00.0/2019-03-04T05:00:00.0;0;0;0;0;0;0;0;0;0;1
2019-03-04T05:00:00.0/2019-03-04T06:00:00.0;0.7975;0.1773;0.004;0.1733;0;0.0255;0;0.0255;0;1
2019-03-04T06:00:00.0/2019-03-04T07:00:00.0;120.1244;52.8057;21.7416;31.0641;196.2214;29.8523;1.1348;28.7175;13.2939;1
2019-03-04T07:00:00.0/2019-03-04T08:00:00.0;310.2966;184.8849;115.5891;69.2958;505.399;43.6585;0;43.6585;0;1
2019-03-04T08:00:00.0/2019-03-04T09:00:00.0;470.6378;317.1417;231.0114;86.1302;677.0459;160.6908;17.9583;142.7325;49.1734;1
2019-03-04T09:00:00.0/2019-03-04T10:00:00.0;590.2365;419.9033;324.1031;95.8002;760.3603;175.2577;7.0924;168.1653;17.6019;1
2019-03-04T10:00:00.0/2019-03-04T11:00:00.0;660.9581;481.1379;376.2107;104.9272;788.697;272.1335;58.818;213.3155;123.1934;1
2019-03-04T11:00:00.0/2019-03-04T12:00:00.0;678.0007;496.127;386.511;109.616;789.9715;121.4764;0.2181;121.2583;0.4452;1
2019-03-04T12:00:00.0/2019-03-04T13:00:00.0;640.2223;465.6096;365.2632;100.3464;790.7054;150.4223;3.7612;146.6611;8.5541;1
2019-03-04T13:00:00.0/2019-03-04T14:00:00.0;550.2193;392.6898;314.0659;78.6238;790.717;238.147;106.9612;131.1857;279.8067;1
2019-03-04T14:00:00.0/2019-03-04T15:00:00.0;414.149;282.9034;228.0713;54.8321;761.5571;114.5938;27.9816;86.6122;82.2233;1
2019-03-04T15:00:00.0/2019-03-04T16:00:00.0;241.3097;146.4528;110.6496;35.8032;618.135;55.6382;0.0975;55.5407;0.8953;1
2019-03-04T16:00:00.0/2019-03-04T17:00:00.0;52.1788;22.7319;12.5717;10.1601;176.162;13.6216;0.7727;12.8489;9.4095;1
2019-03-04T17:00:00.0/2019-03-04T18:00:00.0;0;0;0;0;0;0;0;0;0;1
2019-03-04T18:00:00.0/2019-03-04T19:00:00.0;0;0;0;0;0;0;0;0;0;1
2019-03-04T19:00:00.0/2019-03-04T20:00:00.0;0;0;0;0;0;0;0;0;0;1
2019-03-04T20:00:00.0/2019-03-04T21:00:00.0;0;0;0;0;0;0;0;0;0;1
2019-03-04T21:00:00.0/2019-03-04T22:00:00.0;0;0;0;0;0;0;0;0;0;1
2019-03-04T22:00:00.0/2019-03-04T23:00:00.0;0;0;0;0;0;0;0;0;0;1
2019-03-04T23:00:00.0/2019-03-05T00:00:00.0;0;0;0;0;0;0;0;0;0;1
2019-03-05T00:00:00.0/2019-03-05T01:00:00.0;0;0;0;0;0;0;0;0;0;1
2019-03-05T01:00:00.0/2019-03-05T02:00:00.0;0;0;0;0;0;0;0;0;0;1
2019-03-05T02:00:00.0/2019-03-05T03:00:00.0;0;0;0;0;0;0;0;0;0;1
2019-03-05T03:00:00.0/2019-03-05T04:00:00.0;0;0;0;0;0;0;0;0;0;1
2019-03-05T04:00:00.0/2019-03-05T05:00:00.0;0;0;0;0;0;0;0;0;0;1
2019-03-05T05:00:00.0/2019-03-05T06:00:00.0;1.6849;0.4063;0.0228;0.3834;0;0.1229;0;0.1229;0;1
2019-03-05T06:00:00.0/2019-03-05T07:00:00.0;128.4795;60.4716;30.1986;30.273;267.1487;44.1395;3.3469;40.7926;28.9608;1
2019-03-05T07:00:00.0/2019-03-05T08:00:00.0;318.6158;198.2173;135.5762;62.6411;579.9722;133.7103;19.7662;113.9442;81.1884;1
2019-03-05T08:00:00.0/2019-03-05T09:00:00.0;478.8687;331.4193;251.8019;79.6174;725.8763;198.7082;25.861;172.8472;73.1905;1
2019-03-05T09:00:00.0/2019-03-05T10:00:00.0;598.3329;434.3469;344.3248;90.0221;796.4992;258.8005;59.7701;199.0304;135.3971;1
2019-03-05T10:00:00.0/2019-03-05T11:00:00.0;668.8832;495.6893;399.0284;96.6609;826.2111;369.0789;199.2852;169.7938;412.8767;1
2019-03-05T11:00:00.0/2019-03-05T12:00:00.0;685.7294;510.1187;410.6246;99.4941;829.3922;300.1147;67.9077;232.207;136.8241;1
2019-03-05T12:00:00.0/2019-03-05T13:00:00.0;647.7434;475.9698;377.2687;98.7011;806.3839;252.2332;67.2709;184.9623;147.7109;1
2019-03-05T13:00:00.0/2019-03-05T14:00:00.0;557.5359;396.2111;302.8369;93.3742;751.0082;256.2609;77.5717;178.6892;187.4386;1
2019-03-05T14:00:00.0/2019-03-05T15:00:00.0;421.2787;278.9484;197.6701;81.2783;645.4404;149.3685;9.1446;140.2239;30.7005;1
2019-03-05T15:00:00.0/2019-03-05T16:00:00.0;248.283;139.6053;82.1543;57.451;440.4381;97.8775;21.9048;75.9727;120.3792;1
2019-03-05T16:00:00.0/2019-03-05T17:00:00.0;57.1837;21.814;7.1855;14.6285;90.4823;16.6623;1.9723;14.69;21.5611;1
2019-03-05T17:00:00.0/2019-03-05T18:00:00.0;0;0;0;0;0;0;0;0;0;1
2019-03-05T18:00:00.0/2019-03-05T19:00:00.0;0;0;0;0;0;0;0;0;0;1
2019-03-05T19:00:00.0/2019-03-05T20:00:00.0;0;0;0;0;0;0;0;0;0;1
2019-03-05T20:00:00.0/2019-03-05T21:00:00.0;0;0;0;0;0;0;0;0;0;1
2019-03-05T21:00:00.0/2019-03-05T22:00:00.0;0;0;0;0;0;0;0;0;0;1
2019-03-05T22:00:00.0/2019-03-05T23:00:00.0;0;0;0;0;0;0;0;0;0;1
2019-03-05T23:00:00.0/2019-03-06T00:00:00.0;0;0;0;0;0;0;0;0;0;1
2019-03-06T00:00:00.0/2019-03-06T01:00:00.0;0;0;0;0;0;0;0;0;0;1
2019-03-06T01:00:00.0/2019-03-06T02:00:00.0;0;0;0;0;0;0;0;0;0;1
2019-03-06T02:00:00.0/2019-03-06T03:00:00.0;0;0;0;0;0;0;0;0;0;1
2019-03-06T03:00:00.0/2019-03-06T04:00:00.0;0;0;0;0;0;0;0;0;0;1
2019-03-06T04:00:00.0/2019-03-06T05:00:00.0;0;0;0;0;0;0;0;0;0;1
2019-03-06T05:00:00.0/2019-03-06T06:00:00.0;2.9353;0.7438;0.0508;0.693;1.0209;0.2842;0;0.2842;0;1
2019-03-06T06:00:00.0/2019-03-06T07:00:00.0;136.8731;64.7425;31.6038;33.1387;268.4072;49.4941;7.5536;41.9406;61.9813;1
2019-03-06T07:00:00.0/2019-03-06T08:00:00.0;326.961;201.3349;134.1916;67.1434;559.6751;144.4717;35.6324;108.8393;148.5758;1
2019-03-06T08:00:00.0/2019-03-06T09:00:00.0;487.1133;331.7994;245.4743;86.3252;695.439;231.3699;59.0126;172.3573;165.4802;1
2019-03-06T09:00:00.0/2019-03-06T10:00:00.0;606.4315;433.2672;337.8813;95.3858;770.5492;302.0199;85.6247;216.3952;196.7993;1
2019-03-06T10:00:00.0/2019-03-06T11:00:00.0;676.8004;495.0735;399.5057;95.5679;817.0252;258.2751;15.2304;243.0447;31.7835;1
2019-03-06T11:00:00.0/2019-03-06T12:00:00.0;693.4427;510.2177;419.1159;91.1018;836.7321;229.6637;0;229.6637;0;1
2019-03-06T12:00:00.0/2019-03-06T13:00:00.0;655.2443;473.1881;379.011;94.1771;800.0679;177.6065;0;177.6065;0;1
2019-03-06T13:00:00.0/2019-03-06T14:00:00.0;564.8308;387.8622;287.262;100.6002;702.0389;181.2954;0;181.2954;0;1
2019-03-06T14:00:00.0/2019-03-06T15:00:00.0;428.3882;267.1832;172.9151;94.2681;553.0939;164.4269;8.5006;155.9263;28.1258;1
2019-03-06T15:00:00.0/2019-03-06T16:00:00.0;255.2408;131.448;65.9827;65.4654;343.0594;92.0461;5.1985;86.8477;26.4688;1
2019-03-06T16:00:00.0/2019-03-06T17:00:00.0;62.4053;21.8218;5.8194;16.0024;70.3513;16.4089;0.0667;16.3423;0.601;1
2019-03-06T17:00:00.0/2019-03-06T18:00:00.0;0;0;0;0;0;0;0;0;0;1
2019-03-06T18:00:00.0/2019-03-06T19:00:00.0;0;0;0;0;0;0;0;0;0;1
2019-03-06T19:00:00.0/2019-03-06T20:00:00.0;0;0;0;0;0;0;0;0;0;1
2019-03-06T20:00:00.0/2019-03-06T21:00:00.0;0;0;0;0;0;0;0;0;0;1
2019-03-06T21:00:00.0/2019-03-06T22:00:00.0;0;0;0;0;0;0;0;0;0;1
2019-03-06T22:00:00.0/2019-03-06T23:00:00.0;0;0;0;0;0;0;0;0;0;1
2019-03-06T23:00:00.0/2019-03-07T00:00:00.0;0;0;0;0;0;0;0;0;0;1
2019-03-07T00:00:00.0/2019-03-07T01:00:00.0;0;0;0;0;0;0;0;0;0;1
2019-03-07T01:00:00.0/2019-03-07T02:00:00.0;0;0;0;0;0;0;0;0;0;1
2019-03-07T02:00:00.0/2019-03-07T03:00:00.0;0;0;0;0;0;0;0;0;0;1
2019-03-07T03:00:00.0/2019-03-07T04:00:00.0;0;0;0;0;0;0;0;0;0;1
2019-03-07T04:00:00.0/2019-03-07T05:00:00.0;0;0;0;0;0;0;0;0;0;1
2019-03-07T05:00:00.0/2019-03-07T06:00:00.0;4.5124;1.0946;0.0896;1.005;2.9653;0.4496;0;0.4496;0;1
2019-03-07T06:00:00.0/2019-03-07T07:00:00.0;145.3013;64.0679;29.2001;34.8678;238.7268;20.9151;0;20.9151;0;1
2019-03-07T07:00:00.0/2019-03-07T08:00:00.0;335.3286;193.4071;119.2206;74.1865;484.6813;67.4146;0;67.4146;0;1
2019-03-07T08:00:00.0/2019-03-07T09:00:00.0;495.3679;319.0884;216.8043;102.2841;603.6995;188.0621;18.3468;169.7153;49.1063;1
2019-03-07T09:00:00.0/2019-03-07T10:00:00.0;614.5286;421.7587;307.4835;114.2751;691.1176;192.1058;1.0485;191.0573;2.5496;1
2019-03-07T10:00:00.0/2019-03-07T11:00:00.0;684.7065;489.7014;380.7209;108.9805;769.0667;308.3189;73.0667;235.2522;145.7543;1
2019-03-07T11:00:00.0/2019-03-07T12:00:00.0;701.1376;511.8695;415.2699;96.5996;819.5904;332.3737;83.2477;249.1261;164.1291;1
2019-03-07T12:00:00.0/2019-03-07T13:00:00.0;662.7223;477.4335;384.2143;93.2192;801.5205;300.998;66.8305;234.1675;138.0936;1
2019-03-07T13:00:00.0/2019-03-07T14:00:00.0;572.1013;389.6331;292.4251;97.208;705.2715;125.361;0.0646;125.2964;0.1687;1
2019-03-07T14:00:00.0/2019-03-07T15:00:00.0;435.4752;266.8652;176.9088;89.9564;556.4802;178.8771;51.8828;126.9943;163.211;1
2019-03-07T15:00:00.0/2019-03-07T16:00:00.0;262.1812;132.878;70.6794;62.1986;360.2213;76.9104;0.1199;76.7905;0.4736;1
2019-03-07T16:00:00.0/2019-03-07T17:00:00.0;67.8412;23.9031;7.5836;16.3195;89.3991;14.6082;0;14.6082;0;1
2019-03-07T17:00:00.0/2019-03-07T18:00:00.0;0;0;0;0;0;0;0;0;0;1
2019-03-07T18:00:00.0/2019-03-07T19:00:00.0;0;0;0;0;0;0;0;0;0;1
2019-03-07T19:00:00.0/2019-03-07T20:00:00.0;0;0;0;0;0;0;0;0;0;1
2019-03-07T20:00:00.0/2019-03-07T21:00:00.0;0;0;0;0;0;0;0;0;0;1
2019-03-07T21:00:00.0/2019-03-07T22:00:00.0;0;0;0;0;0;0;0;0;0;1
2019-03-07T22:00:00.0/2019-03-07T23:00:00.0;0;0;0;0;0;0;0;0;0;1
2019-03-07T23:00:00.0/2019-03-08T00:00:00.0;0;0;0;0;0;0;0;0;0;1
2019-03-08T00:00:00.0/2019-03-08T01:00:00.0;0;0;0;0;0;0;0;0;0;1
2019-03-08T01:00:00.0/2019-03-08T02:00:00.0;0;0;0;0;0;0;0;0;0;1
2019-03-08T02:00:00.0/2019-03-08T03:00:00.0;0;0;0;0;0;0;0;0;0;1
2019-03-08T03:00:00.0/2019-03-08T04:00:00.0;0;0;0;0;0;0;0;0;0;1
2019-03-08T04:00:00.0/2019-03-08T05:00:00.0;0;0;0;0;0;0;0;0;0;1
2019-03-08T05:00:00.0/2019-03-08T06:00:00.0;6.4277;1.6596;0.2152;1.4444;6.3894;0.745;0;0.745;0;1
2019-03-08T06:00:00.0/2019-03-08T07:00:00.0;153.7604;72.2495;38.4741;33.7753;303.0205;40.0331;0;40.0331;0;1
2019-03-08T07:00:00.0/2019-03-08T08:00:00.0;343.7145;209.3721;147.179;62.1932;584.159;59.4782;0;59.4782;0;1
2019-03-08T08:00:00.0/2019-03-08T09:00:00.0;503.6287;339.9786;263.5258;76.4528;721.44;85.4899;0;85.4899;0;1
2019-03-08T09:00:00.0/2019-03-08T10:00:00.0;622.6207;443.5009;353.5018;89.9991;784.7969;170.9351;0;170.9351;0;1
2019-03-08T10:00:00.0/2019-03-08T11:00:00.0;692.5982;509.8357;404.1396;105.696;806.9492;368.3106;189.3937;178.9169;373.9949;1
2019-03-08T11:00:00.0/2019-03-08T12:00:00.0;708.8109;531.8192;414.5557;117.2636;808.8446;465.3358;328.8739;136.4619;642.1281;1
2019-03-08T12:00:00.0/2019-03-08T13:00:00.0;670.1744;501.3445;380.4483;120.8962;784.7485;479.7884;384.9586;94.8298;794.0712;1
2019-03-08T13:00:00.0/2019-03-08T14:00:00.0;579.345;419.3335;304.6567;114.6768;725.9273;386.9204;286.612;100.3084;680.0553;1
2019-03-08T14:00:00.0/2019-03-08T15:00:00.0;442.5376;298.8905;199.3522;99.5382;618.7845;239.5916;131.5458;108.0458;396.3173;1
2019-03-08T15:00:00.0/2019-03-08T16:00:00.0;269.102;157.7091;89.5305;68.1786;447.5546;115.9;39.089;76.811;214.3217;1
2019-03-08T16:00:00.0/2019-03-08T17:00:00.0;73.4887;31.1929;11.3432;19.8498;128.798;25.582;6.706;18.8759;65.2064;1
2019-03-08T17:00:00.0/2019-03-08T18:00:00.0;0;0;0;0;0;0;0;0;0;1
2019-03-08T18:00:00.0/2019-03-08T19:00:00.0;0;0;0;0;0;0;0;0;0;1
2019-03-08T19:00:00.0/2019-03-08T20:00:00.0;0;0;0;0;0;0;0;0;0;1
2019-03-08T20:00:00.0/2019-03-08T21:00:00.0;0;0;0;0;0;0;0;0;0;1
2019-03-08T21:00:00.0/2019-03-08T22:00:00.0;0;0;0;0;0;0;0;0;0;1
2019-03-08T22:00:00.0/2019-03-08T23:00:00.0;0;0;0;0;0;0;0;0;0;1
2019-03-08T23:00:00.0/2019-03-09T00:00:00.0;0;0;0;0;0;0;0;0;0;1
2019-03-09T00:00:00.0/2019-03-09T01:00:00.0;0;0;0;0;0;0;0;0;0;1
2019-03-09T01:00:00.0/2019-03-09T02:00:00.0;0;0;0;0;0;0;0;0;0;1
2019-03-09T02:00:00.0/2019-03-09T03:00:00.0;0;0;0;0;0;0;0;0;0;1
2019-03-09T03:00:00.0/2019-03-09T04:00:00.0;0;0;0;0;0;0;0;0;0;1
2019-03-09T04:00:00.0/2019-03-09T05:00:00.0;0;0;0;0;0;0;0;0;0;1
2019-03-09T05:00:00.0/2019-03-09T06:00:00.0;8.7312;2.5184;0.4714;2.047;12.588;1.3868;0;1.3868;0;1
2019-03-09T06:00:00.0/2019-03-09T07:00:00.0;162.2466;82.4848;47.3271;35.1578;361.9479;18.5394;0;18.5394;0;1
2019-03-09T07:00:00.0/2019-03-09T08:00:00.0;352.1152;226.7059;164.6076;62.0983;638.6245;65.3356;0;65.3356;0;1
2019-03-09T08:00:00.0/2019-03-09T09:00:00.0;511.8921;362.9979;286.7344;76.2635;772.14;188.3496;13.6099;174.7397;36.8134;1
2019-03-09T09:00:00.0/2019-03-09T10:00:00.0;630.7043;466.597;375.3676;91.2294;822.574;229.9217;35.1119;194.8098;74.0593;1
2019-03-09T10:00:00.0/2019-03-09T11:00:00.0;700.4722;526.3213;416.0022;110.3191;821.0051;393.9773;233.9911;159.9862;463.3002;1
2019-03-09T11:00:00.0/2019-03-09T12:00:00.0;716.4596;538.8956;414.0048;124.8908;798.7039;405.2336;232.4663;172.7673;448.6728;1
2019-03-09T12:00:00.0/2019-03-09T13:00:00.0;677.5981;499.2173;365.839;133.3783;745.6798;341.5155;123.2986;218.2169;251.7573;1
2019-03-09T13:00:00.0/2019-03-09T14:00:00.0;586.5594;410.6659;277.0668;133.5991;650.9755;313.9202;162.109;151.8112;374.6127;1
2019-03-09T14:00:00.0/2019-03-09T15:00:00.0;449.5732;285.6629;165.7062;119.9567;504.3052;166.9952;11.1621;155.8332;34.0881;1
2019-03-09T15:00:00.0/2019-03-09T16:00:00.0;276.0016;146.9669;66.039;80.9279;319.3911;75.0733;0.0169;75.0564;0.0697;1
2019-03-09T16:00:00.0/2019-03-09T17:00:00.0;79.345;29.9165;7.6427;22.2737;82.5659;20.2792;0;20.2792;0;1
2019-03-09T17:00:00.0/2019-03-09T18:00:00.0;0;0;0;0;0;0;0;0;0;1
2019-03-09T18:00:00.0/2019-03-09T19:00:00.0;0;0;0;0;0;0;0;0;0;1
2019-03-09T19:00:00.0/2019-03-09T20:00:00.0;0;0;0;0;0;0;0;0;0;1
2019-03-09T20:00:00.0/2019-03-09T21:00:00.0;0;0;0;0;0;0;0;0;0;1
2019-03-09T21:00:00.0/2019-03-09T22:00:00.0;0;0;0;0;0;0;0;0;0;1
2019-03-09T22:00:00.0/2019-03-09T23:00:00.0;0;0;0;0;0;0;0;0;0;1
2019-03-09T23:00:00.0/2019-03-10T00:00:00.0;0;0;0;0;0;0;0;0;0;1
2019-03-10T00:00:00.0/2019-03-10T01:00:00.0;0;0;0;0;0;0;0;0;0;1
2019-03-10T01:00:00.0/2019-03-10T02:00:00.0;0;0;0;0;0;0;0;0;0;1
2019-03-10T02:00:00.0/2019-03-10T03:00:00.0;0;0;0;0;0;0;0;0;0;1
2019-03-10T03:00:00.0/2019-03-10T04:00:00.0;0;0;0;0;0;0;0;0;0;1
2019-03-10T04:00:00.0/2019-03-10T05:00:00.0;0;0;0;0;0;0;0;0;0;1
2019-03-10T05:00:00.0/2019-03-10T06:00:00.0;11.356;3.4236;0.3963;3.0272;9.6832;2.1414;0;2.1414;0;1
2019-03-10T06:00:00.0/2019-03-10T07:00:00.0;170.756;88.9376;45.3209;43.6167;326.733;78.917;39.8154;39.1016;270.5695;1
2019-03-10T07:00:00.0/2019-03-10T08:00:00.0;360.5269;236.8272;163.0748;73.7524;617.0339;216.6793;156.6949;59.9844;595.0689;1
2019-03-10T08:00:00.0/2019-03-10T09:00:00.0;520.1544;373.7878;286.4211;87.3667;758.5449;312.9938;209.0853;103.9085;556.0657;1
2019-03-10T09:00:00.0/2019-03-10T10:00:00.0;638.7761;477.8538;383.4677;94.3861;828.8531;423.0629;315.3892;107.6737;680.3927;1
2019-03-10T10:00:00.0/2019-03-10T11:00:00.0;708.3251;538.788;440.6062;98.1817;859.3188;371.32;138.1066;233.2134;271.5849;1
2019-03-10T11:00:00.0/2019-03-10T12:00:00.0;724.0808;551.979;453.5919;98.3871;865.4596;350.7679;92.0954;258.6725;175.8692;1
2019-03-10T12:00:00.0/2019-03-10T13:00:00.0;684.9907;516.6837;422.7648;93.9189;852.4876;368.2596;138.1325;230.1271;280.2387;1
2019-03-10T13:00:00.0/2019-03-10T14:00:00.0;593.7424;436.0835;351.4084;84.6752;816.8098;328.9289;150.0899;178.839;344.4969;1
2019-03-10T14:00:00.0/2019-03-10T15:00:00.0;456.5799;317.5255;246.1895;71.336;741.9316;188.7838;29.0212;159.7627;84.309;1
2019-03-10T15:00:00.0/2019-03-10T16:00:00.0;282.878;172.6018;117.9308;54.671;560.4805;103.2072;10.7534;92.4537;58.9227;1
2019-03-10T16:00:00.0/2019-03-10T17:00:00.0;85.4072;36.9107;16.3675;20.5433;172.7972;27.6629;4.9576;22.7053;45.0436;1
2019-03-10T17:00:00.0/2019-03-10T18:00:00.0;0;0;0;0;0;0;0;0;0;1
2019-03-10T18:00:00.0/2019-03-10T19:00:00.0;0;0;0;0;0;0;0;0;0;1
2019-03-10T19:00:00.0/2019-03-10T20:00:00.0;0;0;0;0;0;0;0;0;0;1
2019-03-10T20:00:00.0/2019-03-10T21:00:00.0;0;0;0;0;0;0;0;0;0;1
2019-03-10T21:00:00.0/2019-03-10T22:00:00.0;0;0;0;0;0;0;0;0;0;1
2019-03-10T22:00:00.0/2019-03-10T23:00:00.0;0;0;0;0;0;0;0;0;0;1
2019-03-10T23:00:00.0/2019-03-11T00:00:00.0;0;0;0;0;0;0;0;0;0;1
2019-03-11T00:00:00.0/2019-03-11T01:00:00.0;0;0;0;0;0;0;0;0;0;1
2019-03-11T01:00:00.0/2019-03-11T02:00:00.0;0;0;0;0;0;0;0;0;0;1
2019-03-11T02:00:00.0/2019-03-11T03:00:00.0;0;0;0;0;0;0;0;0;0;1
2019-03-11T03:00:00.0/2019-03-11T04:00:00.0;0;0;0;0;0;0;0;0;0;1
2019-03-11T04:00:00.0/2019-03-11T05:00:00.0;0;0;0;0;0;0;0;0;0;1
2019-03-11T05:00:00.0/2019-03-11T06:00:00.0;14.3664;4.4272;1.023;3.4042;23.2533;3.022;0;3.022;0;1
2019-03-11T06:00:00.0/2019-03-11T07:00:00.0;179.2848;93.9656;55.3034;38.6622;389.1475;72.5605;20.3426;52.2178;154.7775;1
2019-03-11T07:00:00.0/2019-03-11T08:00:00.0;368.9457;241.7538;180.3007;61.4531;667.4259;114.9057;5.0517;109.854;22.9443;1
2019-03-11T08:00:00.0/2019-03-11T09:00:00.0;528.412;378.4458;309.025;69.4209;805.3782;163.1556;0;163.1556;0;1
2019-03-11T09:00:00.0/2019-03-11T10:00:00.0;646.8324;482.3612;409.343;73.0182;873.4073;181.2635;0;181.2635;0;1
2019-03-11T10:00:00.0/2019-03-11T11:00:00.0;716.154;543.2435;467.0998;76.1437;900.5762;196.7468;0;196.7468;0;1
2019-03-11T11:00:00.0/2019-03-11T12:00:00.0;731.6718;556.8902;480.2617;76.6285;906.3687;226.5509;0;226.5509;0;1
2019-03-11T12:00:00.0/2019-03-11T13:00:00.0;692.3497;518.8703;437.8069;81.0635;872.6461;289.0505;39.6049;249.4456;79.2099;1
2019-03-11T13:00:00.0/2019-03-11T14:00:00.0;600.8915;432.0783;345.1159;86.9624;791.4235;139.9729;0.198;139.7749;0.4183;1
2019-03-11T14:00:00.0/2019-03-11T15:00:00.0;463.5558;307.9337;225.099;82.8347;666.0267;137.0331;0;137.0331;0;1
2019-03-11T15:00:00.0/2019-03-11T16:00:00.0;289.7296;166.8529;106.056;60.797;494.7872;84.4522;0.8104;83.6418;3.1903;1
2019-03-11T16:00:00.0/2019-03-11T17:00:00.0;91.6727;38.7711;17.7087;21.0624;184.5795;21.4196;0;21.4196;0;1
2019-03-11T17:00:00.0/2019-03-11T18:00:00.0;0;0;0;0;0;0;0;0;0;1
2019-03-11T18:00:00.0/2019-03-11T19:00:00.0;0;0;0;0;0;0;0;0;0;1
2019-03-11T19:00:00.0/2019-03-11T20:00:00.0;0;0;0;0;0;0;0;0;0;1
2019-03-11T20:00:00.0/2019-03-11T21:00:00.0;0;0;0;0;0;0;0;0;0;1
2019-03-11T21:00:00.0/2019-03-11T22:00:00.0;0;0;0;0;0;0;0;0;0;1
2019-03-11T22:00:00.0/2019-03-11T23:00:00.0;0;0;0;0;0;0;0;0;0;1
2019-03-11T23:00:00.0/2019-03-12T00:00:00.0;0;0;0;0;0;0;0;0;0;1
2019-03-12T00:00:00.0/2019-03-12T01:00:00.0;0;0;0;0;0;0;0;0;0;1
2019-03-12T01:00:00.0/2019-03-12T02:00:00.0;0;0;0;0;0;0;0;0;0;1
2019-03-12T02:00:00.0/2019-03-12T03:00:00.0;0;0;0;0;0;0;0;0;0;1
2019-03-12T03:00:00.0/2019-03-12T04:00:00.0;0;0;0;0;0;0;0;0;0;1
2019-03-12T04:00:00.0/2019-03-12T05:00:00.0;0;0;0;0;0;0;0;0;0;1
2019-03-12T05:00:00.0/2019-03-12T06:00:00.0;17.7096;6.2426;2.3187;3.9239;50.2394;4.3925;0.3537;4.0388;6.1978;1
2019-03-12T06:00:00.0/2019-03-12T07:00:00.0;187.8293;104.5023;68.6483;35.854;474.5281;93.1811;61.1437;32.0374;409.763;1
2019-03-12T07:00:00.0/2019-03-12T08:00:00.0;377.368;251.3136;191.068;60.2456;693.6003;227.3699;172.1063;55.2636;631.3248;1
2019-03-12T08:00:00.0/2019-03-12T09:00:00.0;536.6614;384.1643;306.9206;77.2437;787.9805;229.4065;57.7358;171.6707;160.2942;1
2019-03-12T09:00:00.0/2019-03-12T10:00:00.0;654.8701;485.8722;398.267;87.6052;838.8738;188.2716;0.0651;188.2065;0.1288;1
2019-03-12T10:00:00.0/2019-03-12T11:00:00.0;723.9557;546.2471;454.6232;91.6239;866.6195;313.8336;44.0615;269.7721;83.4471;1
2019-03-12T11:00:00.0/2019-03-12T12:00:00.0;739.2296;559.0865;466.6973;92.3892;871.3036;379.6283;121.0241;258.6042;226.249;1
2019-03-12T12:00:00.0/2019-03-12T13:00:00.0;699.6725;518.0767;421.6284;96.4482;831.0511;420.0874;229.1834;190.904;454.7095;1
2019-03-12T13:00:00.0/2019-03-12T14:00:00.0;608.0046;427.3024;327.1648;100.1376;740.8872;393.961;298.2782;95.6828;672.638;1
2019-03-12T14:00:00.0/2019-03-12T15:00:00.0;470.4991;301.2614;207.6564;93.605;604.3201;190.4332;36.5922;153.8409;96.3707;1
2019-03-12T15:00:00.0/2019-03-12T16:00:00.0;296.5547;160.8153;91.0705;69.7447;412.0706;93.2123;0;93.2123;0;1
2019-03-12T16:00:00.0/2019-03-12T17:00:00.0;98.1384;37.963;13.2743;24.6887;130.0289;26.6893;0;26.6893;0;1
2019-03-12T17:00:00.0/2019-03-12T18:00:00.0;0;0;0;0;0;0;0;0;0;1
2019-03-12T18:00:00.0/2019-03-12T19:00:00.0;0;0;0;0;0;0;0;0;0;1
2019-03-12T19:00:00.0/2019-03-12T20:00:00.0;0;0;0;0;0;0;0;0;0;1
2019-03-12T20:00:00.0/2019-03-12T21:00:00.0;0;0;0;0;0;0;0;0;0;1
2019-03-12T21:00:00.0/2019-03-12T22:00:00.0;0;0;0;0;0;0;0;0;0;1
2019-03-12T22:00:00.0/2019-03-12T23:00:00.0;0;0;0;0;0;0;0;0;0;1
2019-03-12T23:00:00.0/2019-03-13T00:00:00.0;0;0;0;0;0;0;0;0;0;1
2019-03-13T00:00:00.0/2019-03-13T01:00:00.0;0;0;0;0;0;0;0;0;0;1
2019-03-13T01:00:00.0/2019-03-13T02:00:00.0;0;0;0;0;0;0;0;0;0;1
2019-03-13T02:00:00.0/2019-03-13T03:00:00.0;0;0;0;0;0;0;0;0;0;1
2019-03-13T03:00:00.0/2019-03-13T04:00:00.0;0;0;0;0;0;0;0;0;0;1
2019-03-13T04:00:00.0/2019-03-13T05:00:00.0;0;0;0;0;0;0;0;0;0;1
2019-03-13T05:00:00.0/2019-03-13T06:00:00.0;21.435;7.1701;1.6767;5.4934;32.0457;5.3061;0.1304;5.1757;2.0022;1
2019-03-13T06:00:00.0/2019-03-13T07:00:00.0;196.3857;105.1941;56.4717;48.7224;370.0235;94.0252;50.9379;43.0874;322.4407;1
2019-03-13T07:00:00.0/2019-03-13T08:00:00.0;385.7901;250.4436;165.0288;85.4147;584.7565;189.8725;93.5176;96.3549;353.2218;1
2019-03-13T08:00:00.0/2019-03-13T09:00:00.0;544.899;382.1665;270.117;112.0494;682.4737;214.9808;39.8174;175.1634;95.1089;1
2019-03-13T09:00:00.0/2019-03-13T10:00:00.0;662.8857;483.3372;354.127;129.2102;736.3729;284.3054;51.7723;232.5331;110.0063;1
2019-03-13T10:00:00.0/2019-03-13T11:00:00.0;731.7272;543.7281;407.2168;136.5114;767.5857;312.7781;58.02;254.7581;109.4184;1
2019-03-13T11:00:00.0/2019-03-13T12:00:00.0;746.7516;556.4937;417.8202;138.6736;771.7808;344.8792;127.3021;217.5771;234.7635;1
2019-03-13T12:00:00.0/2019-03-13T13:00:00.0;706.957;521.9968;392.1876;129.8092;765.1654;249.375;7.6224;241.7526;15.2343;1
2019-03-13T13:00:00.0/2019-03-13T14:00:00.0;615.0799;443.5471;332.7718;110.7753;745.6935;223.1573;14.7843;208.373;31.7489;1
2019-03-13T14:00:00.0/2019-03-13T15:00:00.0;477.4081;327.4859;240.4358;87.0501;692.5533;185.3675;51.1694;134.1981;163.9213;1
2019-03-13T15:00:00.0/2019-03-13T16:00:00.0;303.3518;185.7123;124.6793;61.033;555.8862;167.821;114.9531;52.868;512.937;1
2019-03-13T16:00:00.0/2019-03-13T17:00:00.0;104.8015;47.3187;22.8241;24.4946;220.5851;31.521;9.1078;22.4132;73.8324;1
2019-03-13T17:00:00.0/2019-03-13T18:00:00.0;0;0;0;0;0;0;0;0;0;1
2019-03-13T18:00:00.0/2019-03-13T19:00:00.0;0;0;0;0;0;0;0;0;0;1
2019-03-13T19:00:00.0/2019-03-13T20:00:00.0;0;0;0;0;0;0;0;0;0;1
2019-03-13T20:00:00.0/2019-03-13T21:00:00.0;0;0;0;0;0;0;0;0;0;1
2019-03-13T21:00:00.0/2019-03-13T22:00:00.0;0;0;0;0;0;0;0;0;0;1
2019-03-13T22:00:00.0/2019-03-13T23:00:00.0;0;0;0;0;0;0;0;0;0;1
2019-03-13T23:00:00.0/2019-03-14T00:00:00.0;0;0;0;0;0;0;0;0;0;1
2019-03-14T00:00:00.0/2019-03-14T01:00:00.0;0;0;0;0;0;0;0;0;0;1
2019-03-14T01:00:00.0/2019-03-14T02:00:00.0;0;0;0;0;0;0;0;0;0;1
2019-03-14T02:00:00.0/2019-03-14T03:00:00.0;0;0;0;0;0;0;0;0;0;1
2019-03-14T03:00:00.0/2019-03-14T04:00:00.0;0;0;0;0;0;0;0;0;0;1
2019-03-14T04:00:00.0/2019-03-14T05:00:00.0;0;0;0;0;0;0;0;0;0;1
2019-03-14T05:00:00.0/2019-03-14T06:00:00.0;25.5016;8.7796;2.1427;6.6369;38.2394;6.6093;0.3108;6.2985;4.4572;1
2019-03-14T06:00:00.0/2019-03-14T07:00:00.0;204.9501;110.8279;60.2344;50.5935;379.3662;87.3077;32.1345;55.1731;207.0715;1
2019-03-14T07:00:00.0/2019-03-14T08:00:00.0;394.2082;256.997;172.9816;84.0154;599.6046;197.8807;100.4686;97.4122;355.8892;1
2019-03-14T08:00:00.0/2019-03-14T09:00:00.0;553.1213;389.0912;282.5917;106.4995;702.9432;205.7509;24.1792;181.5716;64.1762;1
2019-03-14T09:00:00.0/2019-03-14T10:00:00.0;670.8762;491.3545;378.0005;113.354;775.8957;177.2655;0;177.2655;0;1
2019-03-14T10:00:00.0/2019-03-14T11:00:00.0;739.4656;554.0726;451.4862;102.5864;841.5194;183.3098;0;183.3098;0;1
2019-03-14T11:00:00.0/2019-03-14T12:00:00.0;754.2353;569.349;482.7748;86.5742;882.5023;266.4475;13.1397;253.3078;24.102;1
2019-03-14T12:00:00.0/2019-03-14T13:00:00.0;714.2008;535.3104;460.8792;74.4312;889.4915;238.7794;3.6486;235.1308;6.8211;1
2019-03-14T13:00:00.0/2019-03-14T14:00:00.0;622.1153;455.1885;387.93;67.2585;858.9586;181.237;0;181.237;0;1
2019-03-14T14:00:00.0/2019-03-14T15:00:00.0;484.281;337.662;280.432;57.23;795.9416;170.2515;3.1918;167.0598;9.9588;1
2019-03-14T15:00:00.0/2019-03-14T16:00:00.0;310.1195;194.3476;149.3884;44.9592;653.129;90.3826;1.9572;88.4255;7.1451;1
2019-03-14T16:00:00.0/2019-03-14T17:00:00.0;111.5287;52.3896;30.9299;21.4597;295.8171;23.1041;0.06;23.0441;0.9038;1
2019-03-14T17:00:00.0/2019-03-14T18:00:00.0;0.1305;0.0294;0.0042;0.0252;0;0;0;0;0;1
2019-03-14T18:00:00.0/2019-03-14T19:00:00.0;0;0;0;0;0;0;0;0;0;1
2019-03-14T19:00:00.0/2019-03-14T20:00:00.0;0;0;0;0;0;0;0;0;0;1
2019-03-14T20:00:00.0/2019-03-14T21:00:00.0;0;0;0;0;0;0;0;0;0;1
2019-03-14T21:00:00.0/2019-03-14T22:00:00.0;0;0;0;0;0;0;0;0;0;1
2019-03-14T22:00:00.0/2019-03-14T23:00:00.0;0;0;0;0;0;0;0;0;0;1
2019-03-14T23:00:00.0/2019-03-15T00:00:00.0;0;0;0;0;0;0;0;0;0;1
2019-03-15T00:00:00.0/2019-03-15T01:00:00.0;0;0;0;0;0;0;0;0;0;1
2019-03-15T01:00:00.0/2019-03-15T02:00:00.0;0;0;0;0;0;0;0;0;0;1
2019-03-15T02:00:00.0/2019-03-15T03:00:00.0;0;0;0;0;0;0;0;0;0;1
2019-03-15T03:00:00.0/2019-03-15T04:00:00.0;0;0;0;0;0;0;0;0;0;1
2019-03-15T04:00:00.0/2019-03-15T05:00:00.0;0;0;0;0;0;0;0;0;0;1
2019-03-15T05:00:00.0/2019-03-15T06:00:00.0;29.9171;9.7776;2.6947;7.0829;45.1026;5.3774;0;5.3774;0;1
2019-03-15T06:00:00.0/2019-03-15T07:00:00.0;213.5187;111.7719;65.1915;46.5804;394.3975;51.8708;5.4898;46.381;25.4103;1
2019-03-15T07:00:00.0/2019-03-15T08:00:00.0;402.6187;260.6395;190.4668;70.1727;645.3591;178.4674;74.5368;103.9305;267.2376;1
2019-03-15T08:00:00.0/2019-03-15T09:00:00.0;561.325;398.3512;319.0254;79.3258;781.0956;167.4257;0;167.4257;0;1
2019-03-15T09:00:00.0/2019-03-15T10:00:00.0;678.8382;500.2539;411.4286;88.8253;835.0217;260.5458;15.6579;244.8879;30.7684;1
2019-03-15T10:00:00.0/2019-03-15T11:00:00.0;747.1682;555.7855;453.0289;102.7567;835.5353;263.2716;5.1903;258.0812;9.7626;1
2019-03-15T11:00:00.0/2019-03-15T12:00:00.0;761.6781;564.3146;451.1838;113.1307;816.1734;273.908;3.6649;270.243;6.6528;1
2019-03-15T12:00:00.0/2019-03-15T13:00:00.0;721.4019;526.9165;414.0369;112.8796;790.6429;229.2252;0.6765;228.5488;1.2611;1
2019-03-15T13:00:00.0/2019-03-15T14:00:00.0;629.109;446.6953;344.8288;101.8665;754.4282;102.9256;0;102.9256;0;1
2019-03-15T14:00:00.0/2019-03-15T15:00:00.0;491.1164;329.283;243.5017;85.7813;680.4522;79.7473;0;79.7473;0;1
2019-03-15T15:00:00.0/2019-03-15T16:00:00.0;316.8566;188.6937;122.2129;66.4808;519.7297;76.0073;0;76.0073;0;1
2019-03-15T16:00:00.0/2019-03-15T17:00:00.0;118.2343;52.1068;21.5921;30.5148;190.9121;21.2231;0;21.2231;0;1
2019-03-15T17:00:00.0/2019-03-15T18:00:00.0;0.4745;0.1064;0.0054;0.1009;0;0.0037;0;0.0037;0;1
2019-03-15T18:00:00.0/2019-03-15T19:00:00.0;0;0;0;0;0;0;0;0;0;1
2019-03-15T19:00:00.0/2019-03-15T20:00:00.0;0;0;0;0;0;0;0;0;0;1
2019-03-15T20:00:00.0/2019-03-15T21:00:00.0;0;0;0;0;0;0;0;0;0;1
2019-03-15T21:00:00.0/2019-03-15T22:00:00.0;0;0;0;0;0;0;0;0;0;1
2019-03-15T22:00:00.0/2019-03-15T23:00:00.0;0;0;0;0;0;0;0;0;0;1
2019-03-15T23:00:00.0/2019-03-16T00:00:00.0;0;0;0;0;0;0;0;0;0;1
2019-03-16T00:00:00.0/2019-03-16T01:00:00.0;0;0;0;0;0;0;0;0;0;1
2019-03-16T01:00:00.0/2019-03-16T02:00:00.0;0;0;0;0;0;0;0;0;0;1
2019-03-16T02:00:00.0/2019-03-16T03:00:00.0;0;0;0;0;0;0;0;0;0;1
2019-03-16T03:00:00.0/2019-03-16T04:00:00.0;0;0;0;0;0;0;0;0;0;1
2019-03-16T04:00:00.0/2019-03-16T05:00:00.0;0;0;0;0;0;0;0;0;0;1
2019-03-16T05:00:00.0/2019-03-16T06:00:00.0;34.7376;12.3058;2.4686;9.8372;36.7684;9.6286;0.5255;9.1031;6.5767;1
2019-03-16T06:00:00.0/2019-03-16T07:00:00.0;222.0878;122.5905;63.8397;58.7507;370.552;81.8747;6.3808;75.494;46.0472;1
2019-03-16T07:00:00.0/2019-03-16T08:00:00.0;411.018;274.4797;185.6047;88.875;615.9188;168.5338;13.7299;154.8038;43.7785;1
2019-03-16T08:00:00.0/2019-03-16T09:00:00.0;569.5063;411.49;307.5143;103.9757;741.8088;291.3936;99.8638;191.5297;234.2854;1
2019-03-16T09:00:00.0/2019-03-16T10:00:00.0;686.7687;513.9456;403.4391;110.5066;808.5296;369.3729;172.2418;197.1311;349.0214;1
2019-03-16T10:00:00.0/2019-03-16T11:00:00.0;754.832;572.4854;460.7299;111.7554;840.5187;417.6448;191.3441;226.3006;349.3241;1
2019-03-16T11:00:00.0/2019-03-16T12:00:00.0;769.0778;583.3997;474.2176;109.1822;849.1689;385.3127;148.6865;236.6263;267.1428;1
2019-03-16T12:00:00.0/2019-03-16T13:00:00.0;728.558;544.027;438.5912;105.4358;828.7304;456.8439;332.8027;124.0412;624.3974;1
2019-03-16T13:00:00.0/2019-03-16T14:00:00.0;636.0594;458.1227;358.1896;99.9331;774.4179;185.223;8.378;176.8449;16.8315;1
2019-03-16T14:00:00.0/2019-03-16T15:00:00.0;497.9129;335.838;247.4346;88.4033;681.1693;106.3157;0;106.3157;0;1
2019-03-16T15:00:00.0/2019-03-16T16:00:00.0;323.5618;194.5826;130.3651;64.2175;547.2618;73.2047;0;73.2047;0;1
2019-03-16T16:00:00.0/2019-03-16T17:00:00.0;124.9172;58.1374;30.7443;27.3931;278.4651;30.7017;0.0005;30.7012;0.0055;1
2019-03-16T17:00:00.0/2019-03-16T18:00:00.0;1.0049;0.2376;0.0152;0.2224;0;0.0445;0;0.0445;0;1
2019-03-16T18:00:00.0/2019-03-16T19:00:00.0;0;0;0;0;0;0;0;0;0;1
2019-03-16T19:00:00.0/2019-03-16T20:00:00.0;0;0;0;0;0;0;0;0;0;1
2019-03-16T20:00:00.0/2019-03-16T21:00:00.0;0;0;0;0;0;0;0;0;0;1
2019-03-16T21:00:00.0/2019-03-16T22:00:00.0;0;0;0;0;0;0;0;0;0;1
2019-03-16T22:00:00.0/2019-03-16T23:00:00.0;0;0;0;0;0;0;0;0;0;1
2019-03-16T23:00:00.0/2019-03-17T00:00:00.0;0;0;0;0;0;0;0;0;0;1
2019-03-17T00:00:00.0/2019-03-17T01:00:00.0;0;0;0;0;0;0;0;0;0;1
2019-03-17T01:00:00.0/2019-03-17T02:00:00.0;0;0;0;0;0;0;0;0;0;1
2019-03-17T02:00:00.0/2019-03-17T03:00:00.0;0;0;0;0;0;0;0;0;0;1
2019-03-17T03:00:00.0/2019-03-17T04:00:00.0;0;0;0;0;0;0;0;0;0;1
2019-03-17T04:00:00.0/2019-03-17T05:00:00.0;0;0;0;0;0;0;0;0;0;1
2019-03-17T05:00:00.0/2019-03-17T06:00:00.0;39.8765;14.4093;4.5502;9.8591;67.1908;8.4246;0;8.4246;0;1
2019-03-17T06:00:00.0/2019-03-17T07:00:00.0;230.6535;126.0871;76.2991;49.7881;432.0933;64.7481;4.2567;60.4914;25.1642;1
2019-03-17T07:00:00.0/2019-03-17T08:00:00.0;419.4024;274.6529;205.2074;69.4455;667.7731;112.1821;1.482;110.7001;5.6265;1
2019-03-17T08:00:00.0/2019-03-17T09:00:00.0;577.6623;408.3602;333.2094;75.1509;792.1575;199.6809;17.716;181.9649;39.7442;1
2019-03-17T09:00:00.0/2019-03-17T10:00:00.0;694.6648;509.3092;431.1919;78.1173;854.0107;247.6209;22.9998;224.6211;46.2653;1
2019-03-17T10:00:00.0/2019-03-17T11:00:00.0;762.4544;568.5296;486.4649;82.0646;878.1502;117.9469;0;117.9469;0;1
2019-03-17T11:00:00.0/2019-03-17T12:00:00.0;776.4318;581.272;497.8469;83.4251;882.5541;96.5356;0;96.5356;0;1
2019-03-17T12:00:00.0/2019-03-17T13:00:00.0;735.6675;546.9326;464.0003;82.9323;867.9216;168.7609;0;168.7609;0;1
2019-03-17T13:00:00.0/2019-03-17T14:00:00.0;642.965;467.8763;387.8034;80.0728;829.3389;179.5429;0;179.5429;0;1
2019-03-17T14:00:00.0/2019-03-17T15:00:00.0;504.6693;350.2559;277.6207;72.6351;754.4876;139.6009;1.3915;138.2094;4.0634;1
2019-03-17T15:00:00.0/2019-03-17T16:00:00.0;330.2341;206.0212;148.131;57.8902;607.5791;83.2319;0.8893;82.3426;3.1274;1
2019-03-17T16:00:00.0/2019-03-17T17:00:00.0;131.5766;62.1073;33.637;28.4703;292.5212;19.9749;0;19.9749;0;1
2019-03-17T17:00:00.0/2019-03-17T18:00:00.0;1.7764;0.4244;0.0358;0.3886;0;0.115;0;0.115;0;1
2019-03-17T18:00:00.0/2019-03-17T19:00:00.0;0;0;0;0;0;0;0;0;0;1
2019-03-17T19:00:00.0/2019-03-17T20:00:00.0;0;0;0;0;0;0;0;0;0;1
2019-03-17T20:00:00.0/2019-03-17T21:00:00.0;0;0;0;0;0;0;0;0;0;1
2019-03-17T21:00:00.0/2019-03-17T22:00:00.0;0;0;0;0;0;0;0;0;0;1
2019-03-17T22:00:00.0/2019-03-17T23:00:00.0;0;0;0;0;0;0;0;0;0;1
2019-03-17T23:00:00.0/2019-03-18T00:00:00.0;0;0;0;0;0;0;0;0;0;1
2019-03-18T00:00:00.0/2019-03-18T01:00:00.0;0;0;0;0;0;0;0;0;0;1
2019-03-18T01:00:00.0/2019-03-18T02:00:00.0;0;0;0;0;0;0;0;0;0;1
2019-03-18T02:00:00.0/2019-03-18T03:00:00.0;0;0;0;0;0;0;0;0;0;1
2019-03-18T03:00:00.0/2019-03-18T04:00:00.0;0;0;0;0;0;0;0;0;0;1
2019-03-18T04:00:00.0/2019-03-18T05:00:00.0;0;0;0;0;0;0;0;0;0;1
2019-03-18T05:00:00.0/2019-03-18T06:00:00.0;45.4148;15.7346;2.6637;13.071;35.6495;9.4496;0;9.4496;0;1
2019-03-18T06:00:00.0/2019-03-18T07:00:00.0;239.2121;124.6149;51.7331;72.8818;280.1116;54.5137;0;54.5137;0;1
2019-03-18T07:00:00.0/2019-03-18T08:00:00.0;427.7683;268.5579;147.6184;120.9395;470.0341;92.7503;0;92.7503;0;1
2019-03-18T08:00:00.0/2019-03-18T09:00:00.0;585.7894;398.2975;243.5476;154.7499;570.6289;166.2483;0;166.2483;0;1
2019-03-18T09:00:00.0/2019-03-18T10:00:00.0;702.5233;497.2218;320.3208;176.901;626.7628;241.4251;8.0355;233.3896;15.6502;1
2019-03-18T10:00:00.0/2019-03-18T11:00:00.0;770.0328;555.6252;367.6024;188.0229;656.6727;258.876;17.7706;241.1055;31.1793;1
2019-03-18T11:00:00.0/2019-03-18T12:00:00.0;783.7382;566.1074;374.6595;191.4479;657.6078;338.7505;68.5239;270.2266;119.9011;1
2019-03-18T12:00:00.0/2019-03-18T13:00:00.0;742.7285;526.7651;342.029;184.7361;633.2056;232.0616;17.4158;214.6457;33.6313;1
2019-03-18T13:00:00.0/2019-03-18T14:00:00.0;649.8241;441.2949;274.2323;167.0626;579.4284;216.9403;39.2652;177.675;80.2145;1
2019-03-18T14:00:00.0/2019-03-18T15:00:00.0;511.3842;319.5284;180.7079;138.8205;482.8905;178.661;16.0335;162.6275;46.8002;1
2019-03-18T15:00:00.0/2019-03-18T16:00:00.0;336.8726;181.0084;85.9232;95.0852;343.298;107.2474;6.8142;100.4332;23.1617;1
2019-03-18T16:00:00.0/2019-03-18T17:00:00.0;138.2115;54.2398;16.4288;37.811;132.873;29.6466;0;29.6466;0;1
2019-03-18T17:00:00.0/2019-03-18T18:00:00.0;2.7565;0.5955;0.0206;0.5749;0.4821;0.162;0;0.162;0;1
2019-03-18T18:00:00.0/2019-03-18T19:00:00.0;0;0;0;0;0;0;0;0;0;1
2019-03-18T19:00:00.0/2019-03-18T20:00:00.0;0;0;0;0;0;0;0;0;0;1
2019-03-18T20:00:00.0/2019-03-18T21:00:00.0;0;0;0;0;0;0;0;0;0;1
2019-03-18T21:00:00.0/2019-03-18T22:00:00.0;0;0;0;0;0;0;0;0;0;1
2019-03-18T22:00:00.0/2019-03-18T23:00:00.0;0;0;0;0;0;0;0;0;0;1
2019-03-18T23:00:00.0/2019-03-19T00:00:00.0;0;0;0;0;0;0;0;0;0;1
2019-03-19T00:00:00.0/2019-03-19T01:00:00.0;0;0;0;0;0;0;0;0;0;1
2019-03-19T01:00:00.0/2019-03-19T02:00:00.0;0;0;0;0;0;0;0;0;0;1
2019-03-19T02:00:00.0/2019-03-19T03:00:00.0;0;0;0;0;0;0;0;0;0;1
2019-03-19T03:00:00.0/2019-03-19T04:00:00.0;0;0;0;0;0;0;0;0;0;1
2019-03-19T04:00:00.0/2019-03-19T05:00:00.0;0;0;0;0;0;0;0;0;0;1
2019-03-19T05:00:00.0/2019-03-19T06:00:00.0;51.2727;20.865;8.4564;12.4087;112.7325;12.4729;0;12.4729;0;1
2019-03-19T06:00:00.0/2019-03-19T07:00:00.0;247.7598;146.6702;96.8759;49.7943;517.2869;55.6796;0;55.6796;0;1
2019-03-19T07:00:00.0/2019-03-19T08:00:00.0;436.1123;301.9172;233.502;68.4152;731.3468;158.3673;15.5138;142.8535;43.5109;1
2019-03-19T08:00:00.0/2019-03-19T09:00:00.0;593.8845;440.377;363.644;76.7329;840.3805;304.9506;132.268;172.6826;298.1178;1
2019-03-19T09:00:00.0/2019-03-19T10:00:00.0;710.3413;544.9601;465.5578;79.4024;900.6816;397.9614;205.1334;192.8279;400.553;1
2019-03-19T10:00:00.0/2019-03-19T11:00:00.0;777.5648;606.1186;527.7881;78.3305;933.1731;391.5715;132.8275;258.744;235.4334;1
2019-03-19T11:00:00.0/2019-03-19T12:00:00.0;790.9947;619.3797;544.9601;74.4196;947.2632;373.9187;95.4773;278.4414;166.0508;1
2019-03-19T12:00:00.0/2019-03-19T13:00:00.0;749.7391;582.9808;510.6439;72.3368;936.2084;496.8282;374.9322;121.896;692.559;1
2019-03-19T13:00:00.0/2019-03-19T14:00:00.0;656.6355;499.781;428.2126;71.5683;895.7783;403.4672;277.7421;125.7251;568.6646;1
2019-03-19T14:00:00.0/2019-03-19T15:00:00.0;518.0568;377.6008;310.9153;66.6855;822.6522;290.9761;179.2652;111.7109;484.002;1
2019-03-19T15:00:00.0/2019-03-19T16:00:00.0;343.4763;229.6718;175.9967;53.6752;696.8321;179.4066;97.3686;82.038;371.6387;1
2019-03-19T16:00:00.0/2019-03-19T17:00:00.0;144.8212;78.0534;49.5337;28.5197;417.7823;60.1661;23.7043;36.4618;190.5734;1
2019-03-19T17:00:00.0/2019-03-19T18:00:00.0;3.9435;1.1901;0.2743;0.9158;8.0199;0.4901;0;0.4901;0;1
2019-03-19T18:00:00.0/2019-03-19T19:00:00.0;0;0;0;0;0;0;0;0;0;1
2019-03-19T19:00:00.0/2019-03-19T20:00:00.0;0;0;0;0;0;0;0;0;0;1
2019-03-19T20:00:00.0/2019-03-19T21:00:00.0;0;0;0;0;0;0;0;0;0;1
2019-03-19T21:00:00.0/2019-03-19T22:00:00.0;0;0;0;0;0;0;0;0;0;1
2019-03-19T22:00:00.0/2019-03-19T23:00:00.0;0;0;0;0;0;0;0;0;0;1
2019-03-19T23:00:00.0/2019-03-20T00:00:00.0;0;0;0;0;0;0;0;0;0;1
2019-03-20T00:00:00.0/2019-03-20T01:00:00.0;0;0;0;0;0;0;0;0;0;1
2019-03-20T01:00:00.0/2019-03-20T02:00:00.0;0;0;0;0;0;0;0;0;0;1
2019-03-20T02:00:00.0/2019-03-20T03:00:00.0;0;0;0;0;0;0;0;0;0;1
2019-03-20T03:00:00.0/2019-03-20T04:00:00.0;0;0;0;0;0;0;0;0;0;1
2019-03-20T04:00:00.0/2019-03-20T05:00:00.0;0;0;0;0;0;0;0;0;0;1
2019-03-20T05:00:00.0/2019-03-20T06:00:00.0;57.5228;23.1535;9.1986;13.9549;116.9845;12.1309;0;12.1309;0;1
2019-03-20T06:00:00.0/2019-03-20T07:00:00.0;256.293;146.5326;92.681;53.8516;479.9458;73.3869;0.4862;72.9007;2.2199;1
2019-03-20T07:00:00.0/2019-03-20T08:00:00.0;444.4308;294.5607;216.4631;78.0976;665.252;166.7917;27.7596;139.0321;78.9348;1
2019-03-20T08:00:00.0/2019-03-20T09:00:00.0;601.9443;425.1869;332.0698;93.1171;756.8708;290.0614;90.0922;199.9692;206.8177;1
2019-03-20T09:00:00.0/2019-03-20T10:00:00.0;718.116;521.8729;417.6908;104.182;799.0787;264.588;11.7884;252.7997;23.0591;1
2019-03-20T10:00:00.0/2019-03-20T11:00:00.0;785.0479;575.6373;461.9783;113.6589;808.6742;294.377;16.447;277.93;28.9532;1
2019-03-20T11:00:00.0/2019-03-20T12:00:00.0;798.1993;582.5385;462.9387;119.5998;796.9462;244.0864;0.0024;244.084;0.0042;1
2019-03-20T12:00:00.0/2019-03-20T13:00:00.0;756.6979;541.9711;418.6487;123.3224;759.8423;188.4839;0;188.4839;0;1
2019-03-20T13:00:00.0/2019-03-20T14:00:00.0;663.3979;457.1342;334.205;122.9292;690.9542;148.5328;0;148.5328;0;1
2019-03-20T14:00:00.0/2019-03-20T15:00:00.0;524.6859;335.8716;222.9613;112.9102;580.4443;60.2075;0;60.2075;0;1
2019-03-20T15:00:00.0/2019-03-20T16:00:00.0;350.0444;193.8913;107.5518;86.3394;412.9163;45.6235;0;45.6235;0;1
2019-03-20T16:00:00.0/2019-03-20T17:00:00.0;151.405;61.0883;21.3297;39.7586;161.5459;35.4142;0;35.4142;0;1
2019-03-20T17:00:00.0/2019-03-20T18:00:00.0;5.3357;1.2378;0.0604;1.1774;1.8652;0.3969;0;0.3969;0;1
2019-03-20T18:00:00.0/2019-03-20T19:00:00.0;0;0;0;0;0;0;0;0;0;1
2019-03-20T19:00:00.0/2019-03-20T20:00:00.0;0;0;0;0;0;0;0;0;0;1
2019-03-20T20:00:00.0/2019-03-20T21:00:00.0;0;0;0;0;0;0;0;0;0;1
2019-03-20T21:00:00.0/2019-03-20T22:00:00.0;0;0;0;0;0;0;0;0;0;1
2019-03-20T22:00:00.0/2019-03-20T23:00:00.0;0;0;0;0;0;0;0;0;0;1
2019-03-20T23:00:00.0/2019-03-21T00:00:00.0;0;0;0;0;0;0;0;0;0;1
2019-03-21T00:00:00.0/2019-03-21T01:00:00.0;0;0;0;0;0;0;0;0;0;1
2019-03-21T01:00:00.0/2019-03-21T02:00:00.0;0;0;0;0;0;0;0;0;0;1
2019-03-21T02:00:00.0/2019-03-21T03:00:00.0;0;0;0;0;0;0;0;0;0;1
2019-03-21T03:00:00.0/2019-03-21T04:00:00.0;0;0;0;0;0;0;0;0;0;1
2019-03-21T04:00:00.0/2019-03-21T05:00:00.0;0;0;0;0;0;0;0;0;0;1
2019-03-21T05:00:00.0/2019-03-21T06:00:00.0;64.091;19.9249;3.9527;15.9723;45.9071;11.5139;0;11.5139;0;1
2019-03-21T06:00:00.0/2019-03-21T07:00:00.0;264.8079;124.4694;54.9792;69.4902;270.0682;52.7879;0;52.7879;0;1
2019-03-21T07:00:00.0/2019-03-21T08:00:00.0;452.7203;265.6283;156.0753;109.5529;468.4734;131.6861;0.0428;131.6433;0.1323;1
2019-03-21T08:00:00.0/2019-03-21T09:00:00.0;609.9656;398.015;264.1058;133.9092;592.8766;97.3899;0;97.3899;0;1
2019-03-21T09:00:00.0/2019-03-21T10:00:00.0;725.8447;500.687;355.1544;145.5325;671.3572;170.8448;0;170.8448;0;1
2019-03-21T10:00:00.0/2019-03-21T11:00:00.0;792.4796;562.4645;415.36;147.1045;719.6984;298.4135;55.9975;242.416;95.7342;1
2019-03-21T11:00:00.0/2019-03-21T12:00:00.0;805.3502;577.9191;436.5182;141.4009;744.4293;386.0334;120.8053;265.228;205.7328;1
2019-03-21T12:00:00.0/2019-03-21T13:00:00.0;763.6033;542.6682;405.778;136.8903;729.4625;406.2335;192.9035;213.33;349.9934;1
2019-03-21T13:00:00.0/2019-03-21T14:00:00.0;670.1101;459.8189;327.0292;132.7897;669.0856;268.2606;72.4324;195.8281;141.0542;1
2019-03-21T14:00:00.0/2019-03-21T15:00:00.0;531.2706;340.5946;221.9953;118.5994;570.7563;118.7496;0;118.7496;0;1
2019-03-21T15:00:00.0/2019-03-21T16:00:00.0;356.5762;201.212;112.4737;88.7383;425.4863;54.1309;0;54.1309;0;1
2019-03-21T16:00:00.0/2019-03-21T17:00:00.0;157.9622;67.6583;25.9614;41.6969;194.6653;28.796;0;28.796;0;1
2019-03-21T17:00:00.0/2019-03-21T18:00:00.0;6.9315;1.7339;0.1264;1.6075;3.8362;0.4863;0;0.4863;0;1
2019-03-21T18:00:00.0/2019-03-21T19:00:00.0;0;0;0;0;0;0;0;0;0;1
2019-03-21T19:00:00.0/2019-03-21T20:00:00.0;0;0;0;0;0;0;0;0;0;1
2019-03-21T20:00:00.0/2019-03-21T21:00:00.0;0;0;0;0;0;0;0;0;0;1
2019-03-21T21:00:00.0/2019-03-21T22:00:00.0;0;0;0;0;0;0;0;0;0;1
2019-03-21T22:00:00.0/2019-03-21T23:00:00.0;0;0;0;0;0;0;0;0;0;1
2019-03-21T23:00:00.0/2019-03-22T00:00:00.0;0;0;0;0;0;0;0;0;0;1
2019-03-22T00:00:00.0/2019-03-22T01:00:00.0;0;0;0;0;0;0;0;0;0;1
2019-03-22T01:00:00.0/2019-03-22T02:00:00.0;0;0;0;0;0;0;0;0;0;1
2019-03-22T02:00:00.0/2019-03-22T03:00:00.0;0;0;0;0;0;0;0;0;0;1
2019-03-22T03:00:00.0/2019-03-22T04:00:00.0;0;0;0;0;0;0;0;0;0;1
2019-03-22T04:00:00.0/2019-03-22T05:00:00.0;0;0;0;0;0;0;0;0;0;1
2019-03-22T05:00:00.0/2019-03-22T06:00:00.0;71.0427;27.6072;9.972;17.6352;111.9075;12.4854;0;12.4854;0;1
2019-03-22T06:00:00.0/2019-03-22T07:00:00.0;273.3005;152.6865;92.3926;60.2939;448.474;24.3465;0;24.3465;0;1
2019-03-22T07:00:00.0/2019-03-22T08:00:00.0;460.9771;300.9486;215.3098;85.6388;636.9731;45.8893;0;45.8893;0;1
2019-03-22T08:00:00.0/2019-03-22T09:00:00.0;617.945;433.2273;332.6619;100.5653;737.6057;76.2166;0;76.2166;0;1
2019-03-22T09:00:00.0/2019-03-22T10:00:00.0;733.5243;531.9146;420.8857;111.0289;787.3318;160.5646;0;160.5646;0;1
2019-03-22T10:00:00.0/2019-03-22T11:00:00.0;799.8574;587.4691;468.2153;119.2538;803.494;189.706;0;189.706;0;1
2019-03-22T11:00:00.0/2019-03-22T12:00:00.0;812.4449;596.1725;472.4597;123.7127;798.1946;192.4721;0;192.4721;0;1
2019-03-22T12:00:00.0/2019-03-22T13:00:00.0;770.4532;552.3257;414.7397;137.586;738.0908;139.345;0;139.345;0;1
2019-03-22T13:00:00.0/2019-03-22T14:00:00.0;676.7706;459.3629;307.5464;151.8165;621.8116;120.4887;0;120.4887;0;1
2019-03-22T14:00:00.0/2019-03-22T15:00:00.0;537.8098;331.0834;186.736;144.3474;472.5338;61.7666;0;61.7666;0;1
2019-03-22T15:00:00.0/2019-03-22T16:00:00.0;363.0707;190.8448;85.4935;105.3512;316.5267;25.4375;0;25.4375;0;1
2019-03-22T16:00:00.0/2019-03-22T17:00:00.0;164.4918;64.5845;18.1329;46.4515;129.4501;12.3662;0;12.3662;0;1
2019-03-22T17:00:00.0/2019-03-22T18:00:00.0;8.729;2.1065;0.1195;1.987;3.1073;0.6314;0;0.6314;0;1
2019-03-22T18:00:00.0/2019-03-22T19:00:00.0;0;0;0;0;0;0;0;0;0;1
2019-03-22T19:00:00.0/2019-03-22T20:00:00.0;0;0;0;0;0;0;0;0;0;1
2019-03-22T20:00:00.0/2019-03-22T21:00:00.0;0;0;0;0;0;0;0;0;0;1
2019-03-22T21:00:00.0/2019-03-22T22:00:00.0;0;0;0;0;0;0;0;0;0;1
2019-03-22T22:00:00.0/2019-03-22T23:00:00.0;0;0;0;0;0;0;0;0;0;1
2019-03-22T23:00:00.0/2019-03-23T00:00:00.0;0;0;0;0;0;0;0;0;0;1
2019-03-23T00:00:00.0/2019-03-23T01:00:00.0;0;0;0;0;0;0;0;0;0;1
2019-03-23T01:00:00.0/2019-03-23T02:00:00.0;0;0;0;0;0;0;0;0;0;1
2019-03-23T02:00:00.0/2019-03-23T03:00:00.0;0;0;0;0;0;0;0;0;0;1
2019-03-23T03:00:00.0/2019-03-23T04:00:00.0;0;0;0;0;0;0;0;0;0;1
2019-03-23T04:00:00.0/2019-03-23T05:00:00.0;0;0;0;0;0;0;0;0;0;1
2019-03-23T05:00:00.0/2019-03-23T06:00:00.0;78.3091;26.3245;6.5174;19.8071;69.1724;12.3065;0;12.3065;0;1
2019-03-23T06:00:00.0/2019-03-23T07:00:00.0;281.7679;138.6829;65.7378;72.9451;307.0606;19.1516;0;19.1516;0;1
2019-03-23T07:00:00.0/2019-03-23T08:00:00.0;469.1985;279.3868;165.8423;113.5445;480.8844;61.3038;0;61.3038;0;1
2019-03-23T08:00:00.0/2019-03-23T09:00:00.0;625.8802;408.1653;265.9675;142.1978;581.633;103.9169;0;103.9169;0;1
2019-03-23T09:00:00.0/2019-03-23T10:00:00.0;741.1528;506.8835;347.02;159.8636;641.8604;239.8089;8.8856;230.9233;15.7066;1
2019-03-23T10:00:00.0/2019-03-23T11:00:00.0;807.1797;564.6859;397.1783;167.5077;674.9642;435.6631;176.9738;258.6893;299.431;1
2019-03-23T11:00:00.0/2019-03-23T12:00:00.0;819.4825;575.6321;407.4715;168.1607;682.1179;408.3291;135.5894;272.7397;226.4293;1
2019-03-23T12:00:00.0/2019-03-23T13:00:00.0;777.2473;538.3094;373.2837;165.0258;658.5168;307.9426;32.2938;275.6489;57.0117;1
2019-03-23T13:00:00.0/2019-03-23T14:00:00.0;683.379;456.0036;299.4041;156.5994;599.9196;312.7845;82.3577;230.4268;167.6294;1
2019-03-23T14:00:00.0/2019-03-23T15:00:00.0;544.3032;337.455;200.5676;136.8874;502.5293;266.8053;96.507;170.2983;244.1123;1
2019-03-23T15:00:00.0/2019-03-23T16:00:00.0;369.5279;201.6882;102.5052;99.1831;374.6028;164.8231;57.4013;107.4218;209.8673;1
2019-03-23T16:00:00.0/2019-03-23T17:00:00.0;170.9939;72.1526;26.2522;45.9004;186.3391;59.8903;12.188;47.7023;76.4133;1
2019-03-23T17:00:00.0/2019-03-23T18:00:00.0;10.7268;2.7601;0.2728;2.4872;6.879;1.5154;0;1.5154;0;1
2019-03-23T18:00:00.0/2019-03-23T19:00:00.0;0;0;0;0;0;0;0;0;0;1
2019-03-23T19:00:00.0/2019-03-23T20:00:00.0;0;0;0;0;0;0;0;0;0;1
2019-03-23T20:00:00.0/2019-03-23T21:00:00.0;0;0;0;0;0;0;0;0;0;1
2019-03-23T21:00:00.0/2019-03-23T22:00:00.0;0;0;0;0;0;0;0;0;0;1
2019-03-23T22:00:00.0/2019-03-23T23:00:00.0;0;0;0;0;0;0;0;0;0;1
2019-03-23T23:00:00.0/2019-03-24T00:00:00.0;0;0;0;0;0;0;0;0;0;1
2019-03-24T00:00:00.0/2019-03-24T01:00:00.0;0;0;0;0;0;0;0;0;0;1
2019-03-24T01:00:00.0/2019-03-24T02:00:00.0;0;0;0;0;0;0;0;0;0;1
2019-03-24T02:00:00.0/2019-03-24T03:00:00.0;0;0;0;0;0;0;0;0;0;1
2019-03-24T03:00:00.0/2019-03-24T04:00:00.0;0;0;0;0;0;0;0;0;0;1
2019-03-24T04:00:00.0/2019-03-24T05:00:00.0;0;0;0;0;0;0;0;0;0;1
2019-03-24T05:00:00.0/2019-03-24T06:00:00.0;85.9489;34.504;12.5595;21.9446;130.4156;24.3804;0.1203;24.2602;0.971;1
2019-03-24T06:00:00.0/2019-03-24T07:00:00.0;290.2063;164.1063;94.5036;69.6027;433.384;69.5081;0;69.5081;0;1
2019-03-24T07:00:00.0/2019-03-24T08:00:00.0;477.3809;313.2883;211.282;102.0063;603.2305;112.994;1.8543;111.1397;4.5872;1
2019-03-24T08:00:00.0/2019-03-24T09:00:00.0;633.768;445.3911;320.7404;124.6507;692.7714;290.6169;69.3433;221.2736;150.4646;1
2019-03-24T09:00:00.0/2019-03-24T10:00:00.0;748.7274;544.5691;404.6235;139.9456;740.6423;257.8295;3.0976;254.7319;6.0156;1
2019-03-24T10:00:00.0/2019-03-24T11:00:00.0;814.444;601.366;452.4279;148.938;761.6209;264.5296;0.5061;264.0235;0.8369;1
2019-03-24T11:00:00.0/2019-03-24T12:00:00.0;826.4609;610.3679;458.1601;152.2078;760.0569;361.3431;69.9059;291.4372;116.3297;1
2019-03-24T12:00:00.0/2019-03-24T13:00:00.0;783.9836;572.4811;428.5526;143.9286;749.3987;449.2087;233.433;215.7758;411.6583;1
2019-03-24T13:00:00.0/2019-03-24T14:00:00.0;689.9338;491.3052;367.5482;123.757;729.9144;441.2326;313.0399;128.1927;616.207;1
2019-03-24T14:00:00.0/2019-03-24T15:00:00.0;550.7498;372.8414;273.5545;99.2869;679.2285;318.5451;204.8324;113.7127;518.2872;1
2019-03-24T15:00:00.0/2019-03-24T16:00:00.0;375.9467;230.677;158.0019;72.6751;569.6521;214.2541;151.2278;63.0264;543.9462;1
2019-03-24T16:00:00.0/2019-03-24T17:00:00.0;177.4677;86.6558;47.6723;38.9835;336.2349;76.4152;38.1261;38.2891;250.1093;1
2019-03-24T17:00:00.0/2019-03-24T18:00:00.0;12.9232;3.7696;0.8644;2.9053;20.5797;2.3388;0;2.3388;0;1
2019-03-24T18:00:00.0/2019-03-24T19:00:00.0;0;0;0;0;0;0;0;0;0;1
2019-03-24T19:00:00.0/2019-03-24T20:00:00.0;0;0;0;0;0;0;0;0;0;1
2019-03-24T20:00:00.0/2019-03-24T21:00:00.0;0;0;0;0;0;0;0;0;0;1
2019-03-24T21:00:00.0/2019-03-24T22:00:00.0;0;0;0;0;0;0;0;0;0;1
2019-03-24T22:00:00.0/2019-03-24T23:00:00.0;0;0;0;0;0;0;0;0;0;1
2019-03-24T23:00:00.0/2019-03-25T00:00:00.0;0;0;0;0;0;0;0;0;0;1
2019-03-25T00:00:00.0/2019-03-25T01:00:00.0;0;0;0;0;0;0;0;0;0;1
2019-03-25T01:00:00.0/2019-03-25T02:00:00.0;0;0;0;0;0;0;0;0;0;1
2019-03-25T02:00:00.0/2019-03-25T03:00:00.0;0;0;0;0;0;0;0;0;0;1
2019-03-25T03:00:00.0/2019-03-25T04:00:00.0;0;0;0;0;0;0;0;0;0;1
2019-03-25T04:00:00.0/2019-03-25T05:00:00.0;0;0;0;0;0;0;0;0;0;1
2019-03-25T05:00:00.0/2019-03-25T06:00:00.0;93.8976;41.4141;18.9637;22.4503;189.0384;24.6575;0.9067;23.7508;7.6349;1
2019-03-25T06:00:00.0/2019-03-25T07:00:00.0;298.6119;181.5075;119.9555;61.552;538.2964;75.0837;0.0418;75.0419;0.1452;1
2019-03-25T07:00:00.0/2019-03-25T08:00:00.0;485.5209;335.0071;247.4437;87.5634;695.2419;196.5243;38.079;158.4453;108.6343;1
2019-03-25T08:00:00.0/2019-03-25T09:00:00.0;641.6052;469.9907;363.036;106.9547;774.394;306.2971;92.1003;214.1968;191.9939;1
2019-03-25T09:00:00.0/2019-03-25T10:00:00.0;756.2454;571.6746;456.2375;115.4371;826.2479;347.959;83.914;264.045;154.5745;1
2019-03-25T10:00:00.0/2019-03-25T11:00:00.0;821.6481;630.4706;517.2914;113.1793;862.6334;384.6597;81.1316;303.5282;135.3428;1
2019-03-25T11:00:00.0/2019-03-25T12:00:00.0;833.3782;641.3297;534.1099;107.2199;878.2347;408.5807;102.1668;306.4139;168.0384;1
2019-03-25T12:00:00.0/2019-03-25T13:00:00.0;790.6608;601.8348;498.9158;102.919;864.4024;366.5403;86.0718;280.4685;150.2284;1
2019-03-25T13:00:00.0/2019-03-25T14:00:00.0;696.4341;515.265;415.6192;99.6458;816.8554;370.2731;141.7005;228.5725;276.3086;1
2019-03-25T14:00:00.0/2019-03-25T15:00:00.0;557.1486;390.9184;299.9659;90.9524;735.2319;191.3956;14.1085;177.2871;31.4939;1
2019-03-25T15:00:00.0/2019-03-25T16:00:00.0;382.3266;243.3797;171.3859;71.9938;607.6541;89.5886;0;89.5886;0;1
2019-03-25T16:00:00.0/2019-03-25T17:00:00.0;183.9123;94.0432;53.8659;40.1773;369.5952;59.9758;9.0133;50.9625;76.4136;1
2019-03-25T17:00:00.0/2019-03-25T18:00:00.0;15.292;4.7011;1.2128;3.4883;27.1562;3.1188;0;3.1188;0;1
2019-03-25T18:00:00.0/2019-03-25T19:00:00.0;0;0;0;0;0;0;0;0;0;1
2019-03-25T19:00:00.0/2019-03-25T20:00:00.0;0;0;0;0;0;0;0;0;0;1
2019-03-25T20:00:00.0/2019-03-25T21:00:00.0;0;0;0;0;0;0;0;0;0;1
2019-03-25T21:00:00.0/2019-03-25T22:00:00.0;0;0;0;0;0;0;0;0;0;1
2019-03-25T22:00:00.0/2019-03-25T23:00:00.0;0;0;0;0;0;0;0;0;0;1
2019-03-25T23:00:00.0/2019-03-26T00:00:00.0;0;0;0;0;0;0;0;0;0;1
2019-03-26T00:00:00.0/2019-03-26T01:00:00.0;0;0;0;0;0;0;0;0;0;1
2019-03-26T01:00:00.0/2019-03-26T02:00:00.0;0;0;0;0;0;0;0;0;0;1
2019-03-26T02:00:00.0/2019-03-26T03:00:00.0;0;0;0;0;0;0;0;0;0;1
2019-03-26T03:00:00.0/2019-03-26T04:00:00.0;0;0;0;0;0;0;0;0;0;1
2019-03-26T04:00:00.0/2019-03-26T05:00:00.0;0;0;0;0;0;0;0;0;0;1
2019-03-26T05:00:00.0/2019-03-26T06:00:00.0;102.2075;47.4985;24.0514;23.4471;236.3865;18.1903;0;18.1903;0;1
2019-03-26T06:00:00.0/2019-03-26T07:00:00.0;306.9815;190.8051;131.2306;59.5745;573.9726;39.1654;0;39.1654;0;1
2019-03-26T07:00:00.0/2019-03-26T08:00:00.0;493.6155;344.0453;262.6384;81.407;725.7383;78.6911;0;78.6911;0;1
2019-03-26T08:00:00.0/2019-03-26T09:00:00.0;649.3892;476.9069;380.4015;96.5053;801.3648;94.2067;0;94.2067;0;1
2019-03-26T09:00:00.0/2019-03-26T10:00:00.0;763.7044;574.1462;465.66;108.4861;834.9377;223.9857;0;223.9857;0;1
2019-03-26T10:00:00.0/2019-03-26T11:00:00.0;828.7902;627.1519;508.2552;118.8967;839.9014;301.4919;18.7301;282.7618;30.5786;1
2019-03-26T11:00:00.0/2019-03-26T12:00:00.0;840.233;632.3854;506.2892;126.0963;825.181;362.5353;55.8671;306.6682;91.2144;1
2019-03-26T12:00:00.0/2019-03-26T13:00:00.0;797.2777;593.9747;472.1201;121.8546;810.9371;397.3035;99.6516;297.6519;171.5684;1
2019-03-26T13:00:00.0/2019-03-26T14:00:00.0;702.879;515.0667;408.4846;106.5821;795.4821;383.8836;148.6864;235.1973;291.7689;1
2019-03-26T14:00:00.0/2019-03-26T15:00:00.0;563.499;397.8955;309.7016;88.1939;751.1448;323.2997;188.7999;134.4998;458.8975;1
2019-03-26T15:00:00.0/2019-03-26T16:00:00.0;388.6667;252.0872;183.7964;68.2908;640.7996;168.6298;47.3187;121.3111;152.5147;1
2019-03-26T16:00:00.0/2019-03-26T17:00:00.0;190.3272;99.3883;58.7901;40.5981;391.0271;51.8822;0;51.8822;0;1
2019-03-26T17:00:00.0/2019-03-26T18:00:00.0;17.888;5.6869;1.5269;4.16;32.2234;3.6694;0;3.6694;0;1
2019-03-26T18:00:00.0/2019-03-26T19:00:00.0;0;0;0;0;0;0;0;0;0;1
2019-03-26T19:00:00.0/2019-03-26T20:00:00.0;0;0;0;0;0;0;0;0;0;1
2019-03-26T20:00:00.0/2019-03-26T21:00:00.0;0;0;0;0;0;0;0;0;0;1
2019-03-26T21:00:00.0/2019-03-26T22:00:00.0;0;0;0;0;0;0;0;0;0;1
2019-03-26T22:00:00.0/2019-03-26T23:00:00.0;0;0;0;0;0;0;0;0;0;1
2019-03-26T23:00:00.0/2019-03-27T00:00:00.0;0;0;0;0;0;0;0;0;0;1
2019-03-27T00:00:00.0/2019-03-27T01:00:00.0;0;0;0;0;0;0;0;0;0;1
2019-03-27T01:00:00.0/2019-03-27T02:00:00.0;0;0;0;0;0;0;0;0;0;1
2019-03-27T02:00:00.0/2019-03-27T03:00:00.0;0;0;0;0;0;0;0;0;0;1
2019-03-27T03:00:00.0/2019-03-27T04:00:00.0;0;0;0;0;0;0;0;0;0;1
2019-03-27T04:00:00.0/2019-03-27T05:00:00.0;0.0683;0.0147;0.0014;0.0133;0;0;0;0;0;1
2019-03-27T05:00:00.0/2019-03-27T06:00:00.0;110.7508;48.673;23.2138;25.4593;213.9135;20.2926;0;20.2926;0;1
2019-03-27T06:00:00.0/2019-03-27T07:00:00.0;315.3116;189.4738;127.8597;61.6142;544.6659;47.7359;0;47.7359;0;1
2019-03-27T07:00:00.0/2019-03-27T08:00:00.0;501.6614;339.4838;252.9933;86.4905;687.5275;101.2808;0;101.2808;0;1
2019-03-27T08:00:00.0/2019-03-27T09:00:00.0;657.1171;470.6611;364.8687;105.7924;759.1916;99.9915;0;99.9915;0;1
2019-03-27T09:00:00.0/2019-03-27T10:00:00.0;771.102;571.1633;456.9282;114.235;810.5829;182.0867;0;182.0867;0;1
2019-03-27T10:00:00.0/2019-03-27T11:00:00.0;835.868;631.8718;520.61;111.2617;852.4096;230.1969;0;230.1969;0;1
2019-03-27T11:00:00.0/2019-03-27T12:00:00.0;847.0234;645.3375;541.272;104.0655;874.6927;258.7004;0;258.7004;0;1
2019-03-27T12:00:00.0/2019-03-27T13:00:00.0;803.8329;606.1171;499.6361;106.481;850.2905;216.2979;0;216.2979;0;1
2019-03-27T13:00:00.0/2019-03-27T14:00:00.0;709.2672;516.9176;401.5746;115.343;773.6315;175.8071;0;175.8071;0;1
2019-03-27T14:00:00.0/2019-03-27T15:00:00.0;569.8001;389.4523;275.3839;114.0684;658.1668;103.2851;0;103.2851;0;1
2019-03-27T15:00:00.0/2019-03-27T16:00:00.0;394.9666;242.0566;151.2416;90.815;518.4017;62.1744;0;62.1744;0;1
2019-03-27T16:00:00.0/2019-03-27T17:00:00.0;196.7116;97.1373;48.5354;48.6019;313.1133;25.8942;0;25.8942;0;1
2019-03-27T17:00:00.0/2019-03-27T18:00:00.0;20.6777;6.4681;1.4611;5.007;29.1617;2.8933;0;2.8933;0;1
2019-03-27T18:00:00.0/2019-03-27T19:00:00.0;0;0;0;0;0;0;0;0;0;1
2019-03-27T19:00:00.0/2019-03-27T20:00:00.0;0;0;0;0;0;0;0;0;0;1
2019-03-27T20:00:00.0/2019-03-27T21:00:00.0;0;0;0;0;0;0;0;0;0;1
2019-03-27T21:00:00.0/2019-03-27T22:00:00.0;0;0;0;0;0;0;0;0;0;1
2019-03-27T22:00:00.0/2019-03-27T23:00:00.0;0;0;0;0;0;0;0;0;0;1
2019-03-27T23:00:00.0/2019-03-28T00:00:00.0;0;0;0;0;0;0;0;0;0;1
2019-03-28T00:00:00.0/2019-03-28T01:00:00.0;0;0;0;0;0;0;0;0;0;1
2019-03-28T01:00:00.0/2019-03-28T02:00:00.0;0;0;0;0;0;0;0;0;0;1
2019-03-28T02:00:00.0/2019-03-28T03:00:00.0;0;0;0;0;0;0;0;0;0;1
2019-03-28T03:00:00.0/2019-03-28T04:00:00.0;0;0;0;0;0;0;0;0;0;1
2019-03-28T04:00:00.0/2019-03-28T05:00:00.0;0.4989;0.1053;0.0048;0.1005;0;0.0054;0;0.0054;0;1
2019-03-28T05:00:00.0/2019-03-28T06:00:00.0;119.2788;50.7223;24.4344;26.2879;217.2024;18.6913;0;18.6913;0;1
2019-03-28T06:00:00.0/2019-03-28T07:00:00.0;323.5988;188.7723;128.8962;59.8761;533.9712;31.991;0;31.991;0;1
2019-03-28T07:00:00.0/2019-03-28T08:00:00.0;509.6557;338.3376;259.0277;79.3099;692.1427;73.194;0;73.194;0;1
2019-03-28T08:00:00.0/2019-03-28T09:00:00.0;664.7861;469.949;378.4786;91.4704;777.7882;110.356;0;110.356;0;1
2019-03-28T09:00:00.0/2019-03-28T10:00:00.0;778.4359;569.5438;471.4315;98.1124;828.1193;169.8612;0;169.8612;0;1
2019-03-28T10:00:00.0/2019-03-28T11:00:00.0;842.8797;628.0277;527.7852;100.2425;856.53;180.1571;0;180.1571;0;1
2019-03-28T11:00:00.0/2019-03-28T12:00:00.0;853.748;639.9348;540.6735;99.2612;866.328;204.15;0;204.15;0;1
2019-03-28T12:00:00.0/2019-03-28T13:00:00.0;810.3251;599.6088;497.2583;102.3505;839.0352;241.5974;0;241.5974;0;1
2019-03-28T13:00:00.0/2019-03-28T14:00:00.0;715.5979;510.2779;403.3708;106.907;769.8904;201.746;0;201.746;0;1
2019-03-28T14:00:00.0/2019-03-28T15:00:00.0;576.0511;384.0593;280.5261;103.5332;663.0742;108.554;0;108.554;0;1
2019-03-28T15:00:00.0/2019-03-28T16:00:00.0;401.2253;237.1304;152.2449;84.8855;512.1623;54.4355;0;54.4355;0;1
2019-03-28T16:00:00.0/2019-03-28T17:00:00.0;203.0648;93.2083;44.915;48.2933;277.3313;45.1796;0;45.1796;0;1
2019-03-28T17:00:00.0/2019-03-28T18:00:00.0;23.6594;6.611;1.1908;5.4203;22.048;4.052;0;4.052;0;1
2019-03-28T18:00:00.0/2019-03-28T19:00:00.0;0;0;0;0;0;0;0;0;0;1
2019-03-28T19:00:00.0/2019-03-28T20:00:00.0;0;0;0;0;0;0;0;0;0;1
2019-03-28T20:00:00.0/2019-03-28T21:00:00.0;0;0;0;0;0;0;0;0;0;1
2019-03-28T21:00:00.0/2019-03-28T22:00:00.0;0;0;0;0;0;0;0;0;0;1
2019-03-28T22:00:00.0/2019-03-28T23:00:00.0;0;0;0;0;0;0;0;0;0;1
2019-03-28T23:00:00.0/2019-03-29T00:00:00.0;0;0;0;0;0;0;0;0;0;1
2019-03-29T00:00:00.0/2019-03-29T01:00:00.0;0;0;0;0;0;0;0;0;0;1
2019-03-29T01:00:00.0/2019-03-29T02:00:00.0;0;0;0;0;0;0;0;0;0;1
2019-03-29T02:00:00.0/2019-03-29T03:00:00.0;0;0;0;0;0;0;0;0;0;1
2019-03-29T03:00:00.0/2019-03-29T04:00:00.0;0;0;0;0;0;0;0;0;0;1
2019-03-29T04:00:00.0/2019-03-29T05:00:00.0;1.2593;0.2818;0.0109;0.2708;0;0.0641;0;0.0641;0;1
2019-03-29T05:00:00.0/2019-03-29T06:00:00.0;127.7703;56.168;26.6196;29.5484;229.5846;35.9382;0;35.9382;0;1
2019-03-29T06:00:00.0/2019-03-29T07:00:00.0;331.8399;197.6349;132.2178;65.4171;534.1511;53.3944;0;53.3944;0;1
2019-03-29T07:00:00.0/2019-03-29T08:00:00.0;517.5953;349.5669;263.8765;85.6904;693.8697;87.691;0;87.691;0;1
2019-03-29T08:00:00.0/2019-03-29T09:00:00.0;672.3937;482.6452;385.3213;97.3239;782.4176;137.2418;0;137.2418;0;1
2019-03-29T09:00:00.0/2019-03-29T10:00:00.0;785.7038;582.1972;477.8828;104.3144;831.272;238.4799;0;238.4799;0;1
2019-03-29T10:00:00.0/2019-03-29T11:00:00.0;849.8234;639.3309;530.8994;108.4315;854.077;254.5907;0;254.5907;0;1
2019-03-29T11:00:00.0/2019-03-29T12:00:00.0;860.4052;649.3091;539.9392;109.3699;857.9564;235.9135;0;235.9135;0;1
2019-03-29T12:00:00.0/2019-03-29T13:00:00.0;816.7533;604.2606;483.2458;121.0148;808.2097;256.4134;0;256.4134;0;1
2019-03-29T13:00:00.0/2019-03-29T14:00:00.0;721.8701;507.4693;369.5999;137.8693;698.2943;237.3407;0.2001;237.1406;0.4127;1
2019-03-29T14:00:00.0/2019-03-29T15:00:00.0;582.2512;374.7525;238.075;136.6775;555.192;229.3186;25.1889;204.1296;61.1056;1
2019-03-29T15:00:00.0/2019-03-29T16:00:00.0;407.442;228.0115;120.413;107.5985;397.963;157.3047;28.1859;129.1188;96.0327;1
2019-03-29T16:00:00.0/2019-03-29T17:00:00.0;209.386;90.7486;33.9677;56.7809;203.0489;71.304;11.4727;59.8314;61.886;1
2019-03-29T17:00:00.0/2019-03-29T18:00:00.0;26.8314;7.4482;1.0115;6.4368;17.9165;5.2143;0;5.2143;0;1
2019-03-29T18:00:00.0/2019-03-29T19:00:00.0;0;0;0;0;0;0;0;0;0;1
2019-03-29T19:00:00.0/2019-03-29T20:00:00.0;0;0;0;0;0;0;0;0;0;1
2019-03-29T20:00:00.0/2019-03-29T21:00:00.0;0;0;0;0;0;0;0;0;0;1
2019-03-29T21:00:00.0/2019-03-29T22:00:00.0;0;0;0;0;0;0;0;0;0;1
2019-03-29T22:00:00.0/2019-03-29T23:00:00.0;0;0;0;0;0;0;0;0;0;1
2019-03-29T23:00:00.0/2019-03-30T00:00:00.0;0;0;0;0;0;0;0;0;0;1
2019-03-30T00:00:00.0/2019-03-30T01:00:00.0;0;0;0;0;0;0;0;0;0;1
2019-03-30T01:00:00.0/2019-03-30T02:00:00.0;0;0;0;0;0;0;0;0;0;1
2019-03-30T02:00:00.0/2019-03-30T03:00:00.0;0;0;0;0;0;0;0;0;0;1
2019-03-30T03:00:00.0/2019-03-30T04:00:00.0;0;0;0;0;0;0;0;0;0;1
2019-03-30T04:00:00.0/2019-03-30T05:00:00.0;2.3899;0.5349;0.0232;0.5118;0.3378;0.1595;0;0.1595;0;1
2019-03-30T05:00:00.0/2019-03-30T06:00:00.0;136.222;54.8444;19.7694;35.075;161.5032;32.3263;0;32.3263;0;1
2019-03-30T06:00:00.0/2019-03-30T07:00:00.0;340.0316;189.7305;107.0759;82.6546;419.8896;150.3291;65.8353;84.4938;238.7032;1
2019-03-30T07:00:00.0/2019-03-30T08:00:00.0;525.4772;340.5322;228.4065;112.1257;590.4097;321.9082;225.692;96.2162;582.2518;1
2019-03-30T08:00:00.0/2019-03-30T09:00:00.0;679.9373;474.2784;345.8904;128.3879;693.8239;446.0537;328.873;117.1807;659.9378;1
2019-03-30T09:00:00.0/2019-03-30T10:00:00.0;792.9034;575.5532;440.5466;135.0066;758.7307;538.847;404.5281;134.3189;697.1113;1
2019-03-30T10:00:00.0/2019-03-30T11:00:00.0;856.6972;635.0291;500.816;134.2131;798.699;591.6239;443.2667;148.3572;707.1701;1
2019-03-30T11:00:00.0/2019-03-30T12:00:00.0;866.9935;646.9385;518.3643;128.5743;816.968;578.5618;398.4803;180.0814;627.8289;1
2019-03-30T12:00:00.0/2019-03-30T13:00:00.0;823.116;602.0228;468.7891;133.2338;777.5616;531.0134;359.2672;171.7462;596.2429;1
2019-03-30T13:00:00.0/2019-03-30T14:00:00.0;728.0828;504.7744;362.5006;142.2738;678.7264;400.745;206.5751;194.1699;383.651;1
2019-03-30T14:00:00.0/2019-03-30T15:00:00.0;588.3995;372.5497;235.8038;136.7458;544.0676;272.3008;95.3657;176.9352;220.2495;1
2019-03-30T15:00:00.0/2019-03-30T16:00:00.0;413.6161;225.2039;117.943;107.261;382.9853;174.6009;51.9411;122.6598;170.4134;1
2019-03-30T16:00:00.0/2019-03-30T17:00:00.0;215.6743;88.4092;31.3928;57.0165;181.2609;59.3452;5.9039;53.4414;27.7034;1
2019-03-30T17:00:00.0/2019-03-30T18:00:00.0;30.1917;7.8175;0.9256;6.8919;15.292;3.9254;0;3.9254;0;1
2019-03-30T18:00:00.0/2019-03-30T19:00:00.0;0;0;0;0;0;0;0;0;0;1
2019-03-30T19:00:00.0/2019-03-30T20:00:00.0;0;0;0;0;0;0;0;0;0;1
2019-03-30T20:00:00.0/2019-03-30T21:00:00.0;0;0;0;0;0;0;0;0;0;1
2019-03-30T21:00:00.0/2019-03-30T22:00:00.0;0;0;0;0;0;0;0;0;0;1
2019-03-30T22:00:00.0/2019-03-30T23:00:00.0;0;0;0;0;0;0;0;0;0;1
2019-03-30T23:00:00.0/2019-03-31T00:00:00.0;0;0;0;0;0;0;0;0;0;1
2019-03-31T00:00:00.0/2019-03-31T01:00:00.0;0;0;0;0;0;0;0;0;0;1
2019-03-31T01:00:00.0/2019-03-31T02:00:00.0;0;0;0;0;0;0;0;0;0;1
2019-03-31T02:00:00.0/2019-03-31T03:00:00.0;0;0;0;0;0;0;0;0;0;1
2019-03-31T03:00:00.0/2019-03-31T04:00:00.0;0;0;0;0;0;0;0;0;0;1
2019-03-31T04:00:00.0/2019-03-31T05:00:00.0;3.8478;0.9265;0.0641;0.8624;2.0594;0.363;0;0.363;0;1
2019-03-31T05:00:00.0/2019-03-31T06:00:00.0;144.6304;63.5551;27.1956;36.3595;216.1389;36.5335;1.4201;35.1134;8.3611;1
2019-03-31T06:00:00.0/2019-03-31T07:00:00.0;348.1708;206.2358;126.4106;79.8252;486.4081;168.6486;87.5205;81.1281;333.4813;1
2019-03-31T07:00:00.0/2019-03-31T08:00:00.0;533.2988;359.9435;250.7443;109.1992;639.1127;290.4816;159.8795;130.6021;408.9543;1
2019-03-31T08:00:00.0/2019-03-31T09:00:00.0;687.4144;495.6725;366.1085;129.5639;726.2866;405.5881;233.7664;171.8217;459.1026;1
2019-03-31T09:00:00.0/2019-03-31T10:00:00.0;800.0328;604.075;472.3575;131.7175;805.4636;522.6263;332.0572;190.5691;567.0063;1
2019-03-31T10:00:00.0/2019-03-31T11:00:00.0;863.4993;674.9463;559.858;115.0882;885.1881;620.8623;468.7731;152.0892;740.2158;1
2019-03-31T11:00:00.0/2019-03-31T12:00:00.0;873.5114;698.0197;606.5223;91.4974;948.3139;674.9357;597.3361;77.5996;933.9379;1
2019-03-31T12:00:00.0/2019-03-31T13:00:00.0;829.4122;664.2641;585.2442;79.0199;963.3563;640.6713;573.851;66.8204;944.6215;1
2019-03-31T13:00:00.0/2019-03-31T14:00:00.0;734.2349;575.7828;496.5567;79.2261;922.8082;552.48;487.2303;65.2497;905.4871;1
2019-03-31T14:00:00.0/2019-03-31T15:00:00.0;594.4951;448.1902;372.8045;75.3857;854.3376;426.3287;366.386;59.9427;839.6377;1
2019-03-31T15:00:00.0/2019-03-31T16:00:00.0;419.7467;294.654;231.004;63.65;746.4656;275.1398;225.5524;49.5874;728.3295;1
2019-03-31T16:00:00.0/2019-03-31T17:00:00.0;221.9288;133.229;91.5663;41.6627;539.8474;119.3987;84.2369;35.1618;488.9795;1
2019-03-31T17:00:00.0/2019-03-31T18:00:00.0;33.7385;13.781;6.1347;7.6463;100.2649;10.4906;2.5537;7.9368;34.835;1
2019-03-31T18:00:00.0/2019-03-31T19:00:00.0;0;0;0;0;0;0;0;0;0;1
2019-03-31T19:00:00.0/2019-03-31T20:00:00.0;0;0;0;0;0;0;0;0;0;1
2019-03-31T20:00:00.0/2019-03-31T21:00:00.0;0;0;0;0;0;0;0;0;0;1
2019-03-31T21:00:00.0/2019-03-31T22:00:00.0;0;0;0;0;0;0;0;0;0;1
2019-03-31T22:00:00.0/2019-03-31T23:00:00.0;0;0;0;0;0;0;0;0;0;1
2019-03-31T23:00:00.0/2019-04-01T00:00:00.0;0;0;0;0;0;0;0;0;0;1
2019-04-01T00:00:00.0/2019-04-01T01:00:00.0;0;0;0;0;0;0;0;0;0;1
2019-04-01T01:00:00.0/2019-04-01T02:00:00.0;0;0;0;0;0;0;0;0;0;1
2019-04-01T02:00:00.0/2019-04-01T03:00:00.0;0;0;0;0;0;0;0;0;0;1
2019-04-01T03:00:00.0/2019-04-01T04:00:00.0;0;0;0;0;0;0;0;0;0;1
2019-04-01T04:00:00.0/2019-04-01T05:00:00.0;5.6357;1.8559;0.5903;1.2656;16.8398;0.9285;0;0.9285;0;1
2019-04-01T05:00:00.0/2019-04-01T06:00:00.0;152.9924;87.2346;59.6104;27.6242;481.9006;76.8179;52.1393;24.6787;394.2362;1
2019-04-01T06:00:00.0/2019-04-01T07:00:00.0;356.2545;248.534;199.9749;48.5592;758.6707;230.2345;194.1383;36.0962;735.8655;1
2019-04-01T07:00:00.0/2019-04-01T08:00:00.0;541.0571;408.1194;348.1899;59.9295;876.2371;384.2563;335.8155;48.4408;846.2689;1
2019-04-01T08:00:00.0/2019-04-01T09:00:00.0;694.8224;544.6037;477.7089;66.8948;937.7015;515.4865;454.7153;60.7711;891.6318;1
2019-04-01T09:00:00.0/2019-04-01T10:00:00.0;807.0896;645.3978;574.2304;71.1674;970.8873;621.9849;561.4823;60.5026;949.3112;1
2019-04-01T10:00:00.0/2019-04-01T11:00:00.0;870.228;702.3282;628.8336;73.4945;986.2345;679.135;615.9878;63.1472;966.0842;1
2019-04-01T11:00:00.0/2019-04-01T12:00:00.0;879.9576;710.8107;636.7572;74.0535;987.6159;687.6522;623.8227;63.8296;967.5524;1
2019-04-01T12:00:00.0/2019-04-01T13:00:00.0;835.6407;669.1692;595.3349;73.8343;972.1379;645.8932;582.5347;63.3585;951.2254;1
2019-04-01T13:00:00.0/2019-04-01T14:00:00.0;740.3255;580.7285;508.274;72.4545;936.3612;550.9829;483.7995;67.1834;889.9276;1
2019-04-01T14:00:00.0/2019-04-01T15:00:00.0;600.5372;453.6663;385.647;68.0193;874.6294;422.6259;358.2713;64.3547;814.8109;1
2019-04-01T15:00:00.0/2019-04-01T16:00:00.0;425.8328;299.9033;241.5301;58.3732;768.925;280.2471;234.3232;45.9238;745.5224;1
2019-04-01T16:00:00.0/2019-04-01T17:00:00.0;228.1485;137.3744;97.1777;40.1966;558.1909;123.3279;89.1839;34.1439;505.2379;1
2019-04-01T17:00:00.0/2019-04-01T18:00:00.0;37.4698;15.381;7.1479;8.2331;111.6642;11.8789;3.2213;8.6577;42.1388;1
2019-04-01T18:00:00.0/2019-04-01T19:00:00.0;0;0;0;0;0;0;0;0;0;1
2019-04-01T19:00:00.0/2019-04-01T20:00:00.0;0;0;0;0;0;0;0;0;0;1
2019-04-01T20:00:00.0/2019-04-01T21:00:00.0;0;0;0;0;0;0;0;0;0;1
2019-04-01T21:00:00.0/2019-04-01T22:00:00.0;0;0;0;0;0;0;0;0;0;1
2019-04-01T22:00:00.0/2019-04-01T23:00:00.0;0;0;0;0;0;0;0;0;0;1
2019-04-01T23:00:00.0/2019-04-02T00:00:00.0;0;0;0;0;0;0;0;0;0;1
2019-04-02T00:00:00.0/2019-04-02T01:00:00.0;0;0;0;0;0;0;0;0;0;1
2019-04-02T01:00:00.0/2019-04-02T02:00:00.0;0;0;0;0;0;0;0;0;0;1
2019-04-02T02:00:00.0/2019-04-02T03:00:00.0;0;0;0;0;0;0;0;0;0;1
2019-04-02T03:00:00.0/2019-04-02T04:00:00.0;0;0;0;0;0;0;0;0;0;1
2019-04-02T04:00:00.0/2019-04-02T05:00:00.0;7.8036;2.5032;0.6964;1.8068;19.8908;1.3623;0;1.3623;0;1
2019-04-02T05:00:00.0/2019-04-02T06:00:00.0;161.3046;89.3788;57.7986;31.5803;443.002;79.025;50.4662;28.5588;364.1893;1
2019-04-02T06:00:00.0/2019-04-02T07:00:00.0;364.2797;248.5511;192.008;56.5431;712.16;230.6135;186.9819;43.6316;692.7057;1
2019-04-02T07:00:00.0/2019-04-02T08:00:00.0;548.7495;404.924;331.2497;73.6743;821.5285;377.9921;313.856;64.1361;780.8886;1
2019-04-02T08:00:00.0/2019-04-02T09:00:00.0;702.1591;538.1498;451.3607;86.7892;876.2885;484.8491;382.2179;102.6312;741.5201;1
2019-04-02T09:00:00.0/2019-04-02T10:00:00.0;814.072;633.2554;534.4785;98.7769;895.5779;606.7809;519.1171;87.6638;869.1035;1
2019-04-02T10:00:00.0/2019-04-02T11:00:00.0;876.8817;682.6179;573.2178;109.4001;891.7397;662.7081;570.3676;92.3404;887.2924;1
2019-04-02T11:00:00.0/2019-04-02T12:00:00.0;886.3305;683.7155;566.6026;117.1129;871.9446;664.7536;565.5676;99.186;870.3547;1
2019-04-02T12:00:00.0/2019-04-02T13:00:00.0;841.8002;636.5832;515.6975;120.8856;835.2918;618.0178;515.4247;102.5932;834.8531;1
2019-04-02T13:00:00.0/2019-04-02T14:00:00.0;746.3536;545.1848;425.6655;119.5192;776.9467;526.5841;425.7914;100.7927;777.1862;1
2019-04-02T14:00:00.0/2019-04-02T15:00:00.0;606.5247;416.9319;305.6938;111.2382;684.9366;399.1254;304.5005;94.6249;682.0873;1
2019-04-02T15:00:00.0/2019-04-02T16:00:00.0;431.8735;264.1169;170.3454;93.7714;530.8243;243.3312;157.3365;85.9947;485.4661;1
2019-04-02T16:00:00.0/2019-04-02T17:00:00.0;234.3324;111.8255;53.179;58.6465;288.5451;92.6594;29.5539;63.1055;153.4007;1
2019-04-02T17:00:00.0/2019-04-02T18:00:00.0;41.3618;12.4709;2.5002;9.9707;35.8785;9.5443;0.042;9.5022;0.4483;1
2019-04-02T18:00:00.0/2019-04-02T19:00:00.0;0;0;0;0;0;0;0;0;0;1
2019-04-02T19:00:00.0/2019-04-02T20:00:00.0;0;0;0;0;0;0;0;0;0;1
2019-04-02T20:00:00.0/2019-04-02T21:00:00.0;0;0;0;0;0;0;0;0;0;1
2019-04-02T21:00:00.0/2019-04-02T22:00:00.0;0;0;0;0;0;0;0;0;0;1
2019-04-02T22:00:00.0/2019-04-02T23:00:00.0;0;0;0;0;0;0;0;0;0;1
2019-04-02T23:00:00.0/2019-04-03T00:00:00.0;0;0;0;0;0;0;0;0;0;1
2019-04-03T00:00:00.0/2019-04-03T01:00:00.0;0;0;0;0;0;0;0;0;0;1
2019-04-03T01:00:00.0/2019-04-03T02:00:00.0;0;0;0;0;0;0;0;0;0;1
2019-04-03T02:00:00.0/2019-04-03T03:00:00.0;0;0;0;0;0;0;0;0;0;1
2019-04-03T03:00:00.0/2019-04-03T04:00:00.0;0;0;0;0;0;0;0;0;0;1
2019-04-03T04:00:00.0/2019-04-03T05:00:00.0;10.2648;2.2199;0.0858;2.1341;2.2211;1.117;0;1.117;0;1
2019-04-03T05:00:00.0/2019-04-03T06:00:00.0;169.5638;57.5107;12.0977;45.413;83.1485;37.0053;0;37.0053;0;1
2019-04-03T06:00:00.0/2019-04-03T07:00:00.0;372.2433;176.0356;66.7162;109.3194;237.3218;120.3317;2.8185;117.5132;9.0353;1
2019-04-03T07:00:00.0/2019-04-03T08:00:00.0;556.3734;316.704;156.9916;159.7124;381.5132;221.7741;26.4458;195.3283;61.7012;1
2019-04-03T08:00:00.0/2019-04-03T09:00:00.0;709.4222;446.0796;253.6625;192.4171;486.1352;355.6249;118.7369;236.888;226.1904;1
2019-04-03T09:00:00.0/2019-04-03T10:00:00.0;820.978;548.7774;341.642;207.1354;566.6497;456.9437;194.2599;262.6838;321.9215;1
2019-04-03T10:00:00.0/2019-04-03T11:00:00.0;883.4585;614.2396;408.2732;205.9665;629.8447;529.2909;264.544;264.7469;407.9287;1
2019-04-03T11:00:00.0/2019-04-03T12:00:00.0;892.6288;632.8272;438.7359;194.0913;670.1055;552.2641;297.005;255.2591;453.6584;1
2019-04-03T12:00:00.0/2019-04-03T13:00:00.0;847.8898;597.8221;415.1154;182.7067;667.1663;518.7436;278.0305;240.7131;446.7239;1
2019-04-03T13:00:00.0/2019-04-03T14:00:00.0;752.3182;512.6577;341.32;171.3376;617.6181;413.1579;171.9781;241.1797;308.727;1
2019-04-03T14:00:00.0/2019-04-03T15:00:00.0;612.4569;391.3367;241.3565;149.9802;534.9583;284.7252;76.4256;208.2996;169.0119;1
2019-04-03T15:00:00.0/2019-04-03T16:00:00.0;437.8679;246.6949;130.4302;116.2647;399.9849;195.6501;65.694;129.9562;205.7751;1
2019-04-03T16:00:00.0/2019-04-03T17:00:00.0;240.4794;104.6436;38.7648;65.8788;204.3068;91.6908;25.4219;66.2689;128.0984;1
2019-04-03T17:00:00.0/2019-04-03T18:00:00.0;45.4633;12.7626;1.8327;10.9299;25.04;9.8978;0;9.8978;0;1
2019-04-03T18:00:00.0/2019-04-03T19:00:00.0;0;0;0;0;0;0;0;0;0;1
2019-04-03T19:00:00.0/2019-04-03T20:00:00.0;0;0;0;0;0;0;0;0;0;1
2019-04-03T20:00:00.0/2019-04-03T21:00:00.0;0;0;0;0;0;0;0;0;0;1
2019-04-03T21:00:00.0/2019-04-03T22:00:00.0;0;0;0;0;0;0;0;0;0;1
2019-04-03T22:00:00.0/2019-04-03T23:00:00.0;0;0;0;0;0;0;0;0;0;1
2019-04-03T23:00:00.0/2019-04-04T00:00:00.0;0;0;0;0;0;0;0;0;0;1
2019-04-04T00:00:00.0/2019-04-04T01:00:00.0;0;0;0;0;0;0;0;0;0;1
2019-04-04T01:00:00.0/2019-04-04T02:00:00.0;0;0;0;0;0;0;0;0;0;1
2019-04-04T02:00:00.0/2019-04-04T03:00:00.0;0;0;0;0;0;0;0;0;0;1
2019-04-04T03:00:00.0/2019-04-04T04:00:00.0;0;0;0;0;0;0;0;0;0;1
2019-04-04T04:00:00.0/2019-04-04T05:00:00.0;13.0897;3.2637;0.3243;2.9394;7.5792;2.0193;0;2.0193;0;1
2019-04-04T05:00:00.0/2019-04-04T06:00:00.0;177.7669;74.1935;28.1598;46.0337;189.8;63.4985;16.5788;46.9197;96.8737;1
2019-04-04T06:00:00.0/2019-04-04T07:00:00.0;380.1426;214.4585;122.1164;92.3421;429.0967;200.439;118.1166;82.3224;413.4651;1
2019-04-04T07:00:00.0/2019-04-04T08:00:00.0;563.9262;366.7413;246.1247;120.6165;591.4821;351.0809;247.6763;103.4046;594.9677;1
2019-04-04T08:00:00.0/2019-04-04T09:00:00.0;716.6096;501.5714;366.0221;135.5493;694.6899;467.7279;334.9848;132.7431;638.5488;1
2019-04-04T09:00:00.0/2019-04-04T10:00:00.0;827.8057;601.2184;456.6299;144.5886;751.3;525.3283;315.0295;210.2988;519.0029;1
2019-04-04T10:00:00.0/2019-04-04T11:00:00.0;889.9571;656.1857;505.2337;150.952;773.4648;591.226;382.9003;208.3257;585.8374;1
2019-04-04T11:00:00.0/2019-04-04T12:00:00.0;898.8514;663.8042;511.3677;152.4364;775.1156;636.6735;487.0842;149.5893;738.5532;1
2019-04-04T12:00:00.0/2019-04-04T13:00:00.0;853.9081;624.2464;475.8477;148.3986;759.0626;590.2301;440.8146;149.4155;701.8287;1
2019-04-04T13:00:00.0/2019-04-04T14:00:00.0;758.2183;540.9226;402.4282;138.4944;722.4487;511.822;377.2823;134.5397;679.3795;1
2019-04-04T14:00:00.0/2019-04-04T15:00:00.0;618.3328;420.5757;298.2341;122.3415;655.2338;403.6228;299.74;103.8828;658.3809;1
2019-04-04T15:00:00.0/2019-04-04T16:00:00.0;443.8151;276.0386;179.4302;96.6085;545.9892;259.5087;176.1778;83.3309;535.2303;1
2019-04-04T16:00:00.0/2019-04-04T17:00:00.0;246.5885;127.1367;68.07;59.0667;358.8993;114.8287;59.9768;54.8518;309.6633;1
2019-04-04T17:00:00.0/2019-04-04T18:00:00.0;49.7427;17.2989;5.1847;12.1141;69.7101;13.6516;1.4376;12.214;15.3392;1
2019-04-04T18:00:00.0/2019-04-04T19:00:00.0;0;0;0;0;0;0;0;0;0;1
2019-04-04T19:00:00.0/2019-04-04T20:00:00.0;0;0;0;0;0;0;0;0;0;1
2019-04-04T20:00:00.0/2019-04-04T21:00:00.0;0;0;0;0;0;0;0;0;0;1
2019-04-04T21:00:00.0/2019-04-04T22:00:00.0;0;0;0;0;0;0;0;0;0;1
2019-04-04T22:00:00.0/2019-04-04T23:00:00.0;0;0;0;0;0;0;0;0;0;1
2019-04-04T23:00:00.0/2019-04-05T00:00:00.0;0;0;0;0;0;0;0;0;0;1
2019-04-05T00:00:00.0/2019-04-05T01:00:00.0;0;0;0;0;0;0;0;0;0;1
2019-04-05T01:00:00.0/2019-04-05T02:00:00.0;0;0;0;0;0;0;0;0;0;1
2019-04-05T02:00:00.0/2019-04-05T03:00:00.0;0;0;0;0;0;0;0;0;0;1
2019-04-05T03:00:00.0/2019-04-05T04:00:00.0;0;0;0;0;0;0;0;0;0;1
2019-04-05T04:00:00.0/2019-04-05T05:00:00.0;16.2036;4.8464;1.0894;3.7569;24.0441;3.2684;0;3.2684;0;1
2019-04-05T05:00:00.0/2019-04-05T06:00:00.0;185.911;91.2688;48.9512;42.3176;328.9939;74.5252;29.9001;44.6251;175.6768;1
2019-04-05T06:00:00.0/2019-04-05T07:00:00.0;387.9749;238.4652;160.0603;78.4049;555.5292;216.5036;141.7295;74.7741;496.9279;1
2019-04-05T07:00:00.0/2019-04-05T08:00:00.0;571.4055;386.6527;280.33;106.3227;666.1538;345.679;227.2474;118.4316;534.5375;1
2019-04-05T08:00:00.0/2019-04-05T09:00:00.0;723.7188;514.0328;385.2279;128.805;724.2411;496.1364;386.9955;109.1408;727.2274;1
2019-04-05T09:00:00.0/2019-04-05T10:00:00.0;834.5532;608.9523;466.1927;142.7595;760.408;582.3043;448.3318;133.9725;732.1782;1
2019-04-05T10:00:00.0/2019-04-05T11:00:00.0;896.3759;662.8063;514.913;147.8934;782.1879;617.7057;438.7953;178.9104;666.6418;1
2019-04-05T11:00:00.0/2019-04-05T12:00:00.0;904.9968;669.6269;521.2127;148.4142;784.2226;625.2721;450.7851;174.487;678.0838;1
2019-04-05T12:00:00.0/2019-04-05T13:00:00.0;859.8544;625.9362;475.5168;150.4193;752.6392;569.3827;376.2455;193.1372;596.1953;1
2019-04-05T13:00:00.0/2019-04-05T14:00:00.0;764.0531;535.2794;384.4272;150.8523;684.0018;486.3911;316.2665;170.1246;561.2903;1
2019-04-05T14:00:00.0/2019-04-05T15:00:00.0;624.1514;408.4494;267.6661;140.7833;581.2693;356.1463;192.4692;163.677;419.9728;1
2019-04-05T15:00:00.0/2019-04-05T16:00:00.0;449.714;261.5982;148.2199;113.3784;443.3638;235.7641;124.0412;111.7229;372.9185;1
2019-04-05T16:00:00.0/2019-04-05T17:00:00.0;252.6586;117.0518;49.4613;67.5906;251.0723;106.02;40.5436;65.4764;198.3628;1
2019-04-05T17:00:00.0/2019-04-05T18:00:00.0;54.1975;16.4376;3.0907;13.3469;39.0799;13.0634;0.1671;12.8963;1.5828;1
2019-04-05T18:00:00.0/2019-04-05T19:00:00.0;0;0;0;0;0;0;0;0;0;1
2019-04-05T19:00:00.0/2019-04-05T20:00:00.0;0;0;0;0;0;0;0;0;0;1
2019-04-05T20:00:00.0/2019-04-05T21:00:00.0;0;0;0;0;0;0;0;0;0;1
2019-04-05T21:00:00.0/2019-04-05T22:00:00.0;0;0;0;0;0;0;0;0;0;1
2019-04-05T22:00:00.0/2019-04-05T23:00:00.0;0;0;0;0;0;0;0;0;0;1
2019-04-05T23:00:00.0/2019-04-06T00:00:00.0;0;0;0;0;0;0;0;0;0;1
2019-04-06T00:00:00.0/2019-04-06T01:00:00.0;0;0;0;0;0;0;0;0;0;1
2019-04-06T01:00:00.0/2019-04-06T02:00:00.0;0;0;0;0;0;0;0;0;0;1
2019-04-06T02:00:00.0/2019-04-06T03:00:00.0;0;0;0;0;0;0;0;0;0;1
2019-04-06T03:00:00.0/2019-04-06T04:00:00.0;0;0;0;0;0;0;0;0;0;1
2019-04-06T04:00:00.0/2019-04-06T05:00:00.0;19.6621;5.0788;0.5009;4.578;10.0112;3.5015;0;3.5015;0;1
2019-04-06T05:00:00.0/2019-04-06T06:00:00.0;193.993;79.9914;26.6604;53.3309;167.6963;47.7718;0;47.7718;0;1
2019-04-06T06:00:00.0/2019-04-06T07:00:00.0;395.7373;216.761;108.9377;107.8233;367.4583;161.3643;36.6959;124.6685;118.3715;1
2019-04-06T07:00:00.0/2019-04-06T08:00:00.0;578.8088;365.5186;219.2413;146.2773;512.6692;268.0737;76.6221;191.4516;177.5044;1
2019-04-06T08:00:00.0/2019-04-06T09:00:00.0;730.7481;497.4452;326.9238;170.5213;607.7448;430.8519;243.5714;187.2804;450.4409;1
2019-04-06T09:00:00.0/2019-04-06T10:00:00.0;841.2189;597.0436;414.4582;182.5854;670.0931;555.8062;380.0324;175.7738;613.5223;1
2019-04-06T10:00:00.0/2019-04-06T11:00:00.0;902.7135;654.8306;471.4157;183.4149;710.6108;608.4495;421.6329;186.8166;635.884;1
2019-04-06T11:00:00.0/2019-04-06T12:00:00.0;911.0641;665.5479;488.9721;176.5757;730.4202;632.885;465.7979;167.0872;696.0453;1
2019-04-06T12:00:00.0/2019-04-06T13:00:00.0;865.7275;624.8698;454.333;170.5368;713.8852;610.5349;467.5803;142.9546;734.7067;1
2019-04-06T13:00:00.0/2019-04-06T14:00:00.0;769.8217;536.2184;372.2292;163.9892;657.0751;501.0686;346.8104;154.2582;611.2028;1
2019-04-06T14:00:00.0/2019-04-06T15:00:00.0;629.9121;411.2487;263.9532;147.2955;567.9537;367.2558;219.8671;147.3887;470.8705;1
2019-04-06T15:00:00.0/2019-04-06T16:00:00.0;455.5639;265.546;149.8798;115.6662;442.6365;233.5151;121.4561;112.059;359.6253;1
2019-04-06T16:00:00.0/2019-04-06T17:00:00.0;258.6886;120.8572;51.8338;69.0233;258.0291;100.7318;30.877;69.8548;139.2297;1
2019-04-06T17:00:00.0/2019-04-06T18:00:00.0;58.8251;18.2431;3.6688;14.5742;44.679;11.5396;0;11.5396;0;1
2019-04-06T18:00:00.0/2019-04-06T19:00:00.0;0;0;0;0;0;0;0;0;0;1
2019-04-06T19:00:00.0/2019-04-06T20:00:00.0;0;0;0;0;0;0;0;0;0;1
2019-04-06T20:00:00.0/2019-04-06T21:00:00.0;0;0;0;0;0;0;0;0;0;1
2019-04-06T21:00:00.0/2019-04-06T22:00:00.0;0;0;0;0;0;0;0;0;0;1
2019-04-06T22:00:00.0/2019-04-06T23:00:00.0;0;0;0;0;0;0;0;0;0;1
2019-04-06T23:00:00.0/2019-04-07T00:00:00.0;0;0;0;0;0;0;0;0;0;1
2019-04-07T00:00:00.0/2019-04-07T01:00:00.0;0;0;0;0;0;0;0;0;0;1
2019-04-07T01:00:00.0/2019-04-07T02:00:00.0;0;0;0;0;0;0;0;0;0;1
2019-04-07T02:00:00.0/2019-04-07T03:00:00.0;0;0;0;0;0;0;0;0;0;1
2019-04-07T03:00:00.0/2019-04-07T04:00:00.0;0;0;0;0;0;0;0;0;0;1
2019-04-07T04:00:00.0/2019-04-07T05:00:00.0;23.4053;6.5378;1.0691;5.4687;20.1212;4.7207;0;4.7207;0;1
2019-04-07T05:00:00.0/2019-04-07T06:00:00.0;202.0099;91.2097;40.1933;51.0164;246.9339;75.5264;23.3;52.2264;125.388;1
2019-04-07T06:00:00.0/2019-04-07T07:00:00.0;403.4272;237.8035;144.6425;93.161;480.2315;219.3933;135.8049;83.5884;451.968;1
2019-04-07T07:00:00.0/2019-04-07T08:00:00.0;586.1339;391.4362;271.8414;119.5948;628.0975;353.6191;236.6162;117.0029;548.1284;1
2019-04-07T08:00:00.0/2019-04-07T09:00:00.0;737.6954;525.8257;391.0371;134.7886;719.9474;488.2288;357.9669;130.2619;656.6033;1
2019-04-07T09:00:00.0/2019-04-07T10:00:00.0;847.8012;624.8956;482.1485;142.747;773.2324;608.8365;488.4489;120.3876;783.3302;1
2019-04-07T10:00:00.0/2019-04-07T11:00:00.0;908.9684;679.5711;533.8737;145.6974;798.8227;664.3124;540.959;123.3534;809.4252;1
2019-04-07T11:00:00.0/2019-04-07T12:00:00.0;917.0519;687.1963;543.2931;143.9032;805.7794;671.9125;549.6344;122.2781;815.1798;1
2019-04-07T12:00:00.0/2019-04-07T13:00:00.0;871.5266;646.3172;506.4385;139.8787;790.1333;630.3301;511.1963;119.1339;797.5496;1
2019-04-07T13:00:00.0/2019-04-07T14:00:00.0;775.5232;560.2164;427.0714;133.145;748.2568;543.1933;430.4462;112.7471;754.1566;1
2019-04-07T14:00:00.0/2019-04-07T15:00:00.0;635.614;436.9648;316.867;120.0978;676.0907;419.8023;317.6102;102.1921;677.5209;1
2019-04-07T15:00:00.0/2019-04-07T16:00:00.0;461.3638;288.7629;190.4501;98.3128;556.192;268.6802;182.1874;86.4928;529.5256;1
2019-04-07T16:00:00.0/2019-04-07T17:00:00.0;264.6775;135.9807;72.0628;63.9179;353.765;120.5394;60.6009;59.9385;294.0685;1
2019-04-07T17:00:00.0/2019-04-07T18:00:00.0;63.6231;21.8719;6.2466;15.6252;73.8983;17.7389;1.9342;15.8047;18.3456;1
2019-04-07T18:00:00.0/2019-04-07T19:00:00.0;0;0;0;0;0;0;0;0;0;1
2019-04-07T19:00:00.0/2019-04-07T20:00:00.0;0;0;0;0;0;0;0;0;0;1
2019-04-07T20:00:00.0/2019-04-07T21:00:00.0;0;0;0;0;0;0;0;0;0;1
2019-04-07T21:00:00.0/2019-04-07T22:00:00.0;0;0;0;0;0;0;0;0;0;1
2019-04-07T22:00:00.0/2019-04-07T23:00:00.0;0;0;0;0;0;0;0;0;0;1
2019-04-07T23:00:00.0/2019-04-08T00:00:00.0;0;0;0;0;0;0;0;0;0;1
2019-04-08T00:00:00.0/2019-04-08T01:00:00.0;0;0;0;0;0;0;0;0;0;1
2019-04-08T01:00:00.0/2019-04-08T02:00:00.0;0;0;0;0;0;0;0;0;0;1
2019-04-08T02:00:00.0/2019-04-08T03:00:00.0;0;0;0;0;0;0;0;0;0;1
2019-04-08T03:00:00.0/2019-04-08T04:00:00.0;0;0;0;0;0;0;0;0;0;1
2019-04-08T04:00:00.0/2019-04-08T05:00:00.0;27.4707;6.8976;0.6008;6.2969;10.433;5.0254;0;5.0254;0;1
2019-04-08T05:00:00.0/2019-04-08T06:00:00.0;209.959;79.8975;21.0465;58.851;123.8403;47.7047;0;47.7047;0;1
2019-04-08T06:00:00.0/2019-04-08T07:00:00.0;411.0421;208.1561;85.9751;122.181;278.4257;102.9646;0;102.9646;0;1
2019-04-08T07:00:00.0/2019-04-08T08:00:00.0;593.3785;352.6244;180.9609;171.6634;411.8092;169.696;9.9075;159.7885;20.6554;1
2019-04-08T08:00:00.0/2019-04-08T09:00:00.0;744.5587;483.4627;280.4444;203.0182;510.8384;328.0637;69.4562;258.6075;125.8233;1
2019-04-08T09:00:00.0/2019-04-08T10:00:00.0;854.2984;584.8541;368.719;216.1352;586.1312;376.3087;80.7821;295.5266;130.1664;1
2019-04-08T10:00:00.0/2019-04-08T11:00:00.0;915.1396;646.5662;433.3759;213.1903;643.6027;367.6458;45.4647;322.1811;67.2448;1
2019-04-08T11:00:00.0/2019-04-08T12:00:00.0;922.9594;661.1904;460.3929;200.7976;678.1094;416.3966;98.7058;317.6908;145.8171;1
2019-04-08T12:00:00.0/2019-04-08T13:00:00.0;877.2507;623.5874;434.6129;188.9745;673.2014;538.4638;322.3601;216.1037;501.3981;1
2019-04-08T13:00:00.0/2019-04-08T14:00:00.0;781.1569;537.1832;360.1653;177.0178;625.9293;505.0636;341.5612;163.5024;594.2773;1
2019-04-08T14:00:00.0/2019-04-08T15:00:00.0;641.2562;414.344;258.9582;155.3858;546.861;384.326;242.1252;142.2008;511.1438;1
2019-04-08T15:00:00.0/2019-04-08T16:00:00.0;467.1129;272.3199;152.7188;119.6012;440.4187;252.7491;144.9495;107.7996;417.7318;1
2019-04-08T16:00:00.0/2019-04-08T17:00:00.0;270.6244;130.6058;59.0446;71.5612;284.3898;117.545;49.1599;68.3851;230.0156;1
2019-04-08T17:00:00.0/2019-04-08T18:00:00.0;68.5887;22.8639;5.7195;17.1444;65.7843;18.5074;1.2182;17.2892;10.9668;1
2019-04-08T18:00:00.0/2019-04-08T19:00:00.0;0;0;0;0;0;0;0;0;0;1
2019-04-08T19:00:00.0/2019-04-08T20:00:00.0;0;0;0;0;0;0;0;0;0;1
2019-04-08T20:00:00.0/2019-04-08T21:00:00.0;0;0;0;0;0;0;0;0;0;1
2019-04-08T21:00:00.0/2019-04-08T22:00:00.0;0;0;0;0;0;0;0;0;0;1
2019-04-08T22:00:00.0/2019-04-08T23:00:00.0;0;0;0;0;0;0;0;0;0;1
2019-04-08T23:00:00.0/2019-04-09T00:00:00.0;0;0;0;0;0;0;0;0;0;1
2019-04-09T00:00:00.0/2019-04-09T01:00:00.0;0;0;0;0;0;0;0;0;0;1
2019-04-09T01:00:00.0/2019-04-09T02:00:00.0;0;0;0;0;0;0;0;0;0;1
2019-04-09T02:00:00.0/2019-04-09T03:00:00.0;0;0;0;0;0;0;0;0;0;1
2019-04-09T03:00:00.0/2019-04-09T04:00:00.0;0;0;0;0;0;0;0;0;0;1
2019-04-09T04:00:00.0/2019-04-09T05:00:00.0;31.8167;9.7796;2.0086;7.7711;32.7058;5.2314;0;5.2314;0;1
2019-04-09T05:00:00.0/2019-04-09T06:00:00.0;217.8373;105.9056;50.413;55.4926;292.0045;17.3437;0;17.3437;0;1
2019-04-09T06:00:00.0/2019-04-09T07:00:00.0;418.5794;257.7068;162.0855;95.6213;519.463;33.9416;0;33.9416;0;1
2019-04-09T07:00:00.0/2019-04-09T08:00:00.0;600.5403;411.8594;289.9988;121.8606;653.7212;177.2345;13.9484;163.2862;28.8276;1
2019-04-09T08:00:00.0/2019-04-09T09:00:00.0;751.3362;544.8975;406.0923;138.8052;733.4547;386.694;159.8228;226.8712;283.1646;1
2019-04-09T09:00:00.0/2019-04-09T10:00:00.0;860.7089;644.7388;497.9355;146.8033;785.6089;415.3207;128.5936;286.7271;206.6525;1
2019-04-09T10:00:00.0/2019-04-09T11:00:00.0;921.2256;702.8802;556.6384;146.2419;820.8298;492.7095;198.6344;294.0752;291.5109;1
2019-04-09T11:00:00.0/2019-04-09T12:00:00.0;928.7855;713.1365;572.3839;140.7526;837.253;522.6322;241.7114;280.9208;352.9501;1
2019-04-09T12:00:00.0/2019-04-09T13:00:00.0;882.8991;671.5657;533.8696;137.696;821.1935;429.7348;126.7888;302.946;194.851;1
2019-04-09T13:00:00.0/2019-04-09T14:00:00.0;786.722;581.4308;445.3992;136.0316;768.257;367.3325;91.9474;275.3851;158.6969;1
2019-04-09T14:00:00.0/2019-04-09T15:00:00.0;646.8381;453.6258;327.2419;126.384;685.1573;328.6853;131.6802;197.0051;277.5608;1
2019-04-09T15:00:00.0/2019-04-09T16:00:00.0;472.8103;305.6154;204.0909;101.5245;582.9618;258.1717;153.9056;104.2661;449.8242;1
2019-04-09T16:00:00.0/2019-04-09T17:00:00.0;276.5281;154.5123;91.2968;63.2155;435.8897;140.4371;84.3607;56.0763;398.8462;1
2019-04-09T17:00:00.0/2019-04-09T18:00:00.0;73.6962;29.4722;11.8631;17.6091;135.1578;24.2373;6.296;17.9413;59.877;1
2019-04-09T18:00:00.0/2019-04-09T19:00:00.0;0;0;0;0;0;0;0;0;0;1
2019-04-09T19:00:00.0/2019-04-09T20:00:00.0;0;0;0;0;0;0;0;0;0;1
2019-04-09T20:00:00.0/2019-04-09T21:00:00.0;0;0;0;0;0;0;0;0;0;1
2019-04-09T21:00:00.0/2019-04-09T22:00:00.0;0;0;0;0;0;0;0;0;0;1
2019-04-09T22:00:00.0/2019-04-09T23:00:00.0;0;0;0;0;0;0;0;0;0;1
2019-04-09T23:00:00.0/2019-04-10T00:00:00.0;0;0;0;0;0;0;0;0;0;1
2019-04-10T00:00:00.0/2019-04-10T01:00:00.0;0;0;0;0;0;0;0;0;0;1
2019-04-10T01:00:00.0/2019-04-10T02:00:00.0;0;0;0;0;0;0;0;0;0;1
2019-04-10T02:00:00.0/2019-04-10T03:00:00.0;0;0;0;0;0;0;0;0;0;1
2019-04-10T03:00:00.0/2019-04-10T04:00:00.0;0;0;0;0;0;0;0;0;0;1
2019-04-10T04:00:00.0/2019-04-10T05:00:00.0;36.442;13.0614;4.5306;8.5308;70.7914;9.5514;0.2215;9.3298;2.6692;1
2019-04-10T05:00:00.0/2019-04-10T06:00:00.0;225.6421;124.3638;76.2721;48.0917;435.4925;101.7378;48.3073;53.4305;248.9744;1
2019-04-10T06:00:00.0/2019-04-10T07:00:00.0;426.0366;283.7075;208.004;75.7035;657.2965;256.9626;188.8139;68.1487;594.6269;1
2019-04-10T07:00:00.0/2019-04-10T08:00:00.0;607.6173;439.2361;345.3628;93.8733;769.9204;304.3264;128.6451;175.6814;300.5254;1
2019-04-10T08:00:00.0/2019-04-10T09:00:00.0;758.0262;571.4802;465.2044;106.2758;832.663;403.7163;166.2691;237.4472;294.6605;1
2019-04-10T09:00:00.0/2019-04-10T10:00:00.0;867.0316;669.791;557.5437;112.2473;872.8662;416.7026;129.6353;287.0674;205.8556;1
2019-04-10T10:00:00.0/2019-04-10T11:00:00.0;927.2255;726.1825;613.8698;112.3126;898.8841;393.2856;64.532;328.7536;93.9255;1
2019-04-10T11:00:00.0/2019-04-10T12:00:00.0;934.5293;734.7115;625.4069;109.3047;908.6571;545.1893;282.7007;262.4887;411.2004;1
2019-04-10T12:00:00.0/2019-04-10T13:00:00.0;888.4711;692.4191;584.4709;107.9482;892.9437;504.0491;235.2579;268.7912;360.3486;1
2019-04-10T13:00:00.0/2019-04-10T14:00:00.0;792.218;602.5884;495.1744;107.414;847.9158;526.7897;376.7879;150.0017;646.8753;1
2019-04-10T14:00:00.0/2019-04-10T15:00:00.0;652.3591;474.8383;373.2037;101.6346;774.8399;422.8985;308.7972;114.1013;643.0781;1
2019-04-10T15:00:00.0/2019-04-10T16:00:00.0;478.4555;322.0674;235.6437;86.4237;664.2697;302.4909;229.6577;72.8332;647.6659;1
2019-04-10T16:00:00.0/2019-04-10T17:00:00.0;282.388;162.2011;102.4699;59.7313;477.6025;147.745;95.12;52.625;439.4562;1
2019-04-10T17:00:00.0/2019-04-10T18:00:00.0;78.9968;31.5971;13.0906;18.5065;143.0882;26.0706;7.273;18.7976;66.9166;1
2019-04-10T18:00:00.0/2019-04-10T19:00:00.0;0;0;0;0;0;0;0;0;0;1
2019-04-10T19:00:00.0/2019-04-10T20:00:00.0;0;0;0;0;0;0;0;0;0;1
2019-04-10T20:00:00.0/2019-04-10T21:00:00.0;0;0;0;0;0;0;0;0;0;1
2019-04-10T21:00:00.0/2019-04-10T22:00:00.0;0;0;0;0;0;0;0;0;0;1
2019-04-10T22:00:00.0/2019-04-10T23:00:00.0;0;0;0;0;0;0;0;0;0;1
2019-04-10T23:00:00.0/2019-04-11T00:00:00.0;0;0;0;0;0;0;0;0;0;1
2019-04-11T00:00:00.0/2019-04-11T01:00:00.0;0;0;0;0;0;0;0;0;0;1
2019-04-11T01:00:00.0/2019-04-11T02:00:00.0;0;0;0;0;0;0;0;0;0;1
2019-04-11T02:00:00.0/2019-04-11T03:00:00.0;0;0;0;0;0;0;0;0;0;1
2019-04-11T03:00:00.0/2019-04-11T04:00:00.0;0;0;0;0;0;0;0;0;0;1
2019-04-11T04:00:00.0/2019-04-11T05:00:00.0;41.3784;14.5353;4.4486;10.0867;64.602;8.5208;0;8.5208;0;1
2019-04-11T05:00:00.0/2019-04-11T06:00:00.0;233.3707;125.5124;71.8734;53.6389;396.4011;34.1477;0;34.1477;0;1
2019-04-11T06:00:00.0/2019-04-11T07:00:00.0;433.4114;283.3363;199.0282;84.3081;617.2883;127.5923;0;127.5923;0;1
2019-04-11T07:00:00.0/2019-04-11T08:00:00.0;614.6074;438.8187;335.6448;103.1739;739.0791;205.822;0.7632;205.0589;1.5111;1
2019-04-11T08:00:00.0/2019-04-11T09:00:00.0;764.6269;571.3602;456.4912;114.869;809.4413;235.0809;0.506;234.5749;0.9739;1
2019-04-11T09:00:00.0/2019-04-11T10:00:00.0;873.2647;668.6602;546.373;122.2872;848.8461;260.1759;0;260.1759;0;1
2019-04-11T10:00:00.0/2019-04-11T11:00:00.0;933.1381;722.7147;596.0422;126.6725;866.7752;264.8766;0;264.8766;0;1
2019-04-11T11:00:00.0/2019-04-11T12:00:00.0;940.1901;729.1428;601.3405;127.8023;867.9162;359.4773;25.9996;333.4778;37.6996;1
2019-04-11T12:00:00.0/2019-04-11T13:00:00.0;893.9661;684.2438;553.2053;131.0385;839.3741;360.2695;37.7066;322.5629;56.6424;1
2019-04-11T13:00:00.0/2019-04-11T14:00:00.0;797.6444;591.2362;456.5683;134.6679;775.7286;239.7826;0.0492;239.7334;0.0783;1
2019-04-11T14:00:00.0/2019-04-11T15:00:00.0;657.8186;460.806;331.4584;129.3476;681.4555;169.4837;0;169.4837;0;1
2019-04-11T15:00:00.0/2019-04-11T16:00:00.0;484.0477;308.2867;199.5201;108.7666;554.5802;146.7493;0;146.7493;0;1
2019-04-11T16:00:00.0/2019-04-11T17:00:00.0;288.203;152.7448;80.3706;72.3742;364.3348;60.8461;0;60.8461;0;1
2019-04-11T17:00:00.0/2019-04-11T18:00:00.0;84.4565;30.49;9.1827;21.3073;95.5246;15.2587;0;15.2587;0;1
2019-04-11T18:00:00.0/2019-04-11T19:00:00.0;0;0;0;0;0;0;0;0;0;1
2019-04-11T19:00:00.0/2019-04-11T20:00:00.0;0;0;0;0;0;0;0;0;0;1
2019-04-11T20:00:00.0/2019-04-11T21:00:00.0;0;0;0;0;0;0;0;0;0;1
2019-04-11T21:00:00.0/2019-04-11T22:00:00.0;0;0;0;0;0;0;0;0;0;1
2019-04-11T22:00:00.0/2019-04-11T23:00:00.0;0;0;0;0;0;0;0;0;0;1
2019-04-11T23:00:00.0/2019-04-12T00:00:00.0;0;0;0;0;0;0;0;0;0;1
2019-04-12T00:00:00.0/2019-04-12T01:00:00.0;0;0;0;0;0;0;0;0;0;1
2019-04-12T01:00:00.0/2019-04-12T02:00:00.0;0;0;0;0;0;0;0;0;0;1
2019-04-12T02:00:00.0/2019-04-12T03:00:00.0;0;0;0;0;0;0;0;0;0;1
2019-04-12T03:00:00.0/2019-04-12T04:00:00.0;0;0;0;0;0;0;0;0;0;1
2019-04-12T04:00:00.0/2019-04-12T05:00:00.0;46.5617;15.6914;4.1223;11.5691;56.8879;9.4397;0;9.4397;0;1
2019-04-12T05:00:00.0/2019-04-12T06:00:00.0;241.0203;125.654;66.2095;59.4446;351.8932;40.4589;0;40.4589;0;1
2019-04-12T06:00:00.0/2019-04-12T07:00:00.0;440.7014;283.0096;187.7779;95.2317;572.2853;168.9293;24.3649;144.5644;68.6075;1
2019-04-12T07:00:00.0/2019-04-12T08:00:00.0;621.5087;438.2293;318.0172;120.212;691.9978;301.6337;110.3319;191.3017;234.6927;1
2019-04-12T08:00:00.0/2019-04-12T09:00:00.0;771.1368;571.1911;433.769;137.4222;762.1873;484.3655;303.915;180.4505;535.8144;1
2019-04-12T09:00:00.0/2019-04-12T10:00:00.0;879.4073;668.5955;519.9349;148.6606;801.6587;511.9716;256.9151;255.0565;395.8198;1
2019-04-12T10:00:00.0/2019-04-12T11:00:00.0;938.9625;722.0336;567.2625;154.7711;819.3378;502.9255;259.0421;243.8834;375.7707;1
2019-04-12T11:00:00.0/2019-04-12T12:00:00.0;945.7672;727.4819;571.1142;156.3677;818.9558;481.5297;171.0646;310.465;245.8363;1
2019-04-12T12:00:00.0/2019-04-12T13:00:00.0;899.3835;684.4935;530.4176;154.0759;799.6191;448.1049;161.3093;286.7957;240.9165;1
2019-04-12T13:00:00.0/2019-04-12T14:00:00.0;803.0006;596.4433;449.3005;147.1428;758.132;281.7724;10.0109;271.7615;16.076;1
2019-04-12T14:00:00.0/2019-04-12T15:00:00.0;663.2163;470.6712;337.2632;133.408;687.853;218.7701;15.3732;203.3969;34.2207;1
2019-04-12T15:00:00.0/2019-04-12T16:00:00.0;489.5864;318.3994;208.0362;110.3632;571.5077;198.4248;43.5417;154.8831;116.4899;1
2019-04-12T16:00:00.0/2019-04-12T17:00:00.0;293.9726;159.6024;85.3278;74.2746;379.8192;88.1525;0.8741;87.2784;3.0989;1
2019-04-12T17:00:00.0/2019-04-12T18:00:00.0;90.0726;33.4889;10.5029;22.986;105.8777;22.5309;0;22.5309;0;1
2019-04-12T18:00:00.0/2019-04-12T19:00:00.0;0;0;0;0;0;0;0;0;0;1
2019-04-12T19:00:00.0/2019-04-12T20:00:00.0;0;0;0;0;0;0;0;0;0;1
2019-04-12T20:00:00.0/2019-04-12T21:00:00.0;0;0;0;0;0;0;0;0;0;1
2019-04-12T21:00:00.0/2019-04-12T22:00:00.0;0;0;0;0;0;0;0;0;0;1
2019-04-12T22:00:00.0/2019-04-12T23:00:00.0;0;0;0;0;0;0;0;0;0;1
2019-04-12T23:00:00.0/2019-04-13T00:00:00.0;0;0;0;0;0;0;0;0;0;1
2019-04-13T00:00:00.0/2019-04-13T01:00:00.0;0;0;0;0;0;0;0;0;0;1
2019-04-13T01:00:00.0/2019-04-13T02:00:00.0;0;0;0;0;0;0;0;0;0;1
2019-04-13T02:00:00.0/2019-04-13T03:00:00.0;0;0;0;0;0;0;0;0;0;1
2019-04-13T03:00:00.0/2019-04-13T04:00:00.0;0;0;0;0;0;0;0;0;0;1
2019-04-13T04:00:00.0/2019-04-13T05:00:00.0;52.0012;15.7707;3.1147;12.656;40.7583;11.5277;0;11.5277;0;1
2019-04-13T05:00:00.0/2019-04-13T06:00:00.0;248.5885;115.601;48.7402;66.8608;250.2844;100.3855;35.0374;65.3481;165.073;1
2019-04-13T06:00:00.0/2019-04-13T07:00:00.0;447.9043;263.4965;147.7975;115.6989;441.7561;190.6248;70.2595;120.3653;228.4175;1
2019-04-13T07:00:00.0/2019-04-13T08:00:00.0;628.319;414.8083;263.7458;151.0625;566.8437;115.4029;0;115.4029;0;1
2019-04-13T08:00:00.0/2019-04-13T09:00:00.0;777.5541;545.9071;370.37;175.5371;644.84;141.6583;0;141.6583;0;1
2019-04-13T09:00:00.0/2019-04-13T10:00:00.0;885.458;643.0266;451.762;191.2646;691.3101;263.8817;1.3663;262.5154;2.0113;1
2019-04-13T10:00:00.0/2019-04-13T11:00:00.0;944.6978;697.2443;497.7705;199.4738;714.178;437.9862;112.509;325.4772;160.655;1
2019-04-13T11:00:00.0/2019-04-13T12:00:00.0;951.2599;703.6859;502.7562;200.9297;716.3607;440.3878;107.985;332.4027;153.5095;1
2019-04-13T12:00:00.0/2019-04-13T13:00:00.0;904.7229;662.0315;466.9144;195.1171;699.3299;289.1055;11.9368;277.1687;17.4183;1
2019-04-13T13:00:00.0/2019-04-13T14:00:00.0;808.2864;575.8187;394.0916;181.7272;660.1835;169.4041;0;169.4041;0;1
2019-04-13T14:00:00.0/2019-04-13T15:00:00.0;668.5516;452.5274;292.1866;160.3408;590.593;137.1319;0;137.1319;0;1
2019-04-13T15:00:00.0/2019-04-13T16:00:00.0;495.0711;301.5997;171.851;129.7487;465.2917;93.3677;0;93.3677;0;1
2019-04-13T16:00:00.0/2019-04-13T17:00:00.0;299.6959;146.5081;62.986;83.5221;272.5499;51.064;0;51.064;0;1
2019-04-13T17:00:00.0/2019-04-13T18:00:00.0;95.8421;31.1156;6.7311;24.3845;64.9127;14.7704;0;14.7704;0;1
2019-04-13T18:00:00.0/2019-04-13T19:00:00.0;0;0;0;0;0;0;0;0;0;1
2019-04-13T19:00:00.0/2019-04-13T20:00:00.0;0;0;0;0;0;0;0;0;0;1
2019-04-13T20:00:00.0/2019-04-13T21:00:00.0;0;0;0;0;0;0;0;0;0;1
2019-04-13T21:00:00.0/2019-04-13T22:00:00.0;0;0;0;0;0;0;0;0;0;1
2019-04-13T22:00:00.0/2019-04-13T23:00:00.0;0;0;0;0;0;0;0;0;0;1
2019-04-13T23:00:00.0/2019-04-14T00:00:00.0;0;0;0;0;0;0;0;0;0;1
2019-04-14T00:00:00.0/2019-04-14T01:00:00.0;0;0;0;0;0;0;0;0;0;1
2019-04-14T01:00:00.0/2019-04-14T02:00:00.0;0;0;0;0;0;0;0;0;0;1
2019-04-14T02:00:00.0/2019-04-14T03:00:00.0;0;0;0;0;0;0;0;0;0;1
2019-04-14T03:00:00.0/2019-04-14T04:00:00.0;0;0;0;0;0;0;0;0;0;1
2019-04-14T04:00:00.0/2019-04-14T05:00:00.0;57.7327;18.5305;4.2035;14.327;51.6791;11.7788;0;11.7788;0;1
2019-04-14T05:00:00.0/2019-04-14T06:00:00.0;256.0725;126.4555;60.9834;65.4721;305.0347;49.6928;0;49.6928;0;1
2019-04-14T06:00:00.0/2019-04-14T07:00:00.0;455.0178;280.1992;177.672;102.5272;522.9844;71.3565;0;71.3565;0;1
2019-04-14T07:00:00.0/2019-04-14T08:00:00.0;635.0367;434.3075;311.4492;122.8583;662.0285;136.2193;0;136.2193;0;1
2019-04-14T08:00:00.0/2019-04-14T09:00:00.0;783.8776;566.8849;435.2036;131.6813;751.1841;218.7032;0.179;218.5243;0.2871;1
2019-04-14T09:00:00.0/2019-04-14T10:00:00.0;891.4157;664.7782;531.1077;133.6705;806.8198;443.1312;221.6544;221.4768;334.1659;1
2019-04-14T10:00:00.0/2019-04-14T11:00:00.0;950.3433;719.9679;588.8694;131.0985;839.3598;533.5343;230.7212;302.8131;329.0148;1
2019-04-14T11:00:00.0/2019-04-14T12:00:00.0;956.6677;728.3963;603.5659;124.8305;854.6827;513.9562;195.3305;318.6256;276.4002;1
2019-04-14T12:00:00.0/2019-04-14T13:00:00.0;909.9839;685.5632;561.3627;124.2005;835.3555;500.3485;191.336;309.0125;285.1353;1
2019-04-14T13:00:00.0/2019-04-14T14:00:00.0;813.5014;594.679;466.89;127.789;776.561;480.3923;237.4417;242.9506;397.9385;1
2019-04-14T14:00:00.0/2019-04-14T15:00:00.0;673.8245;466.9802;342.7498;124.2304;686.8667;385.9365;195.2269;190.7095;390.5886;1
2019-04-14T15:00:00.0/2019-04-14T16:00:00.0;500.5014;319.6076;215.728;103.8796;580.5765;286.1486;180.2964;105.8522;490.1375;1
2019-04-14T16:00:00.0/2019-04-14T17:00:00.0;305.3724;168.9283;100.081;68.8474;432.9085;152.2186;88.5256;63.693;381.4394;1
2019-04-14T17:00:00.0/2019-04-14T18:00:00.0;101.7621;40.4491;16.2034;24.2457;156.8269;33.9793;9.3308;24.6485;76.3766;1
2019-04-14T18:00:00.0/2019-04-14T19:00:00.0;0;0;0;0;0;0;0;0;0;1
2019-04-14T19:00:00.0/2019-04-14T20:00:00.0;0;0;0;0;0;0;0;0;0;1
2019-04-14T20:00:00.0/2019-04-14T21:00:00.0;0;0;0;0;0;0;0;0;0;1
2019-04-14T21:00:00.0/2019-04-14T22:00:00.0;0;0;0;0;0;0;0;0;0;1
2019-04-14T22:00:00.0/2019-04-14T23:00:00.0;0;0;0;0;0;0;0;0;0;1
2019-04-14T23:00:00.0/2019-04-15T00:00:00.0;0;0;0;0;0;0;0;0;0;1
2019-04-15T00:00:00.0/2019-04-15T01:00:00.0;0;0;0;0;0;0;0;0;0;1
2019-04-15T01:00:00.0/2019-04-15T02:00:00.0;0;0;0;0;0;0;0;0;0;1
2019-04-15T02:00:00.0/2019-04-15T03:00:00.0;0;0;0;0;0;0;0;0;0;1
2019-04-15T03:00:00.0/2019-04-15T04:00:00.0;0;0;0;0;0;0;0;0;0;1
2019-04-15T04:00:00.0/2019-04-15T05:00:00.0;63.6791;25.3149;10.3912;14.9237;125.4497;16.6231;1.2063;15.4169;14.9664;1
2019-04-15T05:00:00.0/2019-04-15T06:00:00.0;263.4698;153.2594;100.0512;53.2082;495.9092;70.6531;0.4275;70.2256;3.0315;1
2019-04-15T06:00:00.0/2019-04-15T07:00:00.0;462.0398;316.9482;242.4688;74.4795;705.4116;178.2269;14.7051;163.5219;40.9823;1
2019-04-15T07:00:00.0/2019-04-15T08:00:00.0;641.6599;475.076;389.601;85.475;820.2642;323.0405;127.9341;195.1063;260.4987;1
2019-04-15T08:00:00.0/2019-04-15T09:00:00.0;790.1057;609.5062;518.9761;90.5301;888.6381;544.1083;420.9733;123.135;715.5259;1
2019-04-15T09:00:00.0/2019-04-15T10:00:00.0;897.2794;708.427;615.9047;92.5223;929.1514;688.3927;608.572;79.8207;918.0745;1
2019-04-15T10:00:00.0/2019-04-15T11:00:00.0;955.898;763.9139;671.293;92.6209;950.7789;744.5606;663.7729;80.7876;940.1286;1
2019-04-15T11:00:00.0/2019-04-15T12:00:00.0;961.9901;771.9039;681.3324;90.5715;958.9098;752.2324;672.9195;79.313;947.0639;1
2019-04-15T12:00:00.0/2019-04-15T13:00:00.0;915.1663;728.9241;637.1361;91.788;942.324;708.3295;629.1086;79.2209;930.466;1
2019-04-15T13:00:00.0/2019-04-15T14:00:00.0;818.6454;638.1353;542.779;95.3563;896.9355;617.0123;536.2704;80.7419;886.1826;1
2019-04-15T14:00:00.0/2019-04-15T15:00:00.0;679.0344;509.37;415.4909;93.8791;826.7023;488.4957;411.2358;77.2599;818.2785;1
2019-04-15T15:00:00.0/2019-04-15T16:00:00.0;505.8769;355.4718;273.1275;82.3442;727.3148;336.08;268.9871;67.093;715.9245;1
2019-04-15T16:00:00.0/2019-04-15T17:00:00.0;311.0016;192.509;132.207;60.302;563.455;173.741;121.5287;52.2123;515.9427;1
2019-04-15T17:00:00.0/2019-04-15T18:00:00.0;107.7154;49.0092;24.4335;24.5757;234.4332;41.4332;17.2742;24.159;144.3302;1
2019-04-15T18:00:00.0/2019-04-15T19:00:00.0;0.1143;0.0258;0.003;0.0228;0;0;0;0;0;1
2019-04-15T19:00:00.0/2019-04-15T20:00:00.0;0;0;0;0;0;0;0;0;0;1
2019-04-15T20:00:00.0/2019-04-15T21:00:00.0;0;0;0;0;0;0;0;0;0;1
2019-04-15T21:00:00.0/2019-04-15T22:00:00.0;0;0;0;0;0;0;0;0;0;1
2019-04-15T22:00:00.0/2019-04-15T23:00:00.0;0;0;0;0;0;0;0;0;0;1
2019-04-15T23:00:00.0/2019-04-16T00:00:00.0;0;0;0;0;0;0;0;0;0;1
2019-04-16T00:00:00.0/2019-04-16T01:00:00.0;0;0;0;0;0;0;0;0;0;1
2019-04-16T01:00:00.0/2019-04-16T02:00:00.0;0;0;0;0;0;0;0;0;0;1
2019-04-16T02:00:00.0/2019-04-16T03:00:00.0;0;0;0;0;0;0;0;0;0;1
2019-04-16T03:00:00.0/2019-04-16T04:00:00.0;0;0;0;0;0;0;0;0;0;1
2019-04-16T04:00:00.0/2019-04-16T05:00:00.0;69.8559;27.9552;11.4868;16.4684;133.7665;23.3521;6.578;16.7741;64.7072;1
2019-04-16T05:00:00.0/2019-04-16T06:00:00.0;270.778;155.6783;98.6523;57.0261;476.9058;142.2086;92.7443;49.4643;444.6196;1
2019-04-16T06:00:00.0/2019-04-16T07:00:00.0;468.9681;316.6708;234.1797;82.4911;670.931;298.8844;230.9031;67.9813;661.175;1
2019-04-16T07:00:00.0/2019-04-16T08:00:00.0;648.1868;472.4297;374.7872;97.6425;780.6977;453.1929;372.2879;80.905;775.4796;1
2019-04-16T08:00:00.0/2019-04-16T09:00:00.0;796.2371;604.3657;498.0033;106.3623;845.6993;561.6621;444.925;116.7371;757.0477;1
2019-04-16T09:00:00.0/2019-04-16T10:00:00.0;903.0481;700.474;588.3382;112.1358;881.4329;642.8611;496.5583;146.3029;744.0916;1
2019-04-16T10:00:00.0/2019-04-16T11:00:00.0;961.3616;753.0837;636.8763;116.2074;896.4169;723.5903;608.4221;115.1682;855.9698;1
2019-04-16T11:00:00.0/2019-04-16T12:00:00.0;967.2267;758.2775;640.8363;117.4412;896.5079;741.0589;640.7065;100.3524;896.3218;1
2019-04-16T12:00:00.0/2019-04-16T13:00:00.0;920.2697;713.9741;595.757;118.2171;875.7301;685.0597;570.1318;114.9279;837.7925;1
2019-04-16T13:00:00.0/2019-04-16T14:00:00.0;823.7184;623.561;505.9569;117.6041;830.4155;584.4644;463.7646;120.6997;760.6525;1
2019-04-16T14:00:00.0/2019-04-16T15:00:00.0;684.1815;495.8801;384.4434;111.4367;758.5528;459.1397;349.6273;109.5124;691.374;1
2019-04-16T15:00:00.0/2019-04-16T16:00:00.0;511.1975;342.6641;246.2232;96.441;647.5231;321.0508;236.7115;84.3393;623.1101;1
2019-04-16T16:00:00.0/2019-04-16T17:00:00.0;316.583;181.6294;111.8333;69.7961;465.4785;163.47;100.8092;62.6608;416.2935;1
2019-04-16T17:00:00.0/2019-04-16T18:00:00.0;113.6269;45.9575;18.5012;27.4563;168.3942;38.4527;10.9678;27.4849;85.2225;1
2019-04-16T18:00:00.0/2019-04-16T19:00:00.0;0.3938;0.0804;0.0014;0.079;0;0;0;0;0;1
2019-04-16T19:00:00.0/2019-04-16T20:00:00.0;0;0;0;0;0;0;0;0;0;1
2019-04-16T20:00:00.0/2019-04-16T21:00:00.0;0;0;0;0;0;0;0;0;0;1
2019-04-16T21:00:00.0/2019-04-16T22:00:00.0;0;0;0;0;0;0;0;0;0;1
2019-04-16T22:00:00.0/2019-04-16T23:00:00.0;0;0;0;0;0;0;0;0;0;1
2019-04-16T23:00:00.0/2019-04-17T00:00:00.0;0;0;0;0;0;0;0;0;0;1
2019-04-17T00:00:00.0/2019-04-17T01:00:00.0;0;0;0;0;0;0;0;0;0;1
2019-04-17T01:00:00.0/2019-04-17T02:00:00.0;0;0;0;0;0;0;0;0;0;1
2019-04-17T02:00:00.0/2019-04-17T03:00:00.0;0;0;0;0;0;0;0;0;0;1
2019-04-17T03:00:00.0/2019-04-17T04:00:00.0;0;0;0;0;0;0;0;0;0;1
2019-04-17T04:00:00.0/2019-04-17T05:00:00.0;76.2967;29.4734;11.2141;18.2593;124.2397;24.7338;6.1358;18.598;57.1197;1
2019-04-17T05:00:00.0/2019-04-17T06:00:00.0;277.9947;155.8759;94.4188;61.4571;443.9058;142.6894;88.4686;54.2208;412.1994;1
2019-04-17T06:00:00.0/2019-04-17T07:00:00.0;475.8006;316.333;226.3354;89.9976;638.5488;294.7806;216.4867;78.2938;612.1843;1
2019-04-17T07:00:00.0/2019-04-17T08:00:00.0;654.6157;472.3361;364.5242;107.8119;751.3262;428.9197;318.1559;110.7637;656.2382;1
2019-04-17T08:00:00.0/2019-04-17T09:00:00.0;802.2704;605.0042;486.3449;118.6593;819.1797;550.8943;413.7652;137.1291;697.3798;1
2019-04-17T09:00:00.0/2019-04-17T10:00:00.0;908.7209;697.5665;571.319;126.2475;850.1922;620.7356;430.4908;190.2448;641.0486;1
2019-04-17T10:00:00.0/2019-04-17T11:00:00.0;966.7332;742.4854;610.4646;132.0207;854.0149;650.9054;419.4239;231.4815;587.7021;1
2019-04-17T11:00:00.0/2019-04-17T12:00:00.0;972.3773;741.773;606.4746;135.2984;843.4459;570.2079;240.6403;329.5676;334.6194;1
2019-04-17T12:00:00.0/2019-04-17T13:00:00.0;925.2941;697.3877;564.8553;132.5324;825.4278;543.2914;275.3153;267.9761;405.3601;1
2019-04-17T13:00:00.0/2019-04-17T14:00:00.0;828.7202;612.2896;488.9156;123.374;797.3467;589.5214;476.1899;113.3315;777.5966;1
2019-04-17T14:00:00.0/2019-04-17T15:00:00.0;689.2656;490.8062;380.5264;110.2798;745.2653;473.0805;378.6919;94.3886;741.5651;1
2019-04-17T15:00:00.0/2019-04-17T16:00:00.0;516.4628;344.4295;252.6325;91.797;658.1279;326.8599;248.1374;78.7225;645.9927;1
2019-04-17T16:00:00.0/2019-04-17T17:00:00.0;322.1161;188.6013;122.662;65.9393;504.1582;173.4476;115.226;58.2216;471.1815;1
2019-04-17T17:00:00.0/2019-04-17T18:00:00.0;119.4956;51.4113;23.5556;27.8557;211.7788;43.7857;15.8403;27.9453;123.2784;1
2019-04-17T18:00:00.0/2019-04-17T19:00:00.0;0.8871;0.1953;0.0069;0.1884;0;0.0223;0;0.0223;0;1
2019-04-17T19:00:00.0/2019-04-17T20:00:00.0;0;0;0;0;0;0;0;0;0;1
2019-04-17T20:00:00.0/2019-04-17T21:00:00.0;0;0;0;0;0;0;0;0;0;1
2019-04-17T21:00:00.0/2019-04-17T22:00:00.0;0;0;0;0;0;0;0;0;0;1
2019-04-17T22:00:00.0/2019-04-17T23:00:00.0;0;0;0;0;0;0;0;0;0;1
2019-04-17T23:00:00.0/2019-04-18T00:00:00.0;0;0;0;0;0;0;0;0;0;1
2019-04-18T00:00:00.0/2019-04-18T01:00:00.0;0;0;0;0;0;0;0;0;0;1
2019-04-18T01:00:00.0/2019-04-18T02:00:00.0;0;0;0;0;0;0;0;0;0;1
2019-04-18T02:00:00.0/2019-04-18T03:00:00.0;0;0;0;0;0;0;0;0;0;1
2019-04-18T03:00:00.0/2019-04-18T04:00:00.0;0;0;0;0;0;0;0;0;0;1
2019-04-18T04:00:00.0/2019-04-18T05:00:00.0;82.9234;35.092;15.9235;19.1685;171.2886;29.5696;10.3494;19.2202;96.1781;1
2019-04-18T05:00:00.0/2019-04-18T06:00:00.0;285.1172;168.2202;111.8712;56.349;516.2255;154.1187;105.7042;48.4146;484.8585;1
2019-04-18T06:00:00.0/2019-04-18T07:00:00.0;482.5352;328.2339;248.5741;79.6598;692.2083;303.7112;232.0919;71.6193;648.3049;1
2019-04-18T07:00:00.0/2019-04-18T08:00:00.0;660.945;481.5475;386.3037;95.2438;788.5497;445.4046;350.0955;95.3091;713.7698;1
2019-04-18T08:00:00.0/2019-04-18T09:00:00.0;808.2045;611.0598;505.1525;105.9072;844.3011;591.3399;499.8568;91.4831;835.1602;1
2019-04-18T09:00:00.0/2019-04-18T10:00:00.0;914.2968;706.778;594.9407;111.8372;879.3226;689.2825;593.0717;96.2108;876.5441;1
2019-04-18T10:00:00.0/2019-04-18T11:00:00.0;972.0125;761.1238;647.5901;113.5337;900.4758;744.4554;646.4702;97.9853;898.9176;1
2019-04-18T11:00:00.0/2019-04-18T12:00:00.0;977.4415;768.4661;655.9789;112.4872;907.0901;751.5123;654.4518;97.0604;904.9753;1
2019-04-18T12:00:00.0/2019-04-18T13:00:00.0;930.2395;726.5986;616.2399;110.3587;895.1997;708.4323;613.7764;94.6559;891.6113;1
2019-04-18T13:00:00.0/2019-04-18T14:00:00.0;833.6509;638.8267;532.0709;106.7558;862.0946;619.5003;528.3848;91.1155;856.0903;1
2019-04-18T14:00:00.0/2019-04-18T15:00:00.0;694.2866;513.7908;414.5403;99.2506;805.5881;493.9486;410.8532;83.0954;798.3975;1
2019-04-18T15:00:00.0/2019-04-18T16:00:00.0;521.6729;362.4362;276.7968;85.6394;713.6375;343.567;272.3313;71.2356;701.811;1
2019-04-18T16:00:00.0/2019-04-18T17:00:00.0;327.6006;200.7763;136.9539;63.8223;554.087;184.7632;130.2849;54.4783;525.0457;1
2019-04-18T17:00:00.0/2019-04-18T18:00:00.0;125.3211;57.1292;28.2843;28.8449;249.7151;48.9335;20.4521;28.4814;158.2747;1
2019-04-18T18:00:00.0/2019-04-18T19:00:00.0;1.5624;0.3715;0.0241;0.3474;0;0.0834;0;0.0834;0;1
2019-04-18T19:00:00.0/2019-04-18T20:00:00.0;0;0;0;0;0;0;0;0;0;1
2019-04-18T20:00:00.0/2019-04-18T21:00:00.0;0;0;0;0;0;0;0;0;0;1
2019-04-18T21:00:00.0/2019-04-18T22:00:00.0;0;0;0;0;0;0;0;0;0;1
2019-04-18T22:00:00.0/2019-04-18T23:00:00.0;0;0;0;0;0;0;0;0;0;1
2019-04-18T23:00:00.0/2019-04-19T00:00:00.0;0;0;0;0;0;0;0;0;0;1
2019-04-19T00:00:00.0/2019-04-19T01:00:00.0;0;0;0;0;0;0;0;0;0;1
2019-04-19T01:00:00.0/2019-04-19T02:00:00.0;0;0;0;0;0;0;0;0;0;1
2019-04-19T02:00:00.0/2019-04-19T03:00:00.0;0;0;0;0;0;0;0;0;0;1
2019-04-19T03:00:00.0/2019-04-19T04:00:00.0;0;0;0;0;0;0;0;0;0;1
2019-04-19T04:00:00.0/2019-04-19T05:00:00.0;89.7517;37.1102;15.9604;21.1498;165.1563;29.824;6.8653;22.9587;58.708;1
2019-04-19T05:00:00.0/2019-04-19T06:00:00.0;292.1436;169.5197;109.1063;60.4133;490.7801;153.46;99.0062;54.4537;436.6903;1
2019-04-19T06:00:00.0/2019-04-19T07:00:00.0;489.1702;329.3969;243.9901;85.4068;669.652;304.1891;226.594;77.5951;624.015;1
2019-04-19T07:00:00.0/2019-04-19T08:00:00.0;667.1732;482.9224;381.117;101.8054;770.1672;440.6144;333.4998;107.1147;674.4073;1
2019-04-19T08:00:00.0/2019-04-19T09:00:00.0;814.0382;612.7664;500.2388;112.5276;829.5842;567.7521;442.6842;125.0679;733.584;1
2019-04-19T09:00:00.0/2019-04-19T10:00:00.0;919.7751;708.158;589.295;118.863;865.3167;667.9627;535.4466;132.5161;785.8857;1
2019-04-19T10:00:00.0/2019-04-19T11:00:00.0;977.1989;761.4727;639.9078;121.5649;884.58;744.4047;639.1197;105.285;883.4354;1
2019-04-19T11:00:00.0/2019-04-19T12:00:00.0;982.4191;767.7371;646.4628;121.2743;888.8984;751.6496;647.8226;103.827;890.7668;1
2019-04-19T12:00:00.0/2019-04-19T13:00:00.0;935.1057;726.9168;609.5837;117.3331;880.4893;709.472;609.433;100.0389;880.2483;1
2019-04-19T13:00:00.0/2019-04-19T14:00:00.0;838.5104;642.2331;532.5132;109.7199;857.4562;615.03;513.386;101.644;825.3587;1
2019-04-19T14:00:00.0/2019-04-19T15:00:00.0;699.2446;520.1247;421.2669;98.8577;812.6705;467.7012;353.6714;114.0298;681.7859;1
2019-04-19T15:00:00.0/2019-04-19T16:00:00.0;526.8273;371.3376;287.6196;83.718;734.4248;340.8345;262.8286;78.0059;673.7509;1
2019-04-19T16:00:00.0/2019-04-19T17:00:00.0;333.0361;210.4097;147.9761;62.4336;590.2534;189.1027;134.0635;55.0392;534.5184;1
2019-04-19T17:00:00.0/2019-04-19T18:00:00.0;131.1025;63.2066;33.6492;29.5574;292.5844;54.3986;25.6827;28.7159;197.8957;1
2019-04-19T18:00:00.0/2019-04-19T19:00:00.0;2.4171;0.624;0.0673;0.5567;0.9457;0.191;0;0.191;0;1
2019-04-19T19:00:00.0/2019-04-19T20:00:00.0;0;0;0;0;0;0;0;0;0;1
2019-04-19T20:00:00.0/2019-04-19T21:00:00.0;0;0;0;0;0;0;0;0;0;1
2019-04-19T21:00:00.0/2019-04-19T22:00:00.0;0;0;0;0;0;0;0;0;0;1
2019-04-19T22:00:00.0/2019-04-19T23:00:00.0;0;0;0;0;0;0;0;0;0;1
2019-04-19T23:00:00.0/2019-04-20T00:00:00.0;0;0;0;0;0;0;0;0;0;1
2019-04-20T00:00:00.0/2019-04-20T01:00:00.0;0;0;0;0;0;0;0;0;0;1
2019-04-20T01:00:00.0/2019-04-20T02:00:00.0;0;0;0;0;0;0;0;0;0;1
2019-04-20T02:00:00.0/2019-04-20T03:00:00.0;0;0;0;0;0;0;0;0;0;1
2019-04-20T03:00:00.0/2019-04-20T04:00:00.0;0;0;0;0;0;0;0;0;0;1
2019-04-20T04:00:00.0/2019-04-20T05:00:00.0;96.8067;47.3495;26.9311;20.4184;276.938;39.8745;20.171;19.7035;184.7876;1
2019-04-20T05:00:00.0/2019-04-20T06:00:00.0;299.0712;194.9094;146.2105;48.6989;647.3755;166.9383;119.7684;47.1698;534.1262;1
2019-04-20T06:00:00.0/2019-04-20T07:00:00.0;495.7034;360.4532;295.1016;65.3517;800.7677;308.4387;229.2906;79.148;622.3311;1
2019-04-20T07:00:00.0/2019-04-20T08:00:00.0;673.2986;514.6231;435.5806;79.0425;872.4476;460.0306;362.8079;97.2227;724.1396;1
2019-04-20T08:00:00.0/2019-04-20T09:00:00.0;819.7703;643.4556;553.486;89.9697;911.2505;611.0114;522.4993;88.5121;859.2616;1
2019-04-20T09:00:00.0/2019-04-20T10:00:00.0;925.1552;736.1609;637.6338;98.5272;930.4674;716.3986;632.4952;83.9035;922.942;1
2019-04-20T10:00:00.0/2019-04-20T11:00:00.0;982.2921;785.3193;680.4994;104.8199;935.3294;766.9431;677.071;89.872;930.6112;1
2019-04-20T11:00:00.0/2019-04-20T12:00:00.0;987.3101;787.0334;678.2356;108.7979;927.4288;769.1077;676.0337;93.074;924.4206;1
2019-04-20T12:00:00.0/2019-04-20T13:00:00.0;939.8928;742.6138;635.9109;106.7029;913.3311;723.8892;632.9811;90.9081;909.0956;1
2019-04-20T13:00:00.0/2019-04-20T14:00:00.0;843.299;655.6141;556.9529;98.6612;891.2609;632.4769;545.6002;86.8766;872.4636;1
2019-04-20T14:00:00.0/2019-04-20T15:00:00.0;704.1395;531.7355;443.7607;87.9749;849.7836;500.9013;416.2204;84.6809;797.5425;1
2019-04-20T15:00:00.0/2019-04-20T16:00:00.0;531.9262;381.1797;306.6913;74.4883;775.4801;344.6034;268.8516;75.7518;674.5284;1
2019-04-20T16:00:00.0/2019-04-20T17:00:00.0;338.4222;218.5486;162.0985;56.4502;637.3243;191.9204;138.0413;53.8791;547.0602;1
2019-04-20T17:00:00.0/2019-04-20T18:00:00.0;136.8393;68.6881;40.3602;28.3278;345.5047;59.3811;31.7151;27.666;243.4413;1
2019-04-20T18:00:00.0/2019-04-20T19:00:00.0;3.4489;0.9414;0.1528;0.7886;3.9715;0.3445;0;0.3445;0;1
2019-04-20T19:00:00.0/2019-04-20T20:00:00.0;0;0;0;0;0;0;0;0;0;1
2019-04-20T20:00:00.0/2019-04-20T21:00:00.0;0;0;0;0;0;0;0;0;0;1
2019-04-20T21:00:00.0/2019-04-20T22:00:00.0;0;0;0;0;0;0;0;0;0;1
2019-04-20T22:00:00.0/2019-04-20T23:00:00.0;0;0;0;0;0;0;0;0;0;1
2019-04-20T23:00:00.0/2019-04-21T00:00:00.0;0;0;0;0;0;0;0;0;0;1
2019-04-21T00:00:00.0/2019-04-21T01:00:00.0;0;0;0;0;0;0;0;0;0;1
2019-04-21T01:00:00.0/2019-04-21T02:00:00.0;0;0;0;0;0;0;0;0;0;1
2019-04-21T02:00:00.0/2019-04-21T03:00:00.0;0;0;0;0;0;0;0;0;0;1
2019-04-21T03:00:00.0/2019-04-21T04:00:00.0;0.049;0.0112;0.002;0.0092;0;0;0;0;0;1
2019-04-21T04:00:00.0/2019-04-21T05:00:00.0;103.9737;45.602;21.768;23.834;211.1669;34.4441;6.7512;27.6929;58.4708;1
2019-04-21T05:00:00.0/2019-04-21T06:00:00.0;305.8984;184.3587;125.0771;59.2816;539.2889;153.9811;92.6084;61.3727;381.6849;1
2019-04-21T06:00:00.0/2019-04-21T07:00:00.0;502.1334;346.5942;265.9524;80.6418;710.7769;316.9669;242.3448;74.6221;647.3508;1
2019-04-21T07:00:00.0/2019-04-21T08:00:00.0;679.3202;501.6922;408.0764;93.6157;809.1362;470.6124;381.5517;89.0607;755.1082;1
2019-04-21T08:00:00.0/2019-04-21T09:00:00.0;825.4001;632.6673;531.369;101.2983;868.1462;604.1353;506.582;97.5533;827.2951;1
2019-04-21T09:00:00.0/2019-04-21T10:00:00.0;930.4365;727.3179;621.283;106.035;900.8874;709.3958;617.8867;91.5091;895.9424;1
2019-04-21T10:00:00.0/2019-04-21T11:00:00.0;987.2918;777.997;669.256;108.7409;914.6864;761.2778;666.5186;94.7593;910.9458;1
2019-04-21T11:00:00.0/2019-04-21T12:00:00.0;992.1144;781.6439;672.6324;109.0115;914.8174;751.2244;634.915;116.3094;863.4939;1
2019-04-21T12:00:00.0/2019-04-21T13:00:00.0;944.601;738.1107;630.4222;107.6885;900.3793;710.0732;602.6791;107.3942;860.204;1
2019-04-21T13:00:00.0/2019-04-21T14:00:00.0;848.0167;650.759;546.3688;104.3902;868.8456;612.863;498.8174;114.0455;794.7082;1
2019-04-21T14:00:00.0/2019-04-21T15:00:00.0;708.9716;526.4376;428.9795;97.4581;815.1306;504.4238;420.5238;83.9;798.3084;1
2019-04-21T15:00:00.0/2019-04-21T16:00:00.0;536.9694;375.8767;291.1303;84.7464;728.3724;350.4685;275.9784;74.4901;691.4577;1
2019-04-21T16:00:00.0/2019-04-21T17:00:00.0;343.7586;214.3922;149.9433;64.4489;578.8312;193.1889;135.2283;57.9606;520.9421;1
2019-04-21T17:00:00.0/2019-04-21T18:00:00.0;142.5308;67.7718;35.6416;32.1301;291.2785;58.8911;27.1617;31.7294;198.7774;1
2019-04-21T18:00:00.0/2019-04-21T19:00:00.0;4.6551;1.2301;0.1563;1.0738;4.7569;0.4651;0;0.4651;0;1
2019-04-21T19:00:00.0/2019-04-21T20:00:00.0;0;0;0;0;0;0;0;0;0;1
2019-04-21T20:00:00.0/2019-04-21T21:00:00.0;0;0;0;0;0;0;0;0;0;1
2019-04-21T21:00:00.0/2019-04-21T22:00:00.0;0;0;0;0;0;0;0;0;0;1
2019-04-21T22:00:00.0/2019-04-21T23:00:00.0;0;0;0;0;0;0;0;0;0;1
2019-04-21T23:00:00.0/2019-04-22T00:00:00.0;0;0;0;0;0;0;0;0;0;1
2019-04-22T00:00:00.0/2019-04-22T01:00:00.0;0;0;0;0;0;0;0;0;0;1
2019-04-22T01:00:00.0/2019-04-22T02:00:00.0;0;0;0;0;0;0;0;0;0;1
2019-04-22T02:00:00.0/2019-04-22T03:00:00.0;0;0;0;0;0;0;0;0;0;1
2019-04-22T03:00:00.0/2019-04-22T04:00:00.0;0.3477;0.0747;0.0022;0.0725;0;0;0;0;0;1
2019-04-22T04:00:00.0/2019-04-22T05:00:00.0;111.0609;47.8213;21.8506;25.9707;203.683;41.0947;15.3333;25.7615;124.7753;1
2019-04-22T05:00:00.0/2019-04-22T06:00:00.0;312.6224;186.3973;124.5512;61.8461;524.642;171.7574;118.5491;53.2083;497.2536;1
2019-04-22T06:00:00.0/2019-04-22T07:00:00.0;508.4578;347.722;263.8128;83.9091;696.1813;328.1783;256.7175;71.4608;678.08;1
2019-04-22T07:00:00.0/2019-04-22T08:00:00.0;685.236;500.5539;400.3607;100.1932;786.6497;464.5972;363.4491;101.1481;713.7257;1
2019-04-22T08:00:00.0/2019-04-22T09:00:00.0;830.9262;629.7028;517.8748;111.828;840.0578;593.2952;476.2372;117.058;773.5301;1
2019-04-22T09:00:00.0/2019-04-22T10:00:00.0;935.618;724.6587;607.3511;117.3076;875.2509;688.1516;562.232;125.9196;809.2081;1
2019-04-22T10:00:00.0/2019-04-22T11:00:00.0;992.1975;777.602;660.7349;116.8671;898.0559;761.759;660.8636;100.8954;898.233;1
2019-04-22T11:00:00.0/2019-04-22T12:00:00.0;996.8317;783.6448;670.0696;113.5752;906.5323;767.5728;668.9848;98.588;905.0595;1
2019-04-22T12:00:00.0/2019-04-22T13:00:00.0;949.23;741.1259;632.102;109.0239;897.9012;723.8437;629.2394;94.6042;893.8171;1
2019-04-22T13:00:00.0/2019-04-22T14:00:00.0;852.6635;653.6073;550.4647;103.1426;870.1602;634.8854;545.4403;89.4451;862.163;1
2019-04-22T14:00:00.0/2019-04-22T15:00:00.0;713.7407;529.6664;435.3961;94.2702;821.4718;510.0677;429.6377;80.43;810.5624;1
2019-04-22T15:00:00.0/2019-04-22T16:00:00.0;541.9568;379.9556;298.2415;81.7141;739.0297;361.0303;292.2461;68.7842;723.921;1
2019-04-22T16:00:00.0/2019-04-22T17:00:00.0;349.045;218.818;155.7115;63.1066;592.196;200.3752;147.4445;52.9307;558.7794;1
2019-04-22T17:00:00.0/2019-04-22T18:00:00.0;148.1761;71.3053;38.6177;32.6877;307.2592;62.0608;29.6895;32.3713;213.57;1
2019-04-22T18:00:00.0/2019-04-22T19:00:00.0;6.008;1.6221;0.2379;1.3841;7.3425;0.6605;0;0.6605;0;1
2019-04-22T19:00:00.0/2019-04-22T20:00:00.0;0;0;0;0;0;0;0;0;0;1
2019-04-22T20:00:00.0/2019-04-22T21:00:00.0;0;0;0;0;0;0;0;0;0;1
2019-04-22T21:00:00.0/2019-04-22T22:00:00.0;0;0;0;0;0;0;0;0;0;1
2019-04-22T22:00:00.0/2019-04-22T23:00:00.0;0;0;0;0;0;0;0;0;0;1
2019-04-22T23:00:00.0/2019-04-23T00:00:00.0;0;0;0;0;0;0;0;0;0;1
2019-04-23T00:00:00.0/2019-04-23T01:00:00.0;0;0;0;0;0;0;0;0;0;1
2019-04-23T01:00:00.0/2019-04-23T02:00:00.0;0;0;0;0;0;0;0;0;0;1
2019-04-23T02:00:00.0/2019-04-23T03:00:00.0;0;0;0;0;0;0;0;0;0;1
2019-04-23T03:00:00.0/2019-04-23T04:00:00.0;0.9071;0.1937;0.0049;0.1888;0;0.0251;0;0.0251;0;1
2019-04-23T04:00:00.0/2019-04-23T05:00:00.0;118.0471;49.0481;20.4421;28.606;181.5703;42.4412;14.0323;28.4088;108.3629;1
2019-04-23T05:00:00.0/2019-04-23T06:00:00.0;319.2413;189.8642;123.5963;66.2679;507.929;175.172;118.2796;56.8924;484.0042;1
2019-04-23T06:00:00.0/2019-04-23T07:00:00.0;514.6752;355.9569;269.452;86.5049;701.7438;329.2134;251.0927;78.1207;656.0384;1
2019-04-23T07:00:00.0/2019-04-23T08:00:00.0;691.045;511.9623;413.1972;98.765;804.4392;471.5778;369.3726;102.2052;718.9161;1
2019-04-23T08:00:00.0/2019-04-23T09:00:00.0;836.3478;643.4858;538.6281;104.8577;867.491;600.8945;484.2281;116.6664;778.7441;1
2019-04-23T09:00:00.0/2019-04-23T10:00:00.0;940.6994;735.4913;624.1863;111.305;894.3454;717.1231;620.8586;96.2645;889.4438;1
2019-04-23T10:00:00.0/2019-04-23T11:00:00.0;997.0091;780.5286;660.8874;119.6412;893.4954;763.7128;658.8561;104.8567;890.7817;1
2019-04-23T11:00:00.0/2019-04-23T12:00:00.0;1001.4621;778.5924;653.1995;125.393;879.0967;748.7899;616.973;131.8169;830.3017;1
2019-04-23T12:00:00.0/2019-04-23T13:00:00.0;953.7802;728.4376;593.7825;134.655;838.7123;702.0237;570.6158;131.4079;806.1462;1
2019-04-23T13:00:00.0/2019-04-23T14:00:00.0;857.2396;633.5169;488.9987;144.5182;767.8914;614.8975;489.5193;125.3782;769.1407;1
2019-04-23T14:00:00.0/2019-04-23T15:00:00.0;718.4468;502.8314;359.297;143.5344;671.945;474.4251;346.8952;127.53;645.2123;1
2019-04-23T15:00:00.0/2019-04-23T16:00:00.0;546.8881;348.0385;218.802;129.2365;534.6159;194.6666;42.3788;152.2878;93.9796;1
2019-04-23T16:00:00.0/2019-04-23T17:00:00.0;354.2808;188.9274;93.8619;95.0656;347.0946;58.4329;0;58.4329;0;1
2019-04-23T17:00:00.0/2019-04-23T18:00:00.0;153.7747;58.0402;16.8266;41.2136;124.0867;35.1402;0;35.1402;0;1
2019-04-23T18:00:00.0/2019-04-23T19:00:00.0;7.5635;1.7022;0.0875;1.6147;2.4176;0.6811;0;0.6811;0;1
2019-04-23T19:00:00.0/2019-04-23T20:00:00.0;0;0;0;0;0;0;0;0;0;1
2019-04-23T20:00:00.0/2019-04-23T21:00:00.0;0;0;0;0;0;0;0;0;0;1
2019-04-23T21:00:00.0/2019-04-23T22:00:00.0;0;0;0;0;0;0;0;0;0;1
2019-04-23T22:00:00.0/2019-04-23T23:00:00.0;0;0;0;0;0;0;0;0;0;1
2019-04-23T23:00:00.0/2019-04-24T00:00:00.0;0;0;0;0;0;0;0;0;0;1
2019-04-24T00:00:00.0/2019-04-24T01:00:00.0;0;0;0;0;0;0;0;0;0;1
2019-04-24T01:00:00.0/2019-04-24T02:00:00.0;0;0;0;0;0;0;0;0;0;1
2019-04-24T02:00:00.0/2019-04-24T03:00:00.0;0;0;0;0;0;0;0;0;0;1
2019-04-24T03:00:00.0/2019-04-24T04:00:00.0;1.75;0.3869;0.0144;0.3724;0;0.0948;0;0.0948;0;1
2019-04-24T04:00:00.0/2019-04-24T05:00:00.0;124.9299;51.5253;20.7964;30.7288;181.0681;28.8278;0.6886;28.1392;7.7949;1
2019-04-24T05:00:00.0/2019-04-24T06:00:00.0;325.7531;183.5773;109.7349;73.8424;443.709;26.8453;0;26.8453;0;1
2019-04-24T06:00:00.0/2019-04-24T07:00:00.0;520.784;336.7092;230.7166;105.9926;593.5612;124.0472;0;124.0472;0;1
2019-04-24T07:00:00.0/2019-04-24T08:00:00.0;696.7461;482.6259;351.5277;131.0983;678.4765;286.2087;39.3122;246.8966;73.2964;1
2019-04-24T08:00:00.0/2019-04-24T09:00:00.0;841.6641;605.5024;454.6561;150.8463;727.2949;475.3915;221.615;253.7766;350.8043;1
2019-04-24T09:00:00.0/2019-04-24T10:00:00.0;945.6802;695.3309;533.3048;162.0261;759.5209;573.9907;293.4782;280.5124;419.0088;1
2019-04-24T10:00:00.0/2019-04-24T11:00:00.0;1001.7263;744.3841;579.2468;165.1372;778.9611;594.4998;269.0235;325.4763;361.6872;1
2019-04-24T11:00:00.0/2019-04-24T12:00:00.0;1006.0056;747.6684;583.746;163.9224;781.6727;581.0421;267.0877;313.9544;358.0591;1
2019-04-24T12:00:00.0/2019-04-24T13:00:00.0;958.2515;701.4152;534.9545;166.4607;751.6767;625.648;383.4591;242.1889;538.9095;1
2019-04-24T13:00:00.0/2019-04-24T14:00:00.0;861.7451;609.0535;438.6507;170.4028;684.7653;531.6088;293.9507;237.6581;457.9641;1
2019-04-24T14:00:00.0/2019-04-24T15:00:00.0;723.0901;481.4986;316.9198;164.5788;588.3042;424.5782;233.8078;190.7704;438.2659;1
2019-04-24T15:00:00.0/2019-04-24T16:00:00.0;551.7632;335.5361;196.0023;139.5338;475.3421;320.4127;197.0698;123.3428;477.822;1
2019-04-24T16:00:00.0/2019-04-24T17:00:00.0;359.4655;187.6951;90.7274;96.9678;331.7934;174.4138;84.8202;89.5937;307.7982;1
2019-04-24T17:00:00.0/2019-04-24T18:00:00.0;159.3256;60.8032;17.7297;43.0736;127.4234;53.4511;9.7373;43.7138;60.1441;1
2019-04-24T18:00:00.0/2019-04-24T19:00:00.0;9.2851;2.1446;0.1241;2.0205;3.244;1.0314;0;1.0314;0;1
2019-04-24T19:00:00.0/2019-04-24T20:00:00.0;0;0;0;0;0;0;0;0;0;1
2019-04-24T20:00:00.0/2019-04-24T21:00:00.0;0;0;0;0;0;0;0;0;0;1
2019-04-24T21:00:00.0/2019-04-24T22:00:00.0;0;0;0;0;0;0;0;0;0;1
2019-04-24T22:00:00.0/2019-04-24T23:00:00.0;0;0;0;0;0;0;0;0;0;1
2019-04-24T23:00:00.0/2019-04-25T00:00:00.0;0;0;0;0;0;0;0;0;0;1
2019-04-25T00:00:00.0/2019-04-25T01:00:00.0;0;0;0;0;0;0;0;0;0;1
2019-04-25T01:00:00.0/2019-04-25T02:00:00.0;0;0;0;0;0;0;0;0;0;1
2019-04-25T02:00:00.0/2019-04-25T03:00:00.0;0;0;0;0;0;0;0;0;0;1
2019-04-25T03:00:00.0/2019-04-25T04:00:00.0;2.8152;0.6212;0.0263;0.5948;0.6563;0.1946;0;0.1946;0;1
2019-04-25T04:00:00.0/2019-04-25T05:00:00.0;131.7071;53.5796;21.8823;31.6974;183.0373;19.3257;0;19.3257;0;1
2019-04-25T05:00:00.0/2019-04-25T06:00:00.0;332.1561;185.3453;113.7125;71.6327;450.6689;34.8418;0.0331;34.8087;0.1038;1
2019-04-25T06:00:00.0/2019-04-25T07:00:00.0;526.7827;341.7329;246.8213;94.9116;626.3759;231.655;80.7837;150.8714;199.1761;1
2019-04-25T07:00:00.0/2019-04-25T08:00:00.0;702.338;496.6558;393.0429;103.6129;751.5667;426.2467;287.5857;138.6609;539.7355;1
2019-04-25T08:00:00.0/2019-04-25T09:00:00.0;846.8743;631.5159;527.5751;103.9408;837.9122;615.112;522.1276;92.9844;829.2812;1
2019-04-25T09:00:00.0/2019-04-25T10:00:00.0;950.5598;728.3602;623.3196;105.0406;882.7901;713.0819;618.4525;94.6294;875.8542;1
2019-04-25T10:00:00.0/2019-04-25T11:00:00.0;1006.3489;778.335;668.1361;110.1989;893.9042;764.4339;665.1768;99.2571;889.9429;1
2019-04-25T11:00:00.0/2019-04-25T12:00:00.0;1010.4622;782.4296;669.6177;112.8119;892.2162;756.2537;637.6259;118.6278;849.5663;1
2019-04-25T12:00:00.0/2019-04-25T13:00:00.0;962.6442;739.0408;626.6788;112.362;876.322;718.2009;609.5123;108.6886;852.6147;1
2019-04-25T13:00:00.0/2019-04-25T14:00:00.0;866.1799;651.6992;543.1348;108.5644;843.7273;634.9465;538.8108;96.1357;836.9645;1
2019-04-25T14:00:00.0/2019-04-25T15:00:00.0;727.6705;528.7114;427.5877;101.1237;789.8787;510.7141;422.6226;88.0914;780.6735;1
2019-04-25T15:00:00.0/2019-04-25T16:00:00.0;556.5818;381.8708;294.2232;87.6477;708.9911;364.0096;288.4071;75.6024;694.6726;1
2019-04-25T16:00:00.0/2019-04-25T17:00:00.0;364.5988;225.1299;158.115;67.0149;575.737;201.59;137.7975;63.7925;494.3025;1
2019-04-25T17:00:00.0/2019-04-25T18:00:00.0;164.828;79.6826;43.4547;36.2279;319.6317;67.5018;29.2679;38.2339;200.2295;1
2019-04-25T18:00:00.0/2019-04-25T19:00:00.0;11.1697;3.1602;0.5949;2.5653;15.1824;1.8493;0;1.8493;0;1
2019-04-25T19:00:00.0/2019-04-25T20:00:00.0;0;0;0;0;0;0;0;0;0;1
2019-04-25T20:00:00.0/2019-04-25T21:00:00.0;0;0;0;0;0;0;0;0;0;1
2019-04-25T21:00:00.0/2019-04-25T22:00:00.0;0;0;0;0;0;0;0;0;0;1
2019-04-25T22:00:00.0/2019-04-25T23:00:00.0;0;0;0;0;0;0;0;0;0;1
2019-04-25T23:00:00.0/2019-04-26T00:00:00.0;0;0;0;0;0;0;0;0;0;1
2019-04-26T00:00:00.0/2019-04-26T01:00:00.0;0;0;0;0;0;0;0;0;0;1
2019-04-26T01:00:00.0/2019-04-26T02:00:00.0;0;0;0;0;0;0;0;0;0;1
2019-04-26T02:00:00.0/2019-04-26T03:00:00.0;0;0;0;0;0;0;0;0;0;1
2019-04-26T03:00:00.0/2019-04-26T04:00:00.0;4.1136;1.0037;0.0889;0.9147;2.643;0.3935;0;0.3935;0;1
2019-04-26T04:00:00.0/2019-04-26T05:00:00.0;138.3765;61.1221;28.9014;32.2207;239.2518;35.6744;3.1225;32.5518;32.2042;1
2019-04-26T05:00:00.0/2019-04-26T06:00:00.0;338.4483;198.2902;128.7391;69.5512;502.7113;103.9259;4.7674;99.1585;16.7023;1
2019-04-26T06:00:00.0/2019-04-26T07:00:00.0;532.6698;353.6009;258.804;94.7969;650.4731;224.8899;73.888;151.0019;168.762;1
2019-04-26T07:00:00.0/2019-04-26T08:00:00.0;707.8197;501.4649;390.9256;110.5393;741.9205;468.761;359.2533;109.5076;679.6132;1
2019-04-26T08:00:00.0/2019-04-26T09:00:00.0;851.9778;625.7429;505.3492;120.3937;797.7023;602.0426;485.9399;116.1026;766.7584;1
2019-04-26T09:00:00.0/2019-04-26T10:00:00.0;955.3381;715.2031;586.0306;129.1724;825.4038;702.3669;588.3141;114.0528;828.5773;1
2019-04-26T10:00:00.0/2019-04-26T11:00:00.0;1010.877;762.7369;624.7223;138.0146;831.6396;742.6517;606.4634;136.1883;807.588;1
2019-04-26T11:00:00.0/2019-04-26T12:00:00.0;1014.8319;764.8649;621.0405;143.8244;823.4675;668.5457;408.5403;260.0053;540.9641;1
2019-04-26T12:00:00.0/2019-04-26T13:00:00.0;966.9582;718.7947;568.7809;150.0138;791.2076;616.3746;351.894;264.4806;490.9737;1
2019-04-26T13:00:00.0/2019-04-26T14:00:00.0;870.5444;628.0986;474.1306;153.968;732.0732;332.0826;110.5755;221.5072;164.5339;1
2019-04-26T14:00:00.0/2019-04-26T15:00:00.0;732.1877;502.2755;353.5774;148.6981;647.9825;100.4238;0;100.4238;0;1
2019-04-26T15:00:00.0/2019-04-26T16:00:00.0;561.3436;353.4603;222.671;130.7893;529.9864;61.8791;0;61.8791;0;1
2019-04-26T16:00:00.0/2019-04-26T17:00:00.0;369.6799;198.8351;101.8797;96.9555;361.8403;114.3602;4.4543;109.9059;17.5052;1
2019-04-26T17:00:00.0/2019-04-26T18:00:00.0;170.2809;66.6815;20.5862;46.0952;140.9838;40.7017;0;40.7017;0;1
2019-04-26T18:00:00.0/2019-04-26T19:00:00.0;13.214;3.1772;0.2249;2.9523;5.4281;0.8536;0;0.8536;0;1
2019-04-26T19:00:00.0/2019-04-26T20:00:00.0;0;0;0;0;0;0;0;0;0;1
2019-04-26T20:00:00.0/2019-04-26T21:00:00.0;0;0;0;0;0;0;0;0;0;1
2019-04-26T21:00:00.0/2019-04-26T22:00:00.0;0;0;0;0;0;0;0;0;0;1
2019-04-26T22:00:00.0/2019-04-26T23:00:00.0;0;0;0;0;0;0;0;0;0;1
2019-04-26T23:00:00.0/2019-04-27T00:00:00.0;0;0;0;0;0;0;0;0;0;1
2019-04-27T00:00:00.0/2019-04-27T01:00:00.0;0;0;0;0;0;0;0;0;0;1
2019-04-27T01:00:00.0/2019-04-27T02:00:00.0;0;0;0;0;0;0;0;0;0;1
2019-04-27T02:00:00.0/2019-04-27T03:00:00.0;0;0;0;0;0;0;0;0;0;1
2019-04-27T03:00:00.0/2019-04-27T04:00:00.0;5.6361;1.2958;0.0703;1.2256;2.0895;0.5095;0;0.5095;0;1
2019-04-27T04:00:00.0/2019-04-27T05:00:00.0;144.9361;58.2329;20.5885;37.6444;159.2957;30.0574;0;30.0574;0;1
2019-04-27T05:00:00.0/2019-04-27T06:00:00.0;344.6281;193.2413;112.0413;81.2;425.868;36.9312;0;36.9312;0;1
2019-04-27T06:00:00.0/2019-04-27T07:00:00.0;538.444;352.7664;249.06;103.7064;617.8548;50.981;0;50.981;0;1
2019-04-27T07:00:00.0/2019-04-27T08:00:00.0;713.1902;505.5739;393.2875;112.2865;739.8691;152.3806;0;152.3806;0;1
2019-04-27T08:00:00.0/2019-04-27T09:00:00.0;856.9739;635.2714;523.8528;111.4186;821.3762;312.3088;31.6316;280.6772;47.5971;1
2019-04-27T09:00:00.0/2019-04-27T10:00:00.0;960.0145;728.4835;617.2019;111.2816;864.5627;506.6164;170.0807;336.5357;237.6274;1
2019-04-27T10:00:00.0/2019-04-27T11:00:00.0;1015.3101;778.0235;663.258;114.7655;878.5907;501.8481;130.7542;371.0938;173.4423;1
2019-04-27T11:00:00.0/2019-04-27T12:00:00.0;1019.1147;782.3994;666.5554;115.844;879.6516;447.3431;86.0257;361.3174;113.6721;1
2019-04-27T12:00:00.0/2019-04-27T13:00:00.0;971.1936;738.6859;616.9136;121.7722;854.0047;492.1025;153.7187;338.3838;212.7654;1
2019-04-27T13:00:00.0/2019-04-27T14:00:00.0;874.8383;649.5604;518.6947;130.8657;796.5987;400.1267;92.8431;307.2836;141.7335;1
2019-04-27T14:00:00.0/2019-04-27T15:00:00.0;736.6418;524.179;391.036;133.143;712.081;329.9578;61.7838;268.174;112.1526;1
2019-04-27T15:00:00.0/2019-04-27T16:00:00.0;566.0483;374.9052;254.2428;120.6623;600.7111;153.9606;2.9318;151.0288;6.1095;1
2019-04-27T16:00:00.0/2019-04-27T17:00:00.0;374.7082;217.6022;126.0617;91.5406;443.776;145.7581;34.2127;111.5454;136.738;1
2019-04-27T17:00:00.0/2019-04-27T18:00:00.0;175.6833;76.75;29.8378;46.9122;202.2576;67.2425;20.5215;46.721;127.0065;1
2019-04-27T18:00:00.0/2019-04-27T19:00:00.0;15.4147;4.0586;0.4234;3.6351;9.6542;2.5994;0;2.5994;0;1
2019-04-27T19:00:00.0/2019-04-27T20:00:00.0;0;0;0;0;0;0;0;0;0;1
2019-04-27T20:00:00.0/2019-04-27T21:00:00.0;0;0;0;0;0;0;0;0;0;1
2019-04-27T21:00:00.0/2019-04-27T22:00:00.0;0;0;0;0;0;0;0;0;0;1
2019-04-27T22:00:00.0/2019-04-27T23:00:00.0;0;0;0;0;0;0;0;0;0;1
2019-04-27T23:00:00.0/2019-04-28T00:00:00.0;0;0;0;0;0;0;0;0;0;1
2019-04-28T00:00:00.0/2019-04-28T01:00:00.0;0;0;0;0;0;0;0;0;0;1
2019-04-28T01:00:00.0/2019-04-28T02:00:00.0;0;0;0;0;0;0;0;0;0;1
2019-04-28T02:00:00.0/2019-04-28T03:00:00.0;0;0;0;0;0;0;0;0;0;1
2019-04-28T03:00:00.0/2019-04-28T04:00:00.0;7.3729;1.8081;0.1389;1.6692;4.0324;0.8532;0;0.8532;0;1
2019-04-28T04:00:00.0/2019-04-28T05:00:00.0;151.3838;64.4087;25.1527;39.256;191.7131;44.2214;0.1469;44.0745;1.3909;1
2019-04-28T05:00:00.0/2019-04-28T06:00:00.0;350.6938;200.9082;116.9113;83.9969;438.9143;137.8816;27.3871;110.4946;89.1777;1
2019-04-28T06:00:00.0/2019-04-28T07:00:00.0;544.1041;357.7659;243.9125;113.8534;598.9488;223.6909;51.2177;172.4733;136.7143;1
2019-04-28T07:00:00.0/2019-04-28T08:00:00.0;718.4487;508.069;376.5534;131.5155;703.0601;255.4351;15.8401;239.595;27.4711;1
2019-04-28T08:00:00.0/2019-04-28T09:00:00.0;861.8621;634.8204;493.3525;141.4678;768.8925;477.4511;225.9152;251.5359;347.4261;1
2019-04-28T09:00:00.0/2019-04-28T10:00:00.0;964.5889;727.3658;583.6613;143.7045;813.1447;541.9238;210.7819;331.1419;295.3769;1
2019-04-28T10:00:00.0/2019-04-28T11:00:00.0;1019.6485;778.35;639.0472;139.3028;842.4333;472.5446;108.7337;363.8109;143.5807;1
2019-04-28T11:00:00.0/2019-04-28T12:00:00.0;1023.3108;783.6396;652.192;131.4477;856.7323;472.4919;110.765;361.7269;145.5055;1
2019-04-28T12:00:00.0/2019-04-28T13:00:00.0;975.3505;738.1116;603.4453;134.6663;831.273;417.0251;68.0816;348.9436;93.4507;1
2019-04-28T13:00:00.0/2019-04-28T14:00:00.0;879.0617;644.9626;498.1468;146.8158;760.7782;319.0009;21.6707;297.3301;31.9913;1
2019-04-28T14:00:00.0/2019-04-28T15:00:00.0;741.0326;516.2632;368.0107;148.2525;665.564;233.3091;0.0248;233.2843;0.0468;1
2019-04-28T15:00:00.0/2019-04-28T16:00:00.0;570.6955;365.5202;232.0114;133.5089;542.7786;167.2901;0;167.2901;0;1
2019-04-28T16:00:00.0/2019-04-28T17:00:00.0;379.683;209.2601;108.4922;100.7679;375.37;131.6123;0.4704;131.1419;1.4944;1
2019-04-28T17:00:00.0/2019-04-28T18:00:00.0;181.0341;73.4357;23.322;50.1137;152.2953;53.9121;0;53.9121;0;1
2019-04-28T18:00:00.0/2019-04-28T19:00:00.0;17.7433;4.478;0.3684;4.1096;7.8291;2.9439;0;2.9439;0;1
2019-04-28T19:00:00.0/2019-04-28T20:00:00.0;0;0;0;0;0;0;0;0;0;1
2019-04-28T20:00:00.0/2019-04-28T21:00:00.0;0;0;0;0;0;0;0;0;0;1
2019-04-28T21:00:00.0/2019-04-28T22:00:00.0;0;0;0;0;0;0;0;0;0;1
2019-04-28T22:00:00.0/2019-04-28T23:00:00.0;0;0;0;0;0;0;0;0;0;1
2019-04-28T23:00:00.0/2019-04-29T00:00:00.0;0;0;0;0;0;0;0;0;0;1
2019-04-29T00:00:00.0/2019-04-29T01:00:00.0;0;0;0;0;0;0;0;0;0;1
2019-04-29T01:00:00.0/2019-04-29T02:00:00.0;0;0;0;0;0;0;0;0;0;1
2019-04-29T02:00:00.0/2019-04-29T03:00:00.0;0;0;0;0;0;0;0;0;0;1
2019-04-29T03:00:00.0/2019-04-29T04:00:00.0;9.3144;2.1863;0.1368;2.0495;3.5977;1.1286;0;1.1286;0;1
2019-04-29T04:00:00.0/2019-04-29T05:00:00.0;157.7178;61.215;18.7204;42.4946;135.8913;27.6493;0;27.6493;0;1
2019-04-29T05:00:00.0/2019-04-29T06:00:00.0;356.6438;191.2519;96.7145;94.5374;355.3029;99.645;4.676;94.969;15.0291;1
2019-04-29T06:00:00.0/2019-04-29T07:00:00.0;549.6488;349.6563;221.1772;128.4792;535.9556;310.9543;186.112;124.8423;439.6004;1
2019-04-29T07:00:00.0/2019-04-29T08:00:00.0;723.5942;507.8364;366.1109;141.7256;677.6136;492.3246;373.6202;118.7044;691.5525;1
2019-04-29T08:00:00.0/2019-04-29T09:00:00.0;866.6418;644.5024;505.7391;138.7633;782.9827;629.0578;511.6389;117.419;792.21;1
2019-04-29T09:00:00.0/2019-04-29T10:00:00.0;969.061;743.1636;609.6451;133.5185;845.0079;728.7393;614.7505;113.9889;852.0732;1
2019-04-29T10:00:00.0/2019-04-29T11:00:00.0;1023.892;795.5336;664.6464;130.8872;872.093;781.0427;667.4751;113.5676;875.8312;1
2019-04-29T11:00:00.0/2019-04-29T12:00:00.0;1027.42;801.8817;676.7018;125.1799;884.9019;783.8858;671.0383;112.8475;877.5185;1
2019-04-29T12:00:00.0/2019-04-29T13:00:00.0;979.429;761.9814;643.153;118.8284;882.1347;744.1901;638.581;105.6091;875.7881;1
2019-04-29T13:00:00.0/2019-04-29T14:00:00.0;883.2146;679.6484;567.4707;112.1776;862.862;655.3578;550.7511;104.6067;837.5992;1
2019-04-29T14:00:00.0/2019-04-29T15:00:00.0;745.3597;560.5179;457.8423;102.6757;824.3097;526.8557;426.7915;100.0642;767.4984;1
2019-04-29T15:00:00.0/2019-04-29T16:00:00.0;575.2845;414.1331;326.0586;88.0746;759.23;378.6473;292.6024;86.045;681.0913;1
2019-04-29T16:00:00.0/2019-04-29T17:00:00.0;384.6032;254.5644;187.0716;67.4928;647.0217;228.5409;167.6634;60.8775;579.8976;1
2019-04-29T17:00:00.0/2019-04-29T18:00:00.0;186.3321;101.6788;62.6282;39.0506;423.2069;89.756;53.9119;35.8442;352.291;1
2019-04-29T18:00:00.0/2019-04-29T19:00:00.0;20.2549;7.0713;2.3181;4.7533;47.6447;4.934;0.2382;4.6959;3.8963;1
2019-04-29T19:00:00.0/2019-04-29T20:00:00.0;0;0;0;0;0;0;0;0;0;1
2019-04-29T20:00:00.0/2019-04-29T21:00:00.0;0;0;0;0;0;0;0;0;0;1
2019-04-29T21:00:00.0/2019-04-29T22:00:00.0;0;0;0;0;0;0;0;0;0;1
2019-04-29T22:00:00.0/2019-04-29T23:00:00.0;0;0;0;0;0;0;0;0;0;1
2019-04-29T23:00:00.0/2019-04-30T00:00:00.0;0;0;0;0;0;0;0;0;0;1
2019-04-30T00:00:00.0/2019-04-30T01:00:00.0;0;0;0;0;0;0;0;0;0;1
2019-04-30T01:00:00.0/2019-04-30T02:00:00.0;0;0;0;0;0;0;0;0;0;1
2019-04-30T02:00:00.0/2019-04-30T03:00:00.0;0;0;0;0;0;0;0;0;0;1
2019-04-30T03:00:00.0/2019-04-30T04:00:00.0;11.4505;3.3257;0.6661;2.6596;16.7667;2.1311;0;2.1311;0;1
2019-04-30T04:00:00.0/2019-04-30T05:00:00.0;163.9363;80.5531;43.5254;37.0277;321.5203;71.4825;35.8012;35.6813;245.693;1
2019-04-30T05:00:00.0/2019-04-30T06:00:00.0;362.4768;228.5926;159.4301;69.1625;582.2556;212.5568;154.759;57.7978;564.0301;1
2019-04-30T06:00:00.0/2019-04-30T07:00:00.0;555.0771;390.4821;300.5155;89.9666;724.0857;372.2133;297.7608;74.4525;717.2764;1
2019-04-30T07:00:00.0/2019-04-30T08:00:00.0;728.6263;542.3688;438.8653;103.5035;807.6862;523.3947;436.6623;86.7324;803.6213;1
2019-04-30T08:00:00.0/2019-04-30T09:00:00.0;871.3128;669.1903;556.9424;112.2479;857.9177;647.3436;544.8071;102.5365;840.0336;1
2019-04-30T09:00:00.0/2019-04-30T10:00:00.0;973.4307;760.347;641.7444;118.6026;885.1757;695.3647;510.5136;184.8511;704.9678;1
2019-04-30T10:00:00.0/2019-04-30T11:00:00.0;1028.0406;808.7802;685.5244;123.2558;895.4265;728.1048;509.1024;219.0024;664.7162;1
2019-04-30T11:00:00.0/2019-04-30T12:00:00.0;1031.4426;810.7937;685.5609;125.2328;892.4924;793.3284;681.6154;111.713;887.4111;1
2019-04-30T12:00:00.0/2019-04-30T13:00:00.0;983.4291;759.3542;627.2318;132.1225;856.0231;744.5491;631.3198;113.2293;861.6425;1
2019-04-30T13:00:00.0/2019-04-30T14:00:00.0;887.2969;660.5016;517.6791;142.8226;782.4661;645.2941;523.7558;121.5383;791.6953;1
2019-04-30T14:00:00.0/2019-04-30T15:00:00.0;749.623;528.2037;383.9878;144.216;685.8422;488.6736;348.3541;140.3195;617.0618;1
2019-04-30T15:00:00.0/2019-04-30T16:00:00.0;579.8149;373.507;241.9169;131.5901;556.3132;272.6508;88.91;183.7408;203.1307;1
2019-04-30T16:00:00.0/2019-04-30T17:00:00.0;389.4683;213.3993;112.6934;100.7059;379.9628;182.7848;78.3021;104.4827;263.4744;1
2019-04-30T17:00:00.0/2019-04-30T18:00:00.0;191.5761;76.835;25.8791;50.9559;162.297;63.2244;7.7082;55.5162;42.0641;1
2019-04-30T18:00:00.0/2019-04-30T19:00:00.0;22.9115;5.7173;0.5672;5.1501;10.9685;3.941;0;3.941;0;1
2019-04-30T19:00:00.0/2019-04-30T20:00:00.0;0;0;0;0;0;0;0;0;0;1
2019-04-30T20:00:00.0/2019-04-30T21:00:00.0;0;0;0;0;0;0;0;0;0;1
2019-04-30T21:00:00.0/2019-04-30T22:00:00.0;0;0;0;0;0;0;0;0;0;1
2019-04-30T22:00:00.0/2019-04-30T23:00:00.0;0;0;0;0;0;0;0;0;0;1
2019-04-30T23:00:00.0/2019-05-01T00:00:00.0;0;0;0;0;0;0;0;0;0;1
2019-05-01T00:00:00.0/2019-05-01T01:00:00.0;0;0;0;0;0;0;0;0;0;1
2019-05-01T01:00:00.0/2019-05-01T02:00:00.0;0;0;0;0;0;0;0;0;0;1
2019-05-01T02:00:00.0/2019-05-01T03:00:00.0;0;0;0;0;0;0;0;0;0;1
2019-05-01T03:00:00.0/2019-05-01T04:00:00.0;13.7974;2.9905;0.1362;2.8543;3.2124;1.805;0;1.805;0;1
2019-05-01T04:00:00.0/2019-05-01T05:00:00.0;170.0376;57.5374;12.2989;45.2385;84.2178;40.57;0;40.57;0;1
2019-05-01T05:00:00.0/2019-05-01T06:00:00.0;368.1915;172.8542;64.701;108.1533;229.3401;72.3989;0;72.3989;0;1
2019-05-01T06:00:00.0/2019-05-01T07:00:00.0;560.3882;319.2497;155.9054;163.3443;369.6962;135.2621;0;135.2621;0;1
2019-05-01T07:00:00.0/2019-05-01T08:00:00.0;733.5441;470.6232;271.8849;198.7383;495.4472;236.1708;10.7966;225.3742;18.3202;1
2019-05-01T08:00:00.0/2019-05-01T09:00:00.0;875.8746;603.1227;387.006;216.1167;592.0779;458.7508;148.3924;310.3584;225.3403;1
2019-05-01T09:00:00.0/2019-05-01T10:00:00.0;977.6979;697.8802;471.6467;226.2335;647.266;544.8539;208.3884;336.4655;286.3803;1
2019-05-01T10:00:00.0/2019-05-01T11:00:00.0;1032.0944;746.2324;512.8209;233.4114;666.8452;446.5862;87.7815;358.8048;114.6628;1
2019-05-01T11:00:00.0/2019-05-01T12:00:00.0;1035.3787;748.7992;515.4923;233.3069;668.1887;417.8447;52.7093;365.1354;68.4508;1
2019-05-01T12:00:00.0/2019-05-01T13:00:00.0;987.3508;711.5476;495.4561;216.0915;673.5682;441.7306;92.7144;349.0161;126.1625;1
2019-05-01T13:00:00.0/2019-05-01T14:00:00.0;891.3083;638.0432;454.502;183.5411;684.4079;370.2516;54.214;316.0377;80.4112;1
2019-05-01T14:00:00.0/2019-05-01T15:00:00.0;753.822;529.5392;384.0777;145.4615;683.5821;272.9696;5.7584;267.2112;10.1565;1
2019-05-01T15:00:00.0/2019-05-01T16:00:00.0;584.2859;390.0927;274.7628;115.3298;628.2972;157.2673;0.1159;157.1514;0.2321;1
2019-05-01T16:00:00.0/2019-05-01T17:00:00.0;394.2769;234.106;145.979;88.127;489.5281;61.6525;0;61.6525;0;1
2019-05-01T17:00:00.0/2019-05-01T18:00:00.0;196.7646;90.855;41.8549;49.0002;262.2574;24.3288;0;24.3288;0;1
2019-05-01T18:00:00.0/2019-05-01T19:00:00.0;25.7088;7.3804;1.3055;6.0749;23.9799;2.6825;0;2.6825;0;1
2019-05-01T19:00:00.0/2019-05-01T20:00:00.0;0;0;0;0;0;0;0;0;0;1
2019-05-01T20:00:00.0/2019-05-01T21:00:00.0;0;0;0;0;0;0;0;0;0;1
2019-05-01T21:00:00.0/2019-05-01T22:00:00.0;0;0;0;0;0;0;0;0;0;1
2019-05-01T22:00:00.0/2019-05-01T23:00:00.0;0;0;0;0;0;0;0;0;0;1
2019-05-01T23:00:00.0/2019-05-02T00:00:00.0;0;0;0;0;0;0;0;0;0;1
2019-05-02T00:00:00.0/2019-05-02T01:00:00.0;0;0;0;0;0;0;0;0;0;1
2019-05-02T01:00:00.0/2019-05-02T02:00:00.0;0;0;0;0;0;0;0;0;0;1
2019-05-02T02:00:00.0/2019-05-02T03:00:00.0;0;0;0;0;0;0;0;0;0;1
2019-05-02T03:00:00.0/2019-05-02T04:00:00.0;16.2941;4.1623;0.4519;3.7103;9.975;2.8065;0;2.8065;0;1
2019-05-02T04:00:00.0/2019-05-02T05:00:00.0;176.0201;74.4237;28.7859;45.6378;194.478;31.4841;0;31.4841;0;1
2019-05-02T05:00:00.0/2019-05-02T06:00:00.0;373.7865;213.4511;124.4172;89.0339;437.4665;24.8824;0;24.8824;0;1
2019-05-02T06:00:00.0/2019-05-02T07:00:00.0;565.5809;371.4303;254.1928;117.2375;599.6108;51.1383;0;51.1383;0;1
2019-05-02T07:00:00.0/2019-05-02T08:00:00.0;738.3472;520.7056;385.1843;135.5213;698.435;86.0573;0;86.0573;0;1
2019-05-02T08:00:00.0/2019-05-02T09:00:00.0;880.327;646.3669;500.5295;145.8374;762.1447;96.3854;0;96.3854;0;1
2019-05-02T09:00:00.0/2019-05-02T10:00:00.0;981.8624;737.3728;586.0818;151.291;800.5465;211.2019;0;211.2019;0;1
2019-05-02T10:00:00.0/2019-05-02T11:00:00.0;1036.0533;786.5338;633.1904;153.3433;819.8002;254.2732;0;254.2732;0;1
2019-05-02T11:00:00.0/2019-05-02T12:00:00.0;1039.2281;790.2197;638.4473;151.7723;824.0853;298.8704;0;298.8704;0;1
2019-05-02T12:00:00.0/2019-05-02T13:00:00.0;991.1941;748.0659;601.9874;146.0785;814.5651;295.892;0;295.892;0;1
2019-05-02T13:00:00.0/2019-05-02T14:00:00.0;895.249;663.4937;527.2216;136.272;789.5552;228.7722;0;228.7722;0;1
2019-05-02T14:00:00.0/2019-05-02T15:00:00.0;757.9564;543.6039;420.8385;122.7654;743.7307;186.5396;0;186.5396;0;1
2019-05-02T15:00:00.0/2019-05-02T16:00:00.0;588.697;400.6933;296.9126;103.7807;674.3643;147.8449;0;147.8449;0;1
2019-05-02T16:00:00.0/2019-05-02T17:00:00.0;399.0284;247.7871;169.0795;78.7076;562.2477;86.99;0;86.99;0;1
2019-05-02T17:00:00.0/2019-05-02T18:00:00.0;201.8963;102.2752;56.3653;45.9099;351.2418;43.2508;0;43.2508;0;1
2019-05-02T18:00:00.0/2019-05-02T19:00:00.0;28.6423;9.3329;2.4919;6.841;44.0452;5.1173;0;5.1173;0;1
2019-05-02T19:00:00.0/2019-05-02T20:00:00.0;0;0;0;0;0;0;0;0;0;1
2019-05-02T20:00:00.0/2019-05-02T21:00:00.0;0;0;0;0;0;0;0;0;0;1
2019-05-02T21:00:00.0/2019-05-02T22:00:00.0;0;0;0;0;0;0;0;0;0;1
2019-05-02T22:00:00.0/2019-05-02T23:00:00.0;0;0;0;0;0;0;0;0;0;1
2019-05-02T23:00:00.0/2019-05-03T00:00:00.0;0;0;0;0;0;0;0;0;0;1
2019-05-03T00:00:00.0/2019-05-03T01:00:00.0;0;0;0;0;0;0;0;0;0;1
2019-05-03T01:00:00.0/2019-05-03T02:00:00.0;0;0;0;0;0;0;0;0;0;1
2019-05-03T02:00:00.0/2019-05-03T03:00:00.0;0;0;0;0;0;0;0;0;0;1
2019-05-03T03:00:00.0/2019-05-03T04:00:00.0;18.9528;6.3782;1.8665;4.5117;39.1335;4.6331;0.1546;4.4785;2.5965;1
2019-05-03T04:00:00.0/2019-05-03T05:00:00.0;181.8823;98.775;60.6995;38.0755;415.6917;88.1169;53.7469;34.37;355.289;1
2019-05-03T05:00:00.0/2019-05-03T06:00:00.0;379.2608;253.5288;190.7522;62.7766;667.0231;236.177;185.9044;50.2726;649.3718;1
2019-05-03T06:00:00.0/2019-05-03T07:00:00.0;570.6547;417.6606;339.967;77.6935;796.2245;378.4557;295.2117;83.244;698.6871;1
2019-05-03T07:00:00.0/2019-05-03T08:00:00.0;743.035;570.7119;483.5196;87.1924;871.4915;466.3352;313.36;152.9752;570.3304;1
2019-05-03T08:00:00.0/2019-05-03T09:00:00.0;884.6699;698.485;605.4272;93.0578;917.1742;389.1161;106.0699;283.0462;164.5743;1
2019-05-03T09:00:00.0/2019-05-03T10:00:00.0;985.9244;789.0417;688.6183;100.4234;936.4345;478.1302;161.967;316.1632;219.411;1
2019-05-03T10:00:00.0/2019-05-03T11:00:00.0;1039.9176;835.3235;725.2824;110.0411;935.1108;548.8159;216.5525;332.2635;278.3944;1
2019-05-03T11:00:00.0/2019-05-03T12:00:00.0;1042.9913;835.4278;717.6802;117.7476;922.5136;598.0223;295.8214;302.2008;379.873;1
2019-05-03T12:00:00.0/2019-05-03T13:00:00.0;994.9591;784.1491;650.5142;133.6349;876.0961;678.5471;486.2948;192.2524;656.7034;1
2019-05-03T13:00:00.0/2019-05-03T14:00:00.0;899.1186;684.6299;530.3017;154.3282;789.6589;543.0563;296.2689;246.7874;440.0305;1
2019-05-03T14:00:00.0/2019-05-03T15:00:00.0;762.0258;548.8995;387.6061;161.2935;679.7692;382.699;114.2957;268.4033;200.7798;1
2019-05-03T15:00:00.0/2019-05-03T16:00:00.0;593.0474;396.7246;255.0919;141.6327;574.4771;252.3486;52.881;199.4675;112.7106;1
2019-05-03T16:00:00.0/2019-05-03T17:00:00.0;403.7213;242.6429;140.4747;102.1682;460.4456;140.7395;5.9394;134.8;22.5526;1
2019-05-03T17:00:00.0/2019-05-03T18:00:00.0;206.9698;99.2336;43.4003;55.8334;261.3448;77.9347;17.4131;60.5216;110.074;1
2019-05-03T18:00:00.0/2019-05-03T19:00:00.0;31.707;9.8476;1.8622;7.9854;31.2156;7.3845;0.0129;7.3716;0.1605;1
2019-05-03T19:00:00.0/2019-05-03T20:00:00.0;0;0;0;0;0;0;0;0;0;1
2019-05-03T20:00:00.0/2019-05-03T21:00:00.0;0;0;0;0;0;0;0;0;0;1
2019-05-03T21:00:00.0/2019-05-03T22:00:00.0;0;0;0;0;0;0;0;0;0;1
2019-05-03T22:00:00.0/2019-05-03T23:00:00.0;0;0;0;0;0;0;0;0;0;1
2019-05-03T23:00:00.0/2019-05-04T00:00:00.0;0;0;0;0;0;0;0;0;0;1
2019-05-04T00:00:00.0/2019-05-04T01:00:00.0;0;0;0;0;0;0;0;0;0;1
2019-05-04T01:00:00.0/2019-05-04T02:00:00.0;0;0;0;0;0;0;0;0;0;1
2019-05-04T02:00:00.0/2019-05-04T03:00:00.0;0;0;0;0;0;0;0;0;0;1
2019-05-04T03:00:00.0/2019-05-04T04:00:00.0;21.7628;7.0392;1.4235;5.6157;27.4521;5.255;0.0425;5.2124;0.6484;1
2019-05-04T04:00:00.0/2019-05-04T05:00:00.0;187.6227;99.3696;53.7502;45.6193;352.959;88.8489;47.9746;40.8742;303.3709;1
2019-05-04T05:00:00.0/2019-05-04T06:00:00.0;384.6133;255.1152;180.0619;75.0533;619.408;237.8681;177.9666;59.9015;611.5768;1
2019-05-04T06:00:00.0/2019-05-04T07:00:00.0;575.6088;420.2937;329.9182;90.3755;765.1686;400.7005;328.4431;72.2574;761.763;1
2019-05-04T07:00:00.0/2019-05-04T08:00:00.0;747.6073;573.3094;476.6506;96.6589;853.2237;537.0258;444.8552;92.1707;800.1193;1
2019-05-04T08:00:00.0/2019-05-04T09:00:00.0;888.903;700.3959;602.5161;97.8798;907.8663;570.8089;402.02;168.7889;609.972;1
2019-05-04T09:00:00.0/2019-05-04T10:00:00.0;989.8838;790.6823;692.438;98.2443;937.3019;332.5192;34.8397;297.6794;48.1433;1
2019-05-04T10:00:00.0/2019-05-04T11:00:00.0;1043.6874;837.3568;738.564;98.7927;948.2855;587.6431;243.6038;344.0392;312.0011;1
2019-05-04T11:00:00.0/2019-05-04T12:00:00.0;1046.6681;837.9067;740.4556;97.4511;947.9883;561.1321;211.0208;350.1113;269.6492;1
2019-05-04T12:00:00.0/2019-05-04T13:00:00.0;998.6458;793.4526;697.7985;95.6542;936.2145;527.7524;201.9956;325.7569;272.9051;1
2019-05-04T13:00:00.0/2019-05-04T14:00:00.0;902.917;707.2369;614.0827;93.1543;910.9727;532.3325;281.6574;250.675;416.4548;1
2019-05-04T14:00:00.0/2019-05-04T15:00:00.0;766.0297;584.7001;496.6543;88.0458;867.8316;288.6937;65.5127;223.181;115.7632;1
2019-05-04T15:00:00.0/2019-05-04T16:00:00.0;597.3363;435.9985;358.0157;77.9828;801.0248;340.9944;204.9879;136.0065;461.7604;1
2019-05-04T16:00:00.0/2019-05-04T17:00:00.0;408.3549;274.5155;212.3253;62.1902;690.8793;234.88;162.8023;72.0777;542.0482;1
2019-05-04T17:00:00.0/2019-05-04T18:00:00.0;211.9836;118.9047;79.4415;39.4632;479.3431;80.6892;30.0863;50.6028;147.9515;1
2019-05-04T18:00:00.0/2019-05-04T19:00:00.0;34.8803;12.8497;5.3648;7.485;88.5796;7.9771;0;7.9771;0;1
2019-05-04T19:00:00.0/2019-05-04T20:00:00.0;0;0;0;0;0;0;0;0;0;1
2019-05-04T20:00:00.0/2019-05-04T21:00:00.0;0;0;0;0;0;0;0;0;0;1
2019-05-04T21:00:00.0/2019-05-04T22:00:00.0;0;0;0;0;0;0;0;0;0;1
2019-05-04T22:00:00.0/2019-05-04T23:00:00.0;0;0;0;0;0;0;0;0;0;1
2019-05-04T23:00:00.0/2019-05-05T00:00:00.0;0;0;0;0;0;0;0;0;0;1
2019-05-05T00:00:00.0/2019-05-05T01:00:00.0;0;0;0;0;0;0;0;0;0;1
2019-05-05T01:00:00.0/2019-05-05T02:00:00.0;0;0;0;0;0;0;0;0;0;1
2019-05-05T02:00:00.0/2019-05-05T03:00:00.0;0;0;0;0;0;0;0;0;0;1
2019-05-05T03:00:00.0/2019-05-05T04:00:00.0;24.7132;8.0052;2.5224;5.4828;47.7615;5.9772;0.2175;5.7597;3.3007;1
2019-05-05T04:00:00.0/2019-05-05T05:00:00.0;193.2401;101.412;62.3221;39.09;403.8311;62.9959;15.2174;47.7785;82.2217;1
2019-05-05T05:00:00.0/2019-05-05T06:00:00.0;389.8429;254.7744;191.4641;63.3103;650.5785;233.7502;178.1136;55.6367;598.5795;1
2019-05-05T06:00:00.0/2019-05-05T07:00:00.0;580.4425;417.7787;340.1098;77.669;782.3161;398.8698;333.7915;65.0784;767.6466;1
2019-05-05T07:00:00.0/2019-05-05T08:00:00.0;752.0637;569.2776;482.726;86.5516;858.7277;549.7813;474.968;74.8133;844.904;1
2019-05-05T08:00:00.0/2019-05-05T09:00:00.0;893.0262;695.6263;603.9169;91.7095;905.3995;677.3873;596.3319;81.0554;893.9836;1
2019-05-05T09:00:00.0/2019-05-05T10:00:00.0;993.7407;786.8347;692.5004;94.3343;933.2563;764.2966;671.7444;92.5521;905.8085;1
2019-05-05T10:00:00.0/2019-05-05T11:00:00.0;1047.3628;835.9331;740.9989;94.9342;947.5886;773.8081;617.217;156.5911;789.2452;1
2019-05-05T11:00:00.0/2019-05-05T12:00:00.0;1050.2589;839.1132;745.4579;93.6553;950.6576;771.657;610.4571;161.1999;778.2495;1
2019-05-05T12:00:00.0/2019-05-05T13:00:00.0;1002.2543;793.5025;698.5896;94.9129;933.3429;670.7815;444.8852;225.8963;594.9021;1
2019-05-05T13:00:00.0/2019-05-05T14:00:00.0;906.644;702.5019;604.4623;98.0396;892.3779;661.17;543.1444;118.0257;803.5817;1
2019-05-05T14:00:00.0/2019-05-05T15:00:00.0;769.9678;575.7698;478.7789;96.9909;831.5538;526.2484;409.0613;117.1871;709.5884;1
2019-05-05T15:00:00.0/2019-05-05T16:00:00.0;601.5631;424.5355;334.9397;89.5958;742.9997;397.7623;314.1011;83.6611;697.9986;1
2019-05-05T16:00:00.0/2019-05-05T17:00:00.0;412.9279;262.6962;188.6248;74.0715;604.8258;245.6642;181.5831;64.0811;581.2695;1
2019-05-05T17:00:00.0/2019-05-05T18:00:00.0;216.9363;110.5251;63.6173;46.9078;370.1761;99.0296;54.2093;44.8203;306.4445;1
2019-05-05T18:00:00.0/2019-05-05T19:00:00.0;38.2028;12.3629;3.6842;8.6787;57.5653;9.5076;0.5735;8.934;6.9614;1
2019-05-05T19:00:00.0/2019-05-05T20:00:00.0;0;0;0;0;0;0;0;0;0;1
2019-05-05T20:00:00.0/2019-05-05T21:00:00.0;0;0;0;0;0;0;0;0;0;1
2019-05-05T21:00:00.0/2019-05-05T22:00:00.0;0;0;0;0;0;0;0;0;0;1
2019-05-05T22:00:00.0/2019-05-05T23:00:00.0;0;0;0;0;0;0;0;0;0;1
2019-05-05T23:00:00.0/2019-05-06T00:00:00.0;0;0;0;0;0;0;0;0;0;1
2019-05-06T00:00:00.0/2019-05-06T01:00:00.0;0;0;0;0;0;0;0;0;0;1
2019-05-06T01:00:00.0/2019-05-06T02:00:00.0;0;0;0;0;0;0;0;0;0;1
2019-05-06T02:00:00.0/2019-05-06T03:00:00.0;0;0;0;0;0;0;0;0;0;1
2019-05-06T03:00:00.0/2019-05-06T04:00:00.0;27.7681;8.5888;1.8915;6.6973;33.9422;6.543;0.0568;6.4862;0.7711;1
2019-05-06T04:00:00.0/2019-05-06T05:00:00.0;198.7331;97.8029;48.6189;49.184;303.9062;84.9151;36.5634;48.3517;219.4833;1
2019-05-06T05:00:00.0/2019-05-06T06:00:00.0;394.9489;245.8737;159.7252;86.1485;534.2314;229.5103;156.552;72.9582;521.6724;1
2019-05-06T06:00:00.0/2019-05-06T07:00:00.0;585.1553;408.4466;301.1452;107.3014;685.5609;351.7733;230.2442;121.5291;536.5762;1
2019-05-06T07:00:00.0/2019-05-06T08:00:00.0;756.4039;562.5482;449.1866;113.3616;793.5278;363.0728;111.7613;251.3115;195.1452;1
2019-05-06T08:00:00.0/2019-05-06T09:00:00.0;897.0397;691.3145;580.2297;111.0848;865.2882;440.4406;148.1024;292.3382;224.5629;1
2019-05-06T09:00:00.0/2019-05-06T10:00:00.0;997.4954;783.4001;674.6745;108.7256;905.3473;340.1664;20.5331;319.6333;27.2257;1
2019-05-06T10:00:00.0/2019-05-06T11:00:00.0;1050.944;832.2692;722.8345;109.4346;920.749;520.2331;192.5851;327.648;244.5082;1
2019-05-06T11:00:00.0/2019-05-06T12:00:00.0;1053.7637;835.6024;727.6235;107.9789;924.3677;575.5471;258.0221;317.5249;328.3807;1
2019-05-06T12:00:00.0/2019-05-06T13:00:00.0;1005.7845;791.2225;681.5602;109.6623;906.9351;561.9119;292.9543;268.9576;389.603;1
2019-05-06T13:00:00.0/2019-05-06T14:00:00.0;910.2996;702.3119;589.0498;113.2621;865.6924;381.7946;112.5389;269.2557;159.8869;1
2019-05-06T14:00:00.0/2019-05-06T15:00:00.0;773.8396;577.4332;465.6079;111.8253;804.17;225.237;0;225.237;0;1
2019-05-06T15:00:00.0/2019-05-06T16:00:00.0;605.7269;430.0645;330.6621;99.4024;728.8063;270.3425;89.1203;181.2222;210.6292;1
2019-05-06T16:00:00.0/2019-05-06T17:00:00.0;417.4391;273.2377;196.1321;77.1055;623.4655;228.2572;128.0712;100.186;405.7806;1
2019-05-06T17:00:00.0/2019-05-06T18:00:00.0;221.8263;121.7326;73.5909;48.1417;424.22;99.3579;47.0348;52.3231;256.7819;1
2019-05-06T18:00:00.0/2019-05-06T19:00:00.0;41.641;15.2252;5.2424;9.9828;78.3808;11.3266;0.7986;10.5281;10.0159;1
2019-05-06T19:00:00.0/2019-05-06T20:00:00.0;0;0;0;0;0;0;0;0;0;1
2019-05-06T20:00:00.0/2019-05-06T21:00:00.0;0;0;0;0;0;0;0;0;0;1
2019-05-06T21:00:00.0/2019-05-06T22:00:00.0;0;0;0;0;0;0;0;0;0;1
2019-05-06T22:00:00.0/2019-05-06T23:00:00.0;0;0;0;0;0;0;0;0;0;1
2019-05-06T23:00:00.0/2019-05-07T00:00:00.0;0;0;0;0;0;0;0;0;0;1
2019-05-07T00:00:00.0/2019-05-07T01:00:00.0;0;0;0;0;0;0;0;0;0;1
2019-05-07T01:00:00.0/2019-05-07T02:00:00.0;0;0;0;0;0;0;0;0;0;1
2019-05-07T02:00:00.0/2019-05-07T03:00:00.0;0;0;0;0;0;0;0;0;0;1
2019-05-07T03:00:00.0/2019-05-07T04:00:00.0;30.9699;10.3637;2.6276;7.7361;44.454;7.9938;0.3905;7.6033;5.2372;1
2019-05-07T04:00:00.0/2019-05-07T05:00:00.0;204.1007;107.093;58.3613;48.7317;358.449;96.2635;52.1368;44.1267;311.3258;1
2019-05-07T05:00:00.0/2019-05-07T06:00:00.0;399.9305;258.7515;177.5576;81.1939;587.4317;242.0972;175.329;66.7682;579.3023;1
2019-05-07T06:00:00.0/2019-05-07T07:00:00.0;589.7468;420.2969;317.8319;102.465;718.4816;401.9485;318.2576;83.6909;719.3636;1
2019-05-07T07:00:00.0/2019-05-07T08:00:00.0;760.6279;571.2902;456.0914;115.1988;801.2698;532.1473;416.9778;115.1696;736.4766;1
2019-05-07T08:00:00.0/2019-05-07T09:00:00.0;900.9434;696.919;574.1414;122.7776;852.2935;539.5058;293.7824;245.7234;437.496;1
2019-05-07T09:00:00.0/2019-05-07T10:00:00.0;1001.1479;788.2214;662.4735;125.748;885.2564;672.5532;460.7794;211.7738;614.0455;1
2019-05-07T10:00:00.0/2019-05-07T11:00:00.0;1054.4313;838.3463;713.6194;124.7269;905.5477;716.9087;494.0063;222.9024;627.4329;1
2019-05-07T11:00:00.0/2019-05-07T12:00:00.0;1057.1827;842.5417;721.4453;121.0965;913.1109;679.714;416.4645;263.2495;527.306;1
2019-05-07T12:00:00.0/2019-05-07T13:00:00.0;1009.2367;796.9568;675.5342;121.4227;895.3732;629.0753;369.7101;259.3652;487.402;1
2019-05-07T13:00:00.0/2019-05-07T14:00:00.0;913.8836;704.9994;580.2667;124.7327;848.9438;407.5292;90.8956;316.6336;132.793;1
2019-05-07T14:00:00.0/2019-05-07T15:00:00.0;777.6447;577.222;454.1663;123.0557;780.0224;477.422;306.825;170.5969;532.4368;1
2019-05-07T15:00:00.0/2019-05-07T16:00:00.0;609.827;427.7688;318.6551;109.1136;697.0411;377.7075;254.8578;122.8496;555.2745;1
2019-05-07T16:00:00.0/2019-05-07T17:00:00.0;421.8875;270.1606;186.3512;83.8095;585.3923;173.1145;38.5572;134.5573;107.7113;1
2019-05-07T17:00:00.0/2019-05-07T18:00:00.0;226.6522;119.7387;68.4353;51.3034;384.9206;85.6899;25.7858;59.9041;165.9475;1
2019-05-07T18:00:00.0/2019-05-07T19:00:00.0;45.1889;15.7987;5.0527;10.746;72.9645;12.4314;1.3792;11.0521;15.9637;1
2019-05-07T19:00:00.0/2019-05-07T20:00:00.0;0;0;0;0;0;0;0;0;0;1
2019-05-07T20:00:00.0/2019-05-07T21:00:00.0;0;0;0;0;0;0;0;0;0;1
2019-05-07T21:00:00.0/2019-05-07T22:00:00.0;0;0;0;0;0;0;0;0;0;1
2019-05-07T22:00:00.0/2019-05-07T23:00:00.0;0;0;0;0;0;0;0;0;0;1
2019-05-07T23:00:00.0/2019-05-08T00:00:00.0;0;0;0;0;0;0;0;0;0;1
2019-05-08T00:00:00.0/2019-05-08T01:00:00.0;0;0;0;0;0;0;0;0;0;1
2019-05-08T01:00:00.0/2019-05-08T02:00:00.0;0;0;0;0;0;0;0;0;0;1
2019-05-08T02:00:00.0/2019-05-08T03:00:00.0;0;0;0;0;0;0;0;0;0;1
2019-05-08T03:00:00.0/2019-05-08T04:00:00.0;34.2795;11.3935;3.5427;7.8508;58.3109;8.8882;0.7155;8.1726;9.3264;1
2019-05-08T04:00:00.0/2019-05-08T05:00:00.0;209.3416;108.7572;64.2635;44.4937;387.4107;97.9171;56.4089;41.5082;331.5111;1
2019-05-08T05:00:00.0/2019-05-08T06:00:00.0;404.7867;259.1574;187.4752;71.6823;612.9445;242.6929;181.7916;60.9013;593.5959;1
2019-05-08T06:00:00.0/2019-05-08T07:00:00.0;594.2166;416.7928;324.1929;92.5999;727.8139;399.1622;320.4519;78.7103;719.1519;1
2019-05-08T07:00:00.0/2019-05-08T08:00:00.0;764.7354;561.2067;448.9297;112.277;784.446;544.0132;447.6657;96.3475;782.1812;1
2019-05-08T08:00:00.0/2019-05-08T09:00:00.0;904.7374;680.8904;551.2511;129.6393;814.6804;640.9993;480.1426;160.8567;711.199;1
2019-05-08T09:00:00.0/2019-05-08T10:00:00.0;1004.6986;763.5232;613.2702;150.253;816.4749;706.5542;493.2522;213.302;657.0097;1
2019-05-08T10:00:00.0/2019-05-08T11:00:00.0;1057.8251;802.4686;630.1354;172.3331;796.7397;679.9866;398.4085;281.578;504.2239;1
2019-05-08T11:00:00.0/2019-05-08T12:00:00.0;1060.5164;796.3402;605.9783;190.362;764.1091;490.8385;129.3678;361.4707;162.7331;1
2019-05-08T12:00:00.0/2019-05-08T13:00:00.0;1012.6108;746.0904;545.7386;200.3518;720.4821;465.2925;106.3204;358.9722;140.7847;1
2019-05-08T13:00:00.0/2019-05-08T14:00:00.0;917.3958;655.1302;456.1989;198.9313;664.308;467.7995;137.5753;330.2242;201.0458;1
2019-05-08T14:00:00.0/2019-05-08T15:00:00.0;781.3827;529.2523;342.2743;186.978;584.2371;376.2349;95.4085;280.8264;160.7862;1
2019-05-08T15:00:00.0/2019-05-08T16:00:00.0;613.8627;383.4919;225.4701;158.0218;488.7824;221.5668;11.3966;210.1702;22.8839;1
2019-05-08T16:00:00.0/2019-05-08T17:00:00.0;426.2721;233.4769;119.0458;114.4311;367.938;117.4662;0;117.4662;0;1
2019-05-08T17:00:00.0/2019-05-08T18:00:00.0;231.4126;98.6849;36.4574;62.2275;197.2312;65.3835;0;65.3835;0;1
2019-05-08T18:00:00.0/2019-05-08T19:00:00.0;48.8181;13.6859;2.1619;11.524;29.9181;10.3488;0;10.3488;0;1
2019-05-08T19:00:00.0/2019-05-08T20:00:00.0;0;0;0;0;0;0;0;0;0;1
2019-05-08T20:00:00.0/2019-05-08T21:00:00.0;0;0;0;0;0;0;0;0;0;1
2019-05-08T21:00:00.0/2019-05-08T22:00:00.0;0;0;0;0;0;0;0;0;0;1
2019-05-08T22:00:00.0/2019-05-08T23:00:00.0;0;0;0;0;0;0;0;0;0;1
2019-05-08T23:00:00.0/2019-05-09T00:00:00.0;0;0;0;0;0;0;0;0;0;1
2019-05-09T00:00:00.0/2019-05-09T01:00:00.0;0;0;0;0;0;0;0;0;0;1
2019-05-09T01:00:00.0/2019-05-09T02:00:00.0;0;0;0;0;0;0;0;0;0;1
2019-05-09T02:00:00.0/2019-05-09T03:00:00.0;0;0;0;0;0;0;0;0;0;1
2019-05-09T03:00:00.0/2019-05-09T04:00:00.0;37.6855;11.0875;2.347;8.7405;36.3887;8.6139;0.0165;8.5975;0.2004;1
2019-05-09T04:00:00.0/2019-05-09T05:00:00.0;214.4548;102.3346;53.0025;49.3321;306.8244;26.9301;0;26.9301;0;1
2019-05-09T05:00:00.0/2019-05-09T06:00:00.0;409.5171;251.75;176.9113;74.8387;569.2201;82.454;0;82.454;0;1
2019-05-09T06:00:00.0/2019-05-09T07:00:00.0;598.5641;411.9218;325.1053;86.8165;723.4285;169.4635;1.4281;168.0354;2.8107;1
2019-05-09T07:00:00.0/2019-05-09T08:00:00.0;768.7263;560.493;466.3693;94.1237;809.8461;254.5045;4.653;249.8515;7.5442;1
2019-05-09T08:00:00.0/2019-05-09T09:00:00.0;908.4219;685.9786;589.3889;96.5897;866.8231;331.7532;27.0325;304.7207;40.5506;1
2019-05-09T09:00:00.0/2019-05-09T10:00:00.0;1008.1477;776.0964;677.9989;98.0975;898.8961;385.6065;33.697;351.9095;44.154;1
2019-05-09T10:00:00.0/2019-05-09T11:00:00.0;1061.1255;823.6495;724.0287;99.6208;912.0897;515.0034;142.8455;372.1579;179.4405;1
2019-05-09T11:00:00.0/2019-05-09T12:00:00.0;1063.7648;826.6778;727.4164;99.2613;914.0759;606.1594;238.629;367.5305;299.8083;1
2019-05-09T12:00:00.0/2019-05-09T13:00:00.0;1015.9071;782.1509;676.7023;105.4486;890.1248;524.7018;160.2269;364.4749;210.2071;1
2019-05-09T13:00:00.0/2019-05-09T14:00:00.0;920.8362;693.1805;577.3866;115.7938;837.4834;359.0631;39.6185;319.4447;55.7195;1
2019-05-09T14:00:00.0/2019-05-09T15:00:00.0;785.0533;568.9581;449.0336;119.9246;763.0831;242.7897;0;242.7897;0;1
2019-05-09T15:00:00.0/2019-05-09T16:00:00.0;617.8333;423.0745;313.4797;109.5948;676.105;200.9886;0;200.9886;0;1
2019-05-09T16:00:00.0/2019-05-09T17:00:00.0;430.5917;269.0228;183.2789;85.7439;563.5026;168.1812;22.7739;145.4072;74.4582;1
2019-05-09T17:00:00.0/2019-05-09T18:00:00.0;236.106;121.8257;68.0888;53.737;368.04;78.9641;4.086;74.8782;26.4077;1
2019-05-09T18:00:00.0/2019-05-09T19:00:00.0;52.5794;18.0668;5.6186;12.4481;75.7928;14.048;0.938;13.11;10.2794;1
2019-05-09T19:00:00.0/2019-05-09T20:00:00.0;0;0;0;0;0;0;0;0;0;1
2019-05-09T20:00:00.0/2019-05-09T21:00:00.0;0;0;0;0;0;0;0;0;0;1
2019-05-09T21:00:00.0/2019-05-09T22:00:00.0;0;0;0;0;0;0;0;0;0;1
2019-05-09T22:00:00.0/2019-05-09T23:00:00.0;0;0;0;0;0;0;0;0;0;1
2019-05-09T23:00:00.0/2019-05-10T00:00:00.0;0;0;0;0;0;0;0;0;0;1
2019-05-10T00:00:00.0/2019-05-10T01:00:00.0;0;0;0;0;0;0;0;0;0;1
2019-05-10T01:00:00.0/2019-05-10T02:00:00.0;0;0;0;0;0;0;0;0;0;1
2019-05-10T02:00:00.0/2019-05-10T03:00:00.0;0;0;0;0;0;0;0;0;0;1
2019-05-10T03:00:00.0/2019-05-10T04:00:00.0;41.1762;13.2361;3.3165;9.9196;49.5542;10.5019;0.5046;9.9973;5.912;1
2019-05-10T04:00:00.0/2019-05-10T05:00:00.0;219.4394;109.3624;57.1044;52.258;327.3775;97.0302;46.9472;50.083;260.1746;1
2019-05-10T05:00:00.0/2019-05-10T06:00:00.0;414.1209;256.4488;171.6049;84.8439;547.1883;121.9595;29.9214;92.0381;113.2118;1
2019-05-10T06:00:00.0/2019-05-10T07:00:00.0;602.7893;413.033;306.507;106.5259;676.9814;182.8292;14.6744;168.1548;29.291;1
2019-05-10T07:00:00.0/2019-05-10T08:00:00.0;772.6006;558.4752;437.2292;121.246;755.1519;278.4019;28.9993;249.4025;51.8657;1
2019-05-10T08:00:00.0/2019-05-10T09:00:00.0;911.9971;679.4816;548.5295;130.9522;803.2509;283.9646;18.8236;265.141;28.3601;1
2019-05-10T09:00:00.0/2019-05-10T10:00:00.0;1011.4955;767.2752;633.2563;134.0189;836.3217;241.8792;5.7938;236.0854;7.4235;1
2019-05-10T10:00:00.0/2019-05-10T11:00:00.0;1064.333;815.118;684.2972;130.8208;859.0112;616.9754;323.2989;293.6765;404.8341;1
2019-05-10T11:00:00.0/2019-05-10T12:00:00.0;1066.9283;818.3734;693.6016;124.7718;868.5975;485.4853;173.6373;311.848;216.3849;1
2019-05-10T12:00:00.0/2019-05-10T13:00:00.0;1019.1257;772.7997;642.7692;130.0305;842.3356;144.9269;0;144.9269;0;1
2019-05-10T13:00:00.0/2019-05-10T14:00:00.0;924.2047;681.3765;536.8408;144.5358;775.2441;167.2143;0;167.2143;0;1
2019-05-10T14:00:00.0/2019-05-10T15:00:00.0;788.656;554.9284;405.9474;148.9811;686.0243;288.4683;27.2231;261.2451;45.6286;1
2019-05-10T15:00:00.0/2019-05-10T16:00:00.0;621.738;408.8344;276.0239;132.8105;591.0047;145.7798;0;145.7798;0;1
2019-05-10T16:00:00.0/2019-05-10T17:00:00.0;434.8454;257.1646;157.0238;100.1407;477.0923;134.4454;0;134.4454;0;1
2019-05-10T17:00:00.0/2019-05-10T18:00:00.0;240.7311;114.9031;55.2105;59.6926;290.9077;45.5345;0;45.5345;0;1
2019-05-10T18:00:00.0/2019-05-10T19:00:00.0;56.4321;17.8118;4.2769;13.5349;55.2379;6.9196;0;6.9196;0;1
2019-05-10T19:00:00.0/2019-05-10T20:00:00.0;0;0;0;0;0;0;0;0;0;1
2019-05-10T20:00:00.0/2019-05-10T21:00:00.0;0;0;0;0;0;0;0;0;0;1
2019-05-10T21:00:00.0/2019-05-10T22:00:00.0;0;0;0;0;0;0;0;0;0;1
2019-05-10T22:00:00.0/2019-05-10T23:00:00.0;0;0;0;0;0;0;0;0;0;1
2019-05-10T23:00:00.0/2019-05-11T00:00:00.0;0;0;0;0;0;0;0;0;0;1
2019-05-11T00:00:00.0/2019-05-11T01:00:00.0;0;0;0;0;0;0;0;0;0;1
2019-05-11T01:00:00.0/2019-05-11T02:00:00.0;0;0;0;0;0;0;0;0;0;1
2019-05-11T02:00:00.0/2019-05-11T03:00:00.0;0;0;0;0;0;0;0;0;0;1
2019-05-11T03:00:00.0/2019-05-11T04:00:00.0;44.7397;15.072;4.6213;10.4507;67.318;12.0691;1.161;10.9081;13.5618;1
2019-05-11T04:00:00.0/2019-05-11T05:00:00.0;224.2943;116.06;66.4406;49.6193;375.2971;92.587;35.7471;56.84;190.7102;1
2019-05-11T05:00:00.0/2019-05-11T06:00:00.0;418.5975;266.8639;188.9287;77.9352;596.4126;249.4254;182.275;67.1504;573.0872;1
2019-05-11T06:00:00.0/2019-05-11T07:00:00.0;606.8917;426.6714;329.9061;96.7653;723.673;409.1651;327.2064;81.9587;717.5767;1
2019-05-11T07:00:00.0/2019-05-11T08:00:00.0;776.3585;575.123;465.0768;110.0463;799.0842;503.3844;343.7733;159.6111;598.6432;1
2019-05-11T08:00:00.0/2019-05-11T09:00:00.0;915.4632;699.0954;580.0184;119.077;845.7803;592.7709;376.9602;215.8107;546.2449;1
2019-05-11T09:00:00.0/2019-05-11T10:00:00.0;1014.7424;788.2784;664.5623;123.7161;874.5053;720.8474;536.2507;184.5967;705.533;1
2019-05-11T10:00:00.0/2019-05-11T11:00:00.0;1067.448;835.6162;711.315;124.3012;889.9184;813.6091;692.5587;121.0504;866.1741;1
2019-05-11T11:00:00.0/2019-05-11T12:00:00.0;1070.0073;837.695;715.423;122.272;892.9141;795.9523;638.4736;157.4787;796.6204;1
2019-05-11T12:00:00.0/2019-05-11T13:00:00.0;1022.2668;794.5151;674.9695;119.5456;881.6355;736.084;536.9122;199.1718;700.9391;1
2019-05-11T13:00:00.0/2019-05-11T14:00:00.0;927.5014;709.3336;593.4736;115.86;854.1094;588.6218;327.2222;261.3995;467.6069;1
2019-05-11T14:00:00.0/2019-05-11T15:00:00.0;792.1907;588.6608;479.7634;108.8975;807.7969;452.9958;202.8242;250.1716;343.199;1
2019-05-11T15:00:00.0/2019-05-11T16:00:00.0;625.5765;443.8097;347.8974;95.9123;740.7687;309.437;104.0558;205.3812;217.4527;1
2019-05-11T16:00:00.0/2019-05-11T17:00:00.0;439.0322;287.7803;211.2041;76.5762;637.4728;183.4906;29.7254;153.7652;87.4998;1
2019-05-11T17:00:00.0/2019-05-11T18:00:00.0;245.2866;136.2307;85.6441;50.5866;449.6372;87.2698;3.9759;83.2938;17.5169;1
2019-05-11T18:00:00.0/2019-05-11T19:00:00.0;60.3693;23.0461;9.1101;13.9359;116.9152;16.6519;0.345;16.3069;3.5845;1
2019-05-11T19:00:00.0/2019-05-11T20:00:00.0;0;0;0;0;0;0;0;0;0;1
2019-05-11T20:00:00.0/2019-05-11T21:00:00.0;0;0;0;0;0;0;0;0;0;1
2019-05-11T21:00:00.0/2019-05-11T22:00:00.0;0;0;0;0;0;0;0;0;0;1
2019-05-11T22:00:00.0/2019-05-11T23:00:00.0;0;0;0;0;0;0;0;0;0;1
2019-05-11T23:00:00.0/2019-05-12T00:00:00.0;0;0;0;0;0;0;0;0;0;1
2019-05-12T00:00:00.0/2019-05-12T01:00:00.0;0;0;0;0;0;0;0;0;0;1
2019-05-12T01:00:00.0/2019-05-12T02:00:00.0;0;0;0;0;0;0;0;0;0;1
2019-05-12T02:00:00.0/2019-05-12T03:00:00.0;0;0;0;0;0;0;0;0;0;1
2019-05-12T03:00:00.0/2019-05-12T04:00:00.0;48.3642;18.1154;6.9064;11.209;98.5345;14.7102;2.9348;11.7754;34.532;1
2019-05-12T04:00:00.0/2019-05-12T05:00:00.0;229.0188;127.3935;80.177;47.2166;447.7912;115.2586;73.3207;41.9379;403.9639;1
2019-05-12T05:00:00.0/2019-05-12T06:00:00.0;422.9464;281.4289;209.3544;72.0745;655.1648;234.2884;150.5075;83.7808;482.648;1
2019-05-12T06:00:00.0/2019-05-12T07:00:00.0;610.8712;442.6354;354.3481;88.2874;772.1151;355.485;218.3996;137.0855;466.4818;1
2019-05-12T07:00:00.0/2019-05-12T08:00:00.0;779.9998;592.3682;494.2003;98.168;844.8661;552.0436;445.4006;106.643;764.6673;1
2019-05-12T08:00:00.0/2019-05-12T09:00:00.0;918.8204;716.8795;612.7894;104.0901;889.9211;657.4365;515.5256;141.9108;746.5658;1
2019-05-12T09:00:00.0/2019-05-12T10:00:00.0;1017.8887;807.416;701.5619;105.8541;919.8978;789.9656;695.0385;94.927;911.1419;1
2019-05-12T10:00:00.0/2019-05-12T11:00:00.0;1070.4708;857.204;753.2206;103.9834;939.2394;831.9144;722.6442;109.2702;901.3433;1
2019-05-12T11:00:00.0/2019-05-12T12:00:00.0;1073.0022;861.5676;761.5073;100.0603;947.349;838.0894;737.2439;100.8455;917.3072;1
2019-05-12T12:00:00.0/2019-05-12T13:00:00.0;1025.3307;817.471;717.1129;100.3581;933.3903;801.4757;712.2934;89.1823;927.1287;1
2019-05-12T13:00:00.0/2019-05-12T14:00:00.0;930.7263;728.1495;624.1073;104.0422;894.5753;656.7242;504.3684;152.3559;718.4285;1
2019-05-12T14:00:00.0/2019-05-12T15:00:00.0;795.657;603.1567;500.0067;103.15;837.6929;553.5298;432.2961;121.2337;729.502;1
2019-05-12T15:00:00.0/2019-05-12T16:00:00.0;629.348;454.5543;360.9043;93.65;763.4984;435.6596;357.0037;78.6559;755.0691;1
2019-05-12T16:00:00.0/2019-05-12T17:00:00.0;443.1511;295.4365;219.816;75.6205;657.1096;277.529;214.103;63.426;639.4048;1
2019-05-12T17:00:00.0/2019-05-12T18:00:00.0;249.7712;141.3881;90.7906;50.5974;469.0517;127.9532;82.826;45.1272;423.1921;1
2019-05-12T18:00:00.0/2019-05-12T19:00:00.0;64.3656;25.3484;10.6638;14.6846;134.5229;20.5792;5.2877;15.2915;55.3596;1
2019-05-12T19:00:00.0/2019-05-12T20:00:00.0;0;0;0;0;0;0;0;0;0;1
2019-05-12T20:00:00.0/2019-05-12T21:00:00.0;0;0;0;0;0;0;0;0;0;1
2019-05-12T21:00:00.0/2019-05-12T22:00:00.0;0;0;0;0;0;0;0;0;0;1
2019-05-12T22:00:00.0/2019-05-12T23:00:00.0;0;0;0;0;0;0;0;0;0;1
2019-05-12T23:00:00.0/2019-05-13T00:00:00.0;0;0;0;0;0;0;0;0;0;1
2019-05-13T00:00:00.0/2019-05-13T01:00:00.0;0;0;0;0;0;0;0;0;0;1
2019-05-13T01:00:00.0/2019-05-13T02:00:00.0;0;0;0;0;0;0;0;0;0;1
2019-05-13T02:00:00.0/2019-05-13T03:00:00.0;0;0;0;0;0;0;0;0;0;1
2019-05-13T03:00:00.0/2019-05-13T04:00:00.0;52.0229;20.6818;9.1934;11.4883;129.1019;15.823;2.6106;13.2124;31.701;1
2019-05-13T04:00:00.0/2019-05-13T05:00:00.0;233.6118;134.8625;90.5973;44.2651;498.9599;118.2661;75.0091;43.257;396.6548;1
2019-05-13T05:00:00.0/2019-05-13T06:00:00.0;427.167;290.7491;224.9494;65.7998;697.3851;272.8934;219.3594;53.534;679.5811;1
2019-05-13T06:00:00.0/2019-05-13T07:00:00.0;614.7276;451.952;371.0614;80.8905;803.5482;432.4879;365.4544;67.0335;791.2977;1
2019-05-13T07:00:00.0/2019-05-13T08:00:00.0;783.5247;600.4457;507.9897;92.4561;864.3284;572.5486;483.2834;89.2652;823.5045;1
2019-05-13T08:00:00.0/2019-05-13T09:00:00.0;922.0691;723.7906;622.5808;101.2098;900.6317;689.7563;580.0807;109.6756;838.176;1
2019-05-13T09:00:00.0/2019-05-13T10:00:00.0;1020.935;812.0905;704.6464;107.4441;920.8372;787.9369;679.0855;108.8513;887.9186;1
2019-05-13T10:00:00.0/2019-05-13T11:00:00.0;1073.4021;858.4639;747.1855;111.2784;928.7667;837.594;729.9699;107.6241;907.2;1
2019-05-13T11:00:00.0/2019-05-13T12:00:00.0;1075.9133;859.42;746.5389;112.8811;925.7695;845.0497;746.6902;98.3595;925.9579;1
2019-05-13T12:00:00.0/2019-05-13T13:00:00.0;1028.3176;815.8752;705.972;109.9031;915.9141;764.9113;619.3835;145.5278;801.7563;1
2019-05-13T13:00:00.0/2019-05-13T14:00:00.0;933.8793;731.2709;629.0542;102.2167;898.4464;638.7519;453.8342;184.9177;647.9346;1
2019-05-13T14:00:00.0/2019-05-13T15:00:00.0;799.0548;611.2858;518.8785;92.4073;865.6824;521.6415;362.1058;159.5357;600.6209;1
2019-05-13T15:00:00.0/2019-05-13T16:00:00.0;633.0519;465.0496;383.7645;81.285;806.9421;253.0838;39.3851;213.6986;75.7941;1
2019-05-13T16:00:00.0/2019-05-13T17:00:00.0;447.2014;305.115;237.7911;67.3238;704.6621;184.7876;48.2164;136.5712;161.5441;1
2019-05-13T17:00:00.0/2019-05-13T18:00:00.0;254.1839;149.1111;102.2067;46.9044;520.7498;127.2984;79.0673;48.2311;397.3969;1
2019-05-13T18:00:00.0/2019-05-13T19:00:00.0;68.4655;28.4409;13.475;14.9659;166.1261;21.7723;4.4521;17.3203;44.6293;1
2019-05-13T19:00:00.0/2019-05-13T20:00:00.0;0;0;0;0;0;0;0;0;0;1
2019-05-13T20:00:00.0/2019-05-13T21:00:00.0;0;0;0;0;0;0;0;0;0;1
2019-05-13T21:00:00.0/2019-05-13T22:00:00.0;0;0;0;0;0;0;0;0;0;1
2019-05-13T22:00:00.0/2019-05-13T23:00:00.0;0;0;0;0;0;0;0;0;0;1
2019-05-13T23:00:00.0/2019-05-14T00:00:00.0;0;0;0;0;0;0;0;0;0;1
2019-05-14T00:00:00.0/2019-05-14T01:00:00.0;0;0;0;0;0;0;0;0;0;1
2019-05-14T01:00:00.0/2019-05-14T02:00:00.0;0;0;0;0;0;0;0;0;0;1
2019-05-14T02:00:00.0/2019-05-14T03:00:00.0;0;0;0;0;0;0;0;0;0;1
2019-05-14T03:00:00.0/2019-05-14T04:00:00.0;55.7472;21.9835;9.2874;12.6962;124.6075;18.0229;4.7658;13.2571;53.807;1
2019-05-14T04:00:00.0/2019-05-14T05:00:00.0;238.0727;136.3517;90.1712;46.1806;486.9316;123.6792;83.3319;40.3473;445.3511;1
2019-05-14T05:00:00.0/2019-05-14T06:00:00.0;431.2589;291.4497;224.1269;67.3228;687.8136;273.8143;218.4977;55.3166;670.0515;1
2019-05-14T06:00:00.0/2019-05-14T07:00:00.0;618.4606;453.1577;373.2902;79.8675;802.7994;433.9305;367.1173;66.8132;789.478;1
2019-05-14T07:00:00.0/2019-05-14T08:00:00.0;786.9332;603.7563;517.5318;86.2245;876.1824;584.2626;509.4361;74.8265;862.4447;1
2019-05-14T08:00:00.0/2019-05-14T09:00:00.0;925.2095;729.5709;640.5698;89.0012;922.9916;711.5289;632.5911;78.9378;911.472;1
2019-05-14T09:00:00.0/2019-05-14T10:00:00.0;1023.8816;820.1132;729.4067;90.7064;949.9993;803.85;721.9706;81.8794;940.3011;1
2019-05-14T10:00:00.0/2019-05-14T11:00:00.0;1076.2421;868.4983;776.5209;91.9774;962.2379;852.8746;769.4428;83.4318;953.4661;1
2019-05-14T11:00:00.0/2019-05-14T12:00:00.0;1078.7411;871.7413;780.1371;91.6041;964.4722;855.9162;772.7367;83.1795;955.3201;1
2019-05-14T12:00:00.0/2019-05-14T13:00:00.0;1031.2279;827.9173;733.7029;94.2144;948.6728;810.1205;723.9518;86.1686;935.9565;1
2019-05-14T13:00:00.0/2019-05-14T14:00:00.0;936.9608;740.0577;641.0164;99.0413;911.9005;719.2194;628.3574;90.862;894.1467;1
2019-05-14T14:00:00.0/2019-05-14T15:00:00.0;802.384;616.1979;516.3148;99.8831;857.0729;596.5921;511.6524;84.9398;849.3361;1
2019-05-14T15:00:00.0/2019-05-14T16:00:00.0;636.688;467.3911;375.8422;91.5488;785.3346;435.0688;348.4335;86.6352;723.0334;1
2019-05-14T16:00:00.0/2019-05-14T17:00:00.0;451.1823;306.7935;232.002;74.7915;680.9516;246.1625;148.4825;97.6801;432.6306;1
2019-05-14T17:00:00.0/2019-05-14T18:00:00.0;258.5233;150.5709;99.1685;51.4024;496.2442;120.3524;56.627;63.7254;294.2568;1
2019-05-14T18:00:00.0/2019-05-14T19:00:00.0;72.6292;29.9355;13.2755;16.6601;158.9535;24.6085;7.4499;17.1586;75.1471;1
2019-05-14T19:00:00.0/2019-05-14T20:00:00.0;0;0;0;0;0;0;0;0;0;1
2019-05-14T20:00:00.0/2019-05-14T21:00:00.0;0;0;0;0;0;0;0;0;0;1
2019-05-14T21:00:00.0/2019-05-14T22:00:00.0;0;0;0;0;0;0;0;0;0;1
2019-05-14T22:00:00.0/2019-05-14T23:00:00.0;0;0;0;0;0;0;0;0;0;1
2019-05-14T23:00:00.0/2019-05-15T00:00:00.0;0;0;0;0;0;0;0;0;0;1
2019-05-15T00:00:00.0/2019-05-15T01:00:00.0;0;0;0;0;0;0;0;0;0;1
2019-05-15T01:00:00.0/2019-05-15T02:00:00.0;0;0;0;0;0;0;0;0;0;1
2019-05-15T02:00:00.0/2019-05-15T03:00:00.0;0;0;0;0;0;0;0;0;0;1
2019-05-15T03:00:00.0/2019-05-15T04:00:00.0;59.4973;24.5592;11.291;13.2682;149.1473;20.2657;6.4292;13.8366;71.932;1
2019-05-15T04:00:00.0/2019-05-15T05:00:00.0;242.4006;142.9997;97.8181;45.1816;520.4467;129.836;91.2964;38.5397;481.629;1
2019-05-15T05:00:00.0/2019-05-15T06:00:00.0;435.2217;300.2537;235.7531;64.5005;716.986;282.0473;230.0219;52.0254;699.1862;1
2019-05-15T06:00:00.0/2019-05-15T07:00:00.0;622.0703;461.5593;384.717;76.8423;822.6356;441.7152;377.98;63.7351;808.1735;1
2019-05-15T07:00:00.0/2019-05-15T08:00:00.0;790.2256;609.0276;523.7983;85.2293;882.903;579.3143;493.6357;85.6787;834.2883;1
2019-05-15T08:00:00.0/2019-05-15T09:00:00.0;928.2419;730.8796;640.229;90.6506;919.1804;622.2691;426.1245;196.1446;612.2589;1
2019-05-15T09:00:00.0/2019-05-15T10:00:00.0;1026.7289;816.3661;721.4977;94.8685;936.7297;782.7272;672.3484;110.3788;871.5908;1
2019-05-15T10:00:00.0/2019-05-15T11:00:00.0;1078.9916;859.6375;761.1423;98.4952;940.3745;844.1194;750.9146;93.2048;927.7784;1
2019-05-15T11:00:00.0/2019-05-15T12:00:00.0;1081.4861;858.4335;757.9009;100.5326;934.1706;825.5944;698.2196;127.3748;860.4709;1
2019-05-15T12:00:00.0/2019-05-15T13:00:00.0;1034.0619;808.2068;698.8401;109.3666;900.5558;737.939;536.2613;201.6776;689.6481;1
2019-05-15T13:00:00.0/2019-05-15T14:00:00.0;939.9706;712.7574;590.7631;121.9943;837.0219;530.3564;242.8671;287.4893;343.4556;1
2019-05-15T14:00:00.0/2019-05-15T15:00:00.0;805.6443;583.1382;454.7548;128.3834;750.8182;448.4779;190.1937;258.2842;309.7328;1
2019-05-15T15:00:00.0/2019-05-15T16:00:00.0;640.2557;433.6351;312.8876;120.7475;648.9833;206.561;10.1523;196.4086;19.1056;1
2019-05-15T16:00:00.0/2019-05-15T17:00:00.0;455.0929;277.6178;179.0368;98.581;518.7916;79.6618;0;79.6618;0;1
2019-05-15T17:00:00.0/2019-05-15T18:00:00.0;262.7885;130.3534;65.9361;64.4172;319.8393;45.081;0;45.081;0;1
2019-05-15T18:00:00.0/2019-05-15T19:00:00.0;76.8287;25.5904;6.7715;18.8188;76.2135;16.2411;0;16.2411;0;1
2019-05-15T19:00:00.0/2019-05-15T20:00:00.0;0;0;0;0;0;0;0;0;0;1
2019-05-15T20:00:00.0/2019-05-15T21:00:00.0;0;0;0;0;0;0;0;0;0;1
2019-05-15T21:00:00.0/2019-05-15T22:00:00.0;0;0;0;0;0;0;0;0;0;1
2019-05-15T22:00:00.0/2019-05-15T23:00:00.0;0;0;0;0;0;0;0;0;0;1
2019-05-15T23:00:00.0/2019-05-16T00:00:00.0;0;0;0;0;0;0;0;0;0;1
2019-05-16T00:00:00.0/2019-05-16T01:00:00.0;0;0;0;0;0;0;0;0;0;1
2019-05-16T01:00:00.0/2019-05-16T02:00:00.0;0;0;0;0;0;0;0;0;0;1
2019-05-16T02:00:00.0/2019-05-16T03:00:00.0;0;0;0;0;0;0;0;0;0;1
2019-05-16T03:00:00.0/2019-05-16T04:00:00.0;63.246;23.7435;8.9608;14.7826;113.937;15.6253;0.5334;15.092;6.9385;1
2019-05-16T04:00:00.0/2019-05-16T05:00:00.0;246.5948;132.1582;78.6157;53.5424;410.3196;41.8835;0;41.8835;0;1
2019-05-16T05:00:00.0/2019-05-16T06:00:00.0;439.0549;276.6474;191.0275;85.6199;575.5311;57.2966;0;57.2966;0;1
2019-05-16T06:00:00.0/2019-05-16T07:00:00.0;625.5563;427.607;315.0718;112.5352;669.3682;121.9026;0;121.9026;0;1
2019-05-16T07:00:00.0/2019-05-16T08:00:00.0;793.4019;568.3376;434.1192;134.2184;728.3864;150.9228;0;150.9228;0;1
2019-05-16T08:00:00.0/2019-05-16T09:00:00.0;931.1667;685.3685;532.8838;152.4848;762.3115;329.5142;9.6851;319.8291;13.5465;1
2019-05-16T09:00:00.0/2019-05-16T10:00:00.0;1029.4775;769.5299;603.5717;165.9581;781.1432;402.9346;41.0977;361.8369;53.017;1
2019-05-16T10:00:00.0/2019-05-16T11:00:00.0;1081.6508;813.983;639.8411;174.142;788.2161;419.3309;42.1472;377.1837;51.983;1
2019-05-16T11:00:00.0/2019-05-16T12:00:00.0;1084.1487;814.4506;635.7788;178.6717;781.3692;356.4279;7.9386;348.4893;9.7053;1
2019-05-16T12:00:00.0/2019-05-16T13:00:00.0;1036.8198;772.2054;597.5949;174.6105;767.8993;340.844;0.4891;340.3549;0.6274;1
2019-05-16T13:00:00.0/2019-05-16T14:00:00.0;942.9092;690.5879;528.4869;162.1011;746.4838;297.16;0;297.16;0;1
2019-05-16T14:00:00.0/2019-05-16T15:00:00.0;808.8357;574.7871;429.1496;145.6375;706.1257;204.1321;0;204.1321;0;1
2019-05-16T15:00:00.0/2019-05-16T16:00:00.0;643.7547;435.6726;312.6254;123.0472;645.371;113.2299;0;113.2299;0;1
2019-05-16T16:00:00.0/2019-05-16T17:00:00.0;458.9326;285.9681;191.2883;94.6799;551.1497;114.2026;0;114.2026;0;1
2019-05-16T17:00:00.0/2019-05-16T18:00:00.0;266.9784;141.3359;80.4187;60.9172;388.6445;69.4632;1.4907;67.9725;10.496;1
2019-05-16T18:00:00.0/2019-05-16T19:00:00.0;81.114;30.0282;10.4768;19.5514;115.8586;23.3239;2.1859;21.1381;20.3581;1
2019-05-16T19:00:00.0/2019-05-16T20:00:00.0;0;0;0;0;0;0;0;0;0;1
2019-05-16T20:00:00.0/2019-05-16T21:00:00.0;0;0;0;0;0;0;0;0;0;1
2019-05-16T21:00:00.0/2019-05-16T22:00:00.0;0;0;0;0;0;0;0;0;0;1
2019-05-16T22:00:00.0/2019-05-16T23:00:00.0;0;0;0;0;0;0;0;0;0;1
2019-05-16T23:00:00.0/2019-05-17T00:00:00.0;0;0;0;0;0;0;0;0;0;1
2019-05-17T00:00:00.0/2019-05-17T01:00:00.0;0;0;0;0;0;0;0;0;0;1
2019-05-17T01:00:00.0/2019-05-17T02:00:00.0;0;0;0;0;0;0;0;0;0;1
2019-05-17T02:00:00.0/2019-05-17T03:00:00.0;0;0;0;0;0;0;0;0;0;1
2019-05-17T03:00:00.0/2019-05-17T04:00:00.0;67.0294;24.992;9.7404;15.2516;119.34;16.6297;0.7542;15.8755;9.4265;1
2019-05-17T04:00:00.0/2019-05-17T05:00:00.0;250.6546;135.6763;85.2262;50.4501;437.0421;24.1849;0;24.1849;0;1
2019-05-17T05:00:00.0/2019-05-17T06:00:00.0;442.7581;283.6931;209.9456;73.7475;626.5911;33.0167;0;33.0167;0;1
2019-05-17T06:00:00.0/2019-05-17T07:00:00.0;628.9188;438.4915;350.6951;87.7964;740.5057;56.952;0;56.952;0;1
2019-05-17T07:00:00.0/2019-05-17T08:00:00.0;796.4623;583.0073;488.7665;94.2407;816.4124;106.4054;0;106.4054;0;1
2019-05-17T08:00:00.0/2019-05-17T09:00:00.0;933.9844;703.5312;607.0676;96.4636;865.3168;116.7504;0;116.7504;0;1
2019-05-17T09:00:00.0/2019-05-17T10:00:00.0;1032.1279;789.9871;691.2717;98.7154;891.9662;204.6648;0;204.6648;0;1
2019-05-17T10:00:00.0/2019-05-17T11:00:00.0;1084.2205;835.8771;734.0061;101.871;901.6739;274.0088;6.3613;267.6475;7.7522;1
2019-05-17T11:00:00.0/2019-05-17T12:00:00.0;1086.7295;838.2223;735.0157;103.2065;900.8122;435.3709;61.0495;374.3214;74.8265;1
2019-05-17T12:00:00.0/2019-05-17T13:00:00.0;1039.5023;788.1865;665.2283;122.9581;851.7927;458.1855;97.4196;360.7659;124.9912;1
2019-05-17T13:00:00.0/2019-05-17T14:00:00.0;945.7766;688.8751;534.4294;154.4456;751.4773;376.4689;43.353;333.1159;59.8444;1
2019-05-17T14:00:00.0/2019-05-17T15:00:00.0;811.9581;555.7296;386.6053;169.1243;632.1067;317.3699;25.8008;291.5691;43.8772;1
2019-05-17T15:00:00.0/2019-05-17T16:00:00.0;647.1845;406.8636;251.9052;154.9585;515.9366;312.5173;109.7181;202.7992;230.7758;1
2019-05-17T16:00:00.0/2019-05-17T17:00:00.0;462.7006;256.437;136.791;119.646;388.5924;201.6892;68.5696;133.1196;189.3702;1
2019-05-17T17:00:00.0/2019-05-17T18:00:00.0;271.092;119.1795;46.8564;72.3231;219.2815;85.0927;2.1802;82.9125;8.3038;1
2019-05-17T18:00:00.0/2019-05-17T19:00:00.0;85.4406;25.2885;4.7266;20.5618;50.3436;19.6973;0;19.6973;0;1
2019-05-17T19:00:00.0/2019-05-17T20:00:00.0;0;0;0;0;0;0;0;0;0;1
2019-05-17T20:00:00.0/2019-05-17T21:00:00.0;0;0;0;0;0;0;0;0;0;1
2019-05-17T21:00:00.0/2019-05-17T22:00:00.0;0;0;0;0;0;0;0;0;0;1
2019-05-17T22:00:00.0/2019-05-17T23:00:00.0;0;0;0;0;0;0;0;0;0;1
2019-05-17T23:00:00.0/2019-05-18T00:00:00.0;0;0;0;0;0;0;0;0;0;1
2019-05-18T00:00:00.0/2019-05-18T01:00:00.0;0;0;0;0;0;0;0;0;0;1
2019-05-18T01:00:00.0/2019-05-18T02:00:00.0;0;0;0;0;0;0;0;0;0;1
2019-05-18T02:00:00.0/2019-05-18T03:00:00.0;0;0;0;0;0;0;0;0;0;1
2019-05-18T03:00:00.0/2019-05-18T04:00:00.0;70.7803;22.816;5.7764;17.0397;67.7796;15.3206;0;15.3206;0;1
2019-05-18T04:00:00.0/2019-05-18T05:00:00.0;254.5793;123.6138;61.34;62.2738;305.9293;52.7676;0;52.7676;0;1
2019-05-18T05:00:00.0/2019-05-18T06:00:00.0;446.3311;269.0446;171.95;97.0945;507.085;114.6599;0;114.6599;0;1
2019-05-18T06:00:00.0/2019-05-18T07:00:00.0;632.1575;424.3021;303.2018;121.1003;636.2682;238.3896;31.6722;206.7174;61.0954;1
2019-05-18T07:00:00.0/2019-05-18T08:00:00.0;799.4072;568.785;430.6202;138.1648;716.1622;494.6989;322.9534;171.7455;530.2625;1
2019-05-18T08:00:00.0/2019-05-18T09:00:00.0;936.6953;689.717;540.2013;149.5158;767.3904;673.1196;537.6379;135.4817;763.1892;1
2019-05-18T09:00:00.0/2019-05-18T10:00:00.0;1034.6805;775.4677;616.9995;158.4682;793.8269;767.0744;630.6468;136.4276;811.3574;1
2019-05-18T10:00:00.0/2019-05-18T11:00:00.0;1086.7012;819.2136;653.316;165.8976;800.3858;812.6936;670.4059;142.2877;821.3177;1
2019-05-18T11:00:00.0/2019-05-18T12:00:00.0;1089.2289;819.2139;649.3292;169.8847;793.6177;813.0156;667.6078;145.4078;815.9594;1
2019-05-18T12:00:00.0/2019-05-18T13:00:00.0;1042.1096;775.1678;604.8236;170.3443;772.4888;762.9503;612.0728;150.8775;781.3646;1
2019-05-18T13:00:00.0/2019-05-18T14:00:00.0;948.5729;690.3947;523.9001;166.4946;734.7818;650.2879;469.8235;180.4644;659.881;1
2019-05-18T14:00:00.0/2019-05-18T15:00:00.0;815.0116;571.5707;414.812;156.7587;676.4541;555.5604;418.6803;136.88;682.1855;1
2019-05-18T15:00:00.0/2019-05-18T16:00:00.0;650.5449;432.4487;298.5246;133.924;609.413;400.9226;271.4035;129.5191;553.1816;1
2019-05-18T16:00:00.0/2019-05-18T17:00:00.0;466.3964;285.6418;184.889;100.7528;523.9881;258.735;163.214;95.521;456.6825;1
2019-05-18T17:00:00.0/2019-05-18T18:00:00.0;275.1284;144.2254;81.2083;63.0171;382.3664;110.1068;36.7621;73.3447;170.1638;1
2019-05-18T18:00:00.0/2019-05-18T19:00:00.0;89.7855;33.5126;12.3072;21.2054;131.2928;26.5572;3.774;22.7832;33.4963;1
2019-05-18T19:00:00.0/2019-05-18T20:00:00.0;0;0;0;0;0;0;0;0;0;1
2019-05-18T20:00:00.0/2019-05-18T21:00:00.0;0;0;0;0;0;0;0;0;0;1
2019-05-18T21:00:00.0/2019-05-18T22:00:00.0;0;0;0;0;0;0;0;0;0;1
2019-05-18T22:00:00.0/2019-05-18T23:00:00.0;0;0;0;0;0;0;0;0;0;1
2019-05-18T23:00:00.0/2019-05-19T00:00:00.0;0;0;0;0;0;0;0;0;0;1
2019-05-19T00:00:00.0/2019-05-19T01:00:00.0;0;0;0;0;0;0;0;0;0;1
2019-05-19T01:00:00.0/2019-05-19T02:00:00.0;0;0;0;0;0;0;0;0;0;1
2019-05-19T02:00:00.0/2019-05-19T03:00:00.0;0;0;0;0;0;0;0;0;0;1
2019-05-19T03:00:00.0/2019-05-19T04:00:00.0;74.553;27.7101;10.1917;17.5184;119.5718;18.8221;0.9165;17.9057;10.8045;1
2019-05-19T04:00:00.0/2019-05-19T05:00:00.0;258.3683;137.1135;80.4541;56.6594;400.7102;37.9396;0;37.9396;0;1
2019-05-19T05:00:00.0/2019-05-19T06:00:00.0;449.7735;282.2807;195.451;86.8297;573.7467;53.6003;0;53.6003;0;1
2019-05-19T06:00:00.0/2019-05-19T07:00:00.0;635.2726;434.4634;324.7222;109.7412;678.3159;170.916;0;170.916;0;1
2019-05-19T07:00:00.0/2019-05-19T08:00:00.0;802.2366;576.3252;449.5508;126.7744;744.9289;289.3934;7.3051;282.0883;11.848;1
2019-05-19T08:00:00.0/2019-05-19T09:00:00.0;939.2998;694.3005;554.7103;139.5902;785.5971;333.0579;9.6413;323.4165;13.1753;1
2019-05-19T09:00:00.0/2019-05-19T10:00:00.0;1037.1361;780.4285;633.2659;147.1626;812.4254;484.4741;124.3229;360.1512;158.3843;1
2019-05-19T10:00:00.0/2019-05-19T11:00:00.0;1089.0934;828.1643;678.5271;149.6372;829.0757;580.3165;224.6452;355.6713;274.1899;1
2019-05-19T11:00:00.0/2019-05-19T12:00:00.0;1091.6476;832.1386;683.1995;148.9392;832.8342;754.9083;541.6677;213.2405;660.982;1
2019-05-19T12:00:00.0/2019-05-19T13:00:00.0;1044.6421;789.3595;639.5602;149.7993;814.5104;683.438;413.8251;269.6129;523.7916;1
2019-05-19T13:00:00.0/2019-05-19T14:00:00.0;951.2985;703.0661;551.917;151.1491;771.5132;439.2787;98.3866;340.8921;136.0308;1
2019-05-19T14:00:00.0/2019-05-19T15:00:00.0;817.9958;582.5746;436.6523;145.9223;709.174;331.7448;41.4029;290.3419;66.3502;1
2019-05-19T15:00:00.0/2019-05-19T16:00:00.0;653.8354;439.9216;310.3708;129.5508;629.7231;169.8701;0;169.8701;0;1
2019-05-19T16:00:00.0/2019-05-19T17:00:00.0;470.0192;288.3254;185.7562;102.5692;521.3385;81.3782;0;81.3782;0;1
2019-05-19T17:00:00.0/2019-05-19T18:00:00.0;279.0864;143.3283;75.7415;67.5868;348.9509;39.4285;0;39.4285;0;1
2019-05-19T18:00:00.0/2019-05-19T19:00:00.0;94.0584;33.6302;10.3888;23.2414;107.3076;15.9997;0;15.9997;0;1
2019-05-19T19:00:00.0/2019-05-19T20:00:00.0;0.131;0.0254;0.0011;0.0243;0;0;0;0;0;1
2019-05-19T20:00:00.0/2019-05-19T21:00:00.0;0;0;0;0;0;0;0;0;0;1
2019-05-19T21:00:00.0/2019-05-19T22:00:00.0;0;0;0;0;0;0;0;0;0;1
2019-05-19T22:00:00.0/2019-05-19T23:00:00.0;0;0;0;0;0;0;0;0;0;1
2019-05-19T23:00:00.0/2019-05-20T00:00:00.0;0;0;0;0;0;0;0;0;0;1
2019-05-20T00:00:00.0/2019-05-20T01:00:00.0;0;0;0;0;0;0;0;0;0;1
2019-05-20T01:00:00.0/2019-05-20T02:00:00.0;0;0;0;0;0;0;0;0;0;1
2019-05-20T02:00:00.0/2019-05-20T03:00:00.0;0;0;0;0;0;0;0;0;0;1
2019-05-20T03:00:00.0/2019-05-20T04:00:00.0;78.2689;24.7042;5.2079;19.4962;58.3226;16.8589;0;16.8589;0;1
2019-05-20T04:00:00.0/2019-05-20T05:00:00.0;262.0211;122.0117;52.3768;69.6348;253.6992;29.6333;0;29.6333;0;1
2019-05-20T05:00:00.0/2019-05-20T06:00:00.0;453.085;261.5282;148.1419;113.3863;429.7777;44.8843;0;44.8843;0;1
2019-05-20T06:00:00.0/2019-05-20T07:00:00.0;638.2641;413.2816;267.6387;145.6429;555.3704;160.3936;0;160.3936;0;1
2019-05-20T07:00:00.0/2019-05-20T08:00:00.0;804.9508;556.8912;389.5865;167.3047;642.707;257.3293;1.6866;255.6427;2.5772;1
2019-05-20T08:00:00.0/2019-05-20T09:00:00.0;941.7984;677.4488;496.5265;180.9223;700.8394;337.2278;17.6722;319.5556;25.5313;1
2019-05-20T09:00:00.0/2019-05-20T10:00:00.0;1039.495;764.8388;578.6685;186.1703;740.3193;381.3689;28.4667;352.9023;35.9645;1
2019-05-20T10:00:00.0/2019-05-20T11:00:00.0;1091.3977;812.1465;628.1631;183.9834;765.5815;411.5618;46.8267;364.7351;56.8276;1
2019-05-20T11:00:00.0/2019-05-20T12:00:00.0;1093.9858;815.7922;638.4944;177.2977;776.3635;573.4908;207.5462;365.9446;252.5186;1
2019-05-20T12:00:00.0/2019-05-20T13:00:00.0;1047.1002;771.6525;593.4871;178.1655;753.6476;512.0091;148.046;363.9631;187.1293;1
2019-05-20T13:00:00.0/2019-05-20T14:00:00.0;953.9535;683.0154;498.317;184.6984;694.1291;282.0363;12.6874;269.3489;16.938;1
2019-05-20T14:00:00.0/2019-05-20T15:00:00.0;820.911;561.0396;379.4512;181.5885;613.4337;231.3883;0;231.3883;0;1
2019-05-20T15:00:00.0/2019-05-20T16:00:00.0;657.0557;418.6164;257.4551;161.1613;518.9533;119.509;0;119.509;0;1
2019-05-20T16:00:00.0/2019-05-20T17:00:00.0;473.5683;269.3504;143.8752;125.4752;399.3813;40.1877;0;40.1877;0;1
2019-05-20T17:00:00.0/2019-05-20T18:00:00.0;282.9652;130.6729;52.4312;78.2417;236.2218;15.8422;0;15.8422;0;1
2019-05-20T18:00:00.0/2019-05-20T19:00:00.0;98.2448;31.239;6.21;25.029;61.6883;9.0428;0;9.0428;0;1
2019-05-20T19:00:00.0/2019-05-20T20:00:00.0;0.3437;0.0627;0.0005;0.0622;0;0;0;0;0;1
2019-05-20T20:00:00.0/2019-05-20T21:00:00.0;0;0;0;0;0;0;0;0;0;1
2019-05-20T21:00:00.0/2019-05-20T22:00:00.0;0;0;0;0;0;0;0;0;0;1
2019-05-20T22:00:00.0/2019-05-20T23:00:00.0;0;0;0;0;0;0;0;0;0;1
2019-05-20T23:00:00.0/2019-05-21T00:00:00.0;0;0;0;0;0;0;0;0;0;1
2019-05-21T00:00:00.0/2019-05-21T01:00:00.0;0;0;0;0;0;0;0;0;0;1
2019-05-21T01:00:00.0/2019-05-21T02:00:00.0;0;0;0;0;0;0;0;0;0;1
2019-05-21T02:00:00.0/2019-05-21T03:00:00.0;0;0;0;0;0;0;0;0;0;1
2019-05-21T03:00:00.0/2019-05-21T04:00:00.0;81.9869;25.9829;5.2608;20.7221;57.0755;17.8468;0;17.8468;0;1
2019-05-21T04:00:00.0/2019-05-21T05:00:00.0;265.5381;125.5867;54.9275;70.6593;261.8967;29.926;0;29.926;0;1
2019-05-21T05:00:00.0/2019-05-21T06:00:00.0;456.2663;268.8831;158.8645;110.0186;457.2308;40.1662;0;40.1662;0;1
2019-05-21T06:00:00.0/2019-05-21T07:00:00.0;641.1328;423.8717;288.4946;135.3772;595.7355;86.0443;0;86.0443;0;1
2019-05-21T07:00:00.0/2019-05-21T08:00:00.0;807.551;569.8234;420.0602;149.7632;690.4464;149.0269;0;149.0269;0;1
2019-05-21T08:00:00.0/2019-05-21T09:00:00.0;944.1922;692.7552;536.7792;155.976;755.3951;178.8431;0;178.8431;0;1
2019-05-21T09:00:00.0/2019-05-21T10:00:00.0;1041.7584;780.0216;622.3563;157.6654;794.2227;411.0084;54.2954;356.713;68.6446;1
2019-05-21T10:00:00.0/2019-05-21T11:00:00.0;1093.6154;824.5745;667.8524;156.722;811.9891;489.8945;116.5993;373.2951;141.249;1
2019-05-21T11:00:00.0/2019-05-21T12:00:00.0;1096.2449;825.5219;673.1689;152.353;816.4962;704.8901;386.2618;318.6283;468.9367;1
2019-05-21T12:00:00.0/2019-05-21T13:00:00.0;1049.4846;784.3607;640.1174;144.2432;810.9358;713.0099;468.8775;244.1324;593.2398;1
2019-05-21T13:00:00.0/2019-05-21T14:00:00.0;956.5385;704.4566;571.782;132.6746;794.5505;629.5262;398.9387;230.5875;555.8287;1
2019-05-21T14:00:00.0/2019-05-21T15:00:00.0;823.7573;590.9821;472.4825;118.4995;761.9636;558.4885;422.8661;135.6223;682.9551;1
2019-05-21T15:00:00.0/2019-05-21T16:00:00.0;660.2057;452.0731;347.6672;104.4058;698.2063;427.5903;320.1908;107.3996;645.0884;1
2019-05-21T16:00:00.0/2019-05-21T17:00:00.0;477.0435;300.0625;212.5085;87.554;587.7316;266.3006;175.7069;90.5937;476.4281;1
2019-05-21T17:00:00.0/2019-05-21T18:00:00.0;286.7643;152.9765;91.18;61.7965;410.4323;107.3842;35.1636;72.2206;141.9148;1
2019-05-21T18:00:00.0/2019-05-21T19:00:00.0;102.3437;38.4102;14.3614;24.0487;143.1415;16.1758;0;16.1758;0;1
2019-05-21T19:00:00.0/2019-05-21T20:00:00.0;0.696;0.138;0.0024;0.1356;0;0.003;0;0.003;0;1
2019-05-21T20:00:00.0/2019-05-21T21:00:00.0;0;0;0;0;0;0;0;0;0;1
2019-05-21T21:00:00.0/2019-05-21T22:00:00.0;0;0;0;0;0;0;0;0;0;1
2019-05-21T22:00:00.0/2019-05-21T23:00:00.0;0;0;0;0;0;0;0;0;0;1
2019-05-21T23:00:00.0/2019-05-22T00:00:00.0;0;0;0;0;0;0;0;0;0;1
2019-05-22T00:00:00.0/2019-05-22T01:00:00.0;0;0;0;0;0;0;0;0;0;1
2019-05-22T01:00:00.0/2019-05-22T02:00:00.0;0;0;0;0;0;0;0;0;0;1
2019-05-22T02:00:00.0/2019-05-22T03:00:00.0;0;0;0;0;0;0;0;0;0;1
2019-05-22T03:00:00.0/2019-05-22T04:00:00.0;85.6303;30.6442;10.5906;20.0536;115.3134;15.5614;0;15.5614;0;1
2019-05-22T04:00:00.0/2019-05-22T05:00:00.0;268.9169;138.8052;79.1374;59.6678;378.2541;21.9418;0;21.9418;0;1
2019-05-22T05:00:00.0/2019-05-22T06:00:00.0;459.3156;282.2356;192.5208;89.7148;552.5402;39.5572;0;39.5572;0;1
2019-05-22T06:00:00.0/2019-05-22T07:00:00.0;643.8773;433.0372;321.5439;111.4933;661.7598;121.5852;0;121.5852;0;1
2019-05-22T07:00:00.0/2019-05-22T08:00:00.0;810.0359;574.0723;447.5341;126.5381;733.4687;184.6061;0;184.6061;0;1
2019-05-22T08:00:00.0/2019-05-22T09:00:00.0;946.4804;691.9562;554.991;136.9652;779.0292;166.1699;0;166.1699;0;1
2019-05-22T09:00:00.0/2019-05-22T10:00:00.0;1043.9258;777.3201;634.4879;142.8322;807.7177;260.9321;0;260.9321;0;1
2019-05-22T10:00:00.0/2019-05-22T11:00:00.0;1095.7457;823.4839;678.9449;144.539;823.5447;228.6394;0;228.6394;0;1
2019-05-22T11:00:00.0/2019-05-22T12:00:00.0;1098.4242;826.5814;683.3096;143.2719;826.8194;410.5329;34.5323;376.0005;41.896;1
2019-05-22T12:00:00.0/2019-05-22T13:00:00.0;1051.795;784.0693;638.0674;146.0019;806.074;384.5601;21.9388;362.6212;27.3629;1
2019-05-22T13:00:00.0/2019-05-22T14:00:00.0;959.0527;698.8991;547.5692;151.33;758.2724;246.9483;0;246.9483;0;1
2019-05-22T14:00:00.0/2019-05-22T15:00:00.0;826.5337;579.7236;430.6505;149.0731;691.2766;201.7681;0;201.7681;0;1
2019-05-22T15:00:00.0/2019-05-22T16:00:00.0;663.2843;438.8833;304.5139;134.3693;608.2199;100.8201;0;100.8201;0;1
2019-05-22T16:00:00.0/2019-05-22T17:00:00.0;480.4432;289.4536;181.7661;107.6876;498.3838;55.1482;0;55.1482;0;1
2019-05-22T17:00:00.0/2019-05-22T18:00:00.0;290.4815;146.39;74.5609;71.829;330.023;45.1593;0;45.1593;0;1
2019-05-22T18:00:00.0/2019-05-22T19:00:00.0;106.353;37.5135;11.0244;26.4891;106.4768;9.1798;0;9.1798;0;1
2019-05-22T19:00:00.0/2019-05-22T20:00:00.0;1.1379;0.2266;0.005;0.2215;0;0.0156;0;0.0156;0;1
2019-05-22T20:00:00.0/2019-05-22T21:00:00.0;0;0;0;0;0;0;0;0;0;1
2019-05-22T21:00:00.0/2019-05-22T22:00:00.0;0;0;0;0;0;0;0;0;0;1
2019-05-22T22:00:00.0/2019-05-22T23:00:00.0;0;0;0;0;0;0;0;0;0;1
2019-05-22T23:00:00.0/2019-05-23T00:00:00.0;0;0;0;0;0;0;0;0;0;1
2019-05-23T00:00:00.0/2019-05-23T01:00:00.0;0;0;0;0;0;0;0;0;0;1
2019-05-23T01:00:00.0/2019-05-23T02:00:00.0;0;0;0;0;0;0;0;0;0;1
2019-05-23T02:00:00.0/2019-05-23T03:00:00.0;0.032;0.0077;0.0027;0.005;0;0;0;0;0;1
2019-05-23T03:00:00.0/2019-05-23T04:00:00.0;89.215;36.4567;15.8386;20.6181;171.4516;26.6039;4.0538;22.5501;33.5408;1
2019-05-23T04:00:00.0/2019-05-23T05:00:00.0;272.1583;158.1872;104.7968;53.3904;497.0817;137.0994;88.1183;48.981;404.795;1
2019-05-23T05:00:00.0/2019-05-23T06:00:00.0;462.2337;314.7928;242.2032;72.5896;691.2336;293.8275;228.8396;64.988;654.4274;1
2019-05-23T06:00:00.0/2019-05-23T07:00:00.0;646.4985;475.0875;388.3544;86.7331;796.5568;397.3911;237.0615;160.3295;495.2935;1
2019-05-23T07:00:00.0/2019-05-23T08:00:00.0;812.4067;620.6569;521.287;99.3698;851.8817;480.2473;212.7047;267.5426;348.0652;1
2019-05-23T08:00:00.0/2019-05-23T09:00:00.0;948.6642;741.7361;632.5486;109.1875;885.6587;529.217;187.7207;341.4963;264.3871;1
2019-05-23T09:00:00.0/2019-05-23T10:00:00.0;1045.9983;827.3941;713.4493;113.9448;906.1368;613.2532;275.2298;338.0233;347.6528;1
2019-05-23T10:00:00.0/2019-05-23T11:00:00.0;1097.7899;871.6715;757.754;113.9176;917.0769;756.9031;455.0004;301.9027;550.5479;1
2019-05-23T11:00:00.0/2019-05-23T12:00:00.0;1100.5247;871.7038;760.1183;111.5854;917.6418;794.1012;557.369;236.7322;673.017;1
2019-05-23T12:00:00.0/2019-05-23T13:00:00.0;1054.0321;825.4308;706.9702;118.4606;890.8436;744.3793;496.2752;248.1041;625.035;1
2019-05-23T13:00:00.0/2019-05-23T14:00:00.0;961.4967;735.9225;603.5487;132.3738;833.2961;648.1113;402.451;245.6603;554.6218;1
2019-05-23T14:00:00.0/2019-05-23T15:00:00.0;829.2405;611.3652;471.565;139.8002;754.1132;504.7452;253.7901;250.9552;405.6897;1
2019-05-23T15:00:00.0/2019-05-23T16:00:00.0;666.2914;463.1531;331.6649;131.4882;659.0922;377.7326;179.6879;198.0447;356.43;1
2019-05-23T16:00:00.0/2019-05-23T17:00:00.0;483.767;305.0535;196.5957;108.4577;534.9893;269.8037;156.612;113.1918;431.5871;1
2019-05-23T17:00:00.0/2019-05-23T18:00:00.0;294.1164;154.29;80.2633;74.0267;350.7597;136.3537;63.18;73.1736;269.2918;1
2019-05-23T18:00:00.0/2019-05-23T19:00:00.0;110.2716;40.3175;12.1115;28.206;115.0121;32.6956;2.8345;29.8611;21.4993;1
2019-05-23T19:00:00.0/2019-05-23T20:00:00.0;1.6591;0.3485;0.0096;0.3388;0;0.0476;0;0.0476;0;1
2019-05-23T20:00:00.0/2019-05-23T21:00:00.0;0;0;0;0;0;0;0;0;0;1
2019-05-23T21:00:00.0/2019-05-23T22:00:00.0;0;0;0;0;0;0;0;0;0;1
2019-05-23T22:00:00.0/2019-05-23T23:00:00.0;0;0;0;0;0;0;0;0;0;1
2019-05-23T23:00:00.0/2019-05-24T00:00:00.0;0;0;0;0;0;0;0;0;0;1
2019-05-24T00:00:00.0/2019-05-24T01:00:00.0;0;0;0;0;0;0;0;0;0;1
2019-05-24T01:00:00.0/2019-05-24T02:00:00.0;0;0;0;0;0;0;0;0;0;1
2019-05-24T02:00:00.0/2019-05-24T03:00:00.0;0.1382;0.0268;0.0009;0.0259;0;0;0;0;0;1
2019-05-24T03:00:00.0/2019-05-24T04:00:00.0;92.6418;32.0801;8.7044;23.3756;90.9033;20.1056;0;20.1056;0;1
2019-05-24T04:00:00.0/2019-05-24T05:00:00.0;275.2618;137.2669;66.6387;70.6282;309.9379;102.7177;30.0703;72.6474;128.2714;1
2019-05-24T05:00:00.0/2019-05-24T06:00:00.0;465.0205;280.0616;169.5027;110.5589;479.4842;249.5716;143.1571;106.4145;397.9231;1
2019-05-24T06:00:00.0/2019-05-24T07:00:00.0;648.9967;431.2396;289.0708;142.1689;589.6309;394.0803;250.984;143.0963;511.6416;1
2019-05-24T07:00:00.0/2019-05-24T08:00:00.0;814.664;571.8392;404.7502;167.089;659.0211;558.0716;415.8114;142.2602;676.5361;1
2019-05-24T08:00:00.0/2019-05-24T09:00:00.0;950.7442;688.8336;502.5627;186.2709;701.7267;679.7828;523.4144;156.3684;730.7735;1
2019-05-24T09:00:00.0/2019-05-24T10:00:00.0;1047.9766;776.6073;583.8875;192.7198;739.7119;770.4337;609.5386;160.8951;772.2335;1
2019-05-24T10:00:00.0/2019-05-24T11:00:00.0;1099.7487;828.4022;642.4;186.0022;775.7354;811.4944;640.1819;171.3125;773.3021;1
2019-05-24T11:00:00.0/2019-05-24T12:00:00.0;1102.5469;836.3422;661.7432;174.599;797.1382;811.7552;638.7313;173.0239;769.6438;1
2019-05-24T12:00:00.0/2019-05-24T13:00:00.0;1056.196;792.9218;618.8873;174.0344;777.8945;785.0498;637.1628;147.887;800.8929;1
2019-05-24T13:00:00.0/2019-05-24T14:00:00.0;963.8705;701.3613;519.0642;182.2971;714.4543;678.736;509.1828;169.5533;701.1022;1
2019-05-24T14:00:00.0/2019-05-24T15:00:00.0;831.8776;576.0281;396.6407;179.3874;631.8058;443.1146;203.4768;239.6378;315.3268;1
2019-05-24T15:00:00.0/2019-05-24T16:00:00.0;669.2265;431.991;273.1132;158.8778;539.969;271.2773;58.0216;213.2556;111.9975;1
2019-05-24T16:00:00.0/2019-05-24T17:00:00.0;487.0141;282.6107;158.7162;123.8945;428.486;113.6459;0.0849;113.561;0.2855;1
2019-05-24T17:00:00.0/2019-05-24T18:00:00.0;297.6678;142.1997;62.8026;79.3972;270.5657;111.6093;23.6924;87.9169;102.9772;1
2019-05-24T18:00:00.0/2019-05-24T19:00:00.0;114.0984;38.6495;9.6656;28.9839;91.1918;29.9996;0.1227;29.8768;0.8222;1
2019-05-24T19:00:00.0/2019-05-24T20:00:00.0;2.2799;0.4744;0.0162;0.4582;0;0.0805;0;0.0805;0;1
2019-05-24T20:00:00.0/2019-05-24T21:00:00.0;0;0;0;0;0;0;0;0;0;1
2019-05-24T21:00:00.0/2019-05-24T22:00:00.0;0;0;0;0;0;0;0;0;0;1
2019-05-24T22:00:00.0/2019-05-24T23:00:00.0;0;0;0;0;0;0;0;0;0;1
2019-05-24T23:00:00.0/2019-05-25T00:00:00.0;0;0;0;0;0;0;0;0;0;1
2019-05-25T00:00:00.0/2019-05-25T01:00:00.0;0;0;0;0;0;0;0;0;0;1
2019-05-25T01:00:00.0/2019-05-25T02:00:00.0;0;0;0;0;0;0;0;0;0;1
2019-05-25T02:00:00.0/2019-05-25T03:00:00.0;0.3117;0.0634;0.0018;0.0616;0;0;0;0;0;1
2019-05-25T03:00:00.0/2019-05-25T04:00:00.0;95.9258;37.2027;13.8786;23.3241;142.9848;19.6935;0;19.6935;0;1
2019-05-25T04:00:00.0/2019-05-25T05:00:00.0;278.2272;154.0974;93.2729;60.8244;431.6777;29.434;0;29.434;0;1
2019-05-25T05:00:00.0/2019-05-25T06:00:00.0;467.6761;305.1427;219.9214;85.2213;619.4883;49.5571;0;49.5571;0;1
2019-05-25T06:00:00.0/2019-05-25T07:00:00.0;651.3723;461.0167;358.9034;102.1133;729.7112;90.1256;0;90.1256;0;1
2019-05-25T07:00:00.0/2019-05-25T08:00:00.0;816.8081;604.5779;489.4444;115.1335;794.7604;112.4449;0;112.4449;0;1
2019-05-25T08:00:00.0/2019-05-25T09:00:00.0;952.721;724.2016;599.6326;124.5691;835.285;107.1994;0;107.1994;0;1
2019-05-25T09:00:00.0/2019-05-25T10:00:00.0;1049.8613;810.098;679.2064;130.8916;858.8087;182.5294;0;182.5294;0;1
2019-05-25T10:00:00.0/2019-05-25T11:00:00.0;1101.6226;855.5886;721.2351;134.3535;869.1807;197.9328;0;197.9328;0;1
2019-05-25T11:00:00.0/2019-05-25T12:00:00.0;1104.4913;857.3876;722.092;135.2957;867.9375;404.0035;26.0924;377.9112;31.4483;1
2019-05-25T12:00:00.0/2019-05-25T13:00:00.0;1058.2872;812.2548;671.9594;140.2955;842.6951;424.8968;49.5708;375.326;62.193;1
2019-05-25T13:00:00.0/2019-05-25T14:00:00.0;966.1743;723.28;575.2719;148.0081;789.8246;361.1418;21.062;340.0799;28.3711;1
2019-05-25T14:00:00.0/2019-05-25T15:00:00.0;834.4445;600.0165;451.7182;148.2984;717.3867;284.8764;3.7575;281.1189;6.2002;1
2019-05-25T15:00:00.0/2019-05-25T16:00:00.0;672.0889;456.9637;323.5639;133.3998;637.4393;230.2479;8.7397;221.5082;18.8021;1
2019-05-25T16:00:00.0/2019-05-25T17:00:00.0;490.1836;306.6468;200.6877;105.9591;539.5724;214.5741;69.7823;144.7918;183.4042;1
2019-05-25T17:00:00.0/2019-05-25T18:00:00.0;301.1345;160.8346;89.025;71.8096;382.2658;118.4138;33.3108;85.103;159.058;1
2019-05-25T18:00:00.0/2019-05-25T19:00:00.0;117.8318;45.7;16.5929;29.107;155.026;39.1544;8.99;30.1644;70.1287;1
2019-05-25T19:00:00.0/2019-05-25T20:00:00.0;2.9682;0.6622;0.0322;0.63;0.759;0.1608;0;0.1608;0;1
2019-05-25T20:00:00.0/2019-05-25T21:00:00.0;0;0;0;0;0;0;0;0;0;1
2019-05-25T21:00:00.0/2019-05-25T22:00:00.0;0;0;0;0;0;0;0;0;0;1
2019-05-25T22:00:00.0/2019-05-25T23:00:00.0;0;0;0;0;0;0;0;0;0;1
2019-05-25T23:00:00.0/2019-05-26T00:00:00.0;0;0;0;0;0;0;0;0;0;1
2019-05-26T00:00:00.0/2019-05-26T01:00:00.0;0;0;0;0;0;0;0;0;0;1
2019-05-26T01:00:00.0/2019-05-26T02:00:00.0;0;0;0;0;0;0;0;0;0;1
2019-05-26T02:00:00.0/2019-05-26T03:00:00.0;0.5694;0.123;0.0062;0.1168;0;0.004;0;0.004;0;1
2019-05-26T03:00:00.0/2019-05-26T04:00:00.0;99.0666;40.4143;17.1623;23.2519;177.1759;25.1568;0.2966;24.8602;3.1445;1
2019-05-26T04:00:00.0/2019-05-26T05:00:00.0;281.0545;158.3876;100.248;58.1396;461.503;68.0704;0;68.0704;0;1
2019-05-26T05:00:00.0/2019-05-26T06:00:00.0;470.2007;305.862;222.8341;83.0279;624.9163;99.1632;0;99.1632;0;1
2019-05-26T06:00:00.0/2019-05-26T07:00:00.0;653.6255;458.1813;357.9976;100.1837;725.0497;246.1745;29.5557;216.6188;55.7586;1
2019-05-26T07:00:00.0/2019-05-26T08:00:00.0;818.8396;599.6309;489.0095;110.6214;791.7656;325.7548;35.9087;289.8461;60.4178;1
2019-05-26T08:00:00.0/2019-05-26T09:00:00.0;954.5952;716.8946;599.9745;116.9201;833.7964;401.4788;58.7277;342.7511;81.7515;1
2019-05-26T09:00:00.0/2019-05-26T10:00:00.0;1051.6531;799.9506;677.6436;122.307;855.0902;375.6216;15.0266;360.595;19.0033;1
2019-05-26T10:00:00.0/2019-05-26T11:00:00.0;1103.412;842.4857;714.9948;127.4909;859.9554;411.2318;30.8544;380.3773;37.1272;1
2019-05-26T11:00:00.0/2019-05-26T12:00:00.0;1106.3583;842.0122;711.6443;130.3679;853.612;417.9117;34.4023;383.5094;41.3006;1
2019-05-26T12:00:00.0/2019-05-26T13:00:00.0;1060.3059;798.9209;668.7509;130.17;836.8875;353.1132;7.1032;346.0099;8.694;1
2019-05-26T13:00:00.0/2019-05-26T14:00:00.0;968.4078;716.4756;589.9137;126.562;808.0298;269.0739;0;269.0739;0;1
2019-05-26T14:00:00.0/2019-05-26T15:00:00.0;836.941;600.7218;481.1633;119.5585;762.0816;231.4878;0;231.4878;0;1
2019-05-26T15:00:00.0/2019-05-26T16:00:00.0;674.878;457.4419;339.2741;118.1678;664.039;141.2684;0;141.2684;0;1
2019-05-26T16:00:00.0/2019-05-26T17:00:00.0;493.2744;299.4232;188.8775;110.5457;502.2486;109.9525;0;109.9525;0;1
2019-05-26T17:00:00.0/2019-05-26T18:00:00.0;304.5153;150.2991;70.1503;80.1488;294.2951;86.9992;0;86.9992;0;1
2019-05-26T18:00:00.0/2019-05-26T19:00:00.0;121.4704;42.1233;10.6707;31.4526;95.7953;26.4221;0;26.4221;0;1
2019-05-26T19:00:00.0/2019-05-26T20:00:00.0;3.7212;0.797;0.0286;0.7684;0.7255;0.1948;0;0.1948;0;1
2019-05-26T20:00:00.0/2019-05-26T21:00:00.0;0;0;0;0;0;0;0;0;0;1
2019-05-26T21:00:00.0/2019-05-26T22:00:00.0;0;0;0;0;0;0;0;0;0;1
2019-05-26T22:00:00.0/2019-05-26T23:00:00.0;0;0;0;0;0;0;0;0;0;1
2019-05-26T23:00:00.0/2019-05-27T00:00:00.0;0;0;0;0;0;0;0;0;0;1
2019-05-27T00:00:00.0/2019-05-27T01:00:00.0;0;0;0;0;0;0;0;0;0;1
2019-05-27T01:00:00.0/2019-05-27T02:00:00.0;0;0;0;0;0;0;0;0;0;1
2019-05-27T02:00:00.0/2019-05-27T03:00:00.0;0.865;0.1756;0.0038;0.1718;0;0.0124;0;0.0124;0;1
2019-05-27T03:00:00.0/2019-05-27T04:00:00.0;102.0638;38.9051;15.1015;23.8036;151.746;21.1025;0;21.1025;0;1
2019-05-27T04:00:00.0/2019-05-27T05:00:00.0;283.7436;153.3992;94.1053;59.2939;427.4347;25.2054;0;25.2054;0;1
2019-05-27T05:00:00.0/2019-05-27T06:00:00.0;472.5946;301.1516;218.9656;82.186;609.9736;53.4391;0;53.4391;0;1
2019-05-27T06:00:00.0/2019-05-27T07:00:00.0;655.757;457.5178;362.0517;95.4661;730.2104;277.9391;107.6283;170.3108;205.5583;1
2019-05-27T07:00:00.0/2019-05-27T08:00:00.0;820.7592;606.9477;505.1435;101.8042;815.4147;535.9623;387.7961;148.1663;622.6468;1
2019-05-27T08:00:00.0/2019-05-27T09:00:00.0;956.3676;735.6457;632.4625;103.1832;876.8182;586.687;381.134;205.553;535.2337;1
2019-05-27T09:00:00.0/2019-05-27T10:00:00.0;1053.3527;827.5157;723.6628;103.8529;911.3184;530.4743;205.0692;325.4051;256.1092;1
2019-05-27T10:00:00.0/2019-05-27T11:00:00.0;1105.1178;874.6583;769.4247;105.2336;923.6405;582.0737;297.3854;284.6883;357.1722;1
2019-05-27T11:00:00.0/2019-05-27T12:00:00.0;1108.1484;878.2007;773.4252;104.7756;925.9007;813.5525;669.8309;143.7216;802.4409;1
2019-05-27T12:00:00.0/2019-05-27T13:00:00.0;1062.2522;834.3867;721.1568;113.2299;900.3535;801.4783;675.9023;125.576;842.732;1
2019-05-27T13:00:00.0/2019-05-27T14:00:00.0;970.571;746.1494;618.6248;127.5246;844.9134;557.2859;296.3416;260.9443;400.2455;1
2019-05-27T14:00:00.0/2019-05-27T15:00:00.0;839.3666;623.0048;487.4536;135.5512;769.0662;509.9452;310.0397;199.9055;498.0547;1
2019-05-27T15:00:00.0/2019-05-27T16:00:00.0;677.5931;475.8247;346.1808;129.6439;675.6169;459.2157;350.3211;108.8946;683.5679;1
2019-05-27T16:00:00.0/2019-05-27T17:00:00.0;496.2857;318.1584;209.3976;108.7608;555.1031;301.7864;208.5042;93.2822;552.2068;1
2019-05-27T17:00:00.0/2019-05-27T18:00:00.0;307.8088;166.409;89.698;76.7111;375.5784;152.9221;83.3545;69.5675;346.2338;1
2019-05-27T18:00:00.0/2019-05-27T19:00:00.0;125.0126;48.2625;15.868;32.3945;140.2315;41.7174;8.5991;33.1183;63.9604;1
2019-05-27T19:00:00.0/2019-05-27T20:00:00.0;4.568;1.0369;0.0536;0.9833;1.4432;0.3042;0;0.3042;0;1
2019-05-27T20:00:00.0/2019-05-27T21:00:00.0;0;0;0;0;0;0;0;0;0;1
2019-05-27T21:00:00.0/2019-05-27T22:00:00.0;0;0;0;0;0;0;0;0;0;1
2019-05-27T22:00:00.0/2019-05-27T23:00:00.0;0;0;0;0;0;0;0;0;0;1
2019-05-27T23:00:00.0/2019-05-28T00:00:00.0;0;0;0;0;0;0;0;0;0;1
2019-05-28T00:00:00.0/2019-05-28T01:00:00.0;0;0;0;0;0;0;0;0;0;1
2019-05-28T01:00:00.0/2019-05-28T02:00:00.0;0;0;0;0;0;0;0;0;0;1
2019-05-28T02:00:00.0/2019-05-28T03:00:00.0;1.205;0.2519;0.0049;0.2471;0;0.0322;0;0.0322;0;1
2019-05-28T03:00:00.0/2019-05-28T04:00:00.0;104.9171;40.2901;14.1356;26.1545;139.5023;22.0716;0;22.0716;0;1
2019-05-28T04:00:00.0/2019-05-28T05:00:00.0;286.2945;155.8212;89.6923;66.1289;403.1467;23.2882;0;23.2882;0;1
2019-05-28T05:00:00.0/2019-05-28T06:00:00.0;474.858;304.962;211.4104;93.5516;585.7267;50.0078;0;50.0078;0;1
2019-05-28T06:00:00.0/2019-05-28T07:00:00.0;657.7672;460.6791;350.3848;110.2943;704.291;129.9157;0;129.9157;0;1
2019-05-28T07:00:00.0/2019-05-28T08:00:00.0;822.5674;605.8781;487.2115;118.6667;784.522;228.9514;0.5958;228.3556;0.886;1
2019-05-28T08:00:00.0/2019-05-28T09:00:00.0;958.0388;727.3539;605.7625;121.5915;838.1042;443.629;93.5042;350.1248;127.412;1
2019-05-28T09:00:00.0/2019-05-28T10:00:00.0;1054.9607;815.2113;692.6633;122.5481;870.6091;567.5596;172.2693;395.2903;216.6435;1
2019-05-28T10:00:00.0/2019-05-28T11:00:00.0;1106.7404;862.9181;740.2939;122.6241;887.0452;541.2207;151.4202;389.8004;181.3286;1
2019-05-28T11:00:00.0/2019-05-28T12:00:00.0;1109.8619;867.3318;746.9279;120.4039;892.4871;632.2769;281.1576;351.1193;336.0459;1
2019-05-28T12:00:00.0/2019-05-28T13:00:00.0;1064.1262;825.8644;703.0978;122.7666;876.0258;553.3605;194.4213;358.9392;241.2811;1
2019-05-28T13:00:00.0/2019-05-28T14:00:00.0;972.6639;741.3532;612.6116;128.7416;834.7381;383.218;43.6077;339.6104;58.3311;1
2019-05-28T14:00:00.0/2019-05-28T15:00:00.0;841.7209;622.0754;492.0561;130.0193;774.136;380.3895;85.6464;294.7431;138.5993;1
2019-05-28T15:00:00.0/2019-05-28T16:00:00.0;680.2333;481.0505;363.4252;117.6253;707.1609;355.9994;156.3356;199.6639;300.2339;1
2019-05-28T16:00:00.0/2019-05-28T17:00:00.0;499.2163;330.4127;237.4103;93.0024;627.4423;223.2631;69.9358;153.3273;189.0939;1
2019-05-28T17:00:00.0/2019-05-28T18:00:00.0;311.0138;181.5345;117.0713;64.4632;490.0589;154.41;88.5601;65.8499;381.306;1
2019-05-28T18:00:00.0/2019-05-28T19:00:00.0;128.457;56.5743;26.7854;29.7889;239.0553;48.9859;18.3669;30.619;143.7456;1
2019-05-28T19:00:00.0/2019-05-28T20:00:00.0;5.4505;1.3765;0.1541;1.2224;4.728;0.4836;0;0.4836;0;1
2019-05-28T20:00:00.0/2019-05-28T21:00:00.0;0;0;0;0;0;0;0;0;0;1
2019-05-28T21:00:00.0/2019-05-28T22:00:00.0;0;0;0;0;0;0;0;0;0;1
2019-05-28T22:00:00.0/2019-05-28T23:00:00.0;0;0;0;0;0;0;0;0;0;1
2019-05-28T23:00:00.0/2019-05-29T00:00:00.0;0;0;0;0;0;0;0;0;0;1
2019-05-29T00:00:00.0/2019-05-29T01:00:00.0;0;0;0;0;0;0;0;0;0;1
2019-05-29T01:00:00.0/2019-05-29T02:00:00.0;0;0;0;0;0;0;0;0;0;1
2019-05-29T02:00:00.0/2019-05-29T03:00:00.0;1.5824;0.3774;0.0318;0.3457;0;0.0858;0;0.0858;0;1
2019-05-29T03:00:00.0/2019-05-29T04:00:00.0;107.6264;48.1761;24.5156;23.6604;248.3649;27.4834;1.9619;25.5215;25.0093;1
2019-05-29T04:00:00.0/2019-05-29T05:00:00.0;288.7074;174.264;120.9266;53.3374;543.979;106.3274;30.0187;76.3087;116.2037;1
2019-05-29T05:00:00.0/2019-05-29T06:00:00.0;476.9913;328.577;254.6986;73.8784;704.0243;261.3124;153.4627;107.8496;419.4033;1
2019-05-29T06:00:00.0/2019-05-29T07:00:00.0;659.6566;487.2793;398.7676;88.5117;799.7406;400.5305;257.7015;142.829;518.4349;1
2019-05-29T07:00:00.0/2019-05-29T08:00:00.0;824.2651;634.337;535.87;98.467;861.1514;487.1172;267.4546;219.6627;435.1249;1
2019-05-29T08:00:00.0/2019-05-29T09:00:00.0;959.6097;757.2078;651.6821;105.5257;900.0151;551.3782;258.6974;292.6808;355.2672;1
2019-05-29T09:00:00.0/2019-05-29T10:00:00.0;1056.4779;845.7211;736.8558;108.8653;924.5314;662.264;397.051;265.213;496.3139;1
2019-05-29T10:00:00.0/2019-05-29T11:00:00.0;1108.2804;892.9437;784.3004;108.6433;938.1503;710.9725;433.6266;277.3458;518.849;1
2019-05-29T11:00:00.0/2019-05-29T12:00:00.0;1111.4993;895.9196;789.4391;106.4805;941.5643;809.7103;610.0417;199.6685;727.4883;1
2019-05-29T12:00:00.0/2019-05-29T13:00:00.0;1065.9282;853.6201;746.9828;106.6374;928.8718;763.3398;553.747;209.5929;688.9056;1
2019-05-29T13:00:00.0/2019-05-29T14:00:00.0;974.686;769.1157;660.5204;108.5952;897.9923;654.5909;435.1991;219.3918;590.0166;1
2019-05-29T14:00:00.0/2019-05-29T15:00:00.0;844.0035;649.5838;542.6087;106.9751;851.4134;562.0594;391.3793;170.68;617.6551;1
2019-05-29T15:00:00.0/2019-05-29T16:00:00.0;682.7979;505.1603;406.8942;98.2661;788.4597;479.5723;391.5128;88.0595;760.4595;1
2019-05-29T16:00:00.0/2019-05-29T17:00:00.0;502.065;347.9105;265.5811;82.3293;697.6453;329.4124;261.0826;68.3298;685.4808;1
2019-05-29T17:00:00.0/2019-05-29T18:00:00.0;314.1288;192.2333;131.3732;60.8602;544.4335;176.6761;124.8048;51.8713;515.3257;1
2019-05-29T18:00:00.0/2019-05-29T19:00:00.0;131.8019;61.1126;31.0239;30.0887;272.835;53.0411;22.6772;30.3639;177.6133;1
2019-05-29T19:00:00.0/2019-05-29T20:00:00.0;6.3803;1.7029;0.2356;1.4673;6.974;0.7096;0;0.7096;0;1
2019-05-29T20:00:00.0/2019-05-29T21:00:00.0;0;0;0;0;0;0;0;0;0;1
2019-05-29T21:00:00.0/2019-05-29T22:00:00.0;0;0;0;0;0;0;0;0;0;1
2019-05-29T22:00:00.0/2019-05-29T23:00:00.0;0;0;0;0;0;0;0;0;0;1
2019-05-29T23:00:00.0/2019-05-30T00:00:00.0;0;0;0;0;0;0;0;0;0;1
2019-05-30T00:00:00.0/2019-05-30T01:00:00.0;0;0;0;0;0;0;0;0;0;1
2019-05-30T01:00:00.0/2019-05-30T02:00:00.0;0;0;0;0;0;0;0;0;0;1
2019-05-30T02:00:00.0/2019-05-30T03:00:00.0;1.9902;0.4834;0.0429;0.4404;0;0.127;0;0.127;0;1
2019-05-30T03:00:00.0/2019-05-30T04:00:00.0;110.1917;49.104;24.4543;24.6497;244.5023;42.3469;17.3122;25.0348;150.1835;1
2019-05-30T04:00:00.0/2019-05-30T05:00:00.0;290.9826;174.2181;119.0697;55.1484;531.32;157.4422;107.8845;49.5576;482.7313;1
2019-05-30T05:00:00.0/2019-05-30T06:00:00.0;478.9951;326.2333;249.9517;76.2816;687.8005;299.9801;227.587;72.3932;624.0632;1
2019-05-30T06:00:00.0/2019-05-30T07:00:00.0;661.4261;479.246;385.8564;93.3895;771.9032;458.3709;375.1828;83.1881;751.1476;1
2019-05-30T07:00:00.0/2019-05-30T08:00:00.0;825.8531;616.9985;508.0229;108.9756;814.7781;577.6124;445.5171;132.0954;715.1749;1
2019-05-30T08:00:00.0/2019-05-30T09:00:00.0;961.081;729.7856;608.0696;121.716;838.3381;692.5768;534.9574;157.6194;737.8569;1
2019-05-30T09:00:00.0/2019-05-30T10:00:00.0;1057.9052;809.8406;679.3552;130.4854;850.9946;727.2914;463.6426;263.6489;581.6485;1
2019-05-30T10:00:00.0/2019-05-30T11:00:00.0;1109.7385;851.3324;715.9164;135.416;854.9557;717.9968;382.4722;335.5245;457.2182;1
2019-05-30T11:00:00.0/2019-05-30T12:00:00.0;1113.0608;850.431;712.4285;138.0025;848.2168;606.3237;225.268;381.0557;267.8167;1
2019-05-30T12:00:00.0/2019-05-30T13:00:00.0;1067.6581;806.1119;664.9029;141.209;825.1193;488.8678;116.5984;372.2694;144.83;1
2019-05-30T13:00:00.0/2019-05-30T14:00:00.0;976.6374;721.5536;577.4417;144.1119;783.0447;363.0091;26.866;336.1431;35.4105;1
2019-05-30T14:00:00.0/2019-05-30T15:00:00.0;846.2136;603.4902;461.7034;141.7868;721.9835;312.4796;22.6867;289.7929;35.0401;1
2019-05-30T15:00:00.0/2019-05-30T16:00:00.0;685.2858;465.4987;340.7824;124.7162;657.8023;206.8708;1.5572;205.3136;2.7948;1
2019-05-30T16:00:00.0/2019-05-30T17:00:00.0;504.8306;319.8922;224.3073;95.5849;585.9749;146.0035;1.4964;144.507;4.2703;1
2019-05-30T17:00:00.0/2019-05-30T18:00:00.0;317.1523;177.1512;112.7206;64.4306;463.0191;94.9665;1.0466;93.9199;3.6863;1
2019-05-30T18:00:00.0/2019-05-30T19:00:00.0;135.0457;56.9236;26.6305;30.2931;227.8246;40.5859;2.6389;37.947;24.0276;1
2019-05-30T19:00:00.0/2019-05-30T20:00:00.0;7.384;1.8029;0.2074;1.5955;6.0773;0.8482;0;0.8482;0;1
2019-05-30T20:00:00.0/2019-05-30T21:00:00.0;0;0;0;0;0;0;0;0;0;1
2019-05-30T21:00:00.0/2019-05-30T22:00:00.0;0;0;0;0;0;0;0;0;0;1
2019-05-30T22:00:00.0/2019-05-30T23:00:00.0;0;0;0;0;0;0;0;0;0;1
2019-05-30T23:00:00.0/2019-05-31T00:00:00.0;0;0;0;0;0;0;0;0;0;1
2019-05-31T00:00:00.0/2019-05-31T01:00:00.0;0;0;0;0;0;0;0;0;0;1
2019-05-31T01:00:00.0/2019-05-31T02:00:00.0;0;0;0;0;0;0;0;0;0;1
2019-05-31T02:00:00.0/2019-05-31T03:00:00.0;2.4214;0.5086;0.0148;0.4938;0.2392;0.1185;0;0.1185;0;1
2019-05-31T03:00:00.0/2019-05-31T04:00:00.0;112.613;41.8902;14.3221;27.5681;135.8561;25.295;0;25.295;0;1
2019-05-31T04:00:00.0/2019-05-31T05:00:00.0;293.1204;153.5937;85.6824;67.9113;376.2164;23.5583;0;23.5583;0;1
2019-05-31T05:00:00.0/2019-05-31T06:00:00.0;480.87;297.4127;199.6426;97.7701;545.7044;68.85;0;68.85;0;1
2019-05-31T06:00:00.0/2019-05-31T07:00:00.0;663.0764;448.5081;331.8154;116.6927;660.8063;172.7101;0;172.7101;0;1
2019-05-31T07:00:00.0/2019-05-31T08:00:00.0;827.3322;590.3763;464.5769;125.7994;742.9337;261.2389;0;261.2389;0;1
2019-05-31T08:00:00.0/2019-05-31T09:00:00.0;962.4537;709.3868;580.4238;128.963;798.5123;341.824;9.6994;332.1246;13.5136;1
2019-05-31T09:00:00.0/2019-05-31T10:00:00.0;1059.2429;795.0773;665.0927;129.9846;831.7271;361.6825;15.7658;345.9167;19.3337;1
2019-05-31T10:00:00.0/2019-05-31T11:00:00.0;1111.1152;840.8989;710.8339;130.065;847.5306;387.7462;25.5546;362.1916;30.6229;1
2019-05-31T11:00:00.0/2019-05-31T12:00:00.0;1114.5468;844.4225;716.7905;127.632;852.0093;424.5158;42.4711;382.0448;50.4058;1
2019-05-31T12:00:00.0/2019-05-31T13:00:00.0;1069.316;803.6588;676.4211;127.2376;837.8737;375.1014;11.4272;363.6742;14.2976;1
2019-05-31T13:00:00.0/2019-05-31T14:00:00.0;978.5175;721.5997;593.3291;128.2706;802.866;339.2637;15.5746;323.6892;22.0032;1
2019-05-31T14:00:00.0/2019-05-31T15:00:00.0;848.3505;606.14;480.8224;125.3175;749.8979;412.4524;119.4023;293.05;186.6121;1
2019-05-31T15:00:00.0/2019-05-31T16:00:00.0;687.6963;469.6866;358.1454;111.5412;688.6694;327.8898;81.9603;245.9295;157.9819;1
2019-05-31T16:00:00.0/2019-05-31T17:00:00.0;507.5118;324.1619;235.7603;88.4016;612.4142;239.5265;77.5775;161.949;200.8209;1
2019-05-31T17:00:00.0/2019-05-31T18:00:00.0;320.0829;180.6082;118.5242;62.084;482.2063;140.7497;50.955;89.7947;216.7301;1
2019-05-31T18:00:00.0/2019-05-31T19:00:00.0;138.1867;58.7152;28.0547;30.6605;234.9439;49.622;14.5706;35.0515;108.0291;1
2019-05-31T19:00:00.0/2019-05-31T20:00:00.0;8.4026;2.0616;0.2415;1.8201;6.8628;1.0365;0;1.0365;0;1
2019-05-31T20:00:00.0/2019-05-31T21:00:00.0;0;0;0;0;0;0;0;0;0;1
2019-05-31T21:00:00.0/2019-05-31T22:00:00.0;0;0;0;0;0;0;0;0;0;1
2019-05-31T22:00:00.0/2019-05-31T23:00:00.0;0;0;0;0;0;0;0;0;0;1
2019-05-31T23:00:00.0/2019-06-01T00:00:00.0;0;0;0;0;0;0;0;0;0;1
2019-06-01T00:00:00.0/2019-06-01T01:00:00.0;0;0;0;0;0;0;0;0;0;1
2019-06-01T01:00:00.0/2019-06-01T02:00:00.0;0;0;0;0;0;0;0;0;0;1
2019-06-01T02:00:00.0/2019-06-01T03:00:00.0;2.869;0.6121;0.0209;0.5913;0.2684;0.156;0;0.156;0;1
2019-06-01T03:00:00.0/2019-06-01T04:00:00.0;114.8905;42.0922;12.8211;29.2711;119.968;30.8807;0;30.8807;0;1
2019-06-01T04:00:00.0/2019-06-01T05:00:00.0;295.1212;152.6022;78.3264;74.2758;340.8743;66.8217;0;66.8217;0;1
2019-06-01T05:00:00.0/2019-06-01T06:00:00.0;482.6166;297.5459;187.9034;109.6425;511.1594;91.1239;0;91.1239;0;1
2019-06-01T06:00:00.0/2019-06-01T07:00:00.0;664.6083;450.6012;316.9993;133.6019;629.5335;99.4994;0;99.4994;0;1
2019-06-01T07:00:00.0/2019-06-01T08:00:00.0;828.7033;593.6877;446.4939;147.1938;712.5496;214.521;1.0606;213.4604;1.5613;1
2019-06-01T08:00:00.0/2019-06-01T09:00:00.0;963.7285;713.4636;559.9761;153.4874;769.0864;599.5361;412.8864;186.6497;559.5649;1
2019-06-01T09:00:00.0/2019-06-01T10:00:00.0;1060.4923;799.7929;646.0153;153.7776;806.6128;658.0645;427.9083;230.1562;538.9989;1
2019-06-01T10:00:00.0/2019-06-01T11:00:00.0;1112.4111;846.0753;696.1078;149.9674;828.7261;368.7278;49.8087;318.919;59.046;1
2019-06-01T11:00:00.0/2019-06-01T12:00:00.0;1115.9578;849.5223;706.5733;142.9489;838.5408;713.0757;431.6752;281.4005;512.9104;1
2019-06-01T12:00:00.0/2019-06-01T13:00:00.0;1070.9021;808.4949;666.973;141.5219;824.6553;752.1177;553.7421;198.3757;683.8987;1
2019-06-01T13:00:00.0/2019-06-01T14:00:00.0;980.3262;725.9032;581.0721;144.8311;784.5156;603.576;350.8775;252.6986;471.7486;1
2019-06-01T14:00:00.0/2019-06-01T15:00:00.0;850.4138;609.3693;466.5157;142.8535;725.4785;505.2329;295.0963;210.1366;457.4858;1
2019-06-01T15:00:00.0/2019-06-01T16:00:00.0;690.0281;469.9338;340.455;129.4787;651.7458;381.526;191.6515;189.8745;371.1324;1
2019-06-01T16:00:00.0/2019-06-01T17:00:00.0;510.1074;319.9697;214.2197;105.75;552.4143;295.6429;195.5331;100.1097;506.6971;1
2019-06-01T17:00:00.0/2019-06-01T18:00:00.0;322.919;173.8815;99.2721;74.6094;397.9142;159.647;90.2078;69.4392;359.6565;1
2019-06-01T18:00:00.0/2019-06-01T19:00:00.0;141.2231;55.7943;21.2168;34.5776;173.2752;48.6603;12.4079;36.2524;87.564;1
2019-06-01T19:00:00.0/2019-06-01T20:00:00.0;9.4497;2.2399;0.203;2.0369;5.843;1.1558;0;1.1558;0;1
2019-06-01T20:00:00.0/2019-06-01T21:00:00.0;0;0;0;0;0;0;0;0;0;1
2019-06-01T21:00:00.0/2019-06-01T22:00:00.0;0;0;0;0;0;0;0;0;0;1
2019-06-01T22:00:00.0/2019-06-01T23:00:00.0;0;0;0;0;0;0;0;0;0;1
2019-06-01T23:00:00.0/2019-06-02T00:00:00.0;0;0;0;0;0;0;0;0;0;1
2019-06-02T00:00:00.0/2019-06-02T01:00:00.0;0;0;0;0;0;0;0;0;0;1
2019-06-02T01:00:00.0/2019-06-02T02:00:00.0;0;0;0;0;0;0;0;0;0;1
2019-06-02T02:00:00.0/2019-06-02T03:00:00.0;3.326;0.771;0.0599;0.711;1.2357;0.2451;0;0.2451;0;1
2019-06-02T03:00:00.0/2019-06-02T04:00:00.0;117.0243;49.1182;22.9177;26.2005;217.4627;42.6188;15.2479;27.3709;125.3783;1
2019-06-02T04:00:00.0/2019-06-02T05:00:00.0;296.9856;169.7515;112.6456;57.106;491.3407;156.2036;105.007;51.1967;455.7654;1
2019-06-02T05:00:00.0/2019-06-02T06:00:00.0;484.2357;318.1878;240.3428;77.845;653.2175;298.7968;226.0757;72.7212;615.8231;1
2019-06-02T06:00:00.0/2019-06-02T07:00:00.0;666.0227;469.998;376.2096;93.7883;746.4092;447.1779;355.5463;91.6315;705.7228;1
2019-06-02T07:00:00.0/2019-06-02T08:00:00.0;829.9673;609.6373;502.0941;107.5432;800.3359;541.1047;354.2957;186.809;565.0404;1
2019-06-02T08:00:00.0/2019-06-02T09:00:00.0;964.9065;726.0536;607.2815;118.7721;833.0395;704.9597;583.1557;121.8041;798.5341;1
2019-06-02T09:00:00.0/2019-06-02T10:00:00.0;1061.6539;809.5037;682.2378;127.2659;850.7537;786.7371;648.3006;138.4364;808.759;1
2019-06-02T10:00:00.0/2019-06-02T11:00:00.0;1113.6268;853.3287;720.3617;132.967;856.4296;817.3303;638.9948;178.3355;759.8478;1
2019-06-02T11:00:00.0/2019-06-02T12:00:00.0;1117.2938;854.4521;718.2064;136.2457;851.037;780.8455;517.8936;262.9518;613.3586;1
2019-06-02T12:00:00.0/2019-06-02T13:00:00.0;1072.4161;811.3663;668.6049;142.7613;825.2007;746.3554;506.8138;239.5416;627.0206;1
2019-06-02T13:00:00.0/2019-06-02T14:00:00.0;982.063;726.9671;575.9528;151.0144;775.8987;706.4883;559.2401;147.2483;753.5807;1
2019-06-02T14:00:00.0/2019-06-02T15:00:00.0;852.4026;608.7296;457.1928;151.5368;708.9607;570.4987;410.3666;160.1321;635.2333;1
2019-06-02T15:00:00.0/2019-06-02T16:00:00.0;692.2803;468.7153;330.9684;137.7468;631.3118;423.9589;272.7326;151.2263;521.8599;1
2019-06-02T16:00:00.0/2019-06-02T17:00:00.0;512.616;319.5264;208.2416;111.2849;534.2049;279.1573;162.3382;116.8191;410.4398;1
2019-06-02T17:00:00.0/2019-06-02T18:00:00.0;325.659;174.5689;96.8881;77.6808;385.1399;150.0206;70.0929;79.9277;283.0955;1
2019-06-02T18:00:00.0/2019-06-02T19:00:00.0;144.1534;57.2303;21.2263;36.0039;170.9076;49.9931;12.4745;37.5185;86.9998;1
2019-06-02T19:00:00.0/2019-06-02T20:00:00.0;10.5192;2.5492;0.2369;2.3123;6.5774;1.3796;0;1.3796;0;1
2019-06-02T20:00:00.0/2019-06-02T21:00:00.0;0;0;0;0;0;0;0;0;0;1
2019-06-02T21:00:00.0/2019-06-02T22:00:00.0;0;0;0;0;0;0;0;0;0;1
2019-06-02T22:00:00.0/2019-06-02T23:00:00.0;0;0;0;0;0;0;0;0;0;1
2019-06-02T23:00:00.0/2019-06-03T00:00:00.0;0;0;0;0;0;0;0;0;0;1
2019-06-03T00:00:00.0/2019-06-03T01:00:00.0;0;0;0;0;0;0;0;0;0;1
2019-06-03T01:00:00.0/2019-06-03T02:00:00.0;0;0;0;0;0;0;0;0;0;1
2019-06-03T02:00:00.0/2019-06-03T03:00:00.0;3.7854;0.9158;0.1013;0.8145;2.5202;0.3204;0;0.3204;0;1
2019-06-03T03:00:00.0/2019-06-03T04:00:00.0;119.0147;52.0679;26.7146;25.3533;253.5361;45.2612;18.6907;26.5704;155.3096;1
2019-06-03T04:00:00.0/2019-06-03T05:00:00.0;298.7141;175.1534;122.2069;52.9465;531.0159;161.1767;114.2214;46.9553;494.2659;1
2019-06-03T05:00:00.0/2019-06-03T06:00:00.0;485.728;324.3778;253.4565;70.9214;686.9302;307.4839;245.6688;61.8151;665.4606;1
2019-06-03T06:00:00.0/2019-06-03T07:00:00.0;667.3206;476.642;392.6964;83.9457;777.4293;459.6017;384.7819;74.8199;761.645;1
2019-06-03T07:00:00.0/2019-06-03T08:00:00.0;831.1254;616.6595;522.6352;94.0243;831.6802;601.1903;514.8595;86.3308;819.2263;1
2019-06-03T08:00:00.0/2019-06-03T09:00:00.0;965.9885;733.2308;631.6562;101.5747;865.2386;720.8361;626.5642;94.2719;858.2131;1
2019-06-03T09:00:00.0/2019-06-03T10:00:00.0;1062.7286;816.2156;708.9335;107.2822;882.8893;806.9429;706.5909;100.352;879.9506;1
2019-06-03T10:00:00.0/2019-06-03T11:00:00.0;1114.7629;859.0499;747.7405;111.3093;887.8036;851.5452;747.278;104.2672;887.2511;1
2019-06-03T11:00:00.0/2019-06-03T12:00:00.0;1118.5554;859.3168;745.9465;113.3702;882.6437;825.7176;683.865;141.8526;808.7865;1
2019-06-03T12:00:00.0/2019-06-03T13:00:00.0;1073.8582;813.6249;689.4792;124.1457;849.4867;676.6634;402.8286;273.8348;494.2633;1
2019-06-03T13:00:00.0/2019-06-03T14:00:00.0;983.7277;724.8748;583.1039;141.7709;783.8051;501.9461;173.2282;328.7178;234.0057;1
2019-06-03T14:00:00.0/2019-06-03T15:00:00.0;854.3162;602.6635;452.2321;150.4313;699.2302;529.2155;329.8566;199.3588;510.3117;1
2019-06-03T15:00:00.0/2019-06-03T16:00:00.0;694.4518;457.7225;312.4554;145.2671;593.0334;358.9932;136.5349;222.4583;253.7848;1
2019-06-03T16:00:00.0/2019-06-03T17:00:00.0;515.0363;303.7789;179.336;124.4429;456.2169;208.0773;27.7204;180.3569;68.7531;1
2019-06-03T17:00:00.0/2019-06-03T18:00:00.0;328.3014;159.3951;72.7061;86.689;284.1308;111.9038;5.4509;106.4529;18.6178;1
2019-06-03T18:00:00.0/2019-06-03T19:00:00.0;146.9758;50.8426;13.1797;37.6629;102.5465;40.7202;0;40.7202;0;1
2019-06-03T19:00:00.0/2019-06-03T20:00:00.0;11.6272;2.5736;0.1461;2.4275;3.861;1.4232;0;1.4232;0;1
2019-06-03T20:00:00.0/2019-06-03T21:00:00.0;0;0;0;0;0;0;0;0;0;1
2019-06-03T21:00:00.0/2019-06-03T22:00:00.0;0;0;0;0;0;0;0;0;0;1
2019-06-03T22:00:00.0/2019-06-03T23:00:00.0;0;0;0;0;0;0;0;0;0;1
2019-06-03T23:00:00.0/2019-06-04T00:00:00.0;0;0;0;0;0;0;0;0;0;1
2019-06-04T00:00:00.0/2019-06-04T01:00:00.0;0;0;0;0;0;0;0;0;0;1
2019-06-04T01:00:00.0/2019-06-04T02:00:00.0;0;0;0;0;0;0;0;0;0;1
2019-06-04T02:00:00.0/2019-06-04T03:00:00.0;4.2205;0.8383;0.0201;0.8183;0.5776;0.2235;0;0.2235;0;1
2019-06-04T03:00:00.0/2019-06-04T04:00:00.0;120.8621;37.6492;7.3166;30.3326;65.3145;21.6471;0;21.6471;0;1
2019-06-04T04:00:00.0/2019-06-04T05:00:00.0;300.3073;132.5004;49.0238;83.4766;208.3527;49.3069;0;49.3069;0;1
2019-06-04T05:00:00.0/2019-06-04T06:00:00.0;487.0945;263.578;128.367;135.211;344.8432;206.4079;61.1895;145.2184;155.1241;1
2019-06-04T06:00:00.0/2019-06-04T07:00:00.0;668.5028;408.503;231.434;177.069;455.8974;380.7769;213.2445;167.5324;419.3461;1
2019-06-04T07:00:00.0/2019-06-04T08:00:00.0;832.1783;548.3294;341.7743;206.5552;542.3412;515.7926;307.2466;208.546;486.6917;1
2019-06-04T08:00:00.0/2019-06-04T09:00:00.0;966.9755;667.2631;441.3369;225.9262;603.4176;657.3915;459.925;197.4666;628.489;1
2019-06-04T09:00:00.0/2019-06-04T10:00:00.0;1063.7173;754.4825;518.5068;235.9757;644.7924;737.4819;509.89;227.5919;634.4543;1
2019-06-04T10:00:00.0/2019-06-04T11:00:00.0;1115.8201;802.7765;564.8833;237.8932;669.8229;772.4943;510.8542;261.6401;605.7911;1
2019-06-04T11:00:00.0/2019-06-04T12:00:00.0;1119.7428;808.4821;575.1341;233.3479;679.6216;789.6741;552.1255;237.5485;652.4987;1
2019-06-04T12:00:00.0/2019-06-04T13:00:00.0;1075.2281;769.3406;543.8172;225.5234;669.0811;764.2869;567.187;197.0999;697.9219;1
2019-06-04T13:00:00.0/2019-06-04T14:00:00.0;985.3196;688.5005;474.4188;214.0818;636.6791;676.489;482.0262;194.4627;646.8521;1
2019-06-04T14:00:00.0/2019-06-04T15:00:00.0;856.1539;574.4755;378.8929;195.5826;584.6412;544.0338;350.5796;193.4542;539.5273;1
2019-06-04T15:00:00.0/2019-06-04T16:00:00.0;696.5416;438.8516;271.605;167.2466;514.3077;379.9698;178.5517;201.4182;335.7095;1
2019-06-04T16:00:00.0/2019-06-04T17:00:00.0;517.3669;294.6961;164.9641;129.732;418.4343;249.5932;107.9658;141.6273;277.3445;1
2019-06-04T17:00:00.0/2019-06-04T18:00:00.0;330.8447;157.7078;72.2672;85.4407;281.5415;145.2688;61.3088;83.96;236.5386;1
2019-06-04T18:00:00.0/2019-06-04T19:00:00.0;149.6887;51.6766;14.5182;37.1584;111.9618;45.313;5.4858;39.8272;35.0569;1
2019-06-04T19:00:00.0/2019-06-04T20:00:00.0;12.7272;2.8216;0.1936;2.628;4.953;1.6212;0;1.6212;0;1
2019-06-04T20:00:00.0/2019-06-04T21:00:00.0;0;0;0;0;0;0;0;0;0;1
2019-06-04T21:00:00.0/2019-06-04T22:00:00.0;0;0;0;0;0;0;0;0;0;1
2019-06-04T22:00:00.0/2019-06-04T23:00:00.0;0;0;0;0;0;0;0;0;0;1
2019-06-04T23:00:00.0/2019-06-05T00:00:00.0;0;0;0;0;0;0;0;0;0;1
2019-06-05T00:00:00.0/2019-06-05T01:00:00.0;0;0;0;0;0;0;0;0;0;1
2019-06-05T01:00:00.0/2019-06-05T02:00:00.0;0;0;0;0;0;0;0;0;0;1
2019-06-05T02:00:00.0/2019-06-05T03:00:00.0;4.6751;0.9773;0.0419;0.9355;1.2467;0.292;0;0.292;0;1
2019-06-05T03:00:00.0/2019-06-05T04:00:00.0;122.567;41.6169;10.9833;30.6336;97.6749;36.3171;4.0654;32.2517;29.3039;1
2019-06-05T04:00:00.0/2019-06-05T05:00:00.0;301.7661;146.2105;68.7722;77.4383;291.7107;135.1908;60.8779;74.3129;254.8256;1
2019-06-05T05:00:00.0/2019-06-05T06:00:00.0;488.3359;286.6712;170.6467;116.0245;457.8009;263.7483;149.1831;114.5652;404.6502;1
2019-06-05T06:00:00.0/2019-06-05T07:00:00.0;669.5705;436.6761;292.5646;144.1115;575.8872;390.7028;228.6648;162.038;445.4055;1
2019-06-05T07:00:00.0/2019-06-05T08:00:00.0;833.1273;577.786;414.5541;163.2319;657.2206;566.0079;424.5814;141.4264;672.8051;1
2019-06-05T08:00:00.0/2019-06-05T09:00:00.0;967.8686;696.533;521.2548;175.2781;711.9758;689.1367;538.3693;150.7673;735.3183;1
2019-06-05T09:00:00.0/2019-06-05T10:00:00.0;1064.6206;783.5948;602.9465;180.6483;748.9926;779.2853;624.561;154.7243;775.8398;1
2019-06-05T10:00:00.0/2019-06-05T11:00:00.0;1116.7987;832.2487;652.0446;180.2041;772.2841;829.2076;674.9825;154.2252;799.4545;1
2019-06-05T11:00:00.0/2019-06-05T12:00:00.0;1120.8562;838.3188;662.658;175.6608;782.0445;834.9024;683.9638;150.9386;807.182;1
2019-06-05T12:00:00.0/2019-06-05T13:00:00.0;1076.526;798.4853;625.2895;173.1958;768.1506;793.6553;644.1747;149.4806;791.3566;1
2019-06-05T13:00:00.0/2019-06-05T14:00:00.0;986.8386;715.8365;543.8578;171.9787;728.5287;708.3297;559.654;148.6757;749.6677;1
2019-06-05T14:00:00.0/2019-06-05T15:00:00.0;857.9149;599.7183;434.9251;164.7932;669.5634;589.1572;446.5432;142.614;687.4459;1
2019-06-05T15:00:00.0/2019-06-05T16:00:00.0;698.5486;461.9031;314.9481;146.955;594.72;449.101;320.6656;128.4354;605.2816;1
2019-06-05T16:00:00.0/2019-06-05T17:00:00.0;519.6064;314.9268;196.2955;118.6313;496.144;300.6909;194.4259;106.265;490.7828;1
2019-06-05T17:00:00.0/2019-06-05T18:00:00.0;333.2873;172.7579;90.3072;82.4507;350.2724;159.8789;82.3311;77.5477;316.8564;1
2019-06-05T18:00:00.0/2019-06-05T19:00:00.0;152.2904;58.3445;19.8566;38.4879;152.3239;51.1915;10.7837;40.4077;71.3993;1
2019-06-05T19:00:00.0/2019-06-05T20:00:00.0;13.8289;3.3221;0.3043;3.0179;7.615;2.0215;0;2.0215;0;1
2019-06-05T20:00:00.0/2019-06-05T21:00:00.0;0;0;0;0;0;0;0;0;0;1
2019-06-05T21:00:00.0/2019-06-05T22:00:00.0;0;0;0;0;0;0;0;0;0;1
2019-06-05T22:00:00.0/2019-06-05T23:00:00.0;0;0;0;0;0;0;0;0;0;1
2019-06-05T23:00:00.0/2019-06-06T00:00:00.0;0;0;0;0;0;0;0;0;0;1
2019-06-06T00:00:00.0/2019-06-06T01:00:00.0;0;0;0;0;0;0;0;0;0;1
2019-06-06T01:00:00.0/2019-06-06T02:00:00.0;0;0;0;0;0;0;0;0;0;1
2019-06-06T02:00:00.0/2019-06-06T03:00:00.0;5.1134;1.1873;0.0979;1.0895;2.8914;0.4311;0;0.4311;0;1
2019-06-06T03:00:00.0/2019-06-06T04:00:00.0;124.1299;50.4801;22.0625;28.4176;200.1468;44.077;14.0669;30.0101;110.5801;1
2019-06-06T04:00:00.0/2019-06-06T05:00:00.0;303.0911;167.9517;106.5027;61.449;454.4585;152.771;95.5129;57.258;404.4493;1
2019-06-06T05:00:00.0/2019-06-06T06:00:00.0;489.4534;313.2801;228.5439;84.7362;613.6286;297.6541;222.4477;75.2065;596.8031;1
2019-06-06T06:00:00.0/2019-06-06T07:00:00.0;670.5247;462.468;359.7757;102.6924;708.0698;447.3323;355.9065;91.4258;700.2681;1
2019-06-06T07:00:00.0/2019-06-06T08:00:00.0;833.9733;600.0392;482.2656;117.7737;764.0867;578.2704;461.5549;116.7155;731.9094;1
2019-06-06T08:00:00.0/2019-06-06T09:00:00.0;968.6686;714.8439;584.9899;129.854;798.3856;694.036;561.7772;132.2589;767.6272;1
2019-06-06T09:00:00.0/2019-06-06T10:00:00.0;1065.4395;795.4687;652.7984;142.6703;810.2732;761.0381;587.9072;173.1309;729.0662;1
2019-06-06T10:00:00.0/2019-06-06T11:00:00.0;1117.6995;835.903;679.1992;156.7039;803.6354;829.2256;685.7882;143.4374;811.3424;1
2019-06-06T11:00:00.0/2019-06-06T12:00:00.0;1121.896;834.5662;667.0979;167.4683;786.2965;778.582;563.1701;215.4118;663.7914;1
2019-06-06T12:00:00.0/2019-06-06T13:00:00.0;1077.7517;784.1346;589.6817;194.4529;723.0006;734.5952;511.7197;222.8754;626.1555;1
2019-06-06T13:00:00.0/2019-06-06T14:00:00.0;988.2841;687.7238;461.5579;226.1659;616.5213;484.0294;175.3603;308.6691;229.9379;1
2019-06-06T14:00:00.0/2019-06-06T15:00:00.0;859.5984;559.1722;324.3529;234.8193;497.3339;173.715;0;173.715;0;1
2019-06-06T15:00:00.0/2019-06-06T16:00:00.0;700.4717;421.1483;217.4989;203.6494;409.2798;70.6962;0;70.6962;0;1
2019-06-06T16:00:00.0/2019-06-06T17:00:00.0;521.7538;284.2261;131.0359;153.1902;329.3132;47.1163;0;47.1163;0;1
2019-06-06T17:00:00.0/2019-06-06T18:00:00.0;335.6277;155.0553;58.9186;96.1366;226.7685;25.876;0;25.876;0;1
2019-06-06T18:00:00.0/2019-06-06T19:00:00.0;154.7794;52.986;12.3557;40.6303;92.4011;13.4486;0;13.4486;0;1
2019-06-06T19:00:00.0/2019-06-06T20:00:00.0;14.9259;3.3346;0.1781;3.1565;4.3311;1.7152;0;1.7152;0;1
2019-06-06T20:00:00.0/2019-06-06T21:00:00.0;0;0;0;0;0;0;0;0;0;1
2019-06-06T21:00:00.0/2019-06-06T22:00:00.0;0;0;0;0;0;0;0;0;0;1
2019-06-06T22:00:00.0/2019-06-06T23:00:00.0;0;0;0;0;0;0;0;0;0;1
2019-06-06T23:00:00.0/2019-06-07T00:00:00.0;0;0;0;0;0;0;0;0;0;1
2019-06-07T00:00:00.0/2019-06-07T01:00:00.0;0;0;0;0;0;0;0;0;0;1
2019-06-07T01:00:00.0/2019-06-07T02:00:00.0;0;0;0;0;0;0;0;0;0;1
2019-06-07T02:00:00.0/2019-06-07T03:00:00.0;5.5285;1.1761;0.0557;1.1205;1.6532;0.3859;0;0.3859;0;1
2019-06-07T03:00:00.0/2019-06-07T04:00:00.0;125.5512;44.1962;12.6671;31.5291;110.3655;18.2627;0;18.2627;0;1
2019-06-07T04:00:00.0/2019-06-07T05:00:00.0;304.2831;153.4704;78.5398;74.9306;330.3619;71.4374;0;71.4374;0;1
2019-06-07T05:00:00.0/2019-06-07T06:00:00.0;490.4478;298.7732;193.7198;105.0534;517.2335;112.3152;0;112.3152;0;1
2019-06-07T06:00:00.0/2019-06-07T07:00:00.0;671.3664;452.1401;328.201;123.9391;644.1853;306.5251;112.3332;194.1918;211.375;1
2019-06-07T07:00:00.0/2019-06-07T08:00:00.0;834.7175;595.7747;459.8015;135.9733;727.2363;511.1266;326.7606;184.3661;512.8459;1
2019-06-07T08:00:00.0/2019-06-07T09:00:00.0;969.3765;718.0878;576.1806;141.9073;785.3463;488.8172;209.4234;279.3937;292.0023;1
2019-06-07T09:00:00.0/2019-06-07T10:00:00.0;1066.1746;806.3303;659.9476;146.3826;818.2436;382.4827;25.1481;357.3346;30.9688;1
2019-06-07T10:00:00.0/2019-06-07T11:00:00.0;1118.5229;852.9427;702.5281;150.4146;830.3624;675.3833;415.3157;260.0676;489.8298;1
2019-06-07T11:00:00.0/2019-06-07T12:00:00.0;1122.8623;856.7621;705.2303;151.5319;830.3296;842.0408;704.4084;137.6324;829.4545;1
2019-06-07T12:00:00.0/2019-06-07T13:00:00.0;1078.9053;817.3865;668.8186;148.5678;819.4575;810.4119;680.4931;129.9188;833.7438;1
2019-06-07T13:00:00.0/2019-06-07T14:00:00.0;989.6558;737.8953;596.4857;141.4096;796.528;728.1031;603.7787;124.3245;806.2144;1
2019-06-07T14:00:00.0/2019-06-07T15:00:00.0;861.2038;624.5516;493.6413;130.9103;757.076;611.5103;495.9175;115.5928;760.4943;1
2019-06-07T15:00:00.0/2019-06-07T16:00:00.0;702.3099;487.2906;371.8958;115.3947;698.6406;472.1112;370.5302;101.581;695.8885;1
2019-06-07T16:00:00.0/2019-06-07T17:00:00.0;523.8076;338.2198;243.7204;94.4995;611.9375;322.2769;238.2605;84.0164;597.729;1
2019-06-07T17:00:00.0/2019-06-07T18:00:00.0;337.8646;191.6011;123.0884;68.5126;473.6175;177.2057;114.3584;62.8474;438.0426;1
2019-06-07T18:00:00.0/2019-06-07T19:00:00.0;157.1541;67.8202;32.122;35.6983;244.0781;59.5576;22.1393;37.4184;152.1745;1
2019-06-07T19:00:00.0/2019-06-07T20:00:00.0;16.0116;4.2007;0.68;3.5208;16.2116;2.7515;0;2.7515;0;1
2019-06-07T20:00:00.0/2019-06-07T21:00:00.0;0;0;0;0;0;0;0;0;0;1
2019-06-07T21:00:00.0/2019-06-07T22:00:00.0;0;0;0;0;0;0;0;0;0;1
2019-06-07T22:00:00.0/2019-06-07T23:00:00.0;0;0;0;0;0;0;0;0;0;1
2019-06-07T23:00:00.0/2019-06-08T00:00:00.0;0;0;0;0;0;0;0;0;0;1
2019-06-08T00:00:00.0/2019-06-08T01:00:00.0;0;0;0;0;0;0;0;0;0;1
2019-06-08T01:00:00.0/2019-06-08T02:00:00.0;0;0;0;0;0;0;0;0;0;1
2019-06-08T02:00:00.0/2019-06-08T03:00:00.0;5.9098;1.2289;0.0544;1.1745;1.4888;0.4406;0;0.4406;0;1
2019-06-08T03:00:00.0/2019-06-08T04:00:00.0;126.8316;43.1327;11.6973;31.4354;100.1969;16.214;0;16.214;0;1
2019-06-08T04:00:00.0/2019-06-08T05:00:00.0;305.3429;152.071;77.546;74.525;324.1831;18.2669;0;18.2669;0;1
2019-06-08T05:00:00.0/2019-06-08T06:00:00.0;491.3201;299.9424;197.5472;102.3952;525.9529;45.2799;0;45.2799;0;1
2019-06-08T06:00:00.0/2019-06-08T07:00:00.0;672.0967;457.3123;342.2165;115.0958;670.5427;296.6008;119.3519;177.2489;221.6346;1
2019-06-08T07:00:00.0/2019-06-08T08:00:00.0;835.3608;605.0403;485.6186;119.4217;767.1588;516.0197;314.7827;201.2371;494.6493;1
2019-06-08T08:00:00.0/2019-06-08T09:00:00.0;969.9934;731.1086;613.9823;117.1263;836.046;441.0619;186.2996;254.7623;261.3431;1
2019-06-08T09:00:00.0/2019-06-08T10:00:00.0;1066.8269;823.3607;708.4348;114.9259;877.5635;269.8167;0;269.8167;0;1
2019-06-08T10:00:00.0/2019-06-08T11:00:00.0;1119.2697;873.9658;759.5349;114.4308;896.8928;260.8437;0;260.8437;0;1
2019-06-08T11:00:00.0/2019-06-08T12:00:00.0;1123.7555;881.9871;770.3293;111.6578;906.0353;376.8784;18.8487;358.0297;22.3194;1
2019-06-08T12:00:00.0/2019-06-08T13:00:00.0;1079.9866;838.8658;719.6564;119.2094;880.4341;588.2589;254.3171;333.9417;313.3961;1
2019-06-08T13:00:00.0/2019-06-08T14:00:00.0;990.9532;747.7271;612.9426;134.7844;816.8364;674.2545;493.4881;180.7664;657.2844;1
2019-06-08T14:00:00.0/2019-06-08T15:00:00.0;862.7303;622.9168;479.2682;143.6486;732.8839;512.223;285.4892;226.7339;434.8345;1
2019-06-08T15:00:00.0/2019-06-08T16:00:00.0;704.0622;478.8787;343.483;135.3957;643.0217;370.4996;173.2348;197.2649;328.9278;1
2019-06-08T16:00:00.0/2019-06-08T17:00:00.0;525.7665;327.5574;214.8446;112.7129;536.282;291.3014;174.1225;117.1789;438.4643;1
2019-06-08T17:00:00.0/2019-06-08T18:00:00.0;339.9966;180.4723;99.413;81.0593;377.7865;165.4518;88.9639;76.4879;334.8689;1
2019-06-08T18:00:00.0/2019-06-08T19:00:00.0;159.4131;62.8687;23.2331;39.6355;173.0839;53.8052;11.3183;42.4869;73.3055;1
2019-06-08T19:00:00.0/2019-06-08T20:00:00.0;17.0791;4.2425;0.4872;3.7553;11.3155;2.7875;0;2.7875;0;1
2019-06-08T20:00:00.0/2019-06-08T21:00:00.0;0;0;0;0;0;0;0;0;0;1
2019-06-08T21:00:00.0/2019-06-08T22:00:00.0;0;0;0;0;0;0;0;0;0;1
2019-06-08T22:00:00.0/2019-06-08T23:00:00.0;0;0;0;0;0;0;0;0;0;1
2019-06-08T23:00:00.0/2019-06-09T00:00:00.0;0;0;0;0;0;0;0;0;0;1
2019-06-09T00:00:00.0/2019-06-09T01:00:00.0;0;0;0;0;0;0;0;0;0;1
2019-06-09T01:00:00.0/2019-06-09T02:00:00.0;0;0;0;0;0;0;0;0;0;1
2019-06-09T02:00:00.0/2019-06-09T03:00:00.0;6.2781;1.5657;0.1674;1.3983;5.0533;0.7473;0;0.7473;0;1
2019-06-09T03:00:00.0/2019-06-09T04:00:00.0;127.9717;56.1574;26.6797;29.4777;237.782;45.3002;11.5656;33.7345;85.7129;1
2019-06-09T04:00:00.0/2019-06-09T05:00:00.0;306.2713;181.1857;121.4548;59.7308;513.3866;160.8639;103.4609;57.4029;438.9733;1
2019-06-09T05:00:00.0/2019-06-09T06:00:00.0;492.0712;333.2554;254.4511;78.8044;679.3344;284.099;176.9775;107.1215;470.6089;1
2019-06-09T06:00:00.0/2019-06-09T07:00:00.0;672.7167;488.9639;398.4266;90.5373;780.9174;465.3154;382.5942;82.7212;747.6052;1
2019-06-09T07:00:00.0/2019-06-09T08:00:00.0;835.9044;632.5319;535.3499;97.182;845.524;600.5471;493.2985;107.2486;781.142;1
2019-06-09T08:00:00.0/2019-06-09T09:00:00.0;970.5201;752.2715;651.8165;100.455;887.1511;723.4317;610.7336;112.6981;830.4312;1
2019-06-09T09:00:00.0/2019-06-09T10:00:00.0;1067.3971;837.1462;732.5812;104.565;906.8691;808.883;686.5237;122.3593;849.4193;1
2019-06-09T10:00:00.0/2019-06-09T11:00:00.0;1119.9402;880.8733;770.905;109.9683;909.5794;870.933;770.6365;100.2965;909.2582;1
2019-06-09T11:00:00.0/2019-06-09T12:00:00.0;1124.5759;881.7834;768.2247;113.5586;902.6497;872.3817;769.0565;103.3253;903.6271;1
2019-06-09T12:00:00.0/2019-06-09T13:00:00.0;1080.9955;839.3445;720.4379;118.9066;880.4625;818.7063;693.8445;124.8617;847.6733;1
2019-06-09T13:00:00.0/2019-06-09T14:00:00.0;992.1761;756.3585;631.1433;125.2151;840.0909;673.2277;476.0424;197.1853;630.3517;1
2019-06-09T14:00:00.0/2019-06-09T15:00:00.0;864.1773;639.0599;511.94;127.1199;781.784;568.9824;391.6493;177.3331;598.7701;1
2019-06-09T15:00:00.0/2019-06-09T16:00:00.0;705.7277;497.7803;378.4664;119.3139;706.9564;436.7233;273.43;163.2933;517.289;1
2019-06-09T16:00:00.0/2019-06-09T17:00:00.0;527.6295;344.8544;243.5273;101.3271;606.2634;313.193;209.4389;103.7541;514.2954;1
2019-06-09T17:00:00.0/2019-06-09T18:00:00.0;342.0222;194.5798;119.0998;75.4801;451.4798;139.1339;29.5068;109.6271;98.7967;1
2019-06-09T18:00:00.0/2019-06-09T19:00:00.0;161.555;68.7954;29.0753;39.7201;213.03;50.0781;0.1518;49.9263;1.1776;1
2019-06-09T19:00:00.0/2019-06-09T20:00:00.0;18.1033;4.7117;0.6058;4.1059;13.7984;3.1203;0;3.1203;0;1
2019-06-09T20:00:00.0/2019-06-09T21:00:00.0;0;0;0;0;0;0;0;0;0;1
2019-06-09T21:00:00.0/2019-06-09T22:00:00.0;0;0;0;0;0;0;0;0;0;1
2019-06-09T22:00:00.0/2019-06-09T23:00:00.0;0;0;0;0;0;0;0;0;0;1
2019-06-09T23:00:00.0/2019-06-10T00:00:00.0;0;0;0;0;0;0;0;0;0;1
2019-06-10T00:00:00.0/2019-06-10T01:00:00.0;0;0;0;0;0;0;0;0;0;1
2019-06-10T01:00:00.0/2019-06-10T02:00:00.0;0;0;0;0;0;0;0;0;0;1
2019-06-10T02:00:00.0/2019-06-10T03:00:00.0;6.6017;1.4712;0.0855;1.3857;2.4917;0.626;0;0.626;0;1
2019-06-10T03:00:00.0/2019-06-10T04:00:00.0;128.972;46.7462;14.0047;32.7415;121.9363;17.9827;0;17.9827;0;1
2019-06-10T04:00:00.0/2019-06-10T05:00:00.0;307.0693;152.849;73.7299;79.1191;308.903;32.005;0;32.005;0;1
2019-06-10T05:00:00.0/2019-06-10T06:00:00.0;492.7023;289.08;168.1229;120.9571;447.2541;86.9591;0;86.9591;0;1
2019-06-10T06:00:00.0/2019-06-10T07:00:00.0;673.2274;431.7235;274.3235;157.4001;536.8819;92.6117;0;92.6117;0;1
2019-06-10T07:00:00.0/2019-06-10T08:00:00.0;836.3492;564.2403;373.1633;191.077;588.8677;117.5891;0;117.5891;0;1
2019-06-10T08:00:00.0/2019-06-10T09:00:00.0;970.9576;674.6949;453.5726;221.1223;616.95;275.8214;8.4714;267.3501;10.9839;1
2019-06-10T09:00:00.0/2019-06-10T10:00:00.0;1067.8859;755.9439;513.5339;242.41;635.1838;371.7642;20.6792;351.085;25.7991;1
2019-06-10T10:00:00.0/2019-06-10T11:00:00.0;1120.535;801.2732;547.8017;253.4715;645.8325;394.329;32.7434;361.5857;38.3578;1
2019-06-10T11:00:00.0/2019-06-10T12:00:00.0;1125.3236;804.4827;546.3577;258.1251;641.372;395.7394;25.1475;370.592;29.3773;1
2019-06-10T12:00:00.0/2019-06-10T13:00:00.0;1081.932;768.5562;522.0194;246.5368;637.4086;420.3069;48.6611;371.6459;59.7164;1
2019-06-10T13:00:00.0/2019-06-10T14:00:00.0;993.324;696.6501;476.5048;220.1453;633.5961;414.9258;70.2884;344.6373;94.8671;1
2019-06-10T14:00:00.0/2019-06-10T15:00:00.0;865.544;591.6953;401.4841;190.2111;612.3145;478.2537;222.9229;255.3307;340.7969;1
2019-06-10T15:00:00.0/2019-06-10T16:00:00.0;707.3054;459.2529;296.2281;163.0248;551.4006;393.5992;223.5885;170.0107;422.2794;1
2019-06-10T16:00:00.0/2019-06-10T17:00:00.0;529.3954;311.9993;178.3558;133.6435;441.2874;270.6849;126.1749;144.51;308.9988;1
2019-06-10T17:00:00.0/2019-06-10T18:00:00.0;343.9403;170.6961;77.5732;93.1229;290.219;145.7672;50.3117;95.4556;190.6061;1
2019-06-10T18:00:00.0/2019-06-10T19:00:00.0;163.5785;59;15.4872;43.5128;109.7827;42.2178;2.0738;40.144;11.3944;1
2019-06-10T19:00:00.0/2019-06-10T20:00:00.0;19.1217;4.4358;0.2766;4.1592;6.0391;2.7779;0;2.7779;0;1
2019-06-10T20:00:00.0/2019-06-10T21:00:00.0;0;0;0;0;0;0;0;0;0;1
2019-06-10T21:00:00.0/2019-06-10T22:00:00.0;0;0;0;0;0;0;0;0;0;1
2019-06-10T22:00:00.0/2019-06-10T23:00:00.0;0;0;0;0;0;0;0;0;0;1
2019-06-10T23:00:00.0/2019-06-11T00:00:00.0;0;0;0;0;0;0;0;0;0;1
2019-06-11T00:00:00.0/2019-06-11T01:00:00.0;0;0;0;0;0;0;0;0;0;1
2019-06-11T01:00:00.0/2019-06-11T02:00:00.0;0;0;0;0;0;0;0;0;0;1
2019-06-11T02:00:00.0/2019-06-11T03:00:00.0;6.8844;1.3646;0.0292;1.3354;0.8455;0.5132;0;0.5132;0;1
2019-06-11T03:00:00.0/2019-06-11T04:00:00.0;129.8333;37.9715;4.1594;33.8121;34.9754;18.9281;0;18.9281;0;1
2019-06-11T04:00:00.0/2019-06-11T05:00:00.0;307.7376;124.8825;31.9407;92.9418;131.3242;72.9283;0;72.9283;0;1
2019-06-11T05:00:00.0/2019-06-11T06:00:00.0;493.2141;246.2282;91.954;154.2742;243.025;208.159;52.641;155.518;131.3672;1
2019-06-11T06:00:00.0/2019-06-11T07:00:00.0;673.6299;382.2631;173.2632;208.9999;337.8453;375.1656;187.9476;187.218;365.8027;1
2019-06-11T07:00:00.0/2019-06-11T08:00:00.0;836.6962;515.1597;261.9125;253.2472;412.5074;502.7998;279.096;223.7038;439.9702;1
2019-06-11T08:00:00.0/2019-06-11T09:00:00.0;971.3068;628.5833;341.6854;286.8979;464.2081;614.6288;362.7157;251.9131;493.0807;1
2019-06-11T09:00:00.0/2019-06-11T10:00:00.0;1068.2942;712.5582;403.3803;309.1778;498.5497;695.6675;411.2664;284.4011;509.1552;1
2019-06-11T10:00:00.0/2019-06-11T11:00:00.0;1121.0547;759.5349;439.3058;320.2291;517.5419;703.4146;370.8159;332.5988;436.8577;1
2019-06-11T11:00:00.0/2019-06-11T12:00:00.0;1125.9989;764.5026;443.0763;321.4264;519.701;733.5836;427.705;305.8786;501.9824;1
2019-06-11T12:00:00.0/2019-06-11T13:00:00.0;1082.7961;730.7301;423.4682;307.2619;516.52;735.658;482.1414;253.5166;588.0592;1
2019-06-11T13:00:00.0/2019-06-11T14:00:00.0;994.3965;661.2695;381.3989;279.8706;506.373;661.9255;428.9023;233.0233;569.3803;1
2019-06-11T14:00:00.0/2019-06-11T15:00:00.0;866.83;559.5191;317.5474;241.9718;483.4507;554.873;349.5528;205.3202;531.9216;1
2019-06-11T15:00:00.0/2019-06-11T16:00:00.0;708.7945;433.3156;233.6173;199.6983;433.8126;406.8826;222.4715;184.4111;411.8064;1
2019-06-11T16:00:00.0/2019-06-11T17:00:00.0;531.0632;294.5387;139.5185;155.0202;343.8825;281.5237;140.312;141.2118;345.7026;1
2019-06-11T17:00:00.0/2019-06-11T18:00:00.0;345.7497;161.9175;59.2964;102.6211;220.277;150.5128;51.985;98.5277;190.1804;1
2019-06-11T18:00:00.0/2019-06-11T19:00:00.0;165.4824;57.1842;11.0632;46.121;76.695;30.5763;0.6547;29.9216;3.4941;1
2019-06-11T19:00:00.0/2019-06-11T20:00:00.0;20.1034;4.6157;0.1919;4.4238;4.1311;1.8979;0;1.8979;0;1
2019-06-11T20:00:00.0/2019-06-11T21:00:00.0;0;0;0;0;0;0;0;0;0;1
2019-06-11T21:00:00.0/2019-06-11T22:00:00.0;0;0;0;0;0;0;0;0;0;1
2019-06-11T22:00:00.0/2019-06-11T23:00:00.0;0;0;0;0;0;0;0;0;0;1
2019-06-11T23:00:00.0/2019-06-12T00:00:00.0;0;0;0;0;0;0;0;0;0;1
2019-06-12T00:00:00.0/2019-06-12T01:00:00.0;0;0;0;0;0;0;0;0;0;1
2019-06-12T01:00:00.0/2019-06-12T02:00:00.0;0;0;0;0;0;0;0;0;0;1
2019-06-12T02:00:00.0/2019-06-12T03:00:00.0;7.1613;1.43;0.0277;1.4024;0.7699;0.5812;0;0.5812;0;1
2019-06-12T03:00:00.0/2019-06-12T04:00:00.0;130.5562;39.6306;5.1744;34.4562;42.4707;18.1707;0;18.1707;0;1
2019-06-12T04:00:00.0/2019-06-12T05:00:00.0;308.2771;134.3542;42.8895;91.4647;175.6894;55.7496;0;55.7496;0;1
2019-06-12T05:00:00.0/2019-06-12T06:00:00.0;493.6078;268.8552;126.9038;141.9514;334.7983;65.2146;0;65.2146;0;1
2019-06-12T06:00:00.0/2019-06-12T07:00:00.0;673.925;417.2182;239.4283;177.7899;466.7011;174.2374;0;174.2374;0;1
2019-06-12T07:00:00.0/2019-06-12T08:00:00.0;836.9466;559.1293;358.666;200.4633;564.631;249.7764;0;249.7764;0;1
2019-06-12T08:00:00.0/2019-06-12T09:00:00.0;971.5686;680.4109;468.2576;212.1533;635.8187;309.0161;2.7208;306.2952;3.538;1
2019-06-12T09:00:00.0/2019-06-12T10:00:00.0;1068.6224;767.63;548.1113;219.5188;677.1498;455.3177;84.4871;370.8306;103.6933;1
2019-06-12T10:00:00.0/2019-06-12T11:00:00.0;1121.4996;813.5232;588.5706;224.9526;692.9708;493.242;102.7866;390.4554;120.9253;1
2019-06-12T11:00:00.0/2019-06-12T12:00:00.0;1126.6021;817.3508;592.1645;225.1862;694.0477;527.8916;135.8576;392.034;159.2198;1
2019-06-12T12:00:00.0/2019-06-12T13:00:00.0;1083.5878;774.764;545.4033;229.3607;664.3432;507.2805;130.5413;376.7392;158.8527;1
2019-06-12T13:00:00.0/2019-06-12T14:00:00.0;995.3934;688.7999;453.7277;235.0723;601.217;390.9661;43.6251;347.341;57.333;1
2019-06-12T14:00:00.0/2019-06-12T15:00:00.0;868.0344;569.9543;340.4883;229.466;516.5889;369.0476;71.9037;297.1439;109.6655;1
2019-06-12T15:00:00.0/2019-06-12T16:00:00.0;710.1941;430.0204;223.8297;206.1907;414.0349;261.7127;18.244;243.4687;33.2534;1
2019-06-12T16:00:00.0/2019-06-12T17:00:00.0;532.6319;284.1692;121.9197;162.2495;298.6071;127.9218;0.3742;127.5476;0.7988;1
2019-06-12T17:00:00.0/2019-06-12T18:00:00.0;347.4493;150.4834;45.561;104.9223;167.2789;23.2352;0;23.2352;0;1
2019-06-12T18:00:00.0/2019-06-12T19:00:00.0;167.2655;52.6759;7.8285;44.8473;54.1665;8.4895;0;8.4895;0;1
2019-06-12T19:00:00.0/2019-06-12T20:00:00.0;21.0415;4.5405;0.1431;4.3974;3.0386;2.0133;0;2.0133;0;1
2019-06-12T20:00:00.0/2019-06-12T21:00:00.0;0;0;0;0;0;0;0;0;0;1
2019-06-12T21:00:00.0/2019-06-12T22:00:00.0;0;0;0;0;0;0;0;0;0;1
2019-06-12T22:00:00.0/2019-06-12T23:00:00.0;0;0;0;0;0;0;0;0;0;1
2019-06-12T23:00:00.0/2019-06-13T00:00:00.0;0;0;0;0;0;0;0;0;0;1
2019-06-13T00:00:00.0/2019-06-13T01:00:00.0;0;0;0;0;0;0;0;0;0;1
2019-06-13T01:00:00.0/2019-06-13T02:00:00.0;0;0;0;0;0;0;0;0;0;1
2019-06-13T02:00:00.0/2019-06-13T03:00:00.0;7.3751;1.6881;0.1095;1.5787;3.2197;0.8063;0;0.8063;0;1
2019-06-13T03:00:00.0/2019-06-13T04:00:00.0;131.1413;51.1772;19.1584;32.0189;164.1051;27.1191;0;27.1191;0;1
2019-06-13T04:00:00.0/2019-06-13T05:00:00.0;308.6886;167.6761;99.1099;68.5662;413.1881;97.3349;3.726;93.6089;14.0317;1
2019-06-13T05:00:00.0/2019-06-13T06:00:00.0;493.8843;315.5773;222.1805;93.3968;589.5196;195.6479;54.8604;140.7875;150.4264;1
2019-06-13T06:00:00.0/2019-06-13T07:00:00.0;674.114;468.9121;358.8329;110.0792;700.9163;340.1649;150.8537;189.3112;288.0274;1
2019-06-13T07:00:00.0/2019-06-13T08:00:00.0;837.1011;610.6729;489.2858;121.3871;770.8163;352.2423;66.4003;285.842;109.6303;1
2019-06-13T08:00:00.0/2019-06-13T09:00:00.0;971.7438;729.5511;601.2025;128.3486;816.4211;349.7632;17.9334;331.8299;24.5944;1
2019-06-13T09:00:00.0/2019-06-13T10:00:00.0;1068.8716;814.5977;680.8266;133.7711;840.8264;599.557;291.0525;308.5045;355.3979;1
2019-06-13T10:00:00.0/2019-06-13T11:00:00.0;1121.8704;859.5085;721.0974;138.4112;848.559;796.1772;586.1734;210.0038;689.1913;1
2019-06-13T11:00:00.0/2019-06-13T12:00:00.0;1127.1333;862.2253;721.636;140.5894;845.2127;853.8591;725.4502;128.4089;849.6174;1
2019-06-13T12:00:00.0/2019-06-13T13:00:00.0;1084.3068;824.603;688.0992;136.5037;837.7375;791.7747;630.6251;161.1497;767.2449;1
2019-06-13T13:00:00.0/2019-06-13T14:00:00.0;996.3143;749.5825;623.2198;126.3627;825.6124;718.0656;577.8546;140.211;765.4257;1
2019-06-13T14:00:00.0/2019-06-13T15:00:00.0;869.1568;640.8308;526.7871;114.0437;799.6407;570.8806;404.0927;166.7879;615.0331;1
2019-06-13T15:00:00.0/2019-06-13T16:00:00.0;711.5035;504.4099;401.3788;103.0312;743.0957;486.5923;393.6747;92.9176;729.2687;1
2019-06-13T16:00:00.0/2019-06-13T17:00:00.0;534.1005;352.0792;261.4599;90.6193;642.7206;335.629;255.3807;80.2483;627.3994;1
2019-06-13T17:00:00.0/2019-06-13T18:00:00.0;349.0379;201.6041;131.3039;70.3002;488.1425;186.7992;122.9245;63.8747;455.2338;1
2019-06-13T18:00:00.0/2019-06-13T19:00:00.0;168.9267;73.9816;34.5956;39.386;245.7544;65.3185;24.6737;40.6449;161.0253;1
2019-06-13T19:00:00.0/2019-06-13T20:00:00.0;21.9109;5.8745;0.9516;4.9229;20.0286;4.0813;0;4.0813;0;1
2019-06-13T20:00:00.0/2019-06-13T21:00:00.0;0;0;0;0;0;0;0;0;0;1
2019-06-13T21:00:00.0/2019-06-13T22:00:00.0;0;0;0;0;0;0;0;0;0;1
2019-06-13T22:00:00.0/2019-06-13T23:00:00.0;0;0;0;0;0;0;0;0;0;1
2019-06-13T23:00:00.0/2019-06-14T00:00:00.0;0;0;0;0;0;0;0;0;0;1
2019-06-14T00:00:00.0/2019-06-14T01:00:00.0;0;0;0;0;0;0;0;0;0;1
2019-06-14T01:00:00.0/2019-06-14T02:00:00.0;0;0;0;0;0;0;0;0;0;1
2019-06-14T02:00:00.0/2019-06-14T03:00:00.0;7.546;1.9146;0.2631;1.6515;7.5708;0.9778;0;0.9778;0;1
2019-06-14T03:00:00.0/2019-06-14T04:00:00.0;131.5893;57.8144;28.9201;28.8942;255.2568;47.3451;13.5571;33.788;101.7942;1
2019-06-14T04:00:00.0/2019-06-14T05:00:00.0;308.9729;179.9367;121.6095;58.3273;510.0944;165.2376;112.7604;52.4773;468.9015;1
2019-06-14T05:00:00.0/2019-06-14T06:00:00.0;494.0444;327.3732;247.4658;79.9074;657.6696;310.8761;241.5661;69.31;641.5772;1
2019-06-14T06:00:00.0/2019-06-14T07:00:00.0;674.1976;479.2252;383.3671;95.8582;748.961;462.6855;378.879;83.8065;740.0871;1
2019-06-14T07:00:00.0/2019-06-14T08:00:00.0;837.1607;620.4583;513.4996;106.9586;808.9072;605.4164;510.0278;95.3886;803.3671;1
2019-06-14T08:00:00.0/2019-06-14T09:00:00.0;971.8333;738.8177;623.8756;114.9422;847.0359;726.7607;623.6888;103.0718;846.7339;1
2019-06-14T09:00:00.0/2019-06-14T10:00:00.0;1069.0422;824.8042;704.9449;119.8593;870.2729;815.5344;707.5942;107.9402;873.5292;1
2019-06-14T10:00:00.0/2019-06-14T11:00:00.0;1122.1674;871.7597;749.8368;121.923;881.9539;863.7419;753.8306;109.9113;886.6501;1
2019-06-14T11:00:00.0/2019-06-14T12:00:00.0;1127.5928;876.259;754.4517;121.8073;883.1134;868.2748;758.1642;110.1105;887.4558;1
2019-06-14T12:00:00.0/2019-06-14T13:00:00.0;1084.9532;834.4648;708.5596;125.9052;861.7894;825.9649;712.6686;113.2964;866.805;1
2019-06-14T13:00:00.0/2019-06-14T14:00:00.0;997.1589;749.8497;616.6059;133.2437;815.6664;739.6622;621.4645;118.1977;822.0963;1
2019-06-14T14:00:00.0/2019-06-14T15:00:00.0;870.1967;631.7774;496.0172;135.7602;751.2765;619.0143;499.7188;119.2954;756.8932;1
2019-06-14T15:00:00.0/2019-06-14T16:00:00.0;712.7219;490.7785;361.6864;129.0921;667.9679;455.1464;316.4792;138.6673;579.0161;1
2019-06-14T16:00:00.0/2019-06-14T17:00:00.0;535.468;339.0365;227.6315;111.405;557.2904;274.385;124.1339;150.2512;302.6576;1
2019-06-14T17:00:00.0/2019-06-14T18:00:00.0;350.5147;190.9057;107.6742;83.2314;397.0682;139.6401;30.1085;109.5316;101.4424;1
2019-06-14T18:00:00.0/2019-06-14T19:00:00.0;170.4649;70.0658;26.9689;43.0968;190.2398;49.52;0;49.52;0;1
2019-06-14T19:00:00.0/2019-06-14T20:00:00.0;22.7566;6.0033;0.8034;5.1999;16.5559;4.1344;0;4.1344;0;1
2019-06-14T20:00:00.0/2019-06-14T21:00:00.0;0;0;0;0;0;0;0;0;0;1
2019-06-14T21:00:00.0/2019-06-14T22:00:00.0;0;0;0;0;0;0;0;0;0;1
2019-06-14T22:00:00.0/2019-06-14T23:00:00.0;0;0;0;0;0;0;0;0;0;1
2019-06-14T23:00:00.0/2019-06-15T00:00:00.0;0;0;0;0;0;0;0;0;0;1
2019-06-15T00:00:00.0/2019-06-15T01:00:00.0;0;0;0;0;0;0;0;0;0;1
2019-06-15T01:00:00.0/2019-06-15T02:00:00.0;0;0;0;0;0;0;0;0;0;1
2019-06-15T02:00:00.0/2019-06-15T03:00:00.0;7.6974;1.5815;0.0479;1.5336;1.3601;0.7015;0;0.7015;0;1
2019-06-15T03:00:00.0/2019-06-15T04:00:00.0;131.901;40.8894;6.3258;34.5636;52.5774;15.9519;0;15.9519;0;1
2019-06-15T04:00:00.0/2019-06-15T05:00:00.0;309.1309;134.3806;43.4445;90.9361;178.5746;52.9443;0;52.9443;0;1
2019-06-15T05:00:00.0/2019-06-15T06:00:00.0;494.0891;263.779;117.5052;146.2738;310.1063;94.9218;0;94.9218;0;1
2019-06-15T06:00:00.0/2019-06-15T07:00:00.0;674.1768;406.572;214.0454;192.5266;416.9695;230.9697;9.5879;221.3818;18.7735;1
2019-06-15T07:00:00.0/2019-06-15T08:00:00.0;837.1263;543.4883;315.7158;227.7726;496.705;218.8394;9.3103;209.5291;13.626;1
2019-06-15T08:00:00.0/2019-06-15T09:00:00.0;971.8378;659.7075;406.509;253.1985;551.5568;495.3947;186.5417;308.8531;251.6433;1
2019-06-15T09:00:00.0/2019-06-15T10:00:00.0;1069.1349;743.5536;473.0143;270.5392;583.727;288.0945;24.6363;263.4582;31.3092;1
2019-06-15T10:00:00.0/2019-06-15T11:00:00.0;1122.391;787.7784;507.0896;280.6888;596.1989;308.1982;0;308.1982;0;1
2019-06-15T11:00:00.0/2019-06-15T12:00:00.0;1127.9807;789.9097;506.5127;283.397;592.5583;363.7358;6.6516;357.0842;7.8227;1
2019-06-15T12:00:00.0/2019-06-15T13:00:00.0;1085.5271;746.3905;458.8492;287.5412;557.5284;346.4722;3.4538;343.0184;4.1132;1
2019-06-15T13:00:00.0/2019-06-15T14:00:00.0;997.9269;660.7747;376.4893;284.2854;497.2274;382.3104;68.6506;313.6598;93.9101;1
2019-06-15T14:00:00.0/2019-06-15T15:00:00.0;871.1534;543.1495;277.3804;265.7691;418.9578;337.3974;93.9755;243.422;136.6871;1
2019-06-15T15:00:00.0/2019-06-15T16:00:00.0;713.8485;414.5845;192.5054;222.0791;355.026;69.6288;0;69.6288;0;1
2019-06-15T16:00:00.0/2019-06-15T17:00:00.0;536.7337;285.7562;121.2782;164.478;295.9448;57.5474;0;57.5474;0;1
2019-06-15T17:00:00.0/2019-06-15T18:00:00.0;351.8787;161.9219;57.7748;104.1471;212.9117;97.7447;0.8773;96.8674;3.2134;1
2019-06-15T18:00:00.0/2019-06-15T19:00:00.0;171.8793;61.1652;14.5083;46.6569;100.3358;16.6244;0;16.6244;0;1
2019-06-15T19:00:00.0/2019-06-15T20:00:00.0;23.5397;5.685;0.408;5.277;8.3942;2.0591;0;2.0591;0;1
2019-06-15T20:00:00.0/2019-06-15T21:00:00.0;0;0;0;0;0;0;0;0;0;1
2019-06-15T21:00:00.0/2019-06-15T22:00:00.0;0;0;0;0;0;0;0;0;0;1
2019-06-15T22:00:00.0/2019-06-15T23:00:00.0;0;0;0;0;0;0;0;0;0;1
2019-06-15T23:00:00.0/2019-06-16T00:00:00.0;0;0;0;0;0;0;0;0;0;1
2019-06-16T00:00:00.0/2019-06-16T01:00:00.0;0;0;0;0;0;0;0;0;0;1
2019-06-16T01:00:00.0/2019-06-16T02:00:00.0;0;0;0;0;0;0;0;0;0;1
2019-06-16T02:00:00.0/2019-06-16T03:00:00.0;7.7884;1.8206;0.1244;1.6962;3.7208;0.9159;0;0.9159;0;1
2019-06-16T03:00:00.0/2019-06-16T04:00:00.0;132.0769;51.0345;17.4778;33.5567;149.3003;33.8733;1.6078;32.2655;12.265;1
2019-06-16T04:00:00.0/2019-06-16T05:00:00.0;309.1634;165.1234;90.1439;74.9794;374.8695;98.7348;21.0535;77.6813;99.6798;1
2019-06-16T05:00:00.0/2019-06-16T06:00:00.0;494.0193;310.6858;203.4687;107.2171;539.2972;60.5662;0;60.5662;0;1
2019-06-16T06:00:00.0/2019-06-16T07:00:00.0;674.0526;463.3257;333.402;129.9236;650.6235;323.257;164.6476;158.6094;304.2972;1
2019-06-16T07:00:00.0/2019-06-16T08:00:00.0;836.9989;605.8659;461.9682;143.8977;727.2957;592.5688;469.7318;122.8369;739.4988;1
2019-06-16T08:00:00.0/2019-06-16T09:00:00.0;971.7581;725.4485;573.8466;151.6019;778.7284;715.0994;585.1823;129.9171;794.0847;1
2019-06-16T09:00:00.0/2019-06-16T10:00:00.0;1069.1503;812.0087;655.9618;156.0469;809.3799;804.6155;670.6926;133.9229;827.544;1
2019-06-16T10:00:00.0/2019-06-16T11:00:00.0;1122.5417;859.0144;700.6791;158.3352;823.5381;852.6393;716.4084;136.2309;842.0358;1
2019-06-16T11:00:00.0/2019-06-16T12:00:00.0;1128.2974;863.7397;706.1292;157.6106;825.7168;743.7798;449.0006;294.7792;524.5485;1
2019-06-16T12:00:00.0/2019-06-16T13:00:00.0;1086.0282;823.7203;666.1942;157.5262;809.1854;700.74;371.5524;329.1876;451.189;1
2019-06-16T13:00:00.0/2019-06-16T14:00:00.0;998.618;741.8524;584.6076;157.2448;771.9725;536.35;193.1571;343.1929;251.9772;1
2019-06-16T14:00:00.0/2019-06-16T15:00:00.0;872.0266;626.5388;475.0136;151.5251;717.7903;300.7849;4.7316;296.0533;6.6997;1
2019-06-16T15:00:00.0/2019-06-16T16:00:00.0;714.8828;488.9222;352.7087;136.2135;649.4964;269.0617;22.7533;246.3085;43.3439;1
2019-06-16T16:00:00.0/2019-06-16T17:00:00.0;537.8967;340.771;229.0188;111.7522;558.5573;281.6097;147.3939;134.2158;372.7078;1
2019-06-16T17:00:00.0/2019-06-16T18:00:00.0;353.1289;195.0377;113.9844;81.0533;418.3564;181.0819;106.591;74.4909;389.3448;1
2019-06-16T18:00:00.0/2019-06-16T19:00:00.0;173.1689;72.9407;30.2878;42.6529;210.8789;64.5548;20.4142;44.1407;129.3309;1
2019-06-16T19:00:00.0/2019-06-16T20:00:00.0;24.2474;6.4799;0.9654;5.5145;19.3408;4.58;0;4.58;0;1
2019-06-16T20:00:00.0/2019-06-16T21:00:00.0;0;0;0;0;0;0;0;0;0;1
2019-06-16T21:00:00.0/2019-06-16T22:00:00.0;0;0;0;0;0;0;0;0;0;1
2019-06-16T22:00:00.0/2019-06-16T23:00:00.0;0;0;0;0;0;0;0;0;0;1
2019-06-16T23:00:00.0/2019-06-17T00:00:00.0;0;0;0;0;0;0;0;0;0;1
2019-06-17T00:00:00.0/2019-06-17T01:00:00.0;0;0;0;0;0;0;0;0;0;1
2019-06-17T01:00:00.0/2019-06-17T02:00:00.0;0;0;0;0;0;0;0;0;0;1
2019-06-17T02:00:00.0/2019-06-17T03:00:00.0;7.8347;1.9214;0.2181;1.7033;6.5476;1.0052;0;1.0052;0;1
2019-06-17T03:00:00.0/2019-06-17T04:00:00.0;132.1178;54.6756;24.2107;30.4649;211.9355;28.985;0;28.985;0;1
2019-06-17T04:00:00.0/2019-06-17T05:00:00.0;309.0712;170.4911;105.1534;65.3377;440.0464;123.3993;47.7526;75.6466;180.017;1
2019-06-17T05:00:00.0/2019-06-17T06:00:00.0;493.8359;312.5136;218.3868;94.1268;580.0244;280.8383;186.7867;94.0516;491.6472;1
2019-06-17T06:00:00.0/2019-06-17T07:00:00.0;673.8257;461.3832;345.9933;115.3899;675.5302;446.8355;345.7968;101.0387;675.0189;1
2019-06-17T07:00:00.0/2019-06-17T08:00:00.0;836.7792;602.1149;473.7034;128.4115;745.9385;589.2645;476.023;113.2416;749.5423;1
2019-06-17T08:00:00.0/2019-06-17T09:00:00.0;971.5949;720.6168;583.782;136.8347;792.2544;682.5506;532.0992;150.4514;724.4203;1
2019-06-17T09:00:00.0/2019-06-17T10:00:00.0;1069.0889;808.5047;668.5286;139.9761;824.7405;540.209;223.2521;316.9569;278.2188;1
2019-06-17T10:00:00.0/2019-06-17T11:00:00.0;1122.6199;859.1483;720.8736;138.2747;847.0451;564.4881;197.4869;367.0012;231.3783;1
2019-06-17T11:00:00.0/2019-06-17T12:00:00.0;1128.5427;867.6981;733.8561;133.8421;857.8125;726.5349;435.7869;290.748;509.5829;1
2019-06-17T12:00:00.0/2019-06-17T13:00:00.0;1086.4564;833.8702;708.7256;125.1447;860.514;786.8951;623.5837;163.3113;758.3932;1
2019-06-17T13:00:00.0/2019-06-17T14:00:00.0;999.2319;760.5211;647.8362;112.6849;855.1374;749.4753;646.7524;102.7229;853.6386;1
2019-06-17T14:00:00.0/2019-06-17T15:00:00.0;872.8155;653.4431;554.8983;98.5448;838.3265;638.5219;548.0828;90.4391;827.8763;1
2019-06-17T15:00:00.0/2019-06-17T16:00:00.0;715.8239;518.4323;430.5388;87.8935;791.9527;501.1334;421.8866;79.2468;776.008;1
2019-06-17T16:00:00.0/2019-06-17T17:00:00.0;538.9562;366.4394;287.6022;78.8372;700.7095;349.1011;279.5441;69.557;680.7895;1
2019-06-17T17:00:00.0/2019-06-17T18:00:00.0;354.2645;214.7131;151.575;63.1381;556.4942;199.0779;142.9607;56.1172;523.515;1
2019-06-17T18:00:00.0/2019-06-17T19:00:00.0;174.3328;83.3592;45.8985;37.4607;323.1465;73.7537;36.1424;37.6113;241.2756;1
2019-06-17T19:00:00.0/2019-06-17T20:00:00.0;24.9061;7.5324;1.8896;5.6427;37.889;5.4802;0.0084;5.4718;0.1269;1
2019-06-17T20:00:00.0/2019-06-17T21:00:00.0;0;0;0;0;0;0;0;0;0;1
2019-06-17T21:00:00.0/2019-06-17T22:00:00.0;0;0;0;0;0;0;0;0;0;1
2019-06-17T22:00:00.0/2019-06-17T23:00:00.0;0;0;0;0;0;0;0;0;0;1
2019-06-17T23:00:00.0/2019-06-18T00:00:00.0;0;0;0;0;0;0;0;0;0;1
2019-06-18T00:00:00.0/2019-06-18T01:00:00.0;0;0;0;0;0;0;0;0;0;1
2019-06-18T01:00:00.0/2019-06-18T02:00:00.0;0;0;0;0;0;0;0;0;0;1
2019-06-18T02:00:00.0/2019-06-18T03:00:00.0;7.8365;1.9147;0.2016;1.7131;6.0674;0.9954;0;0.9954;0;1
2019-06-18T03:00:00.0/2019-06-18T04:00:00.0;132.0244;54.5238;23.6301;30.8937;205.7396;39.6978;2.4135;37.2843;17.135;1
2019-06-18T04:00:00.0/2019-06-18T05:00:00.0;308.8551;171.9797;107.0427;64.937;447.4903;143.5885;73.9259;69.6626;292.1175;1
2019-06-18T05:00:00.0/2019-06-18T06:00:00.0;493.5398;317.1254;227.1804;89.945;603.3373;301.5303;222.6615;78.8689;590.8682;1
2019-06-18T06:00:00.0/2019-06-18T07:00:00.0;673.4973;467.9605;360.5093;107.4512;704.227;452.628;358.5679;94.0601;700.3132;1
2019-06-18T07:00:00.0/2019-06-18T08:00:00.0;836.468;608.9848;490.2904;118.6944;772.2751;595.2797;489.938;105.3417;771.669;1
2019-06-18T08:00:00.0/2019-06-18T09:00:00.0;971.3491;727.5231;601.773;125.7501;816.7648;694.2288;534.7017;159.5271;727.9357;1
2019-06-18T09:00:00.0/2019-06-18T10:00:00.0;1068.9513;813.6803;683.957;129.7234;843.7988;770.2766;573.5104;196.7663;707.8778;1
2019-06-18T10:00:00.0/2019-06-18T11:00:00.0;1122.6259;860.7953;729.6448;131.1505;857.2216;756.8418;448.748;308.0938;527.5731;1
2019-06-18T11:00:00.0/2019-06-18T12:00:00.0;1128.7169;865.781;735.6349;130.1461;859.6029;761.9489;458.1645;303.7844;535.3093;1
2019-06-18T12:00:00.0/2019-06-18T13:00:00.0;1086.8118;826.9352;695.2574;131.6779;843.5956;764.2364;541.9637;222.2728;659.7708;1
2019-06-18T13:00:00.0/2019-06-18T14:00:00.0;999.7682;747.0093;612.0158;134.9935;806.9803;737.6724;617.353;120.3194;814.0057;1
2019-06-18T14:00:00.0/2019-06-18T15:00:00.0;873.5198;633.1961;499.2049;133.9912;752.8419;620.8091;502.4344;118.3748;757.7099;1
2019-06-18T15:00:00.0/2019-06-18T16:00:00.0;716.6713;497.0785;374.5809;122.4976;688.0548;482.4301;375.2381;107.192;689.0807;1
2019-06-18T16:00:00.0/2019-06-18T17:00:00.0;539.9114;350.2709;249.1558;101.1151;605.7471;334.5321;245.2218;89.3103;595.7496;1
2019-06-18T17:00:00.0/2019-06-18T18:00:00.0;355.2847;204.4082;129.9471;74.4611;475.2903;189.146;121.7497;67.3963;443.1505;1
2019-06-18T18:00:00.0/2019-06-18T19:00:00.0;175.3702;78.5003;37.2913;41.209;258.324;66.6418;23.0074;43.6344;142.2138;1
2019-06-18T19:00:00.0/2019-06-18T20:00:00.0;25.4829;7.2182;1.3553;5.8629;26.7;5.0604;0;5.0604;0;1
2019-06-18T20:00:00.0/2019-06-18T21:00:00.0;0;0;0;0;0;0;0;0;0;1
2019-06-18T21:00:00.0/2019-06-18T22:00:00.0;0;0;0;0;0;0;0;0;0;1
2019-06-18T22:00:00.0/2019-06-18T23:00:00.0;0;0;0;0;0;0;0;0;0;1
2019-06-18T23:00:00.0/2019-06-19T00:00:00.0;0;0;0;0;0;0;0;0;0;1
2019-06-19T00:00:00.0/2019-06-19T01:00:00.0;0;0;0;0;0;0;0;0;0;1
2019-06-19T01:00:00.0/2019-06-19T02:00:00.0;0;0;0;0;0;0;0;0;0;1
2019-06-19T02:00:00.0/2019-06-19T03:00:00.0;7.794;1.8424;0.1443;1.6981;4.3747;0.9338;0;0.9338;0;1
2019-06-19T03:00:00.0/2019-06-19T04:00:00.0;131.7974;51.8655;19.4361;32.4294;167.4989;41.4985;4.9541;36.5444;38.9304;1
2019-06-19T04:00:00.0/2019-06-19T05:00:00.0;308.5161;166.3133;95.5648;70.7485;398.6996;112.0145;20.6605;91.354;75.5875;1
2019-06-19T05:00:00.0/2019-06-19T06:00:00.0;493.1319;310.7008;211.0634;99.6374;560.4139;288.3939;196.9026;91.4913;517.6161;1
2019-06-19T06:00:00.0/2019-06-19T07:00:00.0;673.0682;461.1252;340.1407;120.9844;664.663;414.5888;266.4328;148.1559;521.8055;1
2019-06-19T07:00:00.0/2019-06-19T08:00:00.0;836.0663;601.3605;464.7169;136.6436;732.1945;585.7132;464.1913;121.522;730.5369;1
2019-06-19T08:00:00.0/2019-06-19T09:00:00.0;971.0211;719.1868;571.4111;147.7757;775.6884;709.4863;580.8013;128.6851;788.4023;1
2019-06-19T09:00:00.0/2019-06-19T10:00:00.0;1068.7382;804.4132;648.3224;156.0908;799.8877;763.2373;553.7864;209.451;684.7416;1
2019-06-19T10:00:00.0/2019-06-19T11:00:00.0;1122.5598;850.3717;688.3606;162.0111;808.6476;745.7346;426.1396;319.5949;501.0719;1
2019-06-19T11:00:00.0/2019-06-19T12:00:00.0;1128.8202;854.1315;689.5699;164.5617;805.5649;672.1793;292.981;379.1984;342.2901;1
2019-06-19T12:00:00.0/2019-06-19T13:00:00.0;1087.0941;812.8926;643.6324;169.2602;780.5593;671.3624;348.0836;323.2788;423.5263;1
2019-06-19T13:00:00.0/2019-06-19T14:00:00.0;1000.2267;729.5895;554.8691;174.7205;731.0153;711.6523;551.4419;160.2104;727.5366;1
2019-06-19T14:00:00.0/2019-06-19T15:00:00.0;874.139;612.7627;439.4396;173.3231;661.8127;594.3586;436.9605;157.398;657.4827;1
2019-06-19T15:00:00.0/2019-06-19T16:00:00.0;717.4242;473.5924;314.4912;159.1011;576.2611;452.7413;307.6789;145.0624;564.2011;1
2019-06-19T16:00:00.0/2019-06-19T17:00:00.0;540.7615;324.7061;193.0315;131.6747;467.0951;299.4678;175.9421;123.5258;422.192;1
2019-06-19T17:00:00.0/2019-06-19T18:00:00.0;356.1885;181.1942;87.7098;93.4844;317.3247;165.1261;75.4166;89.7095;272.9031;1
2019-06-19T18:00:00.0/2019-06-19T19:00:00.0;176.2803;66.3553;20.227;46.1283;136.5768;58.9001;10.5234;48.3767;62.1127;1
2019-06-19T19:00:00.0/2019-06-19T20:00:00.0;25.983;6.3772;0.5955;5.7817;11.5514;4.4806;0;4.4806;0;1
2019-06-19T20:00:00.0/2019-06-19T21:00:00.0;0;0;0;0;0;0;0;0;0;1
2019-06-19T21:00:00.0/2019-06-19T22:00:00.0;0;0;0;0;0;0;0;0;0;1
2019-06-19T22:00:00.0/2019-06-19T23:00:00.0;0;0;0;0;0;0;0;0;0;1
2019-06-19T23:00:00.0/2019-06-20T00:00:00.0;0;0;0;0;0;0;0;0;0;1
2019-06-20T00:00:00.0/2019-06-20T01:00:00.0;0;0;0;0;0;0;0;0;0;1
2019-06-20T01:00:00.0/2019-06-20T02:00:00.0;0;0;0;0;0;0;0;0;0;1
2019-06-20T02:00:00.0/2019-06-20T03:00:00.0;7.7078;1.6694;0.0825;1.5869;2.4367;0.7799;0;0.7799;0;1
2019-06-20T03:00:00.0/2019-06-20T04:00:00.0;131.4389;44.6327;11.1769;33.4558;94.9654;39.17;3.9157;35.2543;27.0357;1
2019-06-20T04:00:00.0/2019-06-20T05:00:00.0;308.0561;146.1529;63.9647;82.1882;265.5485;135.3174;55.896;79.4214;228.9689;1
2019-06-20T05:00:00.0/2019-06-20T06:00:00.0;492.6142;281.4572;155.2277;126.2296;411.591;215.3141;68.0078;147.3064;185.6516;1
2019-06-20T06:00:00.0/2019-06-20T07:00:00.0;672.5401;425.2983;261.8703;163.428;511.7535;344.3306;148.9257;195.4048;297.1245;1
2019-06-20T07:00:00.0/2019-06-20T08:00:00.0;835.5756;559.583;364.3972;195.1858;574.2767;474.0636;254.9893;219.0743;393.6338;1
2019-06-20T08:00:00.0/2019-06-20T09:00:00.0;970.6127;672.7704;451.3954;221.375;612.9149;566.5386;311.9724;254.5662;429.1013;1
2019-06-20T09:00:00.0/2019-06-20T10:00:00.0;1068.4504;759.979;529.4097;230.5694;653.0161;494.2915;119.3044;374.9872;148.3155;1
2019-06-20T10:00:00.0/2019-06-20T11:00:00.0;1122.423;814.2267;593.0022;221.2245;696.5305;321.4473;1.5612;319.8861;1.8627;1
2019-06-20T11:00:00.0/2019-06-20T12:00:00.0;1128.8531;826.5713;621.4824;205.0889;725.9381;380.5403;31.1941;349.3462;36.5423;1
2019-06-20T12:00:00.0/2019-06-20T13:00:00.0;1087.3038;790.5319;591.1831;199.3488;716.6766;324.2736;3.6216;320.6519;4.2868;1
2019-06-20T13:00:00.0/2019-06-20T14:00:00.0;1000.6075;708.7882;505.9377;202.8504;666.1497;354.687;30.8515;323.8355;41.2327;1
2019-06-20T14:00:00.0/2019-06-20T15:00:00.0;874.673;593.5185;396.638;196.8805;596.794;360.8523;65.2663;295.586;101.8714;1
2019-06-20T15:00:00.0/2019-06-20T16:00:00.0;718.0826;461.8934;291.8168;170.0766;534.9594;337.6002;88.9024;248.6977;158.8621;1
2019-06-20T16:00:00.0/2019-06-20T17:00:00.0;541.5067;325.6467;196.5007;129.1461;476.3938;170.4835;11.5204;158.9631;31.9966;1
2019-06-20T17:00:00.0/2019-06-20T18:00:00.0;356.9762;191.3664;105.6047;85.7617;384.9388;168.7711;84.0688;84.7023;312.0846;1
2019-06-20T18:00:00.0/2019-06-20T19:00:00.0;177.0633;74.2915;30.5888;43.7028;209.1646;65.8009;20.4331;45.3679;127.5685;1
2019-06-20T19:00:00.0/2019-06-20T20:00:00.0;26.4331;7.1268;1.0913;6.0354;21.1975;5.1396;0;5.1396;0;1
2019-06-20T20:00:00.0/2019-06-20T21:00:00.0;0;0;0;0;0;0;0;0;0;1
2019-06-20T21:00:00.0/2019-06-20T22:00:00.0;0;0;0;0;0;0;0;0;0;1
2019-06-20T22:00:00.0/2019-06-20T23:00:00.0;0;0;0;0;0;0;0;0;0;1
2019-06-20T23:00:00.0/2019-06-21T00:00:00.0;0;0;0;0;0;0;0;0;0;1
2019-06-21T00:00:00.0/2019-06-21T01:00:00.0;0;0;0;0;0;0;0;0;0;1
2019-06-21T01:00:00.0/2019-06-21T02:00:00.0;0;0;0;0;0;0;0;0;0;1
2019-06-21T02:00:00.0/2019-06-21T03:00:00.0;7.5583;1.717;0.1153;1.6016;3.5694;0.8079;0;0.8079;0;1
2019-06-21T03:00:00.0/2019-06-21T04:00:00.0;130.9473;49.6623;17.4326;32.2297;149.7617;19.6333;0;19.6333;0;1
2019-06-21T04:00:00.0/2019-06-21T05:00:00.0;307.4738;162.368;91.4992;70.8688;382.0024;41.2474;0;41.2474;0;1
2019-06-21T05:00:00.0/2019-06-21T06:00:00.0;491.9854;306.4799;208.4219;98.0581;554.1629;153.0477;5.3081;147.7397;12.4033;1
2019-06-21T06:00:00.0/2019-06-21T07:00:00.0;671.9122;457.594;341.8411;115.7529;668.7178;177.6799;2.0498;175.6302;4.5647;1
2019-06-21T07:00:00.0/2019-06-21T08:00:00.0;834.9952;599.6139;473.2409;126.373;746.2346;292.4499;33.2511;259.1988;49.5458;1
2019-06-21T08:00:00.0/2019-06-21T09:00:00.0;970.1227;719.956;588.1736;131.7824;798.8687;441.6577;178.2861;263.3716;238.6352;1
2019-06-21T09:00:00.0/2019-06-21T10:00:00.0;1068.0875;809.0425;674.1017;134.9408;831.9084;417.0072;118.4531;298.5541;147.3834;1
2019-06-21T10:00:00.0/2019-06-21T11:00:00.0;1122.2142;860.1633;723.3859;136.7774;849.7877;550.7227;173.3347;377.3879;203.4778;1
2019-06-21T11:00:00.0/2019-06-21T12:00:00.0;1128.8147;869.3826;733.3492;136.0334;856.4796;719.8552;373.4263;346.4289;436.248;1
2019-06-21T12:00:00.0/2019-06-21T13:00:00.0;1087.4396;832.2125;693.1224;139.0901;840.1198;687.9466;358.3328;329.6138;434.6335;1
2019-06-21T13:00:00.0/2019-06-21T14:00:00.0;1000.9091;751.3018;606.3432;144.9586;798.1805;585.0988;296.1609;288.9379;387.8443;1
2019-06-21T14:00:00.0/2019-06-21T15:00:00.0;875.1201;636.2295;490.9671;145.2624;738.6672;436.9796;152.4109;284.5687;229.6298;1
2019-06-21T15:00:00.0/2019-06-21T16:00:00.0;718.6445;498.562;364.7871;133.775;667.7282;413.1002;240.103;172.9972;449.9786;1
2019-06-21T16:00:00.0/2019-06-21T17:00:00.0;542.1442;349.9966;238.2213;111.7752;576.1243;334.4203;236.924;97.4963;572.5709;1
2019-06-21T17:00:00.0/2019-06-21T18:00:00.0;357.6451;202.9544;120.5002;82.4541;436.8349;188.5733;114.3191;74.2542;412.8665;1
2019-06-21T18:00:00.0/2019-06-21T19:00:00.0;177.7163;78.9851;34.8962;44.089;241.0646;70.0684;25.5826;44.4858;164.1866;1
2019-06-21T19:00:00.0/2019-06-21T20:00:00.0;26.7883;7.8318;1.5809;6.2509;30.8114;5.6757;0;5.6757;0;1
2019-06-21T20:00:00.0/2019-06-21T21:00:00.0;0;0;0;0;0;0;0;0;0;1
2019-06-21T21:00:00.0/2019-06-21T22:00:00.0;0;0;0;0;0;0;0;0;0;1
2019-06-21T22:00:00.0/2019-06-21T23:00:00.0;0;0;0;0;0;0;0;0;0;1
2019-06-21T23:00:00.0/2019-06-22T00:00:00.0;0;0;0;0;0;0;0;0;0;1
2019-06-22T00:00:00.0/2019-06-22T01:00:00.0;0;0;0;0;0;0;0;0;0;1
2019-06-22T01:00:00.0/2019-06-22T02:00:00.0;0;0;0;0;0;0;0;0;0;1
2019-06-22T02:00:00.0/2019-06-22T03:00:00.0;7.3932;1.9984;0.3385;1.66;9.7515;1.0349;0;1.0349;0;1
2019-06-22T03:00:00.0/2019-06-22T04:00:00.0;130.3246;60.6106;32.4298;28.1807;290.5613;49.609;16.7538;32.8551;130.9694;1
2019-06-22T04:00:00.0/2019-06-22T05:00:00.0;306.7712;186.9114;132.0168;54.8947;557.5168;171.4561;123.8824;47.5737;519.1498;1
2019-06-22T05:00:00.0/2019-06-22T06:00:00.0;491.2478;338.3682;265.9689;72.3993;710.0601;320.6794;259.9207;60.7587;693.6333;1
2019-06-22T06:00:00.0/2019-06-22T07:00:00.0;671.1862;493.4597;409.1024;84.3573;801.9228;475.0623;402.6863;72.376;789.295;1
2019-06-22T07:00:00.0/2019-06-22T08:00:00.0;834.3267;637.0574;544.6253;92.4321;859.7794;619.7235;537.9011;81.8224;849.0952;1
2019-06-22T08:00:00.0/2019-06-22T09:00:00.0;969.5529;757.7046;659.9821;97.7225;896.9998;742.9595;655.1625;87.7971;890.415;1
2019-06-22T09:00:00.0/2019-06-22T10:00:00.0;1067.6504;844.9597;743.5253;101.4345;917.9194;782.7404;621.0545;161.6858;768.6602;1
2019-06-22T10:00:00.0/2019-06-22T11:00:00.0;1121.9344;892.0462;788.1541;103.8922;926.006;861.1626;743.3864;117.7762;872.8679;1
2019-06-22T11:00:00.0/2019-06-22T12:00:00.0;1128.7053;896.5956;792.087;104.5086;925.0404;831.4426;656.9717;174.4709;766.7242;1
2019-06-22T12:00:00.0/2019-06-22T13:00:00.0;1087.5018;858.3334;752.1056;106.2277;911.5184;793.9747;619.9417;174.033;753.1648;1
2019-06-22T13:00:00.0/2019-06-22T14:00:00.0;1001.1316;779.8483;671.1443;108.704;883.3588;766.5089;669.4891;97.0197;881.1696;1
2019-06-22T14:00:00.0/2019-06-22T15:00:00.0;875.4802;666.7847;558.9456;107.8391;840.8598;650.5958;556.0798;94.5161;836.5152;1
2019-06-22T15:00:00.0/2019-06-22T16:00:00.0;719.1096;529.2133;429.6056;99.6077;786.3217;511.1914;425.8159;85.3756;779.3011;1
2019-06-22T16:00:00.0/2019-06-22T17:00:00.0;542.6744;378.2029;293.926;84.2768;711.2789;360.1206;288.7512;71.3694;698.4872;1
2019-06-22T17:00:00.0/2019-06-22T18:00:00.0;358.1951;226.0554;161.4722;64.5832;587.36;209.6504;154.713;54.9374;561.603;1
2019-06-22T18:00:00.0/2019-06-22T19:00:00.0;178.2397;90.8536;52.41;38.4435;363.3675;80.5077;43.6991;36.8086;291.6117;1
2019-06-22T19:00:00.0/2019-06-22T20:00:00.0;27.0632;8.8946;2.5753;6.3193;49.8873;6.554;0.1875;6.3665;2.8105;1
2019-06-22T20:00:00.0/2019-06-22T21:00:00.0;0;0;0;0;0;0;0;0;0;1
2019-06-22T21:00:00.0/2019-06-22T22:00:00.0;0;0;0;0;0;0;0;0;0;1
2019-06-22T22:00:00.0/2019-06-22T23:00:00.0;0;0;0;0;0;0;0;0;0;1
2019-06-22T23:00:00.0/2019-06-23T00:00:00.0;0;0;0;0;0;0;0;0;0;1
2019-06-23T00:00:00.0/2019-06-23T01:00:00.0;0;0;0;0;0;0;0;0;0;1
2019-06-23T01:00:00.0/2019-06-23T02:00:00.0;0;0;0;0;0;0;0;0;0;1
2019-06-23T02:00:00.0/2019-06-23T03:00:00.0;7.187;1.7853;0.1813;1.604;5.4842;0.8793;0;0.8793;0;1
2019-06-23T03:00:00.0/2019-06-23T04:00:00.0;129.5718;54.5611;22.9742;31.5869;202.9034;47.8262;15.4405;32.3857;119.3239;1
2019-06-23T04:00:00.0/2019-06-23T05:00:00.0;305.9495;174.1523;106.56;67.5923;448.995;160.6505;101.0027;59.6478;423.5255;1
2019-06-23T05:00:00.0/2019-06-23T06:00:00.0;490.4023;322.9187;229.2522;93.6665;612.1163;306.5779;227.153;79.4249;606.1185;1
2019-06-23T06:00:00.0/2019-06-23T07:00:00.0;670.3633;477.4449;365.4577;111.9871;716.7296;460.7635;366.3162;94.4473;718.3196;1
2019-06-23T07:00:00.0/2019-06-23T08:00:00.0;833.5709;621.5483;497.2172;124.3311;785.3544;606.0079;499.9784;106.0295;789.6732;1
2019-06-23T08:00:00.0/2019-06-23T09:00:00.0;968.9038;742.8411;610.6172;132.2238;830.2746;729.9585;616.8489;113.1096;838.7123;1
2019-06-23T09:00:00.0/2019-06-23T10:00:00.0;1067.1398;831.898;695.0765;136.8215;858.3598;821.4316;704.2407;117.1909;869.6653;1
2019-06-23T10:00:00.0/2019-06-23T11:00:00.0;1121.5839;882.0228;743.3331;138.6898;873.4984;872.4315;753.8969;118.5346;885.9116;1
2019-06-23T11:00:00.0/2019-06-23T12:00:00.0;1128.5251;889.3449;751.4305;137.9144;877.5989;879.6826;761.8228;117.8598;889.7357;1
2019-06-23T12:00:00.0/2019-06-23T13:00:00.0;1087.4902;854.5131;723.6384;130.8747;877.027;843.7512;731.0756;112.6756;886.0112;1
2019-06-23T13:00:00.0/2019-06-23T14:00:00.0;1001.2746;780.3759;662.2899;118.086;871.6843;767.0652;664.1811;102.8841;874.1097;1
2019-06-23T14:00:00.0/2019-06-23T15:00:00.0;875.7527;671.6686;567.8087;103.8599;854.2039;654.9302;564.0557;90.8745;848.4255;1
2019-06-23T15:00:00.0/2019-06-23T16:00:00.0;719.4774;535.38;443.7965;91.5835;811.7347;516.6075;437.6663;78.9412;800.4932;1
2019-06-23T16:00:00.0/2019-06-23T17:00:00.0;543.0961;382.339;302.6116;79.7273;731.5549;363.8707;296.5268;67.3438;716.6103;1
2019-06-23T17:00:00.0/2019-06-23T18:00:00.0;358.6255;228.1271;165.3622;62.765;600.4988;211.5546;158.3878;53.1667;574.0676;1
2019-06-23T18:00:00.0/2019-06-23T19:00:00.0;178.6325;91.7314;53.8148;37.9166;373.0196;81.317;45.106;36.2109;301.3896;1
2019-06-23T19:00:00.0/2019-06-23T20:00:00.0;27.2573;9.0628;2.7437;6.3191;52.9845;6.6845;0.2478;6.4368;3.7289;1
2019-06-23T20:00:00.0/2019-06-23T21:00:00.0;0;0;0;0;0;0;0;0;0;1
2019-06-23T21:00:00.0/2019-06-23T22:00:00.0;0;0;0;0;0;0;0;0;0;1
2019-06-23T22:00:00.0/2019-06-23T23:00:00.0;0;0;0;0;0;0;0;0;0;1
2019-06-23T23:00:00.0/2019-06-24T00:00:00.0;0;0;0;0;0;0;0;0;0;1
2019-06-24T00:00:00.0/2019-06-24T01:00:00.0;0;0;0;0;0;0;0;0;0;1
2019-06-24T01:00:00.0/2019-06-24T02:00:00.0;0;0;0;0;0;0;0;0;0;1
2019-06-24T02:00:00.0/2019-06-24T03:00:00.0;6.9401;1.8858;0.3127;1.5732;9.4341;0.9726;0;0.9726;0;1
2019-06-24T03:00:00.0/2019-06-24T04:00:00.0;128.6899;59.7401;31.5246;28.2155;285.4308;52.3091;23.6367;28.6724;191.8972;1
2019-06-24T04:00:00.0/2019-06-24T05:00:00.0;305.0096;185.0514;128.9814;56.07;547.7294;170.4753;122.624;47.8513;519.0745;1
2019-06-24T05:00:00.0/2019-06-24T06:00:00.0;489.4499;334.9868;259.5518;75.435;695.3764;317.4916;254.1646;63.327;680.6367;1
2019-06-24T06:00:00.0/2019-06-24T07:00:00.0;669.4445;488.6917;399.3466;89.3451;784.6223;470.681;394.2802;76.4008;774.6064;1
2019-06-24T07:00:00.0/2019-06-24T08:00:00.0;832.7288;631.4575;532.3568;99.1007;841.824;589.4086;454.4502;134.9584;722.8664;1
2019-06-24T08:00:00.0/2019-06-24T09:00:00.0;968.1761;751.1483;645.1393;106.009;877.8755;688.5972;493.911;194.6862;671.399;1
2019-06-24T09:00:00.0/2019-06-24T10:00:00.0;1066.5558;837.8473;726.6505;111.1968;897.7998;760.6534;517.1542;243.4993;639.6177;1
2019-06-24T10:00:00.0/2019-06-24T11:00:00.0;1121.1627;884.8992;770.0026;114.8967;905.0948;787.1235;501.2917;285.8318;589.0056;1
2019-06-24T11:00:00.0/2019-06-24T12:00:00.0;1128.2742;889.4209;772.9382;116.4826;902.8117;842.7433;653.1682;189.5752;763.2063;1
2019-06-24T12:00:00.0/2019-06-24T13:00:00.0;1087.4044;850.9409;730.3992;120.5417;885.0506;839.5223;730.894;108.6283;885.7373;1
2019-06-24T13:00:00.0/2019-06-24T14:00:00.0;1001.3375;771.9274;645.6799;126.2475;849.3889;735.8662;584.5808;151.2854;766.7543;1
2019-06-24T14:00:00.0/2019-06-24T15:00:00.0;875.937;657.9138;530.4702;127.4436;797.2385;541.9279;282.1924;259.7354;421.1073;1
2019-06-24T15:00:00.0/2019-06-24T16:00:00.0;719.7469;519.7311;402.1259;117.6052;735.0568;451.5206;278.6877;172.8329;515.4072;1
2019-06-24T16:00:00.0/2019-06-24T17:00:00.0;543.4086;369.1562;271.5164;97.6399;655.6839;337.0145;237.4718;99.5426;574.7655;1
2019-06-24T17:00:00.0/2019-06-24T18:00:00.0;358.9354;218.4465;145.7072;72.7394;528.0317;200.0645;135.3062;64.7583;491.012;1
2019-06-24T18:00:00.0/2019-06-24T19:00:00.0;178.8941;86.4992;45.1446;41.3547;310.0799;76.689;36.2626;40.4264;237.2267;1
2019-06-24T19:00:00.0/2019-06-24T20:00:00.0;27.3704;8.5163;2.0703;6.446;39.7063;6.2388;0.0304;6.2084;0.4395;1
2019-06-24T20:00:00.0/2019-06-24T21:00:00.0;0;0;0;0;0;0;0;0;0;1
2019-06-24T21:00:00.0/2019-06-24T22:00:00.0;0;0;0;0;0;0;0;0;0;1
2019-06-24T22:00:00.0/2019-06-24T23:00:00.0;0;0;0;0;0;0;0;0;0;1
2019-06-24T23:00:00.0/2019-06-25T00:00:00.0;0;0;0;0;0;0;0;0;0;1
2019-06-25T00:00:00.0/2019-06-25T01:00:00.0;0;0;0;0;0;0;0;0;0;1
2019-06-25T01:00:00.0/2019-06-25T02:00:00.0;0;0;0;0;0;0;0;0;0;1
2019-06-25T02:00:00.0/2019-06-25T03:00:00.0;6.6415;1.5315;0.1028;1.4287;3.0505;0.6684;0;0.6684;0;1
2019-06-25T03:00:00.0/2019-06-25T04:00:00.0;127.68;49.0827;17.3973;31.6854;152.8704;42.08;8.498;33.582;64.7271;1
2019-06-25T04:00:00.0/2019-06-25T05:00:00.0;303.9527;161.79;90.6565;71.1335;382.8558;140.7229;69.8706;70.8523;291.296;1
2019-06-25T05:00:00.0/2019-06-25T06:00:00.0;488.3918;306.1433;206.1394;100.0039;551.876;283.4387;190.3642;93.0745;511.3788;1
2019-06-25T06:00:00.0/2019-06-25T07:00:00.0;668.4306;456.3035;334.9567;121.3468;658.6016;400.4043;248.3765;152.0278;489.68;1
2019-06-25T07:00:00.0/2019-06-25T08:00:00.0;831.8013;595.4559;457.1941;138.2618;723.5054;534.4619;340.6073;193.8546;536.8561;1
2019-06-25T08:00:00.0/2019-06-25T09:00:00.0;967.3707;712.3118;561.6176;150.6942;764.7037;697.3207;559.5556;137.7652;761.0389;1
2019-06-25T09:00:00.0/2019-06-25T10:00:00.0;1065.8993;798.0168;640.3995;157.6173;791.5718;778.4178;618.4276;159.9902;765.387;1
2019-06-25T10:00:00.0/2019-06-25T11:00:00.0;1120.6713;845.9376;686.7185;159.219;807.4536;757.3394;457.7074;299.632;538.4136;1
2019-06-25T11:00:00.0/2019-06-25T12:00:00.0;1127.9523;851.8596;694.285;157.5746;811.0975;787.8892;533.2881;254.601;623.0532;1
2019-06-25T12:00:00.0/2019-06-25T13:00:00.0;1087.2443;816.2429;663.9657;152.2773;804.665;750.0255;498.7506;251.2748;605.1373;1
2019-06-25T13:00:00.0/2019-06-25T14:00:00.0;1001.3198;741.9056;598.4825;143.4231;787.3754;706.8606;539.2099;167.6507;707.7303;1
2019-06-25T14:00:00.0/2019-06-25T15:00:00.0;876.0322;633.8848;502.2839;131.601;754.9621;605.3238;464.8479;140.4759;701.0976;1
2019-06-25T15:00:00.0/2019-06-25T16:00:00.0;719.9174;499.6191;381.2357;118.3835;696.2775;484.8789;380.12;104.759;694.1073;1
2019-06-25T16:00:00.0/2019-06-25T17:00:00.0;543.611;350.788;248.9576;101.8304;600.183;318.3304;207.3972;110.9332;496.1031;1
2019-06-25T17:00:00.0/2019-06-25T18:00:00.0;359.1238;203.3884;125.6432;77.7452;453.2444;182.6049;105.0756;77.5292;375.6022;1
2019-06-25T18:00:00.0/2019-06-25T19:00:00.0;179.0234;77.4307;33.4111;44.0196;224.1355;65.3231;16.0619;49.2613;97.5179;1
2019-06-25T19:00:00.0/2019-06-25T20:00:00.0;27.4018;7.4376;1.0414;6.3962;19.5251;5.3838;0;5.3838;0;1
2019-06-25T20:00:00.0/2019-06-25T21:00:00.0;0;0;0;0;0;0;0;0;0;1
2019-06-25T21:00:00.0/2019-06-25T22:00:00.0;0;0;0;0;0;0;0;0;0;1
2019-06-25T22:00:00.0/2019-06-25T23:00:00.0;0;0;0;0;0;0;0;0;0;1
2019-06-25T23:00:00.0/2019-06-26T00:00:00.0;0;0;0;0;0;0;0;0;0;1
2019-06-26T00:00:00.0/2019-06-26T01:00:00.0;0;0;0;0;0;0;0;0;0;1
2019-06-26T01:00:00.0/2019-06-26T02:00:00.0;0;0;0;0;0;0;0;0;0;1
2019-06-26T02:00:00.0/2019-06-26T03:00:00.0;6.332;1.3682;0.0654;1.3028;1.8689;0.55;0;0.55;0;1
2019-06-26T03:00:00.0/2019-06-26T04:00:00.0;126.5432;43.5358;10.9228;32.6131;94.7794;33.9669;1.3774;32.5895;9.5513;1
2019-06-26T04:00:00.0/2019-06-26T05:00:00.0;302.7801;146.5774;66.6859;79.8915;281.0373;127.2399;47.6895;79.5504;192.9489;1
2019-06-26T05:00:00.0/2019-06-26T06:00:00.0;487.2292;283.5584;163.7899;119.7685;438.7491;270.5337;162.8687;107.6651;435.5519;1
2019-06-26T06:00:00.0/2019-06-26T07:00:00.0;667.323;430.0836;280.6555;149.4281;552.0707;418.2721;287.4586;130.8135;565.2617;1
2019-06-26T07:00:00.0/2019-06-26T08:00:00.0;830.7893;568.4624;398.8118;169.6506;631.5262;558.9084;412.3844;146.524;652.9761;1
2019-06-26T08:00:00.0/2019-06-26T09:00:00.0;966.4881;685.0921;502.2979;182.7942;684.3564;679.2083;521.334;157.8743;710.2617;1
2019-06-26T09:00:00.0/2019-06-26T10:00:00.0;1065.1705;770.5543;580.8986;189.6557;718.4109;764.4237;596.0201;168.4036;737.3975;1
2019-06-26T10:00:00.0/2019-06-26T11:00:00.0;1120.1097;818.3081;627.1538;191.1543;737.7105;794.8623;595.7057;199.1566;700.5185;1
2019-06-26T11:00:00.0/2019-06-26T12:00:00.0;1127.5593;824.5867;636.0849;188.5018;743.298;818.5807;648.4839;170.0969;757.6674;1
2019-06-26T12:00:00.0/2019-06-26T13:00:00.0;1087.0094;790.5125;609.7365;180.7759;739.048;775.5659;599.0953;176.4706;726.5879;1
2019-06-26T13:00:00.0/2019-06-26T14:00:00.0;1001.2209;718.8439;550.6113;168.2326;724.4039;713.4689;565.3687;148.1002;743.7533;1
2019-06-26T14:00:00.0/2019-06-26T15:00:00.0;876.0377;613.9089;461.6721;152.2369;693.8287;604.2307;469.3008;134.9299;705.1893;1
2019-06-26T15:00:00.0/2019-06-26T16:00:00.0;719.9879;482.6053;345.9345;136.6708;631.3673;469.7882;348.6419;121.1462;636.2027;1
2019-06-26T16:00:00.0/2019-06-26T17:00:00.0;543.7022;336.101;218.4408;117.6602;525.8189;321.8644;216.2998;105.5647;520.2036;1
2019-06-26T17:00:00.0/2019-06-26T18:00:00.0;359.1899;191.5708;103.9522;87.6186;373.6129;167.0742;78.987;88.0871;275.9713;1
2019-06-26T18:00:00.0/2019-06-26T19:00:00.0;179.0199;72.8281;27.1209;45.7072;183.6701;63.5103;15.5046;48.0057;96.2641;1
2019-06-26T19:00:00.0/2019-06-26T20:00:00.0;27.3514;7.3151;1.0312;6.2839;19.629;5.253;0;5.253;0;1
2019-06-26T20:00:00.0/2019-06-26T21:00:00.0;0;0;0;0;0;0;0;0;0;1
2019-06-26T21:00:00.0/2019-06-26T22:00:00.0;0;0;0;0;0;0;0;0;0;1
2019-06-26T22:00:00.0/2019-06-26T23:00:00.0;0;0;0;0;0;0;0;0;0;1
2019-06-26T23:00:00.0/2019-06-27T00:00:00.0;0;0;0;0;0;0;0;0;0;1
2019-06-27T00:00:00.0/2019-06-27T01:00:00.0;0;0;0;0;0;0;0;0;0;1
2019-06-27T01:00:00.0/2019-06-27T02:00:00.0;0;0;0;0;0;0;0;0;0;1
2019-06-27T02:00:00.0/2019-06-27T03:00:00.0;5.9705;1.4902;0.1461;1.3441;4.2521;0.6352;0;0.6352;0;1
2019-06-27T03:00:00.0/2019-06-27T04:00:00.0;125.2807;54.0799;24.1032;29.9766;218.0965;30.2215;0;30.2215;0;1
2019-06-27T04:00:00.0/2019-06-27T05:00:00.0;301.493;176.2689;113.6191;62.6498;485.6774;74.566;0;74.566;0;1
2019-06-27T05:00:00.0/2019-06-27T06:00:00.0;485.9635;327.2437;243.692;83.5518;656.4741;192.3427;42.9921;149.3506;104.0828;1
2019-06-27T06:00:00.0/2019-06-27T07:00:00.0;666.1227;482.2368;385.2101;97.0267;760.1909;386.1859;229.1231;157.0628;453.3339;1
2019-06-27T07:00:00.0/2019-06-27T08:00:00.0;829.6939;625.243;519.2744;105.9686;823.8093;536.8945;368.1042;168.7903;582.3707;1
2019-06-27T08:00:00.0/2019-06-27T09:00:00.0;965.5292;745.196;633.9203;111.2756;864.6854;600.1415;350.0013;250.1402;477.383;1
2019-06-27T09:00:00.0/2019-06-27T10:00:00.0;1064.3701;832.6245;715.4066;117.2179;885.4917;797.9039;670.5201;127.3838;828.2999;1
2019-06-27T10:00:00.0/2019-06-27T11:00:00.0;1119.4783;881.1228;756.6044;124.5184;890.4459;825.088;657.8871;167.2009;774.8984;1
2019-06-27T11:00:00.0/2019-06-27T12:00:00.0;1127.0953;887.1871;757.3423;129.8448;885.2752;823.9789;638.8738;185.1052;746.6118;1
2019-06-27T12:00:00.0/2019-06-27T13:00:00.0;1086.6993;849.041;717.0403;132.0006;869.2227;664.8297;350.1346;314.695;423.2228;1
2019-06-27T13:00:00.0/2019-06-27T14:00:00.0;1001.0403;769.4373;638.9235;130.5138;840.585;487.194;142.5306;344.6635;185.5404;1
2019-06-27T14:00:00.0/2019-06-27T15:00:00.0;875.9526;655.3907;529.8235;125.5672;796.1525;544.4634;373.0042;171.4593;569.8704;1
2019-06-27T15:00:00.0/2019-06-27T16:00:00.0;719.9574;518.4221;406.1917;112.2304;742.2454;501.1999;404.6979;96.502;739.1672;1
2019-06-27T16:00:00.0/2019-06-27T17:00:00.0;543.6814;369.8615;278.4267;91.4348;672.22;245.6563;97.1069;148.5494;217.3748;1
2019-06-27T17:00:00.0/2019-06-27T18:00:00.0;359.1328;220.7522;153.2165;67.5357;555.6008;146.9368;40.1713;106.7654;150.5783;1
2019-06-27T18:00:00.0/2019-06-27T19:00:00.0;178.8825;88.4882;49.4118;39.0765;340.6711;60.5293;5.6268;54.9025;32.4873;1
2019-06-27T19:00:00.0/2019-06-27T20:00:00.0;27.2186;8.6512;2.3497;6.3014;45.1318;6.0888;0;6.0888;0;1
2019-06-27T20:00:00.0/2019-06-27T21:00:00.0;0;0;0;0;0;0;0;0;0;1
2019-06-27T21:00:00.0/2019-06-27T22:00:00.0;0;0;0;0;0;0;0;0;0;1
2019-06-27T22:00:00.0/2019-06-27T23:00:00.0;0;0;0;0;0;0;0;0;0;1
2019-06-27T23:00:00.0/2019-06-28T00:00:00.0;0;0;0;0;0;0;0;0;0;1
2019-06-28T00:00:00.0/2019-06-28T01:00:00.0;0;0;0;0;0;0;0;0;0;1
2019-06-28T01:00:00.0/2019-06-28T02:00:00.0;0;0;0;0;0;0;0;0;0;1
2019-06-28T02:00:00.0/2019-06-28T03:00:00.0;5.6088;1.3269;0.1023;1.2246;3.2025;0.5368;0;0.5368;0;1
2019-06-28T03:00:00.0/2019-06-28T04:00:00.0;123.894;49.9082;19.8541;30.054;180.4136;31.8453;1.3228;30.5225;9.8515;1
2019-06-28T04:00:00.0/2019-06-28T05:00:00.0;300.0928;164.6177;97.6583;66.9594;418.6914;145.1744;81.7586;63.4158;338.2504;1
2019-06-28T05:00:00.0/2019-06-28T06:00:00.0;484.5958;308.9091;214.2003;94.7088;578.3293;229.4666;103.9938;125.4729;301.356;1
2019-06-28T06:00:00.0/2019-06-28T07:00:00.0;664.831;459.9848;345.8877;114.0972;683.4915;231.5354;0.5889;230.9465;1.0445;1
2019-06-28T07:00:00.0/2019-06-28T08:00:00.0;828.516;601.8508;475.6112;126.2395;755.3795;388.3983;119.0399;269.3585;183.0545;1
2019-06-28T08:00:00.0/2019-06-28T09:00:00.0;964.4948;721.3948;587.9178;133.477;802.6579;534.2112;272.899;261.3123;372.0298;1
2019-06-28T09:00:00.0/2019-06-28T10:00:00.0;1063.4984;809.1332;670.9591;138.1741;831.0351;631.6833;327.9975;303.6858;407.7178;1
2019-06-28T10:00:00.0/2019-06-28T11:00:00.0;1118.7771;858.5092;717.4049;141.1043;844.7617;653.1109;336.4091;316.7018;394.9759;1
2019-06-28T11:00:00.0/2019-06-28T12:00:00.0;1126.5602;865.7836;724.4477;141.3359;847.1743;846.5408;704.0312;142.5095;823.4271;1
2019-06-28T12:00:00.0/2019-06-28T13:00:00.0;1086.3138;832.8389;701.2408;131.5981;850.4651;784.2242;611.2527;172.9715;739.5663;1
2019-06-28T13:00:00.0/2019-06-28T14:00:00.0;1000.7773;762.5156;649.722;112.7936;855.2768;631.0625;384.7227;246.3398;507.8986;1
2019-06-28T14:00:00.0/2019-06-28T15:00:00.0;875.7761;658.3853;565.9534;92.432;851.2259;615.8152;493.0834;122.7318;743.3238;1
2019-06-28T15:00:00.0/2019-06-28T16:00:00.0;719.8251;525.6866;446.2781;79.4085;815.4683;497.165;412.3161;84.8489;754.2545;1
2019-06-28T16:00:00.0/2019-06-28T17:00:00.0;543.5475;374.993;303.4126;71.5804;732.4855;357.2839;293.8393;63.4447;709.119;1
2019-06-28T17:00:00.0/2019-06-28T18:00:00.0;358.9514;223.3392;165.1416;58.1975;598.7541;207.2221;156.0214;51.2008;564.5269;1
2019-06-28T18:00:00.0/2019-06-28T19:00:00.0;178.6105;89.5694;53.6375;35.932;371.7772;79.3873;43.9834;35.4038;293.2222;1
2019-06-28T19:00:00.0/2019-06-28T20:00:00.0;27.003;8.7384;2.7095;6.0289;52.5192;6.4272;0.2021;6.2251;3.0285;1
2019-06-28T20:00:00.0/2019-06-28T21:00:00.0;0;0;0;0;0;0;0;0;0;1
2019-06-28T21:00:00.0/2019-06-28T22:00:00.0;0;0;0;0;0;0;0;0;0;1
2019-06-28T22:00:00.0/2019-06-28T23:00:00.0;0;0;0;0;0;0;0;0;0;1
2019-06-28T23:00:00.0/2019-06-29T00:00:00.0;0;0;0;0;0;0;0;0;0;1
2019-06-29T00:00:00.0/2019-06-29T01:00:00.0;0;0;0;0;0;0;0;0;0;1
2019-06-29T01:00:00.0/2019-06-29T02:00:00.0;0;0;0;0;0;0;0;0;0;1
2019-06-29T02:00:00.0/2019-06-29T03:00:00.0;5.2036;1.2955;0.1427;1.1528;4.0792;0.4905;0;0.4905;0;1
2019-06-29T03:00:00.0/2019-06-29T04:00:00.0;122.3843;52.5117;24.8538;27.658;231.4242;45.8063;16.8958;28.9105;137.5264;1
2019-06-29T04:00:00.0/2019-06-29T05:00:00.0;298.5808;169.9431;110.1023;59.8408;476.4904;156.4979;102.9164;53.5815;443.2782;1
2019-06-29T05:00:00.0/2019-06-29T06:00:00.0;483.1275;313.3117;227.5928;85.7189;617.1907;297.3696;222.8225;74.5471;603.7497;1
2019-06-29T06:00:00.0/2019-06-29T07:00:00.0;663.4491;462.6026;356.6048;105.9978;706.418;446.9442;354.7564;92.1878;702.613;1
2019-06-29T07:00:00.0/2019-06-29T08:00:00.0;827.2567;602.962;482.3924;120.5696;767.4271;588.9234;482.9131;106.0102;768.1863;1
2019-06-29T08:00:00.0/2019-06-29T09:00:00.0;963.3856;721.2173;589.5975;131.6199;805.9112;710.368;594.4374;115.9307;812.4633;1
2019-06-29T09:00:00.0/2019-06-29T10:00:00.0;1062.5562;808.5393;670.3766;138.1627;830.9906;800.794;679.0806;121.7134;841.7675;1
2019-06-29T10:00:00.0/2019-06-29T11:00:00.0;1118.0063;858.1585;717.8296;140.3289;845.79;851.7768;728.2896;123.4872;858.1135;1
2019-06-29T11:00:00.0/2019-06-29T12:00:00.0;1125.9537;865.605;725.7222;139.8827;849.071;859.284;736.0162;123.2677;861.1129;1
2019-06-29T12:00:00.0/2019-06-29T13:00:00.0;1085.8523;829.5443;690.3666;139.1776;837.431;822.1998;699.418;122.7817;848.4074;1
2019-06-29T13:00:00.0/2019-06-29T14:00:00.0;1000.4312;752.6478;614.8228;137.8249;809.2539;742.806;621.6644;121.1416;818.2341;1
2019-06-29T14:00:00.0/2019-06-29T15:00:00.0;875.5073;641.4598;508.5839;132.8759;764.486;628.3821;512.0022;116.3799;769.586;1
2019-06-29T15:00:00.0/2019-06-29T16:00:00.0;719.59;505.4808;383.2893;122.1915;700.2015;490.1608;384.2569;105.9039;701.8657;1
2019-06-29T16:00:00.0/2019-06-29T17:00:00.0;543.2996;356.2427;251.5551;104.6876;606.709;340.1956;248.9649;91.2308;600.1073;1
2019-06-29T17:00:00.0/2019-06-29T18:00:00.0;358.6448;207.4645;127.669;79.7955;461.1501;192.6848;121.3537;71.331;436.8646;1
2019-06-29T18:00:00.0/2019-06-29T19:00:00.0;178.2031;80.1911;35.5516;44.6396;242.0266;71.1092;26.4881;44.6211;167.8214;1
2019-06-29T19:00:00.0/2019-06-29T20:00:00.0;26.7043;7.7277;1.2703;6.4574;24.2398;5.6267;0;5.6267;0;1
2019-06-29T20:00:00.0/2019-06-29T21:00:00.0;0;0;0;0;0;0;0;0;0;1
2019-06-29T21:00:00.0/2019-06-29T22:00:00.0;0;0;0;0;0;0;0;0;0;1
2019-06-29T22:00:00.0/2019-06-29T23:00:00.0;0;0;0;0;0;0;0;0;0;1
2019-06-29T23:00:00.0/2019-06-30T00:00:00.0;0;0;0;0;0;0;0;0;0;1
2019-06-30T00:00:00.0/2019-06-30T01:00:00.0;0;0;0;0;0;0;0;0;0;1
2019-06-30T01:00:00.0/2019-06-30T02:00:00.0;0;0;0;0;0;0;0;0;0;1
2019-06-30T02:00:00.0/2019-06-30T03:00:00.0;4.7999;1.1794;0.1044;1.075;3.1351;0.4296;0;0.4296;0;1
2019-06-30T03:00:00.0/2019-06-30T04:00:00.0;120.7531;51.9297;24.16;27.7697;224.0683;41.4696;9.8683;31.6013;75.535;1
2019-06-30T04:00:00.0/2019-06-30T05:00:00.0;296.9586;173.0413;115.4355;57.6058;501.096;158.3413;107.0548;51.2865;460.08;1
2019-06-30T05:00:00.0/2019-06-30T06:00:00.0;481.5602;322.6152;245.8571;76.7582;668.4198;305.6868;240.164;65.5228;652.5858;1
2019-06-30T06:00:00.0/2019-06-30T07:00:00.0;661.9782;477.3893;388.834;88.5554;771.9167;459.9179;383.208;76.7099;760.6954;1
2019-06-30T07:00:00.0/2019-06-30T08:00:00.0;825.9171;621.4573;526.8878;94.5695;839.5059;605.0324;520.3439;84.6885;829.0339;1
2019-06-30T08:00:00.0/2019-06-30T09:00:00.0;962.2025;742.8894;645.8849;97.0045;883.8561;729.0497;640.2859;88.7639;876.1748;1
2019-06-30T09:00:00.0/2019-06-30T10:00:00.0;1061.5436;830.3644;729.2035;101.1609;904.8229;819.2519;725.6447;93.6072;900.3766;1
2019-06-30T10:00:00.0/2019-06-30T11:00:00.0;1117.1664;877.1889;769.3683;107.8206;907.1796;867.6899;768.5773;99.1127;906.2404;1
2019-06-30T11:00:00.0/2019-06-30T12:00:00.0;1125.2756;881.6266;768.8585;112.768;900.0237;872.532;769.501;103.031;900.7748;1
2019-06-30T12:00:00.0/2019-06-30T13:00:00.0;1085.3145;837.3538;715.0244;122.3294;867.576;828.571;717.9738;110.5972;871.1848;1
2019-06-30T13:00:00.0/2019-06-30T14:00:00.0;1000.0012;749.0521;613.7936;135.2584;807.9222;739.4762;619.1677;120.3086;815.0162;1
2019-06-30T14:00:00.0/2019-06-30T15:00:00.0;875.1454;628.1528;485.5181;142.6348;729.5721;611.7306;480.9722;130.7583;722.1165;1
2019-06-30T15:00:00.0/2019-06-30T16:00:00.0;719.251;487.103;349.3328;137.7702;637.903;461.6696;330.4285;131.2411;603.061;1
2019-06-30T16:00:00.0/2019-06-30T17:00:00.0;542.9366;337.0644;216.9794;120.085;522.574;314.1994;202.9762;111.2232;485.5922;1
2019-06-30T17:00:00.0/2019-06-30T18:00:00.0;358.2121;190.1318;99.8066;90.3252;358.763;155.1613;57.2923;97.869;200.0106;1
2019-06-30T18:00:00.0/2019-06-30T19:00:00.0;177.6595;71.0887;23.9935;47.0953;161.9231;53.1737;2.0408;51.1329;11.1086;1
2019-06-30T19:00:00.0/2019-06-30T20:00:00.0;26.3044;6.923;0.7679;6.155;14.9171;4.9176;0;4.9176;0;1
2019-06-30T20:00:00.0/2019-06-30T21:00:00.0;0;0;0;0;0;0;0;0;0;1
2019-06-30T21:00:00.0/2019-06-30T22:00:00.0;0;0;0;0;0;0;0;0;0;1
2019-06-30T22:00:00.0/2019-06-30T23:00:00.0;0;0;0;0;0;0;0;0;0;1
2019-06-30T23:00:00.0/2019-07-01T00:00:00.0;0;0;0;0;0;0;0;0;0;1
2019-07-01T00:00:00.0/2019-07-01T01:00:00.0;0;0;0;0;0;0;0;0;0;1
2019-07-01T01:00:00.0/2019-07-01T02:00:00.0;0;0;0;0;0;0;0;0;0;1
2019-07-01T02:00:00.0/2019-07-01T03:00:00.0;4.3696;1.0714;0.1054;0.966;2.9668;0.3866;0;0.3866;0;1
2019-07-01T03:00:00.0/2019-07-01T04:00:00.0;119.0019;51.6895;25.0137;26.6758;236.6027;27.8103;0;27.8103;0;1
2019-07-01T04:00:00.0/2019-07-01T05:00:00.0;295.2278;171.7604;115.5655;56.1949;505.25;137.0534;73.1557;63.8977;292.2676;1
2019-07-01T05:00:00.0/2019-07-01T06:00:00.0;479.8952;318.6567;242.2282;76.4285;661.0652;301.9633;236.0413;65.9221;643.8109;1
2019-07-01T06:00:00.0/2019-07-01T07:00:00.0;660.4198;469.6659;377.4646;92.2013;751.3898;452.9007;372.3031;80.5976;740.9684;1
2019-07-01T07:00:00.0/2019-07-01T08:00:00.0;824.4982;609.5538;503.8016;105.7522;804.235;594.3979;500.0916;94.3063;798.227;1
2019-07-01T08:00:00.0/2019-07-01T09:00:00.0;960.9462;727.1601;610.2409;116.9192;836.2357;689.7639;569.2797;120.4842;782.6078;1
2019-07-01T09:00:00.0/2019-07-01T10:00:00.0;1060.4612;810.0944;676.3027;133.7917;840.1383;551.3194;225.4686;325.8509;282.258;1
2019-07-01T10:00:00.0/2019-07-01T11:00:00.0;1116.2571;851.7828;694.9751;156.8077;820.1484;355.5054;20.2732;335.2322;24.2461;1
2019-07-01T11:00:00.0/2019-07-01T12:00:00.0;1124.526;851.4489;676.0384;175.4104;791.8364;479.8624;159.3535;320.5089;187.4976;1
2019-07-01T12:00:00.0/2019-07-01T13:00:00.0;1084.6996;810.1049;623.2486;186.8563;756.6621;768.7773;573.757;195.0203;696.8376;1
2019-07-01T13:00:00.0/2019-07-01T14:00:00.0;999.4868;730.2902;540.247;190.0432;711.5106;461.9491;167.2802;294.6689;215.3829;1
2019-07-01T14:00:00.0/2019-07-01T15:00:00.0;874.6895;616.1829;432.0897;184.0932;649.7032;348.7114;58.8325;289.879;88.6429;1
2019-07-01T15:00:00.0/2019-07-01T16:00:00.0;718.8073;483.3762;323.4795;159.8967;591.9335;385.9902;208.8308;177.1595;390.6035;1
2019-07-01T16:00:00.0/2019-07-01T17:00:00.0;542.4576;343.8452;223.0139;120.8313;539.6363;244.892;118.6814;126.2105;282.5982;1
2019-07-01T17:00:00.0/2019-07-01T18:00:00.0;357.6523;204.5682;123.2107;81.3575;448.8238;174.0325;95.3158;78.7167;346.7371;1
2019-07-01T18:00:00.0/2019-07-01T19:00:00.0;176.9789;81.4588;39.3858;42.073;272.9684;66.0874;19.2026;46.8848;121.8743;1
2019-07-01T19:00:00.0/2019-07-01T20:00:00.0;25.8525;7.6999;1.6867;6.0132;32.9581;5.5655;0;5.5655;0;1
2019-07-01T20:00:00.0/2019-07-01T21:00:00.0;0;0;0;0;0;0;0;0;0;1
2019-07-01T21:00:00.0/2019-07-01T22:00:00.0;0;0;0;0;0;0;0;0;0;1
2019-07-01T22:00:00.0/2019-07-01T23:00:00.0;0;0;0;0;0;0;0;0;0;1
2019-07-01T23:00:00.0/2019-07-02T00:00:00.0;0;0;0;0;0;0;0;0;0;1
2019-07-02T00:00:00.0/2019-07-02T01:00:00.0;0;0;0;0;0;0;0;0;0;1
2019-07-02T01:00:00.0/2019-07-02T02:00:00.0;0;0;0;0;0;0;0;0;0;1
2019-07-02T02:00:00.0/2019-07-02T03:00:00.0;3.9284;0.925;0.072;0.8531;1.8048;0.3094;0;0.3094;0;1
2019-07-02T03:00:00.0/2019-07-02T04:00:00.0;117.1324;48.8694;21.3633;27.506;202.7596;31.7731;1.8446;29.9285;18.152;1
2019-07-02T04:00:00.0/2019-07-02T05:00:00.0;293.3898;167.2904;105.8661;61.4243;464.4917;82.3376;7.5075;74.8301;36.5829;1
2019-07-02T05:00:00.0/2019-07-02T06:00:00.0;478.134;315.9667;230.0585;85.9082;629.6222;99.822;0;99.822;0;1
2019-07-02T06:00:00.0/2019-07-02T07:00:00.0;658.7751;471.8842;369.3179;102.5664;736.4616;169.917;0;169.917;0;1
2019-07-02T07:00:00.0/2019-07-02T08:00:00.0;823.0012;618.6052;506.3017;112.3036;809.3914;203.7142;0.0004;203.7138;0.0006;1
2019-07-02T08:00:00.0/2019-07-02T09:00:00.0;959.6176;743.0813;625.6719;117.4094;858.3787;307.8915;12.0128;295.8787;15.8415;1
2019-07-02T09:00:00.0/2019-07-02T10:00:00.0;1059.3097;831.4555;704.1849;127.2706;875.6284;354.6327;24.2837;330.3489;30.6755;1
2019-07-02T10:00:00.0/2019-07-02T11:00:00.0;1115.2787;876.8723;733.1969;143.6754;865.9592;429.1614;64.0733;365.0881;75.1966;1
2019-07-02T11:00:00.0/2019-07-02T12:00:00.0;1123.7046;879.6268;721.799;157.8278;846.0396;574.1075;217.7786;356.3289;255.3245;1
2019-07-02T12:00:00.0/2019-07-02T13:00:00.0;1084.0074;840.9379;677.8088;163.1291;823.5032;599.8797;248.3087;351.571;302.0634;1
2019-07-02T13:00:00.0/2019-07-02T14:00:00.0;998.8871;763.3925;604.5304;158.8622;796.8492;518.0986;183.2765;334.8221;239.3445;1
2019-07-02T14:00:00.0/2019-07-02T15:00:00.0;874.1385;650.6862;500.7065;149.9796;753.7469;386.6949;82.9232;303.7716;126.2993;1
2019-07-02T15:00:00.0/2019-07-02T16:00:00.0;718.2577;514.235;382.1978;132.0372;699.8015;295.5009;51.4687;244.0323;91.0442;1
2019-07-02T16:00:00.0/2019-07-02T17:00:00.0;541.8615;365.8965;260.4913;105.4053;630.7692;201.8668;20.9252;180.9416;54.9269;1
2019-07-02T17:00:00.0/2019-07-02T18:00:00.0;356.9647;217.2807;141.8729;75.4078;517.1605;159.1669;65.5818;93.5851;244.0645;1
2019-07-02T18:00:00.0/2019-07-02T19:00:00.0;176.1606;86.0172;44.3355;41.6816;308.7101;70.0401;25.331;44.709;174.9495;1
2019-07-02T19:00:00.0/2019-07-02T20:00:00.0;25.3189;7.9795;1.896;6.0835;37.6026;5.8078;0.0192;5.7887;0.2856;1
2019-07-02T20:00:00.0/2019-07-02T21:00:00.0;0;0;0;0;0;0;0;0;0;1
2019-07-02T21:00:00.0/2019-07-02T22:00:00.0;0;0;0;0;0;0;0;0;0;1
2019-07-02T22:00:00.0/2019-07-02T23:00:00.0;0;0;0;0;0;0;0;0;0;1
2019-07-02T23:00:00.0/2019-07-03T00:00:00.0;0;0;0;0;0;0;0;0;0;1
2019-07-03T00:00:00.0/2019-07-03T01:00:00.0;0;0;0;0;0;0;0;0;0;1
2019-07-03T01:00:00.0/2019-07-03T02:00:00.0;0;0;0;0;0;0;0;0;0;1
2019-07-03T02:00:00.0/2019-07-03T03:00:00.0;3.4829;0.844;0.067;0.777;1.8541;0.2757;0;0.2757;0;1
2019-07-03T03:00:00.0/2019-07-03T04:00:00.0;115.1461;49.2371;21.7354;27.5017;209.5026;20.0272;0;20.0272;0;1
2019-07-03T04:00:00.0/2019-07-03T05:00:00.0;291.4464;169.0108;107.4284;61.5824;474.6355;48.5402;0;48.5402;0;1
2019-07-03T05:00:00.0/2019-07-03T06:00:00.0;476.2783;318.0592;232.2768;85.7824;638.2778;128.9279;0;128.9279;0;1
2019-07-03T06:00:00.0/2019-07-03T07:00:00.0;657.0455;472.4709;369.1578;103.3132;738.2944;192.0381;0.0027;192.0354;0.006;1
2019-07-03T07:00:00.0/2019-07-03T08:00:00.0;821.4271;616.3616;500.2639;116.0977;801.3826;219.1081;0;219.1081;0;1
2019-07-03T08:00:00.0/2019-07-03T09:00:00.0;958.2174;737.6084;612.5023;125.1061;841.6012;299.5915;0.5764;299.015;0.7492;1
2019-07-03T09:00:00.0/2019-07-03T10:00:00.0;1058.0894;825.7325;691.451;134.2815;860.6917;503.792;153.5467;350.2453;189.7848;1
2019-07-03T10:00:00.0/2019-07-03T11:00:00.0;1114.2313;874.033;729.8611;144.1719;862.7833;686.1954;390.3804;295.815;461.3166;1
2019-07-03T11:00:00.0/2019-07-03T12:00:00.0;1122.811;879.5984;728.1729;151.4256;854.1855;786.354;551.5734;234.7807;647.402;1
2019-07-03T12:00:00.0/2019-07-03T13:00:00.0;1083.2374;842.6511;690.4514;152.1997;839.4645;821.4379;678.4352;143.0027;825.1533;1
2019-07-03T13:00:00.0/2019-07-03T14:00:00.0;998.2014;765.9338;619.7212;146.2126;817.4711;681.0527;474.871;206.1817;625.4191;1
2019-07-03T14:00:00.0/2019-07-03T15:00:00.0;873.4918;654.3903;517.7753;136.6149;780.1146;602.3869;445.9864;156.4006;673.5166;1
2019-07-03T15:00:00.0/2019-07-03T16:00:00.0;717.6014;517.6912;395.6938;121.9974;725.0112;456.5127;305.9559;150.5567;558.1193;1
2019-07-03T16:00:00.0/2019-07-03T17:00:00.0;541.1474;367.117;265.3183;101.7987;642.8885;338.802;239.2918;99.5103;583.7877;1
2019-07-03T17:00:00.0/2019-07-03T18:00:00.0;356.1482;216.0811;140.1077;75.9734;510.9052;200.4501;134.9128;65.5372;490.6568;1
2019-07-03T18:00:00.0/2019-07-03T19:00:00.0;175.2039;84.4769;42.3344;42.1425;296.0514;74.7932;33.8796;40.9137;224.1927;1
2019-07-03T19:00:00.0/2019-07-03T20:00:00.0;24.6932;7.6532;1.7437;5.9096;34.5951;5.5139;0.0028;5.511;0.0425;1
2019-07-03T20:00:00.0/2019-07-03T21:00:00.0;0;0;0;0;0;0;0;0;0;1
2019-07-03T21:00:00.0/2019-07-03T22:00:00.0;0;0;0;0;0;0;0;0;0;1
2019-07-03T22:00:00.0/2019-07-03T23:00:00.0;0;0;0;0;0;0;0;0;0;1
2019-07-03T23:00:00.0/2019-07-04T00:00:00.0;0;0;0;0;0;0;0;0;0;1
2019-07-04T00:00:00.0/2019-07-04T01:00:00.0;0;0;0;0;0;0;0;0;0;1
2019-07-04T01:00:00.0/2019-07-04T02:00:00.0;0;0;0;0;0;0;0;0;0;1
2019-07-04T02:00:00.0/2019-07-04T03:00:00.0;3.0393;0.7665;0.0861;0.6804;1.7733;0.2582;0;0.2582;0;1
2019-07-04T03:00:00.0/2019-07-04T04:00:00.0;113.0447;51.7847;27.0582;24.7265;269.1479;41.2614;12.1172;29.1442;99.2974;1
2019-07-04T04:00:00.0/2019-07-04T05:00:00.0;289.3991;174.429;121.0226;53.4064;540.8188;130.0544;57.5964;72.4579;266.0441;1
2019-07-04T05:00:00.0/2019-07-04T06:00:00.0;474.3295;321.6314;247.4409;74.1906;683.6767;95.4677;10.7085;84.7591;34.8053;1
2019-07-04T06:00:00.0/2019-07-04T07:00:00.0;655.2323;471.3019;381.3331;89.9688;765.1605;193.3065;40.2167;153.0898;73.892;1
2019-07-04T07:00:00.0/2019-07-04T08:00:00.0;819.7772;609.0571;507.1285;101.9286;814.2018;311.4444;79.5705;231.8738;133.9311;1
2019-07-04T08:00:00.0/2019-07-04T09:00:00.0;956.7465;724.2028;612.9014;111.3013;843.5354;233.9228;0;233.9228;0;1
2019-07-04T09:00:00.0/2019-07-04T10:00:00.0;1056.8008;797.1711;647.5135;149.6576;807.5795;356.8282;19.4421;337.3861;23.7698;1
2019-07-04T10:00:00.0/2019-07-04T11:00:00.0;1113.1152;822.5881;611.0457;211.5424;723.236;336.1367;7.1274;329.0092;8.5514;1
2019-07-04T11:00:00.0/2019-07-04T12:00:00.0;1121.8452;806.9137;546.8953;260.0185;641.9941;398.187;20.5924;377.5946;24.1951;1
2019-07-04T12:00:00.0/2019-07-04T13:00:00.0;1082.389;764.5145;497.3566;267.1579;605.2816;355.7872;7.312;348.4752;8.7351;1
2019-07-04T13:00:00.0/2019-07-04T14:00:00.0;997.429;698.0174;462.7724;235.245;611.0803;260.6379;0;260.6379;0;1
2019-07-04T14:00:00.0/2019-07-04T15:00:00.0;872.7484;597.6989;398.0391;199.6598;600.4346;289.6411;2.4184;287.2227;3.5991;1
2019-07-04T15:00:00.0/2019-07-04T16:00:00.0;716.8373;469.3712;301.8565;167.5147;553.1351;157.5251;0;157.5251;0;1
2019-07-04T16:00:00.0/2019-07-04T17:00:00.0;540.3144;325.0921;190.061;135.0312;460.1641;149.4883;0;149.4883;0;1
2019-07-04T17:00:00.0/2019-07-04T18:00:00.0;355.2021;184.121;90.0506;94.0704;327.1325;37.7567;0;37.7567;0;1
2019-07-04T18:00:00.0/2019-07-04T19:00:00.0;174.1082;67.501;21.3704;46.1307;145.4255;18.9715;0;18.9715;0;1
2019-07-04T19:00:00.0/2019-07-04T20:00:00.0;24.0167;5.9735;0.5617;5.4118;11.2282;2.8899;0;2.8899;0;1
2019-07-04T20:00:00.0/2019-07-04T21:00:00.0;0;0;0;0;0;0;0;0;0;1
2019-07-04T21:00:00.0/2019-07-04T22:00:00.0;0;0;0;0;0;0;0;0;0;1
2019-07-04T22:00:00.0/2019-07-04T23:00:00.0;0;0;0;0;0;0;0;0;0;1
2019-07-04T23:00:00.0/2019-07-05T00:00:00.0;0;0;0;0;0;0;0;0;0;1
2019-07-05T00:00:00.0/2019-07-05T01:00:00.0;0;0;0;0;0;0;0;0;0;1
2019-07-05T01:00:00.0/2019-07-05T02:00:00.0;0;0;0;0;0;0;0;0;0;1
2019-07-05T02:00:00.0/2019-07-05T03:00:00.0;2.63;0.5484;0.017;0.5314;0.2277;0.1249;0;0.1249;0;1
2019-07-05T03:00:00.0/2019-07-05T04:00:00.0;110.8299;39.9841;11.9381;28.046;113.5174;14.0757;0;14.0757;0;1
2019-07-05T04:00:00.0/2019-07-05T05:00:00.0;287.2497;149.8119;79.9078;69.9041;353.9807;27.6107;0;27.6107;0;1
2019-07-05T05:00:00.0/2019-07-05T06:00:00.0;472.2891;298.1412;203.2119;94.9293;560.9357;74.1094;0;74.1094;0;1
2019-07-05T06:00:00.0/2019-07-05T07:00:00.0;653.337;454.8434;348.4102;106.4332;700.0256;169.1471;0;169.1471;0;1
2019-07-05T07:00:00.0/2019-07-05T08:00:00.0;818.0524;601.3699;490.2687;111.1012;788.2274;278.7537;1.4007;277.353;2.2585;1
2019-07-05T08:00:00.0/2019-07-05T09:00:00.0;955.2057;726.2778;616.514;109.7639;849.5632;284.0462;0;284.0462;0;1
2019-07-05T09:00:00.0/2019-07-05T10:00:00.0;1055.4443;817.4135;707.4862;109.9273;882.7975;316.5219;9.4116;307.1103;11.6162;1
2019-07-05T10:00:00.0/2019-07-05T11:00:00.0;1111.9303;867.4501;753.8849;113.5652;892.994;320.084;10.9521;309.1319;12.8755;1
2019-07-05T11:00:00.0/2019-07-05T12:00:00.0;1120.8069;875.242;760.0956;115.1464;893.2278;474.2958;100.3903;373.9055;118.2502;1
2019-07-05T12:00:00.0/2019-07-05T13:00:00.0;1081.4619;839.5692;723.6711;115.8981;881.2729;502.1895;133.5209;368.6685;161.7027;1
2019-07-05T13:00:00.0/2019-07-05T14:00:00.0;996.5692;763.0768;647.6418;115.435;855.6737;394.2073;41.9198;352.2874;54.819;1
2019-07-05T14:00:00.0/2019-07-05T15:00:00.0;871.9073;652.1549;540.2148;111.9401;815.3866;382.888;81.4608;301.4272;124.7103;1
2019-07-05T15:00:00.0/2019-07-05T16:00:00.0;715.9647;516.0126;413.2546;102.758;758.9678;310.2275;65.9225;244.3049;122.1544;1
2019-07-05T16:00:00.0/2019-07-05T17:00:00.0;539.3615;365.961;278.511;87.45;677.2437;209.3293;35.1556;174.1738;85.6112;1
2019-07-05T17:00:00.0/2019-07-05T18:00:00.0;354.1257;215.4688;148.6649;66.804;545.6155;170.356;93.2718;77.0841;342.1576;1
2019-07-05T18:00:00.0/2019-07-05T19:00:00.0;172.873;83.7656;45.5188;38.2469;322.7145;65.2471;19.2038;46.0433;139.9789;1
2019-07-05T19:00:00.0/2019-07-05T20:00:00.0;23.2531;7.1834;1.8244;5.359;37.1732;5.1245;0.0093;5.1152;0.1439;1
2019-07-05T20:00:00.0/2019-07-05T21:00:00.0;0;0;0;0;0;0;0;0;0;1
2019-07-05T21:00:00.0/2019-07-05T22:00:00.0;0;0;0;0;0;0;0;0;0;1
2019-07-05T22:00:00.0/2019-07-05T23:00:00.0;0;0;0;0;0;0;0;0;0;1
2019-07-05T23:00:00.0/2019-07-06T00:00:00.0;0;0;0;0;0;0;0;0;0;1
2019-07-06T00:00:00.0/2019-07-06T01:00:00.0;0;0;0;0;0;0;0;0;0;1
2019-07-06T01:00:00.0/2019-07-06T02:00:00.0;0;0;0;0;0;0;0;0;0;1
2019-07-06T02:00:00.0/2019-07-06T03:00:00.0;2.2123;0.4888;0.0221;0.4668;0;0.1167;0;0.1167;0;1
2019-07-06T03:00:00.0/2019-07-06T04:00:00.0;108.5034;43.4463;17.5598;25.8866;174.3172;15.8457;0;15.8457;0;1
2019-07-06T04:00:00.0/2019-07-06T05:00:00.0;284.9997;157.2164;95.7854;61.4309;431.5486;24.5024;0;24.5024;0;1
2019-07-06T05:00:00.0/2019-07-06T06:00:00.0;470.1587;301.1977;214.4438;86.7539;596.5414;47.0634;0;47.0634;0;1
2019-07-06T06:00:00.0/2019-07-06T07:00:00.0;651.3607;451.3663;346.3947;104.9716;698.6524;115.2756;0;115.2756;0;1
2019-07-06T07:00:00.0/2019-07-06T08:00:00.0;816.2537;592.1031;473.8088;118.2944;763.7342;145.0107;0;145.0107;0;1
2019-07-06T08:00:00.0/2019-07-06T09:00:00.0;953.5956;711.2839;583.5743;127.7096;805.6995;253.2482;0;253.2482;0;1
2019-07-06T09:00:00.0/2019-07-06T10:00:00.0;1054.0204;797.2712;657.3481;139.9231;821.4446;272.2471;0;272.2471;0;1
2019-07-06T10:00:00.0/2019-07-06T11:00:00.0;1110.6768;843.2744;687.5136;155.7608;815.342;383.6556;10.6205;373.0351;12.5938;1
2019-07-06T11:00:00.0/2019-07-06T12:00:00.0;1119.6959;847.4282;679.159;168.2692;798.8946;356.1495;0;356.1495;0;1
2019-07-06T12:00:00.0/2019-07-06T13:00:00.0;1080.4553;810.0016;635.4389;174.5627;774.5005;346.5703;4.0113;342.5591;4.8034;1
2019-07-06T13:00:00.0/2019-07-06T14:00:00.0;995.6213;733.3245;558.6926;174.6318;738.717;241.4359;0;241.4359;0;1
2019-07-06T14:00:00.0/2019-07-06T15:00:00.0;870.9678;621.8206;453.1494;168.6712;684.389;193.2337;0;193.2337;0;1
2019-07-06T15:00:00.0/2019-07-06T16:00:00.0;714.9825;489.1998;341.0478;148.152;627.3062;140.3531;0;140.3531;0;1
2019-07-06T16:00:00.0/2019-07-06T17:00:00.0;538.288;346.8;230.5316;116.2684;561.6909;178.347;2.4262;175.9207;6.6817;1
2019-07-06T17:00:00.0/2019-07-06T18:00:00.0;352.9182;204.1102;122.2132;81.897;449.8267;105.4465;0.9663;104.4803;3.4401;1
2019-07-06T18:00:00.0/2019-07-06T19:00:00.0;171.4977;78.2418;35.3102;42.9316;249.0207;31.4187;0;31.4187;0;1
2019-07-06T19:00:00.0/2019-07-06T20:00:00.0;22.4428;6.5064;1.1534;5.353;23.9153;3.9329;0;3.9329;0;1
2019-07-06T20:00:00.0/2019-07-06T21:00:00.0;0;0;0;0;0;0;0;0;0;1
2019-07-06T21:00:00.0/2019-07-06T22:00:00.0;0;0;0;0;0;0;0;0;0;1
2019-07-06T22:00:00.0/2019-07-06T23:00:00.0;0;0;0;0;0;0;0;0;0;1
2019-07-06T23:00:00.0/2019-07-07T00:00:00.0;0;0;0;0;0;0;0;0;0;1
2019-07-07T00:00:00.0/2019-07-07T01:00:00.0;0;0;0;0;0;0;0;0;0;1
2019-07-07T01:00:00.0/2019-07-07T02:00:00.0;0;0;0;0;0;0;0;0;0;1
2019-07-07T02:00:00.0/2019-07-07T03:00:00.0;1.8132;0.4078;0.0199;0.3879;0;0.0861;0;0.0861;0;1
2019-07-07T03:00:00.0/2019-07-07T04:00:00.0;106.0668;43.5466;17.8465;25.7001;179.2159;15.5836;0;15.5836;0;1
2019-07-07T04:00:00.0/2019-07-07T05:00:00.0;282.6508;160.3328;98.2813;62.0516;446.5789;27.0758;0;27.0758;0;1
2019-07-07T05:00:00.0/2019-07-07T06:00:00.0;467.9399;307.7453;218.9314;88.814;612.0632;95.1779;14.7389;80.439;37.588;1
2019-07-07T06:00:00.0/2019-07-07T07:00:00.0;649.3048;460.9086;353.1835;107.7251;714.59;190.0079;18.6263;171.3817;41.476;1
2019-07-07T07:00:00.0/2019-07-07T08:00:00.0;814.3823;603.6475;483.5394;120.1081;781.2269;221.6382;0;221.6382;0;1
2019-07-07T08:00:00.0/2019-07-07T09:00:00.0;951.9171;723.7878;595.391;128.3968;823.4856;173.1521;0;173.1521;0;1
2019-07-07T09:00:00.0/2019-07-07T10:00:00.0;1052.5293;809.5453;669.4821;140.0632;837.8243;257.8714;0;257.8714;0;1
2019-07-07T10:00:00.0/2019-07-07T11:00:00.0;1109.3546;854.2333;698.2545;155.9788;829.0884;224.7556;0;224.7556;0;1
2019-07-07T11:00:00.0/2019-07-07T12:00:00.0;1118.512;856.3578;687.6699;168.688;809.7747;443.1072;56.1368;386.9703;66.2355;1
2019-07-07T12:00:00.0/2019-07-07T13:00:00.0;1079.3688;819.239;648.5105;170.7286;791.3184;548.9213;233.4484;315.4728;283.8384;1
2019-07-07T13:00:00.0/2019-07-07T14:00:00.0;994.5846;745.4608;582.3591;163.1017;770.9882;298.1126;3.0857;295.0269;3.9084;1
2019-07-07T14:00:00.0/2019-07-07T15:00:00.0;869.9292;636.8116;485.1814;151.6303;733.971;327.3507;28.6719;298.6788;45.044;1
2019-07-07T15:00:00.0/2019-07-07T16:00:00.0;713.89;503.1889;369.7687;133.4202;681.0765;301.8539;44.9426;256.9113;83.1764;1
2019-07-07T16:00:00.0/2019-07-07T17:00:00.0;537.0931;356.1608;248.0992;108.0617;605.7369;201.8177;14.6929;187.1248;32.9048;1
2019-07-07T17:00:00.0/2019-07-07T18:00:00.0;351.5789;208.6298;130.4703;78.1595;481.7968;115.9208;0.4206;115.5003;1.3682;1
2019-07-07T18:00:00.0/2019-07-07T19:00:00.0;169.982;79.16;37.0457;42.1143;263.0923;45.123;0;45.123;0;1
2019-07-07T19:00:00.0/2019-07-07T20:00:00.0;21.56;6.2759;1.1251;5.1508;23.4691;4.1912;0;4.1912;0;1
2019-07-07T20:00:00.0/2019-07-07T21:00:00.0;0;0;0;0;0;0;0;0;0;1
2019-07-07T21:00:00.0/2019-07-07T22:00:00.0;0;0;0;0;0;0;0;0;0;1
2019-07-07T22:00:00.0/2019-07-07T23:00:00.0;0;0;0;0;0;0;0;0;0;1
2019-07-07T23:00:00.0/2019-07-08T00:00:00.0;0;0;0;0;0;0;0;0;0;1
2019-07-08T00:00:00.0/2019-07-08T01:00:00.0;0;0;0;0;0;0;0;0;0;1
2019-07-08T01:00:00.0/2019-07-08T02:00:00.0;0;0;0;0;0;0;0;0;0;1
2019-07-08T02:00:00.0/2019-07-08T03:00:00.0;1.4388;0.3059;0.008;0.2979;0;0.048;0;0.048;0;1
2019-07-08T03:00:00.0/2019-07-08T04:00:00.0;103.5218;40.3638;14.3486;26.0152;144.5444;13.7929;0;13.7929;0;1
2019-07-08T04:00:00.0/2019-07-08T05:00:00.0;280.2047;153.2354;87.3466;65.8888;398.7816;49.499;0.0444;49.4546;0.1575;1
2019-07-08T05:00:00.0/2019-07-08T06:00:00.0;465.6339;299.0811;204.4928;94.5883;573.8792;167.4119;37.3801;130.0319;110.1201;1
2019-07-08T06:00:00.0/2019-07-08T07:00:00.0;647.1706;452.3423;338.599;113.7433;687.0641;182.6308;0;182.6308;0;1
2019-07-08T07:00:00.0/2019-07-08T08:00:00.0;812.4391;596.2111;470.8671;125.344;762.4453;274.2285;3.0001;271.2284;5.0055;1
2019-07-08T08:00:00.0/2019-07-08T09:00:00.0;950.1707;717.6979;586.0499;131.6481;812.001;197.3024;0;197.3024;0;1
2019-07-08T09:00:00.0/2019-07-08T10:00:00.0;1050.9716;806.4706;668.474;137.9967;837.7249;274.8633;7.2223;267.641;8.8202;1
2019-07-08T10:00:00.0/2019-07-08T11:00:00.0;1107.9639;855.8571;710.373;145.484;844.5215;520.0067;178.6802;341.3265;211.2903;1
2019-07-08T11:00:00.0/2019-07-08T12:00:00.0;1117.2548;862.7241;712.4261;150.298;839.9116;721.7304;451.5112;270.2193;532.71;1
2019-07-08T12:00:00.0/2019-07-08T13:00:00.0;1078.202;827.7308;679.933;147.7979;830.6091;787.3887;621.2234;166.1653;758.4836;1
2019-07-08T13:00:00.0/2019-07-08T14:00:00.0;993.4584;753.5585;615.4969;138.0615;815.8795;673.0618;459.8862;213.1756;608.131;1
2019-07-08T14:00:00.0/2019-07-08T15:00:00.0;868.7906;644.6755;519.1159;125.5596;786.5262;615.6406;491.6722;123.9684;747.1271;1
2019-07-08T15:00:00.0/2019-07-08T16:00:00.0;712.6864;509.2705;397.8379;111.4327;733.9291;465.6111;343.5918;122.0192;631.0198;1
2019-07-08T16:00:00.0/2019-07-08T17:00:00.0;535.7761;358.699;264.4868;94.2122;647.1646;275.896;139.5636;136.3324;332.9348;1
2019-07-08T17:00:00.0/2019-07-08T18:00:00.0;350.1075;208.1067;137.3258;70.7809;508.9337;133.3674;23.1709;110.1966;78.3521;1
2019-07-08T18:00:00.0/2019-07-08T19:00:00.0;168.3255;77.9254;39.0655;38.8599;281.0318;40.3236;0;40.3236;0;1
2019-07-08T19:00:00.0/2019-07-08T20:00:00.0;20.619;5.9388;1.2345;4.7043;26.6854;3.7457;0;3.7457;0;1
2019-07-08T20:00:00.0/2019-07-08T21:00:00.0;0;0;0;0;0;0;0;0;0;1
2019-07-08T21:00:00.0/2019-07-08T22:00:00.0;0;0;0;0;0;0;0;0;0;1
2019-07-08T22:00:00.0/2019-07-08T23:00:00.0;0;0;0;0;0;0;0;0;0;1
2019-07-08T23:00:00.0/2019-07-09T00:00:00.0;0;0;0;0;0;0;0;0;0;1
2019-07-09T00:00:00.0/2019-07-09T01:00:00.0;0;0;0;0;0;0;0;0;0;1
2019-07-09T01:00:00.0/2019-07-09T02:00:00.0;0;0;0;0;0;0;0;0;0;1
2019-07-09T02:00:00.0/2019-07-09T03:00:00.0;1.0949;0.2239;0.0048;0.2191;0;0.0219;0;0.0219;0;1
2019-07-09T03:00:00.0/2019-07-09T04:00:00.0;100.8702;38.2372;13.771;24.4661;140.0588;31.8212;6.0506;25.7706;52.4555;1
2019-07-09T04:00:00.0/2019-07-09T05:00:00.0;277.6628;149.9612;87.6162;62.345;403.1615;134.5835;75.928;58.6555;342.2086;1
2019-07-09T05:00:00.0/2019-07-09T06:00:00.0;463.2424;296.3078;208.1343;88.1735;586.968;280.4753;204.2743;76.2009;575.5831;1
2019-07-09T06:00:00.0/2019-07-09T07:00:00.0;644.9592;450.4053;345.6843;104.7209;703.9017;434.2739;344.0731;90.2008;700.4979;1
2019-07-09T07:00:00.0/2019-07-09T08:00:00.0;810.425;595.2255;480.394;114.8315;779.8419;580.0939;479.7552;100.3388;778.7756;1
2019-07-09T08:00:00.0/2019-07-09T09:00:00.0;948.3569;718.1711;598.0072;120.1639;830.1821;705.5773;599.4576;106.1197;832.1625;1
2019-07-09T09:00:00.0/2019-07-09T10:00:00.0;1049.3473;808.5604;684.3499;124.2105;858.95;798.7524;688.4293;110.323;864.0479;1
2019-07-09T10:00:00.0/2019-07-09T11:00:00.0;1106.5045;859.4529;731.5814;127.8715;870.9019;696.831;466.7702;230.0608;557.7206;1
2019-07-09T11:00:00.0/2019-07-09T12:00:00.0;1115.924;867.8495;738.6565;129.1931;871.9152;610.4096;247.1155;363.2941;291.9064;1
2019-07-09T12:00:00.0/2019-07-09T13:00:00.0;1076.9543;834.4294;710.3021;124.1274;868.7802;598.3583;251.047;347.3113;306.6118;1
2019-07-09T13:00:00.0/2019-07-09T14:00:00.0;992.2421;761.8542;648.8381;113.0161;861.246;585.7756;318.494;267.2816;427.5058;1
2019-07-09T14:00:00.0/2019-07-09T15:00:00.0;867.5513;654.5743;554.5278;100.0464;841.6117;634.7252;540.8193;93.9059;821.4476;1
2019-07-09T15:00:00.0/2019-07-09T16:00:00.0;711.371;519.7321;431.4;88.332;797.5552;501.9434;423.6505;78.2929;783.1754;1
2019-07-09T16:00:00.0/2019-07-09T17:00:00.0;534.3364;368.3329;291.6659;76.6669;716.0977;350.5314;283.9712;66.5602;696.9139;1
2019-07-09T17:00:00.0/2019-07-09T18:00:00.0;348.5035;215.9436;156.1733;59.7703;582.6469;198.9627;146.2382;52.7245;542.5109;1
2019-07-09T18:00:00.0/2019-07-09T19:00:00.0;166.5281;81.5725;46.6837;34.8888;340.9774;70.4195;34.3575;36.062;237.6275;1
2019-07-09T19:00:00.0/2019-07-09T20:00:00.0;19.6266;5.9236;1.5079;4.4157;33.1683;4.0958;0;4.0958;0;1
2019-07-09T20:00:00.0/2019-07-09T21:00:00.0;0;0;0;0;0;0;0;0;0;1
2019-07-09T21:00:00.0/2019-07-09T22:00:00.0;0;0;0;0;0;0;0;0;0;1
2019-07-09T22:00:00.0/2019-07-09T23:00:00.0;0;0;0;0;0;0;0;0;0;1
2019-07-09T23:00:00.0/2019-07-10T00:00:00.0;0;0;0;0;0;0;0;0;0;1
2019-07-10T00:00:00.0/2019-07-10T01:00:00.0;0;0;0;0;0;0;0;0;0;1
2019-07-10T01:00:00.0/2019-07-10T02:00:00.0;0;0;0;0;0;0;0;0;0;1
2019-07-10T02:00:00.0/2019-07-10T03:00:00.0;0.787;0.163;0.0053;0.1577;0;0.0095;0;0.0095;0;1
2019-07-10T03:00:00.0/2019-07-10T04:00:00.0;98.1135;38.5152;15.6695;22.8457;163.9516;26.1815;0.0758;26.1057;1.009;1
2019-07-10T04:00:00.0/2019-07-10T05:00:00.0;275.0268;151.3938;93.3444;58.0494;435.0291;60.8751;0;60.8751;0;1
2019-07-10T05:00:00.0/2019-07-10T06:00:00.0;460.7665;296.9667;213.7077;83.259;606.5094;108.2376;0;108.2376;0;1
2019-07-10T06:00:00.0/2019-07-10T07:00:00.0;642.6718;448.9798;345.774;103.2058;707.0667;262.4643;55.0649;207.3994;108.6214;1
2019-07-10T07:00:00.0/2019-07-10T08:00:00.0;808.3408;590.9944;470.2234;120.771;765.5612;374.2575;102.1391;272.1184;162.513;1
2019-07-10T08:00:00.0/2019-07-10T09:00:00.0;946.4766;711.3948;576.1199;135.2749;801.5496;584.5337;350.4232;234.1105;482.9925;1
2019-07-10T09:00:00.0/2019-07-10T10:00:00.0;1047.6567;799.1957;650.0361;149.1596;817.3129;683.9637;461.9613;222.0025;584.8594;1
2019-07-10T10:00:00.0/2019-07-10T11:00:00.0;1104.9766;847.3397;684.9756;162.364;816.618;473.4699;96.223;377.2469;114.6725;1
2019-07-10T11:00:00.0/2019-07-10T12:00:00.0;1114.5195;852.9456;681.3621;171.5835;805.3225;627.9446;259.1369;368.8077;306.5199;1
2019-07-10T12:00:00.0/2019-07-10T13:00:00.0;1075.6254;818.1666;648.9454;169.2212;794.7429;676.4268;382.111;294.3159;468.5742;1
2019-07-10T13:00:00.0/2019-07-10T14:00:00.0;990.9349;745.9343;590.1121;155.8223;784.3232;670.3743;427.3541;243.0202;568.8456;1
2019-07-10T14:00:00.0/2019-07-10T15:00:00.0;866.2106;638.8593;500.1017;138.7575;760.098;589.7242;414.1485;175.5758;632.0964;1
2019-07-10T15:00:00.0/2019-07-10T16:00:00.0;709.9432;504.3249;383.0359;121.289;709.3254;487.8532;384.0362;103.817;711.16;1
2019-07-10T16:00:00.0/2019-07-10T17:00:00.0;532.7734;353.8349;252.1227;101.7122;620.2201;337.2033;249.827;87.3764;614.1964;1
2019-07-10T17:00:00.0/2019-07-10T18:00:00.0;346.7664;203.5724;128.3293;75.243;479.6224;188.5656;122.1416;66.424;454.8823;1
2019-07-10T18:00:00.0/2019-07-10T19:00:00.0;164.5895;74.922;35.1698;39.7523;257.5175;66.0538;26.1366;39.9172;176.0553;1
2019-07-10T19:00:00.0/2019-07-10T20:00:00.0;18.6128;5.3138;0.9879;4.3259;22.0911;3.6242;0;3.6242;0;1
2019-07-10T20:00:00.0/2019-07-10T21:00:00.0;0;0;0;0;0;0;0;0;0;1
2019-07-10T21:00:00.0/2019-07-10T22:00:00.0;0;0;0;0;0;0;0;0;0;1
2019-07-10T22:00:00.0/2019-07-10T23:00:00.0;0;0;0;0;0;0;0;0;0;1
2019-07-10T23:00:00.0/2019-07-11T00:00:00.0;0;0;0;0;0;0;0;0;0;1
2019-07-11T00:00:00.0/2019-07-11T01:00:00.0;0;0;0;0;0;0;0;0;0;1
2019-07-11T01:00:00.0/2019-07-11T02:00:00.0;0;0;0;0;0;0;0;0;0;1
2019-07-11T02:00:00.0/2019-07-11T03:00:00.0;0.5032;0.1027;0.0015;0.1012;0;0.0005;0;0.0005;0;1
2019-07-11T03:00:00.0/2019-07-11T04:00:00.0;95.2533;36.547;13.1553;23.3918;139.1123;31.0374;7.076;23.9613;62.3303;1
2019-07-11T04:00:00.0/2019-07-11T05:00:00.0;272.2981;147.1597;83.7168;63.4429;393.096;134.834;77.5807;57.2534;361.1187;1
2019-07-11T05:00:00.0/2019-07-11T06:00:00.0;458.2077;292.2264;197.6474;94.579;563.7036;276.4304;195.6547;80.7757;557.4557;1
2019-07-11T06:00:00.0/2019-07-11T07:00:00.0;640.3094;445.2379;326.6521;118.5858;670.1506;429.2223;329.1729;100.0494;675.145;1
2019-07-11T07:00:00.0/2019-07-11T08:00:00.0;806.1874;588.84;451.5859;137.2542;737.0785;572.1169;453.3144;118.8025;740.3871;1
2019-07-11T08:00:00.0/2019-07-11T09:00:00.0;944.5301;710.4141;559.1504;151.2637;779.5164;666.3452;480.087;186.2582;671.945;1
2019-07-11T09:00:00.0/2019-07-11T10:00:00.0;1045.9003;801.4346;645.321;156.1135;812.6082;699.5383;417.4267;282.1116;525.7676;1
2019-07-11T10:00:00.0/2019-07-11T11:00:00.0;1103.3799;854.7734;703.4126;151.3607;839.7917;735.7828;462.1615;273.6213;551.4474;1
2019-07-11T11:00:00.0/2019-07-11T12:00:00.0;1113.0409;865.201;722.061;143.14;854.64;797.6649;577.0342;220.6306;683.1301;1
2019-07-11T12:00:00.0/2019-07-11T13:00:00.0;1074.2145;830.317;691.1952;139.1218;847.5524;795.3785;625.4674;169.9111;766.5716;1
2019-07-11T13:00:00.0/2019-07-11T14:00:00.0;989.5366;752.7634;613.9227;138.8407;816.991;720.6466;564.3361;156.3106;752.3776;1
2019-07-11T14:00:00.0/2019-07-11T15:00:00.0;864.7679;640.2698;505.9391;134.3307;769.9688;611.2663;474.663;136.6033;720.471;1
2019-07-11T15:00:00.0/2019-07-11T16:00:00.0;708.4023;501.444;376.571;124.873;698.5544;475.2461;358.0985;117.1476;666.153;1
2019-07-11T16:00:00.0/2019-07-11T17:00:00.0;531.0867;348.1204;240.424;107.6964;592.7314;331.8214;239.1153;92.7061;589.1213;1
2019-07-11T17:00:00.0/2019-07-11T18:00:00.0;344.896;196.7723;116.6403;80.132;437.045;182.2816;110.7483;71.5333;413.1988;1
2019-07-11T18:00:00.0/2019-07-11T19:00:00.0;162.5098;70.618;29.5088;41.1093;216.6524;62.2321;20.6421;41.59;137.0163;1
2019-07-11T19:00:00.0/2019-07-11T20:00:00.0;17.5442;4.7803;0.6887;4.0916;15.6643;3.1839;0;3.1839;0;1
2019-07-11T20:00:00.0/2019-07-11T21:00:00.0;0;0;0;0;0;0;0;0;0;1
2019-07-11T21:00:00.0/2019-07-11T22:00:00.0;0;0;0;0;0;0;0;0;0;1
2019-07-11T22:00:00.0/2019-07-11T23:00:00.0;0;0;0;0;0;0;0;0;0;1
2019-07-11T23:00:00.0/2019-07-12T00:00:00.0;0;0;0;0;0;0;0;0;0;1
2019-07-12T00:00:00.0/2019-07-12T01:00:00.0;0;0;0;0;0;0;0;0;0;1
2019-07-12T01:00:00.0/2019-07-12T02:00:00.0;0;0;0;0;0;0;0;0;0;1
2019-07-12T02:00:00.0/2019-07-12T03:00:00.0;0.2913;0.0547;0.0004;0.0543;0;0;0;0;0;1
2019-07-12T03:00:00.0/2019-07-12T04:00:00.0;92.2911;30.7207;6.7755;23.9452;71.1325;16.1125;0;16.1125;0;1
2019-07-12T04:00:00.0/2019-07-12T05:00:00.0;269.478;128.1162;53.1308;74.9853;249.7503;35.0778;0;35.0778;0;1
2019-07-12T05:00:00.0/2019-07-12T06:00:00.0;455.5672;264.0747;141.6902;122.3846;405.1767;96.6785;0;96.6785;0;1
2019-07-12T06:00:00.0/2019-07-12T07:00:00.0;637.873;413.031;251.9415;161.0895;518.1979;148.704;0;148.704;0;1
2019-07-12T07:00:00.0/2019-07-12T08:00:00.0;803.9655;555.2632;364.5494;190.7138;596.3596;327.1402;104.6963;222.4438;168.1963;1
2019-07-12T08:00:00.0/2019-07-12T09:00:00.0;942.5178;676.4843;464.5483;211.9359;648.9012;476.2195;135.4889;340.7305;188.5059;1
2019-07-12T09:00:00.0/2019-07-12T10:00:00.0;1044.078;765.996;536.4475;229.5485;676.8229;601.4902;232.2664;369.2239;292.4359;1
2019-07-12T10:00:00.0/2019-07-12T11:00:00.0;1101.7144;816.7449;571.9021;244.8428;683.9058;668.0975;283.7839;384.3135;339.3444;1
2019-07-12T11:00:00.0/2019-07-12T12:00:00.0;1111.4878;824.6929;570.7374;253.9555;676.4972;704.6251;337.5379;367.0871;400.1687;1
2019-07-12T12:00:00.0/2019-07-12T13:00:00.0;1072.7214;790.7487;543.6426;247.1061;667.6706;620.7474;256.658;364.0894;314.472;1
2019-07-12T13:00:00.0/2019-07-12T14:00:00.0;988.0463;717.7925;492.7679;225.0246;656.9005;521.0334;163.9206;357.1129;217.5896;1
2019-07-12T14:00:00.0/2019-07-12T15:00:00.0;863.2228;610.193;412.4757;197.7173;629.0181;314.7631;36.2032;278.5598;52.7474;1
2019-07-12T15:00:00.0/2019-07-12T16:00:00.0;706.7479;476.9794;310.6619;166.3174;577.8027;80.2314;0;80.2314;0;1
2019-07-12T16:00:00.0/2019-07-12T17:00:00.0;529.2759;330.2763;199.8696;130.4068;494.5428;147.6498;14.6171;133.0327;41.4364;1
2019-07-12T17:00:00.0/2019-07-12T18:00:00.0;342.8921;186.2248;97.2727;88.952;366.7406;148.0312;45.539;102.4922;175.5365;1
2019-07-12T18:00:00.0/2019-07-12T19:00:00.0;160.289;66.733;24.6799;42.0531;183.4078;57.3867;13.3444;44.0422;88.5038;1
2019-07-12T19:00:00.0/2019-07-12T20:00:00.0;16.4434;4.3527;0.5388;3.8138;12.5483;2.828;0;2.828;0;1
2019-07-12T20:00:00.0/2019-07-12T21:00:00.0;0;0;0;0;0;0;0;0;0;1
2019-07-12T21:00:00.0/2019-07-12T22:00:00.0;0;0;0;0;0;0;0;0;0;1
2019-07-12T22:00:00.0/2019-07-12T23:00:00.0;0;0;0;0;0;0;0;0;0;1
2019-07-12T23:00:00.0/2019-07-13T00:00:00.0;0;0;0;0;0;0;0;0;0;1
2019-07-13T00:00:00.0/2019-07-13T01:00:00.0;0;0;0;0;0;0;0;0;0;1
2019-07-13T01:00:00.0/2019-07-13T02:00:00.0;0;0;0;0;0;0;0;0;0;1
2019-07-13T02:00:00.0/2019-07-13T03:00:00.0;0.1335;0.0252;0.0008;0.0245;0;0;0;0;0;1
2019-07-13T03:00:00.0/2019-07-13T04:00:00.0;89.2285;30.6871;7.876;22.8111;84.9174;22.3734;0;22.3734;0;1
2019-07-13T04:00:00.0/2019-07-13T05:00:00.0;266.5681;130.7409;59.6;71.141;283.8576;102.1019;28.4215;73.6804;117.9308;1
2019-07-13T05:00:00.0/2019-07-13T06:00:00.0;452.8461;268.1487;153.1939;114.9547;441.2691;253.8693;153.1652;100.7041;440.1279;1
2019-07-13T06:00:00.0/2019-07-13T07:00:00.0;635.3636;417.7371;267.395;150.3421;552.2914;404.1944;276.4816;127.7129;570.8397;1
2019-07-13T07:00:00.0/2019-07-13T08:00:00.0;801.6758;560.973;384.6794;176.2935;631.1889;548.8142;401.9943;146.8199;659.5417;1
2019-07-13T08:00:00.0/2019-07-13T09:00:00.0;940.4401;682.9753;488.2853;194.69;683.6422;673.7497;512.501;161.2486;717.5053;1
2019-07-13T09:00:00.0/2019-07-13T10:00:00.0;1042.1899;774.9952;571.5903;203.405;722.3896;768.7626;601.4587;167.3038;760.1437;1
2019-07-13T10:00:00.0/2019-07-13T11:00:00.0;1099.98;829.8806;627.3654;202.5152;751.4138;824.1772;657.7295;166.4478;787.8026;1
2019-07-13T11:00:00.0/2019-07-13T12:00:00.0;1109.8601;841.9438;646.7353;195.2086;767.7914;748.9993;498.0385;250.9608;591.1432;1
2019-07-13T12:00:00.0/2019-07-13T13:00:00.0;1071.1455;809.0887;622.5096;186.5791;765.6628;784.759;608.8705;175.8885;749.5765;1
2019-07-13T13:00:00.0/2019-07-13T14:00:00.0;986.4635;733.9643;557.1656;176.7986;743.9244;719.6594;567.1657;152.4937;756.6439;1
2019-07-13T14:00:00.0/2019-07-13T15:00:00.0;861.5745;623.8591;461.5924;162.2666;705.2325;560.9836;353.2155;207.7681;538.7162;1
2019-07-13T15:00:00.0/2019-07-13T16:00:00.0;704.9795;486.4906;342.0293;144.4613;637.4728;431.3663;272.0806;159.2858;507.7531;1
2019-07-13T16:00:00.0/2019-07-13T17:00:00.0;527.3407;334.2736;213.6315;120.642;530.0235;316.7427;210.8669;105.8758;523.7639;1
2019-07-13T17:00:00.0/2019-07-13T18:00:00.0;340.7545;185.4334;99.1049;86.3284;374.8031;171.7813;93.3601;78.4212;350.9947;1
2019-07-13T18:00:00.0/2019-07-13T19:00:00.0;157.9272;64.365;22.9641;41.4009;171.3143;56.6261;14.2948;42.3313;93.8204;1
2019-07-13T19:00:00.0/2019-07-13T20:00:00.0;15.3177;3.9209;0.4188;3.5021;9.9799;2.4868;0;2.4868;0;1
2019-07-13T20:00:00.0/2019-07-13T21:00:00.0;0;0;0;0;0;0;0;0;0;1
2019-07-13T21:00:00.0/2019-07-13T22:00:00.0;0;0;0;0;0;0;0;0;0;1
2019-07-13T22:00:00.0/2019-07-13T23:00:00.0;0;0;0;0;0;0;0;0;0;1
2019-07-13T23:00:00.0/2019-07-14T00:00:00.0;0;0;0;0;0;0;0;0;0;1
2019-07-14T00:00:00.0/2019-07-14T01:00:00.0;0;0;0;0;0;0;0;0;0;1
2019-07-14T01:00:00.0/2019-07-14T02:00:00.0;0;0;0;0;0;0;0;0;0;1
2019-07-14T02:00:00.0/2019-07-14T03:00:00.0;0.0347;0.0062;0.0005;0.0057;0;0;0;0;0;1
2019-07-14T03:00:00.0/2019-07-14T04:00:00.0;86.0669;28.2743;6.2741;22.0001;67.9505;20.3244;0;20.3244;0;1
2019-07-14T04:00:00.0/2019-07-14T05:00:00.0;263.5695;125.2117;53.2209;71.9908;255.1908;73.0447;0;73.0447;0;1
2019-07-14T05:00:00.0/2019-07-14T06:00:00.0;450.0455;262.236;145.194;117.0419;420.1859;72.9196;0;72.9196;0;1
2019-07-14T06:00:00.0/2019-07-14T07:00:00.0;632.782;412.5997;260.6255;151.9742;540.3777;106.4681;0;106.4681;0;1
2019-07-14T07:00:00.0/2019-07-14T08:00:00.0;799.3187;556.3401;379.3595;176.9807;624.2542;168.7004;0;168.7004;0;1
2019-07-14T08:00:00.0/2019-07-14T09:00:00.0;938.2974;679.0582;485.6128;193.4454;681.4591;180.958;0;180.958;0;1
2019-07-14T09:00:00.0/2019-07-14T10:00:00.0;1040.2362;771.4017;571.7919;199.6098;724.0423;243.1136;0;243.1136;0;1
2019-07-14T10:00:00.0/2019-07-14T11:00:00.0;1098.1764;826.1038;631.3609;194.7429;757.4965;275.2032;0.0625;275.1406;0.0742;1
2019-07-14T11:00:00.0/2019-07-14T12:00:00.0;1108.1572;838.0697;653.8957;184.174;777.5571;485.7095;98.4018;387.3077;117.1828;1
2019-07-14T12:00:00.0/2019-07-14T13:00:00.0;1069.4863;805.8934;632.1622;173.7312;778.8268;553.0065;192.7959;360.2106;237.3719;1
2019-07-14T13:00:00.0/2019-07-14T14:00:00.0;984.7878;732.2089;568.5684;163.6405;760.5475;419.2841;73.838;345.4462;98.5456;1
2019-07-14T14:00:00.0/2019-07-14T15:00:00.0;859.8226;623.657;474.0793;149.5777;725.9293;417.3979;121.0125;296.3854;185.1776;1
2019-07-14T15:00:00.0/2019-07-14T16:00:00.0;703.0967;489.843;360.3047;129.5383;674.0467;300.0708;56.8108;243.26;106.466;1
2019-07-14T16:00:00.0/2019-07-14T17:00:00.0;525.2808;342.5784;239.5051;103.0733;598.058;250.9913;104.9917;145.9996;272.2864;1
2019-07-14T17:00:00.0/2019-07-14T18:00:00.0;338.4832;195.9706;123.879;72.0916;475.013;162.8687;86.4137;76.455;338.1214;1
2019-07-14T18:00:00.0/2019-07-14T19:00:00.0;155.4245;70.089;34.003;36.0859;262.3234;61.507;24.6376;36.8694;172.7344;1
2019-07-14T19:00:00.0/2019-07-14T20:00:00.0;14.1741;3.9406;0.7482;3.1924;18.3924;2.5002;0;2.5002;0;1
2019-07-14T20:00:00.0/2019-07-14T21:00:00.0;0;0;0;0;0;0;0;0;0;1
2019-07-14T21:00:00.0/2019-07-14T22:00:00.0;0;0;0;0;0;0;0;0;0;1
2019-07-14T22:00:00.0/2019-07-14T23:00:00.0;0;0;0;0;0;0;0;0;0;1
2019-07-14T23:00:00.0/2019-07-15T00:00:00.0;0;0;0;0;0;0;0;0;0;1
2019-07-15T00:00:00.0/2019-07-15T01:00:00.0;0;0;0;0;0;0;0;0;0;1
2019-07-15T01:00:00.0/2019-07-15T02:00:00.0;0;0;0;0;0;0;0;0;0;1
2019-07-15T02:00:00.0/2019-07-15T03:00:00.0;0;0;0;0;0;0;0;0;0;1
2019-07-15T03:00:00.0/2019-07-15T04:00:00.0;82.8077;31.0165;11.0831;19.9333;125.4149;16.6579;0;16.6579;0;1
2019-07-15T04:00:00.0/2019-07-15T05:00:00.0;260.4837;138.6015;78.7272;59.8743;385.6348;36.0337;0;36.0337;0;1
2019-07-15T05:00:00.0/2019-07-15T06:00:00.0;447.1666;282.2668;190.6958;91.571;557.2955;65.999;0;65.999;0;1
2019-07-15T06:00:00.0/2019-07-15T07:00:00.0;630.129;434.3736;317.1141;117.2595;661.3541;136.1621;0;136.1621;0;1
2019-07-15T07:00:00.0/2019-07-15T08:00:00.0;796.895;577.1664;438.6041;138.5623;724.4916;156.8462;0;156.8462;0;1
2019-07-15T08:00:00.0/2019-07-15T09:00:00.0;936.09;698.1667;542.743;155.4236;763.7401;172.9408;0;172.9408;0;1
2019-07-15T09:00:00.0/2019-07-15T10:00:00.0;1038.2169;782.369;596.8623;185.5068;757.8583;217.326;0;217.326;0;1
2019-07-15T10:00:00.0/2019-07-15T11:00:00.0;1096.3036;823.0294;597.446;225.5834;718.278;346.2979;3.9457;342.3523;4.6909;1
2019-07-15T11:00:00.0/2019-07-15T12:00:00.0;1106.3789;820.7493;561.6065;259.1428;668.8794;442.0017;53.5635;388.4382;63.8745;1
2019-07-15T12:00:00.0/2019-07-15T13:00:00.0;1067.7435;779.0978;507.5012;271.5966;626.2132;458.4874;78.1128;380.3746;96.4299;1
2019-07-15T13:00:00.0/2019-07-15T14:00:00.0;983.0187;700.4246;437.1353;263.2893;585.5771;412.4027;62.2245;350.1782;83.4157;1
2019-07-15T14:00:00.0/2019-07-15T15:00:00.0;857.9666;586.5742;343.2312;243.343;526.2368;378.4605;79.3931;299.0674;120.766;1
2019-07-15T15:00:00.0/2019-07-15T16:00:00.0;701.0991;450.3266;243.495;206.8316;456.2523;195.2769;0.9412;194.3356;1.595;1
2019-07-15T16:00:00.0/2019-07-15T17:00:00.0;523.096;305.1663;147.8351;157.3312;369.3972;86.288;0;86.288;0;1
2019-07-15T17:00:00.0/2019-07-15T18:00:00.0;336.0783;166.2841;64.9673;101.3168;248.3205;52.2594;0;52.2594;0;1
2019-07-15T18:00:00.0/2019-07-15T19:00:00.0;152.7814;56.407;13.3907;43.0163;101.247;20.5099;0;20.5099;0;1
2019-07-15T19:00:00.0/2019-07-15T20:00:00.0;13.0197;3.1212;0.1723;2.9488;4.3537;1.5483;0;1.5483;0;1
2019-07-15T20:00:00.0/2019-07-15T21:00:00.0;0;0;0;0;0;0;0;0;0;1
2019-07-15T21:00:00.0/2019-07-15T22:00:00.0;0;0;0;0;0;0;0;0;0;1
2019-07-15T22:00:00.0/2019-07-15T23:00:00.0;0;0;0;0;0;0;0;0;0;1
2019-07-15T23:00:00.0/2019-07-16T00:00:00.0;0;0;0;0;0;0;0;0;0;1
2019-07-16T00:00:00.0/2019-07-16T01:00:00.0;0;0;0;0;0;0;0;0;0;1
2019-07-16T01:00:00.0/2019-07-16T02:00:00.0;0;0;0;0;0;0;0;0;0;1
2019-07-16T02:00:00.0/2019-07-16T03:00:00.0;0;0;0;0;0;0;0;0;0;1
2019-07-16T03:00:00.0/2019-07-16T04:00:00.0;79.4772;28.0156;7.9363;20.0793;89.5624;16.0895;0;16.0895;0;1
2019-07-16T04:00:00.0/2019-07-16T05:00:00.0;257.3117;132.3373;69.177;63.1603;340.0721;74.4292;1.5922;72.837;6.3296;1
2019-07-16T05:00:00.0/2019-07-16T06:00:00.0;444.2102;277.5852;185.5536;92.0316;544.4732;187.0477;54.151;132.8967;163.9564;1
2019-07-16T06:00:00.0/2019-07-16T07:00:00.0;627.4055;432.8655;324.3039;108.5616;678.8472;198.3596;4.6039;193.7558;10.6902;1
2019-07-16T07:00:00.0/2019-07-16T08:00:00.0;794.405;579.009;460.2802;118.7289;762.5036;101.5914;0;101.5914;0;1
2019-07-16T08:00:00.0/2019-07-16T09:00:00.0;933.818;703.5788;580.7111;122.8677;819.0829;102.7941;0;102.7941;0;1
2019-07-16T09:00:00.0/2019-07-16T10:00:00.0;1036.1318;792.4718;655.3251;137.1467;833.673;167.0117;0;167.0117;0;1
2019-07-16T10:00:00.0/2019-07-16T11:00:00.0;1094.3613;838.8579;675.6881;163.1698;813.8084;218.304;0;218.304;0;1
2019-07-16T11:00:00.0/2019-07-16T12:00:00.0;1104.5248;842.7962;658.5168;184.2793;785.7368;468.4277;83.2503;385.1774;99.464;1
2019-07-16T12:00:00.0/2019-07-16T13:00:00.0;1065.9166;809.9534;628.3637;181.5896;777.0342;417.3539;54.6332;362.7207;67.0064;1
2019-07-16T13:00:00.0/2019-07-16T14:00:00.0;981.1556;742.4244;586.3431;156.0813;787.6779;314.1493;1.3227;312.8266;1.7014;1
2019-07-16T14:00:00.0/2019-07-16T15:00:00.0;856.0062;639.7956;512.6284;127.1672;789.2347;299.8044;2.191;297.6134;3.4274;1
2019-07-16T15:00:00.0/2019-07-16T16:00:00.0;698.9863;507.0051;402.5154;104.4897;757.7134;228.1746;0;228.1746;0;1
2019-07-16T16:00:00.0/2019-07-16T17:00:00.0;520.7862;355.3753;269.1595;86.2158;678.2137;184.1617;7.7877;176.374;21.8702;1
2019-07-16T17:00:00.0/2019-07-16T18:00:00.0;333.5398;203.4344;140.1868;63.2475;545.9219;151.4013;65.4326;85.9687;260.0452;1
2019-07-16T18:00:00.0/2019-07-16T19:00:00.0;149.9981;71.6391;38.529;33.1101;307.2654;52.4722;9.2081;43.2641;71.9415;1
2019-07-16T19:00:00.0/2019-07-16T20:00:00.0;11.8421;3.432;0.7302;2.7018;19.1064;2.0427;0;2.0427;0;1
2019-07-16T20:00:00.0/2019-07-16T21:00:00.0;0;0;0;0;0;0;0;0;0;1
2019-07-16T21:00:00.0/2019-07-16T22:00:00.0;0;0;0;0;0;0;0;0;0;1
2019-07-16T22:00:00.0/2019-07-16T23:00:00.0;0;0;0;0;0;0;0;0;0;1
2019-07-16T23:00:00.0/2019-07-17T00:00:00.0;0;0;0;0;0;0;0;0;0;1
2019-07-17T00:00:00.0/2019-07-17T01:00:00.0;0;0;0;0;0;0;0;0;0;1
2019-07-17T01:00:00.0/2019-07-17T02:00:00.0;0;0;0;0;0;0;0;0;0;1
2019-07-17T02:00:00.0/2019-07-17T03:00:00.0;0;0;0;0;0;0;0;0;0;1
2019-07-17T03:00:00.0/2019-07-17T04:00:00.0;76.1499;29.5636;11.8757;17.6879;140.5366;24.7181;6.3071;18.4111;62.262;1
2019-07-17T04:00:00.0/2019-07-17T05:00:00.0;254.0549;139.7673;86.6585;53.1089;435.6786;127.4344;79.544;47.8904;396.2191;1
2019-07-17T05:00:00.0/2019-07-17T06:00:00.0;441.1775;285.4234;206.9759;78.4474;613.6072;268.9269;201.6424;67.2845;597.3948;1
2019-07-17T06:00:00.0/2019-07-17T07:00:00.0;624.6121;438.7894;341.8282;96.9611;719.3996;346.9449;192.3874;154.5575;414.6404;1
2019-07-17T07:00:00.0/2019-07-17T08:00:00.0;791.8493;582.9286;472.1768;110.7518;785.1234;452.4724;242.6605;209.8119;404.9621;1
2019-07-17T08:00:00.0/2019-07-17T09:00:00.0;931.4817;705.1346;584.2531;120.8815;826.4003;432.2603;115.1958;317.0645;164.407;1
2019-07-17T09:00:00.0/2019-07-17T10:00:00.0;1033.9812;795.7289;667.0558;128.6731;850.2485;575.6818;285.9923;289.6895;362.3633;1
2019-07-17T10:00:00.0/2019-07-17T11:00:00.0;1092.3492;847.7259;713.2495;134.4764;860.6531;756.2588;569.4247;186.834;685.6694;1
2019-07-17T11:00:00.0/2019-07-17T12:00:00.0;1102.5945;856.904;719.1927;137.7113;859.7709;848.1298;728.6704;119.4593;871.1013;1
2019-07-17T12:00:00.0/2019-07-17T13:00:00.0;1064.0051;821.5335;681.8615;139.6721;844.5975;811.8928;691.1439;120.7488;856.0968;1
2019-07-17T13:00:00.0/2019-07-17T14:00:00.0;979.1981;744.1401;604.4147;139.7254;813.2709;732.2527;612.1553;120.0975;823.6684;1
2019-07-17T14:00:00.0/2019-07-17T15:00:00.0;853.9409;631.3654;495.9863;135.3791;764.7758;616.7429;500.8776;115.8653;772.3002;1
2019-07-17T15:00:00.0/2019-07-17T16:00:00.0;696.7582;493.0481;369.7328;123.3153;697.9207;476.7462;372.075;104.6712;702.214;1
2019-07-17T16:00:00.0/2019-07-17T17:00:00.0;518.3513;341.0869;238.3024;102.7845;602.4821;324.4873;236.365;88.1223;597.1589;1
2019-07-17T17:00:00.0/2019-07-17T18:00:00.0;330.8679;190.2917;115.7724;74.5194;452.3582;175.7076;109.543;66.1646;426.0588;1
2019-07-17T18:00:00.0/2019-07-17T19:00:00.0;147.0749;63.9226;27.4902;36.4325;218.3737;55.912;18.9427;36.9693;133.8368;1
2019-07-17T19:00:00.0/2019-07-17T20:00:00.0;10.6956;2.8085;0.3485;2.46;9.496;1.5727;0;1.5727;0;1
2019-07-17T20:00:00.0/2019-07-17T21:00:00.0;0;0;0;0;0;0;0;0;0;1
2019-07-17T21:00:00.0/2019-07-17T22:00:00.0;0;0;0;0;0;0;0;0;0;1
2019-07-17T22:00:00.0/2019-07-17T23:00:00.0;0;0;0;0;0;0;0;0;0;1
2019-07-17T23:00:00.0/2019-07-18T00:00:00.0;0;0;0;0;0;0;0;0;0;1
2019-07-18T00:00:00.0/2019-07-18T01:00:00.0;0;0;0;0;0;0;0;0;0;1
2019-07-18T01:00:00.0/2019-07-18T02:00:00.0;0;0;0;0;0;0;0;0;0;1
2019-07-18T02:00:00.0/2019-07-18T03:00:00.0;0;0;0;0;0;0;0;0;0;1
2019-07-18T03:00:00.0/2019-07-18T04:00:00.0;72.8091;25.2402;6.9661;18.2742;82.3187;20.9981;2.3484;18.6497;22.2034;1
2019-07-18T04:00:00.0/2019-07-18T05:00:00.0;250.7142;125.8638;62.5242;63.3396;315.5335;114.8437;55.8326;59.0111;277.1405;1
2019-07-18T05:00:00.0/2019-07-18T06:00:00.0;438.0693;266.9649;165.9997;100.9652;494.3507;252.1375;164.6344;87.5031;489.4792;1
2019-07-18T06:00:00.0/2019-07-18T07:00:00.0;621.7494;420.7349;293.3179;127.417;619.3215;405.6013;297.6595;107.9418;628.3541;1
2019-07-18T07:00:00.0/2019-07-18T08:00:00.0;789.2282;567.8865;425.3387;142.5478;709.2327;553.4398;433.3505;120.0893;722.5976;1
2019-07-18T08:00:00.0/2019-07-18T09:00:00.0;929.0812;693.2504;543.4147;149.8357;770.4929;681.0371;553.793;127.2441;785.2092;1
2019-07-18T09:00:00.0/2019-07-18T10:00:00.0;1031.7648;783.713;622.0974;161.6156;794.848;752.2552;590.5455;161.7097;755.6673;1
2019-07-18T10:00:00.0/2019-07-18T11:00:00.0;1090.2672;832.4279;652.0861;180.3418;788.4959;803.6095;630.0738;173.5357;761.4941;1
2019-07-18T11:00:00.0/2019-07-18T12:00:00.0;1100.5875;838.1026;642.4953;195.6073;769.558;824.4027;653.6465;170.7562;782.8795;1
2019-07-18T12:00:00.0/2019-07-18T13:00:00.0;1062.0084;802.2571;605.8604;196.3968;752.022;786.7065;613.1627;173.5438;761.3607;1
2019-07-18T13:00:00.0/2019-07-18T14:00:00.0;977.1458;727.6025;544.894;182.7084;734.9086;697.2049;523.2554;173.9495;706.044;1
2019-07-18T14:00:00.0/2019-07-18T15:00:00.0;851.7703;617.6774;453.1787;164.4987;700.7766;538.9814;342.6661;196.3152;524.6459;1
2019-07-18T15:00:00.0/2019-07-18T16:00:00.0;694.4146;481.064;338.8044;142.2595;641.655;424.0746;268.804;155.2706;515.6115;1
2019-07-18T16:00:00.0/2019-07-18T17:00:00.0;515.7912;330.1229;215.419;114.7039;547.1141;314.3175;215.5423;98.7752;546.8999;1
2019-07-18T17:00:00.0/2019-07-18T18:00:00.0;328.0627;181.851;102.0558;79.7952;401.5555;166.2754;93.6668;72.6086;364.5263;1
2019-07-18T18:00:00.0/2019-07-18T19:00:00.0;144.0125;59.616;22.7631;36.853;182.3566;51.1736;13.1958;37.9778;92.9228;1
2019-07-18T19:00:00.0/2019-07-18T20:00:00.0;9.5619;2.3935;0.2264;2.1671;6.4315;1.2602;0;1.2602;0;1
2019-07-18T20:00:00.0/2019-07-18T21:00:00.0;0;0;0;0;0;0;0;0;0;1
2019-07-18T21:00:00.0/2019-07-18T22:00:00.0;0;0;0;0;0;0;0;0;0;1
2019-07-18T22:00:00.0/2019-07-18T23:00:00.0;0;0;0;0;0;0;0;0;0;1
2019-07-18T23:00:00.0/2019-07-19T00:00:00.0;0;0;0;0;0;0;0;0;0;1
2019-07-19T00:00:00.0/2019-07-19T01:00:00.0;0;0;0;0;0;0;0;0;0;1
2019-07-19T01:00:00.0/2019-07-19T02:00:00.0;0;0;0;0;0;0;0;0;0;1
2019-07-19T02:00:00.0/2019-07-19T03:00:00.0;0;0;0;0;0;0;0;0;0;1
2019-07-19T03:00:00.0/2019-07-19T04:00:00.0;69.455;20.3911;2.8993;17.4918;34.2828;11.1119;0;11.1119;0;1
2019-07-19T04:00:00.0/2019-07-19T05:00:00.0;247.291;106.2551;34.8275;71.4277;175.4463;63.343;2.0689;61.2742;8.3627;1
2019-07-19T05:00:00.0/2019-07-19T06:00:00.0;434.8865;237.1283;111.5372;125.5911;332.8798;156.4082;18.4192;137.9889;53.2797;1
2019-07-19T06:00:00.0/2019-07-19T07:00:00.0;618.8182;386.6963;218.1585;168.5378;462.0944;349.3005;190.497;158.8034;398.4719;1
2019-07-19T07:00:00.0/2019-07-19T08:00:00.0;786.5422;532.4286;334.1889;198.2397;558.8265;488.0935;280.3449;207.7486;471.6064;1
2019-07-19T08:00:00.0/2019-07-19T09:00:00.0;926.6166;657.9608;441.8508;216.11;628.0531;500.8695;199.6541;301.2154;288.1308;1
2019-07-19T09:00:00.0/2019-07-19T10:00:00.0;1029.4824;748.258;515.7469;232.5111;660.4599;411.1202;55.0131;356.1071;70.7349;1
2019-07-19T10:00:00.0/2019-07-19T11:00:00.0;1088.1149;795.9026;545.4523;250.4503;660.9404;376.5675;10.5695;365.998;12.8028;1
2019-07-19T11:00:00.0/2019-07-19T12:00:00.0;1098.5037;800.5221;538.581;261.9411;646.4039;397.0462;21.3013;375.7449;25.5692;1
2019-07-19T12:00:00.0/2019-07-19T13:00:00.0;1059.9263;761.4479;495.1758;266.272;615.7815;418.4698;47.2961;371.1737;58.9704;1
2019-07-19T13:00:00.0/2019-07-19T14:00:00.0;974.9982;681.5473;422.7146;258.8327;571.1478;284.1305;7.3691;276.7614;9.5685;1
2019-07-19T14:00:00.0/2019-07-19T15:00:00.0;849.494;567.0631;327.8519;239.2112;507.8139;166.5749;0;166.5749;0;1
2019-07-19T15:00:00.0/2019-07-19T16:00:00.0;691.955;431.6643;229.2522;202.4121;435.348;266.6476;37.6487;228.9989;76.2072;1
2019-07-19T16:00:00.0/2019-07-19T17:00:00.0;513.106;288.7666;136.3574;152.4093;347.2169;224.1522;53.6257;170.5265;134.3918;1
2019-07-19T17:00:00.0/2019-07-19T18:00:00.0;325.1245;153.0701;57.0708;95.9992;224.7611;53.6624;0.4044;53.2581;1.2837;1
2019-07-19T18:00:00.0/2019-07-19T19:00:00.0;140.8111;48.4267;10.483;37.9437;83.7038;15.4804;0;15.4804;0;1
2019-07-19T19:00:00.0/2019-07-19T20:00:00.0;8.4478;1.8536;0.0682;1.7853;2.0325;0.7003;0;0.7003;0;1
2019-07-19T20:00:00.0/2019-07-19T21:00:00.0;0;0;0;0;0;0;0;0;0;1
2019-07-19T21:00:00.0/2019-07-19T22:00:00.0;0;0;0;0;0;0;0;0;0;1
2019-07-19T22:00:00.0/2019-07-19T23:00:00.0;0;0;0;0;0;0;0;0;0;1
2019-07-19T23:00:00.0/2019-07-20T00:00:00.0;0;0;0;0;0;0;0;0;0;1
2019-07-20T00:00:00.0/2019-07-20T01:00:00.0;0;0;0;0;0;0;0;0;0;1
2019-07-20T01:00:00.0/2019-07-20T02:00:00.0;0;0;0;0;0;0;0;0;0;1
2019-07-20T02:00:00.0/2019-07-20T03:00:00.0;0;0;0;0;0;0;0;0;0;1
2019-07-20T03:00:00.0/2019-07-20T04:00:00.0;66.1243;22.1258;5.6601;16.4657;69.6827;14.0814;0;14.0814;0;1
2019-07-20T04:00:00.0/2019-07-20T05:00:00.0;243.7874;120.0196;58.4848;61.5347;302.0513;98.1287;37.2299;60.8988;176.1655;1
2019-07-20T05:00:00.0/2019-07-20T06:00:00.0;431.631;261.1589;162.9824;98.1766;492.23;234.1718;136.5579;97.6139;413.563;1
2019-07-20T06:00:00.0/2019-07-20T07:00:00.0;615.82;413.4458;287.9597;125.4861;614.3683;371.2136;230.6686;140.545;490.5329;1
2019-07-20T07:00:00.0/2019-07-20T08:00:00.0;783.7924;556.5125;410.0354;146.4771;688.8452;533.6008;396.4537;137.1471;665.7155;1
2019-07-20T08:00:00.0/2019-07-20T09:00:00.0;924.0889;677.6642;516.0648;161.5994;735.9957;652.0148;491.1908;160.824;700.6548;1
2019-07-20T09:00:00.0/2019-07-20T10:00:00.0;1027.1348;764.5268;586.5181;178.0087;752.9866;690.0839;425.0538;265.03;547.1517;1
2019-07-20T10:00:00.0/2019-07-20T11:00:00.0;1085.8927;810.2769;613.3468;196.9301;744.8575;617.3227;241.8693;375.4534;294.3484;1
2019-07-20T11:00:00.0/2019-07-20T12:00:00.0;1096.3431;813.3309;603.1235;210.2074;725.3998;596.0521;189.1507;406.9014;227.5468;1
2019-07-20T12:00:00.0/2019-07-20T13:00:00.0;1057.7589;775.4879;560.9356;214.5523;699.1608;600.1024;221.3327;378.7698;276.0269;1
2019-07-20T13:00:00.0/2019-07-20T14:00:00.0;972.7556;698.9152;489.3063;209.6089;662.894;537.4534;189.9957;347.4578;256.986;1
2019-07-20T14:00:00.0/2019-07-20T15:00:00.0;847.1127;587.3371;390.7014;196.6357;607.2497;448.6323;148.0084;300.6239;230.0408;1
2019-07-20T15:00:00.0/2019-07-20T16:00:00.0;689.3804;451.722;280.7729;170.949;535.4752;342.9269;103.3165;239.6104;197.249;1
2019-07-20T16:00:00.0/2019-07-20T17:00:00.0;510.2965;305.1183;171.6438;133.4745;440.0619;197.7053;31.5261;166.1792;79.2262;1
2019-07-20T17:00:00.0/2019-07-20T18:00:00.0;322.0546;163.4811;75.4956;87.9855;301.1086;134.9633;46.1517;88.8116;181.7941;1
2019-07-20T18:00:00.0/2019-07-20T19:00:00.0;137.4726;50.6363;14.0011;36.6351;113.2341;34.7281;0.0772;34.6509;0.4515;1
2019-07-20T19:00:00.0/2019-07-20T20:00:00.0;7.3408;1.6483;0.0702;1.5781;2.0867;0.6717;0;0.6717;0;1
2019-07-20T20:00:00.0/2019-07-20T21:00:00.0;0;0;0;0;0;0;0;0;0;1
2019-07-20T21:00:00.0/2019-07-20T22:00:00.0;0;0;0;0;0;0;0;0;0;1
2019-07-20T22:00:00.0/2019-07-20T23:00:00.0;0;0;0;0;0;0;0;0;0;1
2019-07-20T23:00:00.0/2019-07-21T00:00:00.0;0;0;0;0;0;0;0;0;0;1
2019-07-21T00:00:00.0/2019-07-21T01:00:00.0;0;0;0;0;0;0;0;0;0;1
2019-07-21T01:00:00.0/2019-07-21T02:00:00.0;0;0;0;0;0;0;0;0;0;1
2019-07-21T02:00:00.0/2019-07-21T03:00:00.0;0;0;0;0;0;0;0;0;0;1
2019-07-21T03:00:00.0/2019-07-21T04:00:00.0;62.786;20.3072;4.7624;15.5449;59.317;15.3482;0.3168;15.0314;2.9585;1
2019-07-21T04:00:00.0/2019-07-21T05:00:00.0;240.2026;116.5378;56.38;60.1578;293.8834;101.7352;42.5753;59.1599;211.5616;1
2019-07-21T05:00:00.0/2019-07-21T06:00:00.0;428.3018;259.1044;165.9672;93.1372;504.5215;233.8203;146.0486;87.7717;449.3343;1
2019-07-21T06:00:00.0/2019-07-21T07:00:00.0;612.7537;413.6997;301.39;112.3096;646.0699;373.0151;257.5613;115.4538;545.8524;1
2019-07-21T07:00:00.0/2019-07-21T08:00:00.0;780.9775;558.7775;435.5963;123.1812;734.3852;363.6404;211.6552;151.9853;371.9529;1
2019-07-21T08:00:00.0/2019-07-21T09:00:00.0;921.4966;682.1002;554.9122;127.188;793.6465;202.7818;0;202.7818;0;1
2019-07-21T09:00:00.0/2019-07-21T10:00:00.0;1024.7205;769.1733;628.4804;140.6929;808.9804;480.2299;171.1096;309.1204;217.129;1
2019-07-21T10:00:00.0/2019-07-21T11:00:00.0;1083.599;813.3319;648.1699;165.162;788.9572;546.4883;208.3728;338.1155;253.9791;1
2019-07-21T11:00:00.0/2019-07-21T12:00:00.0;1094.104;815.0422;630.1658;184.8764;759.5831;629.0776;325.4605;303.6171;392.2497;1
2019-07-21T12:00:00.0/2019-07-21T13:00:00.0;1055.5044;778.0774;587.7727;190.3046;734.3615;565.9735;234.1918;331.7817;291.6188;1
2019-07-21T13:00:00.0/2019-07-21T14:00:00.0;970.4161;704.9124;523.8878;181.0246;711.7247;620.1257;411.6018;208.524;563.9693;1
2019-07-21T14:00:00.0/2019-07-21T15:00:00.0;844.6241;596.534;430.0618;166.4722;670.8104;584.9472;443.2816;141.6656;691.3968;1
2019-07-21T15:00:00.0/2019-07-21T16:00:00.0;686.6886;464.192;322.164;142.0281;617.6113;450.1572;328.2669;121.8903;629.0291;1
2019-07-21T16:00:00.0/2019-07-21T17:00:00.0;507.361;319.8509;210.3583;109.4926;543.9351;297.4128;196.8774;100.5354;505.1848;1
2019-07-21T17:00:00.0/2019-07-21T18:00:00.0;318.8511;176.5718;103.1569;73.415;418.8894;158.2586;88.9273;69.3314;363.0071;1
2019-07-21T18:00:00.0/2019-07-21T19:00:00.0;133.9952;56.2481;23.8711;32.377;204.3883;48.8152;15.3059;33.5093;113.6495;1
2019-07-21T19:00:00.0/2019-07-21T20:00:00.0;6.3033;1.5519;0.1598;1.3921;4.9136;0.618;0;0.618;0;1
2019-07-21T20:00:00.0/2019-07-21T21:00:00.0;0;0;0;0;0;0;0;0;0;1
2019-07-21T21:00:00.0/2019-07-21T22:00:00.0;0;0;0;0;0;0;0;0;0;1
2019-07-21T22:00:00.0/2019-07-21T23:00:00.0;0;0;0;0;0;0;0;0;0;1
2019-07-21T23:00:00.0/2019-07-22T00:00:00.0;0;0;0;0;0;0;0;0;0;1
2019-07-22T00:00:00.0/2019-07-22T01:00:00.0;0;0;0;0;0;0;0;0;0;1
2019-07-22T01:00:00.0/2019-07-22T02:00:00.0;0;0;0;0;0;0;0;0;0;1
2019-07-22T02:00:00.0/2019-07-22T03:00:00.0;0;0;0;0;0;0;0;0;0;1
2019-07-22T03:00:00.0/2019-07-22T04:00:00.0;59.4913;22.4529;8.6842;13.7687;114.6224;15.4916;0.0178;15.4738;0.1641;1
2019-07-22T04:00:00.0/2019-07-22T05:00:00.0;236.5387;128.695;79.9801;48.7149;429.6529;103.1927;47.9213;55.2714;240.3738;1
2019-07-22T05:00:00.0/2019-07-22T06:00:00.0;424.901;274.0893;201.7056;72.3837;620.8768;211.0101;97.7792;113.2309;311.0263;1
2019-07-22T06:00:00.0/2019-07-22T07:00:00.0;609.6208;426.2444;335.7831;90.4613;724.7888;302.5596;90.9135;211.6461;197.3649;1
2019-07-22T07:00:00.0/2019-07-22T08:00:00.0;778.0989;567.7788;460.8143;106.9645;780.463;362.4955;80.2696;282.2258;137.7094;1
2019-07-22T08:00:00.0/2019-07-22T09:00:00.0;918.8406;687.3448;566.4402;120.9045;812.8947;428.5859;96.448;332.1379;137.4167;1
2019-07-22T09:00:00.0/2019-07-22T10:00:00.0;1022.2398;766.7519;611.4742;155.2777;789.4712;516.722;148.2948;368.4273;191.41;1
2019-07-22T10:00:00.0/2019-07-22T11:00:00.0;1081.2341;799.6252;593.9001;205.725;724.7147;509.1374;121.3093;387.828;148.2174;1
2019-07-22T11:00:00.0/2019-07-22T12:00:00.0;1091.7867;790.7281;545.1041;245.6241;658.5106;433.6177;55.159;378.4587;66.657;1
2019-07-22T12:00:00.0/2019-07-22T13:00:00.0;1053.163;750.7377;500.7329;250.0048;627.2169;431.1858;63.8564;367.3294;79.6764;1
2019-07-22T13:00:00.0/2019-07-22T14:00:00.0;967.98;681.3461;461.2871;220.059;628.5466;311.7906;5.1419;306.6487;6.735;1
2019-07-22T14:00:00.0/2019-07-22T15:00:00.0;842.0289;577.7061;390.9426;186.7634;612.0594;243.1648;0;243.1648;0;1
2019-07-22T15:00:00.0/2019-07-22T16:00:00.0;683.8805;446.7199;290.1018;156.6182;557.8315;152.839;0;152.839;0;1
2019-07-22T16:00:00.0/2019-07-22T17:00:00.0;504.3003;300.8412;175.5826;125.2586;455.4609;93.8005;0;93.8005;0;1
2019-07-22T17:00:00.0/2019-07-22T18:00:00.0;315.5154;159.3115;75.0425;84.269;304.7897;44.782;0;44.782;0;1
2019-07-22T18:00:00.0/2019-07-22T19:00:00.0;130.3806;47.3923;12.7689;34.6234;106.4756;22.267;0;22.267;0;1
2019-07-22T19:00:00.0/2019-07-22T20:00:00.0;5.3083;1.1708;0.0405;1.1302;1.2605;0.3511;0;0.3511;0;1
2019-07-22T20:00:00.0/2019-07-22T21:00:00.0;0;0;0;0;0;0;0;0;0;1
2019-07-22T21:00:00.0/2019-07-22T22:00:00.0;0;0;0;0;0;0;0;0;0;1
2019-07-22T22:00:00.0/2019-07-22T23:00:00.0;0;0;0;0;0;0;0;0;0;1
2019-07-22T23:00:00.0/2019-07-23T00:00:00.0;0;0;0;0;0;0;0;0;0;1
2019-07-23T00:00:00.0/2019-07-23T01:00:00.0;0;0;0;0;0;0;0;0;0;1
2019-07-23T01:00:00.0/2019-07-23T02:00:00.0;0;0;0;0;0;0;0;0;0;1
2019-07-23T02:00:00.0/2019-07-23T03:00:00.0;0;0;0;0;0;0;0;0;0;1
2019-07-23T03:00:00.0/2019-07-23T04:00:00.0;56.2004;19.0332;5.4551;13.5782;72.1395;14.4189;0;14.4189;0;1
2019-07-23T04:00:00.0/2019-07-23T05:00:00.0;232.7969;116.3438;62.0327;54.3111;335.5661;65.9249;0;65.9249;0;1
2019-07-23T05:00:00.0/2019-07-23T06:00:00.0;421.4293;256.1175;170.0589;86.0586;526.8193;195.3794;98.4795;96.8999;287.9247;1
2019-07-23T06:00:00.0/2019-07-23T07:00:00.0;606.422;406.0422;296.2531;109.7891;642.3287;380.1184;276.5332;103.5852;600.7961;1
2019-07-23T07:00:00.0/2019-07-23T08:00:00.0;775.1568;547.8685;419.5338;128.3346;713.0755;515.7221;386.6801;129.042;654.5411;1
2019-07-23T08:00:00.0/2019-07-23T09:00:00.0;916.1211;668.8928;526.3594;142.5333;757.6072;597.3406;429.5948;167.7458;624.0323;1
2019-07-23T09:00:00.0/2019-07-23T10:00:00.0;1019.693;761.6151;617.5021;144.113;798.61;441.3799;89.0297;352.3501;116.4423;1
2019-07-23T10:00:00.0/2019-07-23T11:00:00.0;1078.7977;818.8422;686.1489;132.6934;839.0266;542.0804;229.6384;312.442;279.0433;1
2019-07-23T11:00:00.0/2019-07-23T12:00:00.0;1089.3909;834.1855;716.0277;118.1577;867.1757;817.1884;702.6514;114.5371;851.0266;1
2019-07-23T12:00:00.0/2019-07-23T13:00:00.0;1050.7341;804.8002;696.1059;108.6943;873.9946;795.4899;694.0381;101.4518;871.3898;1
2019-07-23T13:00:00.0/2019-07-23T14:00:00.0;965.4468;732.8782;627.9391;104.9391;857.8999;720.4951;623.8498;96.6453;852.2729;1
2019-07-23T14:00:00.0/2019-07-23T15:00:00.0;839.3267;625.4636;526.7036;98.76;827.3597;609.782;520.0945;89.6875;816.9084;1
2019-07-23T15:00:00.0/2019-07-23T16:00:00.0;680.9558;490.6094;401.2674;89.342;776.0894;473.0294;394.277;78.7524;762.4748;1
2019-07-23T16:00:00.0/2019-07-23T17:00:00.0;501.1147;339.8229;264.1805;75.6425;692.2336;322.1491;256.8024;65.3467;672.535;1
2019-07-23T17:00:00.0/2019-07-23T18:00:00.0;312.0479;188.3996;132.0894;56.3103;548.9393;173.1729;123.9793;49.1936;513.2961;1
2019-07-23T18:00:00.0/2019-07-23T19:00:00.0;126.6294;58.585;31.0812;27.5038;280.9132;50.5504;22.4286;28.1218;178.8617;1
2019-07-23T19:00:00.0/2019-07-23T20:00:00.0;4.3519;1.1356;0.1547;0.9809;4.2933;0.3964;0;0.3964;0;1
2019-07-23T20:00:00.0/2019-07-23T21:00:00.0;0;0;0;0;0;0;0;0;0;1
2019-07-23T21:00:00.0/2019-07-23T22:00:00.0;0;0;0;0;0;0;0;0;0;1
2019-07-23T22:00:00.0/2019-07-23T23:00:00.0;0;0;0;0;0;0;0;0;0;1
2019-07-23T23:00:00.0/2019-07-24T00:00:00.0;0;0;0;0;0;0;0;0;0;1
2019-07-24T00:00:00.0/2019-07-24T01:00:00.0;0;0;0;0;0;0;0;0;0;1
2019-07-24T01:00:00.0/2019-07-24T02:00:00.0;0;0;0;0;0;0;0;0;0;1
2019-07-24T02:00:00.0/2019-07-24T03:00:00.0;0;0;0;0;0;0;0;0;0;1
2019-07-24T03:00:00.0/2019-07-24T04:00:00.0;52.9692;20.1843;8.0437;12.1406;112.1583;16.439;3.6355;12.8035;41.8118;1
2019-07-24T04:00:00.0/2019-07-24T05:00:00.0;228.9787;125.793;79.9481;45.8449;443.3802;113.9358;72.4983;41.4375;397.0087;1
2019-07-24T05:00:00.0/2019-07-24T06:00:00.0;417.8878;271.8095;202.9346;68.8749;635.4582;255.246;196.6391;58.6069;615.1551;1
2019-07-24T06:00:00.0/2019-07-24T07:00:00.0;603.158;425.6578;340.1976;85.4602;742.2772;408.312;334.5955;73.7164;729.8726;1
2019-07-24T07:00:00.0/2019-07-24T08:00:00.0;772.1518;569.8909;471.5183;98.3726;804.9308;553.2301;466.4632;86.7669;796.2433;1
2019-07-24T08:00:00.0/2019-07-24T09:00:00.0;913.3381;692.17;584.2121;107.9578;843.6883;677.892;581.1867;96.7053;839.2725;1
2019-07-24T09:00:00.0/2019-07-24T10:00:00.0;1017.0797;779.1364;652.165;126.9714;846.259;768.3022;656.1039;112.1983;851.265;1
2019-07-24T10:00:00.0/2019-07-24T11:00:00.0;1076.2897;823.9404;667.468;156.4724;818.4131;815.8752;682.387;133.4883;836.671;1
2019-07-24T11:00:00.0/2019-07-24T12:00:00.0;1086.9159;825.7977;644.7634;181.0343;782.722;819.1513;668.2869;150.8644;811.293;1
2019-07-24T12:00:00.0/2019-07-24T13:00:00.0;1048.2175;788.4383;602.0836;186.3547;757.8986;774.8302;611.4636;163.3665;769.1719;1
2019-07-24T13:00:00.0/2019-07-24T14:00:00.0;962.8162;714.4823;541.2687;173.2135;741.6016;628.3071;365.9074;262.3996;498.7781;1
2019-07-24T14:00:00.0/2019-07-24T15:00:00.0;836.5172;605.0579;449.1837;155.8741;707.9405;510.3369;270.7276;239.6094;427.5237;1
2019-07-24T15:00:00.0/2019-07-24T16:00:00.0;677.9144;470.0194;337.4946;132.5248;655.6353;386.0742;189.5552;196.519;367.2667;1
2019-07-24T16:00:00.0/2019-07-24T17:00:00.0;497.8041;321.4934;218.1624;103.3309;575.1691;233.9031;74.4229;159.4802;191.5609;1
2019-07-24T17:00:00.0/2019-07-24T18:00:00.0;308.4489;174.6709;105.602;69.0689;442.9985;134.2692;48.5338;85.7354;200.7389;1
2019-07-24T18:00:00.0/2019-07-24T19:00:00.0;122.7423;52.1486;22.5349;29.6137;204.6601;40.4482;6.0574;34.3907;48.0541;1
2019-07-24T19:00:00.0/2019-07-24T20:00:00.0;3.4847;0.8373;0.0618;0.7754;1.7441;0.2483;0;0.2483;0;1
2019-07-24T20:00:00.0/2019-07-24T21:00:00.0;0;0;0;0;0;0;0;0;0;1
2019-07-24T21:00:00.0/2019-07-24T22:00:00.0;0;0;0;0;0;0;0;0;0;1
2019-07-24T22:00:00.0/2019-07-24T23:00:00.0;0;0;0;0;0;0;0;0;0;1
2019-07-24T23:00:00.0/2019-07-25T00:00:00.0;0;0;0;0;0;0;0;0;0;1
2019-07-25T00:00:00.0/2019-07-25T01:00:00.0;0;0;0;0;0;0;0;0;0;1
2019-07-25T01:00:00.0/2019-07-25T02:00:00.0;0;0;0;0;0;0;0;0;0;1
2019-07-25T02:00:00.0/2019-07-25T03:00:00.0;0;0;0;0;0;0;0;0;0;1
2019-07-25T03:00:00.0/2019-07-25T04:00:00.0;49.756;16.2638;3.8221;12.4418;53.3875;13.0697;0.6183;12.4514;6.6835;1
2019-07-25T04:00:00.0/2019-07-25T05:00:00.0;225.0852;108.1773;50.7701;57.4072;282.3501;98.042;43.3833;54.6587;234.7068;1
2019-07-25T05:00:00.0/2019-07-25T06:00:00.0;414.2776;244.1862;147.3452;96.841;463.9719;229.8712;144.4752;85.396;453.9431;1
2019-07-25T06:00:00.0/2019-07-25T07:00:00.0;599.8297;392.7992;265.9207;126.8785;582.5947;378.4747;268.7847;109.69;588.6706;1
2019-07-25T07:00:00.0/2019-07-25T08:00:00.0;769.0842;535.0831;387.0789;148.0043;663.1425;509.5352;370.8441;138.6911;635.4638;1
2019-07-25T08:00:00.0/2019-07-25T09:00:00.0;910.4919;655.9633;492.9647;162.9987;714.1113;637.3785;487.1455;150.2329;706.4534;1
2019-07-25T09:00:00.0/2019-07-25T10:00:00.0;1014.4;746.9033;576.6891;170.2142;750.0767;714.4672;532.296;182.1711;692.1904;1
2019-07-25T10:00:00.0/2019-07-25T11:00:00.0;1073.7097;800.8666;630.8781;169.9886;775.423;762.7145;565.5513;197.1632;695.2218;1
2019-07-25T11:00:00.0/2019-07-25T12:00:00.0;1084.3616;812.097;646.4453;165.6516;786.8146;780.602;596.4507;184.1512;726.0447;1
2019-07-25T12:00:00.0/2019-07-25T13:00:00.0;1045.6127;779.5921;620.4766;159.1155;783.1287;760.348;604.7932;155.5549;763.0882;1
2019-07-25T13:00:00.0/2019-07-25T14:00:00.0;960.0876;705.9274;555.0217;150.9057;762.7208;681.1528;528.7134;152.4394;727.512;1
2019-07-25T14:00:00.0/2019-07-25T15:00:00.0;833.6;597.1747;458.2209;138.9538;724.7975;584.1005;463.0654;121.0351;732.3995;1
2019-07-25T15:00:00.0/2019-07-25T16:00:00.0;674.7562;462.3573;339.7443;122.613;662.9138;447.214;340.6628;106.5512;664.5292;1
2019-07-25T16:00:00.0/2019-07-25T17:00:00.0;494.3687;313.4232;212.9687;100.4544;564.6949;296.4172;207.851;88.5662;549.7908;1
2019-07-25T17:00:00.0/2019-07-25T18:00:00.0;304.7188;166.3487;95.8964;70.4523;404.8343;150.8176;85.3797;65.4379;358.7875;1
2019-07-25T18:00:00.0/2019-07-25T19:00:00.0;118.72;47.0938;17.375;29.7188;157.667;40.3235;10.0035;30.32;76.8978;1
2019-07-25T19:00:00.0/2019-07-25T20:00:00.0;2.6718;0.5974;0.0222;0.5752;0.3287;0.1422;0;0.1422;0;1
2019-07-25T20:00:00.0/2019-07-25T21:00:00.0;0;0;0;0;0;0;0;0;0;1
2019-07-25T21:00:00.0/2019-07-25T22:00:00.0;0;0;0;0;0;0;0;0;0;1
2019-07-25T22:00:00.0/2019-07-25T23:00:00.0;0;0;0;0;0;0;0;0;0;1
2019-07-25T23:00:00.0/2019-07-26T00:00:00.0;0;0;0;0;0;0;0;0;0;1
2019-07-26T00:00:00.0/2019-07-26T01:00:00.0;0;0;0;0;0;0;0;0;0;1
2019-07-26T01:00:00.0/2019-07-26T02:00:00.0;0;0;0;0;0;0;0;0;0;1
2019-07-26T02:00:00.0/2019-07-26T03:00:00.0;0;0;0;0;0;0;0;0;0;1
2019-07-26T03:00:00.0/2019-07-26T04:00:00.0;46.6142;15.0755;3.8972;11.1783;56.0673;12.0803;0.6626;11.4177;7.4164;1
2019-07-26T04:00:00.0/2019-07-26T05:00:00.0;221.1179;106.8416;54.5682;52.2734;308.8352;96.6866;46.2752;50.4114;254.9032;1
2019-07-26T05:00:00.0/2019-07-26T06:00:00.0;410.5997;243.8973;157.2354;86.6619;499.8306;229.4116;152.2328;77.1788;482.8948;1
2019-07-26T06:00:00.0/2019-07-26T07:00:00.0;596.4377;394.6049;284.4121;110.1929;626.6566;379.8788;283.2054;96.6734;623.8136;1
2019-07-26T07:00:00.0/2019-07-26T08:00:00.0;765.9545;540.2645;417.0694;123.195;717.5076;526.3247;418.2457;108.079;719.5022;1
2019-07-26T08:00:00.0/2019-07-26T09:00:00.0;907.5828;664.9611;534.9691;129.992;777.5354;653.4267;537.9501;115.4766;781.8317;1
2019-07-26T09:00:00.0/2019-07-26T10:00:00.0;1011.6537;759.7301;627.9422;131.7879;819.1237;750.7883;633.248;117.5403;826.0405;1
2019-07-26T10:00:00.0/2019-07-26T11:00:00.0;1071.0574;817.4679;687.9433;129.5246;847.8207;809.588;693.6315;115.9565;854.8331;1
2019-07-26T11:00:00.0/2019-07-26T12:00:00.0;1081.7274;832.5042;708.1237;124.3804;864.1648;823.9579;712.1589;111.7989;869.0839;1
2019-07-26T12:00:00.0/2019-07-26T13:00:00.0;1042.9191;799.5117;676.1563;123.3554;855.7114;789.5618;678.8992;110.6626;859.1911;1
2019-07-26T13:00:00.0/2019-07-26T14:00:00.0;957.2609;720.9927;595.1641;125.8286;820.345;708.8226;597.4644;111.3582;823.4976;1
2019-07-26T14:00:00.0/2019-07-26T15:00:00.0;830.575;607.0734;483.0671;124.0063;766.8367;589.9509;479.4977;110.4532;760.632;1
2019-07-26T15:00:00.0/2019-07-26T16:00:00.0;671.4811;467.7917;353.9677;113.824;694.1368;446.8118;343.2482;103.5635;673.844;1
2019-07-26T16:00:00.0/2019-07-26T17:00:00.0;490.8085;315.5261;221.0821;94.444;590.5371;299.1745;216.6904;82.4841;578.2525;1
2019-07-26T17:00:00.0/2019-07-26T18:00:00.0;300.8579;165.866;99.1961;66.6698;424.1939;152.1556;91.289;60.8666;387.4987;1
2019-07-26T18:00:00.0/2019-07-26T19:00:00.0;114.5632;45.4428;17.7149;27.7278;165.026;38.7789;10.2269;28.552;80.4486;1
2019-07-26T19:00:00.0/2019-07-26T20:00:00.0;1.9671;0.4249;0.0142;0.4107;0;0.0809;0;0.0809;0;1
2019-07-26T20:00:00.0/2019-07-26T21:00:00.0;0;0;0;0;0;0;0;0;0;1
2019-07-26T21:00:00.0/2019-07-26T22:00:00.0;0;0;0;0;0;0;0;0;0;1
2019-07-26T22:00:00.0/2019-07-26T23:00:00.0;0;0;0;0;0;0;0;0;0;1
2019-07-26T23:00:00.0/2019-07-27T00:00:00.0;0;0;0;0;0;0;0;0;0;1
2019-07-27T00:00:00.0/2019-07-27T01:00:00.0;0;0;0;0;0;0;0;0;0;1
2019-07-27T01:00:00.0/2019-07-27T02:00:00.0;0;0;0;0;0;0;0;0;0;1
2019-07-27T02:00:00.0/2019-07-27T03:00:00.0;0;0;0;0;0;0;0;0;0;1
2019-07-27T03:00:00.0/2019-07-27T04:00:00.0;43.5075;12.6303;2.0507;10.5796;30.2945;9.9541;0;9.9541;0;1
2019-07-27T04:00:00.0/2019-07-27T05:00:00.0;217.0781;94.0146;35.5253;58.4893;202.3274;77.1823;15.1034;62.0789;86.3432;1
2019-07-27T05:00:00.0/2019-07-27T06:00:00.0;406.8554;222.7353;114.738;107.9973;367.0121;191.9048;82.9523;108.9525;254.3543;1
2019-07-27T06:00:00.0/2019-07-27T07:00:00.0;592.983;369.9821;222.4868;147.4953;492.4097;357.1196;228.8237;128.296;506.0782;1
2019-07-27T07:00:00.0/2019-07-27T08:00:00.0;762.7634;515.1092;342.2577;172.8515;591.0146;503.6944;357.0199;146.6745;616.436;1
2019-07-27T08:00:00.0/2019-07-27T09:00:00.0;904.6107;639.7603;452.1505;187.6098;659.2897;621.6057;451.6924;169.9132;659.7182;1
2019-07-27T09:00:00.0/2019-07-27T10:00:00.0;1008.8409;731.1828;533.7758;197.407;698.4235;676.7986;430.4762;246.3224;564.2135;1
2019-07-27T10:00:00.0/2019-07-27T11:00:00.0;1068.3326;781.9572;577.4016;204.5556;713.585;724.6746;461.5077;263.167;569.9409;1
2019-07-27T11:00:00.0/2019-07-27T12:00:00.0;1079.0131;789.8444;583.1868;206.6576;713.6198;760.5328;546.3195;214.2133;668.429;1
2019-07-27T12:00:00.0/2019-07-27T13:00:00.0;1040.1365;755.512;552.869;202.6431;701.7352;693.9846;433.0221;260.9625;548.6197;1
2019-07-27T13:00:00.0/2019-07-27T14:00:00.0;954.3354;681.2661;489.1183;192.1478;676.3987;616.6782;378.2356;238.4426;522.209;1
2019-07-27T14:00:00.0/2019-07-27T15:00:00.0;827.4417;572.0887;396.2276;175.8611;631.4489;412.7351;137.4705;275.2646;213.8081;1
2019-07-27T15:00:00.0/2019-07-27T16:00:00.0;668.0889;435.6633;281.965;153.6983;555.1698;216.0104;2.0975;213.913;4.1296;1
2019-07-27T16:00:00.0/2019-07-27T17:00:00.0;487.1237;285.6987;162.9597;122.7391;437.2059;228.6196;92.1417;136.4779;260.6726;1
2019-07-27T17:00:00.0/2019-07-27T18:00:00.0;296.8668;143.1226;63.412;79.7106;271.8997;131.4665;55.1195;76.3469;232.3866;1
2019-07-27T18:00:00.0/2019-07-27T19:00:00.0;110.2726;37.0428;8.8859;28.157;82.6381;31.4198;2.6535;28.7663;19.5231;1
2019-07-27T19:00:00.0/2019-07-27T20:00:00.0;1.3393;0.2635;0.0052;0.2583;0;0.0233;0;0.0233;0;1
2019-07-27T20:00:00.0/2019-07-27T21:00:00.0;0;0;0;0;0;0;0;0;0;1
2019-07-27T21:00:00.0/2019-07-27T22:00:00.0;0;0;0;0;0;0;0;0;0;1
2019-07-27T22:00:00.0/2019-07-27T23:00:00.0;0;0;0;0;0;0;0;0;0;1
2019-07-27T23:00:00.0/2019-07-28T00:00:00.0;0;0;0;0;0;0;0;0;0;1
2019-07-28T00:00:00.0/2019-07-28T01:00:00.0;0;0;0;0;0;0;0;0;0;1
2019-07-28T01:00:00.0/2019-07-28T02:00:00.0;0;0;0;0;0;0;0;0;0;1
2019-07-28T02:00:00.0/2019-07-28T03:00:00.0;0;0;0;0;0;0;0;0;0;1
2019-07-28T03:00:00.0/2019-07-28T04:00:00.0;40.4794;11.2416;1.6444;9.5972;25.0557;7.6318;0;7.6318;0;1
2019-07-28T04:00:00.0/2019-07-28T05:00:00.0;212.9674;89.7117;33.0004;56.7113;190.2756;63.3017;3.6797;59.622;17.286;1
2019-07-28T05:00:00.0/2019-07-28T06:00:00.0;403.0457;218.0839;112.8368;105.2472;363.8781;193.4191;91.6132;101.8059;285.8508;1
2019-07-28T06:00:00.0/2019-07-28T07:00:00.0;589.4662;363.9594;219.1595;144.7999;488.3415;351.5662;224.2704;127.2957;499.3341;1
2019-07-28T07:00:00.0/2019-07-28T08:00:00.0;759.5112;505.4829;330.4997;174.9832;573.4591;482.4195;322.3195;160.1001;560.1345;1
2019-07-28T08:00:00.0/2019-07-28T09:00:00.0;901.576;626.967;429.7102;197.2567;628.9258;617.4393;449.4856;167.9537;657.5096;1
2019-07-28T09:00:00.0/2019-07-28T10:00:00.0;1005.9616;721.3173;516.2847;205.0325;677.4032;716.4763;543.9257;172.5506;713.7045;1
2019-07-28T10:00:00.0/2019-07-28T11:00:00.0;1065.5353;781.1332;584.1096;197.0236;723.8373;777.4431;611.3751;166.0679;757.6435;1
2019-07-28T11:00:00.0/2019-07-28T12:00:00.0;1076.2181;798.1926;617.6113;180.5813;757.9117;793.624;639.5158;154.1082;784.7783;1
2019-07-28T12:00:00.0/2019-07-28T13:00:00.0;1037.2642;764.9775;589.8466;175.131;750.7863;755.287;599.3886;155.8984;762.837;1
2019-07-28T13:00:00.0/2019-07-28T14:00:00.0;951.3108;684.2819;504.5967;179.6852;699.9395;670.7763;510.7556;160.0207;708.0264;1
2019-07-28T14:00:00.0/2019-07-28T15:00:00.0;824.1999;568.9192;393.0981;175.8211;628.69;511.9598;299.0847;212.8752;475.8627;1
2019-07-28T15:00:00.0/2019-07-28T16:00:00.0;664.5795;428.8967;270.5783;158.3184;535.392;365.7209;173.5862;192.1347;341.5042;1
2019-07-28T16:00:00.0/2019-07-28T17:00:00.0;483.3146;278.2332;151.3465;126.8867;408.7675;210.3555;51.9829;158.3725;136.9969;1
2019-07-28T17:00:00.0/2019-07-28T18:00:00.0;292.7458;136.8221;55.4849;81.3372;240.1538;115.2501;29.4376;85.8125;128.922;1
2019-07-28T18:00:00.0/2019-07-28T19:00:00.0;105.849;34.1356;6.7848;27.3508;63.4672;28.1079;0.6216;27.4863;4.381;1
2019-07-28T19:00:00.0/2019-07-28T20:00:00.0;0.8108;0.1538;0.0012;0.1527;0;0.0034;0;0.0034;0;1
2019-07-28T20:00:00.0/2019-07-28T21:00:00.0;0;0;0;0;0;0;0;0;0;1
2019-07-28T21:00:00.0/2019-07-28T22:00:00.0;0;0;0;0;0;0;0;0;0;1
2019-07-28T22:00:00.0/2019-07-28T23:00:00.0;0;0;0;0;0;0;0;0;0;1
2019-07-28T23:00:00.0/2019-07-29T00:00:00.0;0;0;0;0;0;0;0;0;0;1
2019-07-29T00:00:00.0/2019-07-29T01:00:00.0;0;0;0;0;0;0;0;0;0;1
2019-07-29T01:00:00.0/2019-07-29T02:00:00.0;0;0;0;0;0;0;0;0;0;1
2019-07-29T02:00:00.0/2019-07-29T03:00:00.0;0;0;0;0;0;0;0;0;0;1
2019-07-29T03:00:00.0/2019-07-29T04:00:00.0;37.5069;9.9538;0.974;8.9799;15.0912;6.0471;0;6.0471;0;1
2019-07-29T04:00:00.0/2019-07-29T05:00:00.0;208.7873;83.4818;24.9249;58.557;144.8714;51.0909;0;51.0909;0;1
2019-07-29T05:00:00.0/2019-07-29T06:00:00.0;399.1719;208.458;94.961;113.4969;308.2775;168.054;45.6466;122.4073;136.9675;1
2019-07-29T06:00:00.0/2019-07-29T07:00:00.0;585.8885;353.7381;195.4303;158.3078;437.7558;320.4929;161.4105;159.0824;366.0191;1
2019-07-29T07:00:00.0/2019-07-29T08:00:00.0;756.1986;495.6437;304.5491;191.0946;530.6295;412.6816;172.1404;240.5412;300.0746;1
2019-07-29T08:00:00.0/2019-07-29T09:00:00.0;898.4791;617.9095;404.5234;213.3862;594.118;531.401;262.7199;268.6811;382.6545;1
2019-07-29T09:00:00.0/2019-07-29T10:00:00.0;1003.0156;705.626;470.3288;235.2973;619.3967;699.2974;500.7207;198.5767;659.0578;1
2019-07-29T10:00:00.0/2019-07-29T11:00:00.0;1062.6649;751.293;491.9083;259.3847;611.5061;751.0027;537.2327;213.7701;667.8242;1
2019-07-29T11:00:00.0/2019-07-29T12:00:00.0;1073.3424;754.3385;478.7957;275.5428;589.2189;597.399;324.8402;272.5588;398.8708;1
2019-07-29T12:00:00.0/2019-07-29T13:00:00.0;1034.302;717.5894;444.564;273.0254;567.6813;199.9701;0;199.9701;0;1
2019-07-29T13:00:00.0/2019-07-29T14:00:00.0;948.1868;643.5493;387.8142;255.7351;539.927;190.6922;0;190.6922;0;1
2019-07-29T14:00:00.0/2019-07-29T15:00:00.0;820.8493;534.9271;305.771;229.1561;491.1755;238.8632;8.3933;230.4699;14.5926;1
2019-07-29T15:00:00.0/2019-07-29T16:00:00.0;660.9529;402.2919;211.5016;190.7903;420.979;322.7522;117.4622;205.2899;238.9622;1
2019-07-29T16:00:00.0/2019-07-29T17:00:00.0;479.3812;260.0239;119.2671;140.7569;324.9182;225.5123;85.2049;140.3074;230.646;1
2019-07-29T17:00:00.0/2019-07-29T18:00:00.0;288.4955;127.3749;43.9825;83.3924;193.2354;104.204;16.2902;87.9138;67.4103;1
2019-07-29T18:00:00.0/2019-07-29T19:00:00.0;101.2933;31.22;5.2197;26.0002;49.8055;25.1755;0.1084;25.0671;0.7586;1
2019-07-29T19:00:00.0/2019-07-29T20:00:00.0;0.4294;0.0776;0.0006;0.077;0;0;0;0;0;1
2019-07-29T20:00:00.0/2019-07-29T21:00:00.0;0;0;0;0;0;0;0;0;0;1
2019-07-29T21:00:00.0/2019-07-29T22:00:00.0;0;0;0;0;0;0;0;0;0;1
2019-07-29T22:00:00.0/2019-07-29T23:00:00.0;0;0;0;0;0;0;0;0;0;1
2019-07-29T23:00:00.0/2019-07-30T00:00:00.0;0;0;0;0;0;0;0;0;0;1
2019-07-30T00:00:00.0/2019-07-30T01:00:00.0;0;0;0;0;0;0;0;0;0;1
2019-07-30T01:00:00.0/2019-07-30T02:00:00.0;0;0;0;0;0;0;0;0;0;1
2019-07-30T02:00:00.0/2019-07-30T03:00:00.0;0;0;0;0;0;0;0;0;0;1
2019-07-30T03:00:00.0/2019-07-30T04:00:00.0;34.6023;8.5325;0.5985;7.934;9.6641;4.6963;0;4.6963;0;1
2019-07-30T04:00:00.0/2019-07-30T05:00:00.0;204.5393;74.7533;17.5792;57.1741;103.3594;27.4635;0;27.4635;0;1
2019-07-30T05:00:00.0/2019-07-30T06:00:00.0;395.2354;191.3599;73.2772;118.0827;239.6268;79.0107;2.5135;76.4971;6.8945;1
2019-07-30T06:00:00.0/2019-07-30T07:00:00.0;582.2508;330.061;157.0876;172.9734;353.9684;300.4435;143.4182;157.0253;316.3034;1
2019-07-30T07:00:00.0/2019-07-30T08:00:00.0;752.8262;466.3553;247.598;218.7572;433.4023;425.1314;215.9391;209.1923;381.9317;1
2019-07-30T08:00:00.0/2019-07-30T09:00:00.0;895.3202;583.9749;328.8119;255.163;484.7666;513.5262;238.8817;274.6445;351.7083;1
2019-07-30T09:00:00.0/2019-07-30T10:00:00.0;1000.0032;678.248;405.5145;272.7335;535.3445;543.4515;205.5521;337.8994;273.1599;1
2019-07-30T10:00:00.0/2019-07-30T11:00:00.0;1059.7214;741.2349;475.0847;266.1501;592.1747;420.7556;56.8881;363.8674;70.9422;1
2019-07-30T11:00:00.0/2019-07-30T12:00:00.0;1070.3854;761.7817;520.9689;240.8129;643.123;546.6957;180.4631;366.2326;222.8699;1
2019-07-30T12:00:00.0/2019-07-30T13:00:00.0;1031.2495;733.5536;509.9449;223.6088;653.2377;404.0654;59.4335;344.6318;74.902;1
2019-07-30T13:00:00.0/2019-07-30T14:00:00.0;944.963;659.1615;443.9339;215.2276;620.3198;318.1192;2.5491;315.5701;3.5336;1
2019-07-30T14:00:00.0/2019-07-30T15:00:00.0;817.3898;549.8853;351.1043;198.7809;566.574;201.1145;0;201.1145;0;1
2019-07-30T15:00:00.0/2019-07-30T16:00:00.0;657.2092;414.1631;241.1156;173.0476;482.4804;117.9341;0;117.9341;0;1
2019-07-30T16:00:00.0/2019-07-30T17:00:00.0;475.3238;266.1397;131.2152;134.9245;360.0495;51.2849;0;51.2849;0;1
2019-07-30T17:00:00.0/2019-07-30T18:00:00.0;284.1164;128.0956;45.3445;82.7511;201.2306;36.2734;0;36.2734;0;1
2019-07-30T18:00:00.0/2019-07-30T19:00:00.0;96.6062;30.0994;4.8925;25.2069;47.8779;20.9078;0;20.9078;0;1
2019-07-30T19:00:00.0/2019-07-30T20:00:00.0;0.1485;0.026;0.0003;0.0258;0;0;0;0;0;1
2019-07-30T20:00:00.0/2019-07-30T21:00:00.0;0;0;0;0;0;0;0;0;0;1
2019-07-30T21:00:00.0/2019-07-30T22:00:00.0;0;0;0;0;0;0;0;0;0;1
2019-07-30T22:00:00.0/2019-07-30T23:00:00.0;0;0;0;0;0;0;0;0;0;1
2019-07-30T23:00:00.0/2019-07-31T00:00:00.0;0;0;0;0;0;0;0;0;0;1
2019-07-31T00:00:00.0/2019-07-31T01:00:00.0;0;0;0;0;0;0;0;0;0;1
2019-07-31T01:00:00.0/2019-07-31T02:00:00.0;0;0;0;0;0;0;0;0;0;1
2019-07-31T02:00:00.0/2019-07-31T03:00:00.0;0;0;0;0;0;0;0;0;0;1
2019-07-31T03:00:00.0/2019-07-31T04:00:00.0;31.8032;8.895;1.1145;7.7805;18.8696;4.8923;0;4.8923;0;1
2019-07-31T04:00:00.0/2019-07-31T05:00:00.0;200.2251;84.508;28.988;55.52;176.0808;50.0802;0;50.0802;0;1
2019-07-31T05:00:00.0/2019-07-31T06:00:00.0;391.2372;211.466;104.0563;107.4097;345.735;48.6827;0;48.6827;0;1
2019-07-31T06:00:00.0/2019-07-31T07:00:00.0;578.5539;359.278;212.2107;147.0672;481.2403;67.8655;0;67.8655;0;1
2019-07-31T07:00:00.0/2019-07-31T08:00:00.0;749.3947;506.8742;338.9076;167.9666;595.9083;69.4286;0;69.4286;0;1
2019-07-31T08:00:00.0/2019-07-31T09:00:00.0;892.0995;634.3737;460.9846;173.3891;682.038;108.7667;0;108.7667;0;1
2019-07-31T09:00:00.0/2019-07-31T10:00:00.0;996.9241;724.9907;538.9896;186.0011;714.5493;424.7382;115.1022;309.636;149.9551;1
2019-07-31T10:00:00.0/2019-07-31T11:00:00.0;1056.7046;771.6576;562.1044;209.5532;703.0447;525.4401;156.9369;368.5033;196.6786;1
2019-07-31T11:00:00.0/2019-07-31T12:00:00.0;1067.3469;775.3534;548.9756;226.3778;679.7069;504.8965;132.5802;372.3163;164.0655;1
2019-07-31T12:00:00.0/2019-07-31T13:00:00.0;1028.1063;737.6204;508.3832;229.2373;653.3997;368.4819;18.7588;349.7231;23.7048;1
2019-07-31T13:00:00.0/2019-07-31T14:00:00.0;941.639;661.2051;443.8225;217.3827;622.5266;289.6862;0;289.6862;0;1
2019-07-31T14:00:00.0/2019-07-31T15:00:00.0;813.8211;549.799;352.1401;197.6589;570.9132;270.1515;0.3615;269.79;0.5804;1
2019-07-31T15:00:00.0/2019-07-31T16:00:00.0;653.3481;412.4571;242.2573;170.1999;487.75;197.6097;0.9811;196.6286;1.8315;1
2019-07-31T16:00:00.0/2019-07-31T17:00:00.0;471.1427;263.6479;131.798;131.8498;364.9496;107.8854;0;107.8854;0;1
2019-07-31T17:00:00.0/2019-07-31T18:00:00.0;279.6092;125.7146;45.5497;80.1649;205.4063;47.2034;0;47.2034;0;1
2019-07-31T18:00:00.0/2019-07-31T19:00:00.0;91.7888;28.4232;4.8136;23.6096;48.4923;14.2999;0;14.2999;0;1
2019-07-31T19:00:00.0/2019-07-31T20:00:00.0;0;0;0;0;0;0;0;0;0;1
2019-07-31T20:00:00.0/2019-07-31T21:00:00.0;0;0;0;0;0;0;0;0;0;1
2019-07-31T21:00:00.0/2019-07-31T22:00:00.0;0;0;0;0;0;0;0;0;0;1
2019-07-31T22:00:00.0/2019-07-31T23:00:00.0;0;0;0;0;0;0;0;0;0;1
2019-07-31T23:00:00.0/2019-08-01T00:00:00.0;0;0;0;0;0;0;0;0;0;1
2019-08-01T00:00:00.0/2019-08-01T01:00:00.0;0;0;0;0;0;0;0;0;0;1
2019-08-01T01:00:00.0/2019-08-01T02:00:00.0;0;0;0;0;0;0;0;0;0;1
2019-08-01T02:00:00.0/2019-08-01T03:00:00.0;0;0;0;0;0;0;0;0;0;1
2019-08-01T03:00:00.0/2019-08-01T04:00:00.0;29.0715;7.8248;0.965;6.8598;16.9161;5.3374;0;5.3374;0;1
2019-08-01T04:00:00.0/2019-08-01T05:00:00.0;195.8462;81.3971;28.9815;52.4155;178.8676;54.2951;0.3516;53.9435;1.6431;1
2019-08-01T05:00:00.0/2019-08-01T06:00:00.0;387.1788;210.0323;109.463;100.5693;367.0228;144.794;12.4136;132.3804;42.3591;1
2019-08-01T06:00:00.0/2019-08-01T07:00:00.0;574.7988;358.4227;221.6277;136.795;506.5074;215.664;14.9861;200.6779;32.0963;1
2019-08-01T07:00:00.0/2019-08-01T08:00:00.0;745.9045;503.4072;343.5873;159.8199;607.4166;364.2327;98.7594;265.4732;174.4636;1
2019-08-01T08:00:00.0/2019-08-01T09:00:00.0;888.8175;628.0091;454.9108;173.0983;675.9064;372.5543;54.6106;317.9437;82.4453;1
2019-08-01T09:00:00.0/2019-08-01T10:00:00.0;993.7786;715.1305;521.0098;194.1207;693.1544;396.0549;46.0502;350.0047;61.0717;1
2019-08-01T10:00:00.0/2019-08-01T11:00:00.0;1053.6144;757.7267;534.8387;222.888;671.1142;456.0054;85.9248;370.0806;107.6723;1
2019-08-01T11:00:00.0/2019-08-01T12:00:00.0;1064.2266;757.2435;510.9627;246.2809;634.641;457.7448;84.8127;372.9321;105.2895;1
2019-08-01T12:00:00.0/2019-08-01T13:00:00.0;1024.8722;720.4328;475.1673;245.2655;612.904;384.2724;31.4259;352.8464;40.0798;1
2019-08-01T13:00:00.0/2019-08-01T14:00:00.0;938.2147;650.0947;429.5382;220.5565;605.0573;252.7295;0;252.7295;0;1
2019-08-01T14:00:00.0/2019-08-01T15:00:00.0;810.1431;544.8289;354.1605;190.6684;577.3145;264.1417;0.0363;264.1054;0.0613;1
2019-08-01T15:00:00.0/2019-08-01T16:00:00.0;649.37;412.7844;254.673;158.1114;516.5857;178.4128;0;178.4128;0;1
2019-08-01T16:00:00.0/2019-08-01T17:00:00.0;466.8382;267.4183;146.8065;120.6118;411.3567;111.9645;0;111.9645;0;1
2019-08-01T17:00:00.0/2019-08-01T18:00:00.0;274.9743;129.2241;54.9766;74.2475;253.4071;53.6193;0;53.6193;0;1
2019-08-01T18:00:00.0/2019-08-01T19:00:00.0;86.8636;28.1363;6.0939;22.0423;63.4844;18.0047;0;18.0047;0;1
2019-08-01T19:00:00.0/2019-08-01T20:00:00.0;0;0;0;0;0;0;0;0;0;1
2019-08-01T20:00:00.0/2019-08-01T21:00:00.0;0;0;0;0;0;0;0;0;0;1
2019-08-01T21:00:00.0/2019-08-01T22:00:00.0;0;0;0;0;0;0;0;0;0;1
2019-08-01T22:00:00.0/2019-08-01T23:00:00.0;0;0;0;0;0;0;0;0;0;1
2019-08-01T23:00:00.0/2019-08-02T00:00:00.0;0;0;0;0;0;0;0;0;0;1
2019-08-02T00:00:00.0/2019-08-02T01:00:00.0;0;0;0;0;0;0;0;0;0;1
2019-08-02T01:00:00.0/2019-08-02T02:00:00.0;0;0;0;0;0;0;0;0;0;1
2019-08-02T02:00:00.0/2019-08-02T03:00:00.0;0;0;0;0;0;0;0;0;0;1
2019-08-02T03:00:00.0/2019-08-02T04:00:00.0;26.4269;7.2586;1.0564;6.2022;19.4264;3.6537;0;3.6537;0;1
2019-08-02T04:00:00.0/2019-08-02T05:00:00.0;191.4042;82.4809;33.2878;49.1931;210.4688;20.9788;0;20.9788;0;1
2019-08-02T05:00:00.0/2019-08-02T06:00:00.0;383.0614;214.518;122.5279;91.9901;415.8065;30.8733;0;30.8733;0;1
2019-08-02T06:00:00.0/2019-08-02T07:00:00.0;570.9865;364.5841;241.8582;122.7259;556.9787;88.8201;0;88.8201;0;1
2019-08-02T07:00:00.0/2019-08-02T08:00:00.0;742.3564;509.6591;366.8209;142.8382;651.9738;192.8324;0;192.8324;0;1
2019-08-02T08:00:00.0/2019-08-02T09:00:00.0;885.4743;633.9919;478.8683;155.1236;714.4767;344.1782;45.1494;299.0287;66.3633;1
2019-08-02T09:00:00.0/2019-08-02T10:00:00.0;990.5667;721.2142;545.7343;175.48;728.608;431.4748;90.8087;340.6661;120.8939;1
2019-08-02T10:00:00.0/2019-08-02T11:00:00.0;1050.4506;764.1556;559.1388;205.0168;703.8989;379.5371;24.3395;355.1976;30.8841;1
2019-08-02T11:00:00.0/2019-08-02T12:00:00.0;1061.0242;764.0417;537.1753;226.8665;669.3945;349.6642;4.8213;344.8429;6.0449;1
2019-08-02T12:00:00.0/2019-08-02T13:00:00.0;1021.5466;725.4666;496.2199;229.2468;642.2437;435.0848;80.3412;354.7436;104.8713;1
2019-08-02T13:00:00.0/2019-08-02T14:00:00.0;934.6898;651.2412;439.1299;212.1114;620.9359;521.0555;232.0484;289.007;330.0357;1
2019-08-02T14:00:00.0/2019-08-02T15:00:00.0;806.3557;542.0077;353.5683;188.4393;578.9859;418.8127;153.4839;265.3287;248.8584;1
2019-08-02T15:00:00.0/2019-08-02T16:00:00.0;645.2748;407.199;248.5444;158.6546;507.2802;267.3514;45.2671;222.0842;89.0722;1
2019-08-02T16:00:00.0/2019-08-02T17:00:00.0;462.4107;260.7603;139.8985;120.8618;395.4548;211.2512;81.9504;129.3008;240.7841;1
2019-08-02T17:00:00.0/2019-08-02T18:00:00.0;270.2126;123.4472;50.3675;73.0797;235.5487;107.9568;32.8733;75.0835;148.7306;1
2019-08-02T18:00:00.0/2019-08-02T19:00:00.0;81.9482;25.6771;5.1919;20.4852;55.4951;20.994;0.4386;20.5554;3.5738;1
2019-08-02T19:00:00.0/2019-08-02T20:00:00.0;0;0;0;0;0;0;0;0;0;1
2019-08-02T20:00:00.0/2019-08-02T21:00:00.0;0;0;0;0;0;0;0;0;0;1
2019-08-02T21:00:00.0/2019-08-02T22:00:00.0;0;0;0;0;0;0;0;0;0;1
2019-08-02T22:00:00.0/2019-08-02T23:00:00.0;0;0;0;0;0;0;0;0;0;1
2019-08-02T23:00:00.0/2019-08-03T00:00:00.0;0;0;0;0;0;0;0;0;0;1
2019-08-03T00:00:00.0/2019-08-03T01:00:00.0;0;0;0;0;0;0;0;0;0;1
2019-08-03T01:00:00.0/2019-08-03T02:00:00.0;0;0;0;0;0;0;0;0;0;1
2019-08-03T02:00:00.0/2019-08-03T03:00:00.0;0;0;0;0;0;0;0;0;0;1
2019-08-03T03:00:00.0/2019-08-03T04:00:00.0;23.9069;6.7419;1.0544;5.6876;20.2198;4.9355;0;4.9355;0;1
2019-08-03T04:00:00.0/2019-08-03T05:00:00.0;186.9008;82.8422;34.8243;48.0179;225.5568;74.2782;26.5811;47.6971;159.7137;1
2019-08-03T05:00:00.0/2019-08-03T06:00:00.0;378.8864;217.3626;126.9673;90.3953;435.9308;203.382;123.1581;80.2239;421.4846;1
2019-08-03T06:00:00.0/2019-08-03T07:00:00.0;567.1178;368.7852;246.0692;122.716;571.088;353.9698;248.4411;105.5287;576.2435;1
2019-08-03T07:00:00.0/2019-08-03T08:00:00.0;738.751;513.5717;365.9038;147.6679;653.8986;499.6309;374.7231;124.9079;669.5501;1
2019-08-03T08:00:00.0/2019-08-03T09:00:00.0;882.0703;637.0748;470.7754;166.2994;705.4186;625.5638;485.2465;140.3174;727.0353;1
2019-08-03T09:00:00.0/2019-08-03T10:00:00.0;987.2883;731.7207;560.9061;170.8146;751.0413;715.3861;563.7739;151.6122;755.5197;1
2019-08-03T10:00:00.0/2019-08-03T11:00:00.0;1047.213;789.9351;629.3915;160.5435;794.8151;673.5786;412.9498;260.6288;522.3328;1
2019-08-03T11:00:00.0/2019-08-03T12:00:00.0;1057.7394;804.358;660.5727;143.7853;826.0366;683.6806;417.45;266.2306;522.4691;1
2019-08-03T12:00:00.0/2019-08-03T13:00:00.0;1018.1295;771.7873;638.0172;133.7701;828.743;754.6589;623.0511;131.6078;809.8134;1
2019-08-03T13:00:00.0/2019-08-03T14:00:00.0;931.0639;694.8625;564.0018;130.8607;800.8659;675.8705;552.9333;122.9372;784.4696;1
2019-08-03T14:00:00.0/2019-08-03T15:00:00.0;802.4587;582.1445;458.3058;123.8386;754.5357;562.2536;449.4637;112.7899;740.8233;1
2019-08-03T15:00:00.0/2019-08-03T16:00:00.0;641.0627;443.4888;333.5511;109.9377;686.3845;427.0989;332.096;95.0029;683.1836;1
2019-08-03T16:00:00.0/2019-08-03T17:00:00.0;457.8607;291.5287;203.2428;88.286;582.5892;265.5024;179.4234;86.079;504.9345;1
2019-08-03T17:00:00.0/2019-08-03T18:00:00.0;265.325;143.2078;84.5363;58.6715;407.7483;101.3308;23.0862;78.2445;109.3102;1
2019-08-03T18:00:00.0/2019-08-03T19:00:00.0;77.0698;29.2096;10.7906;18.419;121.6921;23.2548;3.8974;19.3574;37.4728;1
2019-08-03T19:00:00.0/2019-08-03T20:00:00.0;0;0;0;0;0;0;0;0;0;1
2019-08-03T20:00:00.0/2019-08-03T21:00:00.0;0;0;0;0;0;0;0;0;0;1
2019-08-03T21:00:00.0/2019-08-03T22:00:00.0;0;0;0;0;0;0;0;0;0;1
2019-08-03T22:00:00.0/2019-08-03T23:00:00.0;0;0;0;0;0;0;0;0;0;1
2019-08-03T23:00:00.0/2019-08-04T00:00:00.0;0;0;0;0;0;0;0;0;0;1
2019-08-04T00:00:00.0/2019-08-04T01:00:00.0;0;0;0;0;0;0;0;0;0;1
2019-08-04T01:00:00.0/2019-08-04T02:00:00.0;0;0;0;0;0;0;0;0;0;1
2019-08-04T02:00:00.0/2019-08-04T03:00:00.0;0;0;0;0;0;0;0;0;0;1
2019-08-04T03:00:00.0/2019-08-04T04:00:00.0;21.4696;6.0571;0.9681;5.089;19.3704;4.2893;0;4.2893;0;1
2019-08-04T04:00:00.0/2019-08-04T05:00:00.0;182.3374;80.4238;33.6081;46.8156;223.5397;59.1607;11.6021;47.5586;63.4507;1
2019-08-04T05:00:00.0/2019-08-04T06:00:00.0;374.6548;211.2699;118.8155;92.4545;413.2305;196.9256;114.0909;82.8346;394.1245;1
2019-08-04T06:00:00.0/2019-08-04T07:00:00.0;563.1938;359.9822;230.4255;129.5567;538.3649;316.2536;186.6676;129.586;445.5889;1
2019-08-04T07:00:00.0/2019-08-04T08:00:00.0;735.0887;504.7385;348.0974;156.6411;625.2247;236.1175;16.7972;219.3203;33.0991;1
2019-08-04T08:00:00.0/2019-08-04T09:00:00.0;878.6058;628.5263;452.0403;176.486;680.1523;317.8502;22.7494;295.1008;33.2264;1
2019-08-04T09:00:00.0/2019-08-04T10:00:00.0;983.9436;719.0755;525.5884;193.4871;706.6046;463.8542;133.5464;330.3079;177.8922;1
2019-08-04T10:00:00.0/2019-08-04T11:00:00.0;1043.9016;768.973;561.5203;207.4527;711.6542;531.7792;180.7913;350.9878;229.0102;1
2019-08-04T11:00:00.0/2019-08-04T12:00:00.0;1054.3719;775.0506;559.0816;215.969;701.5078;569.0507;224.3335;344.7172;281.5354;1
2019-08-04T12:00:00.0/2019-08-04T13:00:00.0;1014.6205;739.5204;526.9714;212.5491;687.0925;577.6489;247.3419;330.3069;322.5923;1
2019-08-04T13:00:00.0/2019-08-04T14:00:00.0;927.3371;665.1093;467.746;197.3633;667.0462;492.5763;179.6523;312.924;254.6836;1
2019-08-04T14:00:00.0/2019-08-04T15:00:00.0;798.4523;554.8987;378.36;176.5387;626.1301;371.8377;96.4363;275.4014;160.5769;1
2019-08-04T15:00:00.0/2019-08-04T16:00:00.0;636.7339;418.1758;268.7169;149.459;556.3688;305.6766;93.9925;211.6841;198.5144;1
2019-08-04T16:00:00.0/2019-08-04T17:00:00.0;453.1887;268.8021;154.6911;114.111;446.8737;237.6648;129.1357;108.5291;375.9887;1
2019-08-04T17:00:00.0/2019-08-04T18:00:00.0;260.312;126.7145;57.1153;69.5992;277.6287;103.2215;32.8704;70.3511;146.7285;1
2019-08-04T18:00:00.0/2019-08-04T19:00:00.0;72.2406;24.1033;5.596;18.5073;63.7893;16.5088;0;16.5088;0;1
2019-08-04T19:00:00.0/2019-08-04T20:00:00.0;0;0;0;0;0;0;0;0;0;1
2019-08-04T20:00:00.0/2019-08-04T21:00:00.0;0;0;0;0;0;0;0;0;0;1
2019-08-04T21:00:00.0/2019-08-04T22:00:00.0;0;0;0;0;0;0;0;0;0;1
2019-08-04T22:00:00.0/2019-08-04T23:00:00.0;0;0;0;0;0;0;0;0;0;1
2019-08-04T23:00:00.0/2019-08-05T00:00:00.0;0;0;0;0;0;0;0;0;0;1
2019-08-05T00:00:00.0/2019-08-05T01:00:00.0;0;0;0;0;0;0;0;0;0;1
2019-08-05T01:00:00.0/2019-08-05T02:00:00.0;0;0;0;0;0;0;0;0;0;1
2019-08-05T02:00:00.0/2019-08-05T03:00:00.0;0;0;0;0;0;0;0;0;0;1
2019-08-05T03:00:00.0/2019-08-05T04:00:00.0;19.1362;5.3928;0.8813;4.5115;18.7206;3.6973;0;3.6973;0;1
2019-08-05T04:00:00.0/2019-08-05T05:00:00.0;177.7157;78.8405;33.8837;44.9568;230.4255;24.1849;0;24.1849;0;1
2019-08-05T05:00:00.0/2019-08-05T06:00:00.0;370.3681;210.0287;122.1468;87.8819;429.7869;56.6108;0;56.6108;0;1
2019-08-05T06:00:00.0/2019-08-05T07:00:00.0;559.2153;354.5624;228.1016;126.4608;537.8798;170.2583;7.4374;162.8209;15.5902;1
2019-08-05T07:00:00.0/2019-08-05T08:00:00.0;731.3702;490.7569;326.9467;163.8102;590.8193;348.5281;84.363;264.1651;151.511;1
2019-08-05T08:00:00.0/2019-08-05T09:00:00.0;875.081;606.1443;410.331;195.8134;620.3084;450.1397;133.6796;316.4601;202.1117;1
2019-08-05T09:00:00.0/2019-08-05T10:00:00.0;980.5325;686.7655;457.0914;229.6741;617.0744;489.4481;139.4845;349.9636;188.4992;1
2019-08-05T10:00:00.0/2019-08-05T11:00:00.0;1040.516;725.4486;462.342;263.1066;588.1172;523.8844;176.4996;347.3848;223.8132;1
2019-08-05T11:00:00.0/2019-08-05T12:00:00.0;1050.9218;721.5607;440.3401;281.2205;554.46;543.6144;171.8487;371.7657;216.1885;1
2019-08-05T12:00:00.0/2019-08-05T13:00:00.0;1011.0195;680.1645;399.489;280.6754;522.8051;418.6274;65.8022;352.8252;85.8085;1
2019-08-05T13:00:00.0/2019-08-05T14:00:00.0;923.5091;604.0908;342.4823;261.6085;490.3693;410.7146;82.0913;328.6233;117.4528;1
2019-08-05T14:00:00.0/2019-08-05T15:00:00.0;794.3365;493.9242;262.7013;231.2228;436.6713;310.7167;33.5343;277.1823;54.3281;1
2019-08-05T15:00:00.0/2019-08-05T16:00:00.0;632.2889;362.1971;173.6653;188.5318;361.5223;192.6978;0.0224;192.6754;0.0544;1
2019-08-05T16:00:00.0/2019-08-05T17:00:00.0;448.3954;224.1901;89.7179;134.4722;260.6924;149.641;4.4695;145.1715;12.1083;1
2019-08-05T17:00:00.0/2019-08-05T18:00:00.0;255.1749;100.4819;27.593;72.8889;134.7973;62.0165;0;62.0165;0;1
2019-08-05T18:00:00.0/2019-08-05T19:00:00.0;67.4725;18.335;2.0447;16.2903;23.635;14.1232;0;14.1232;0;1
2019-08-05T19:00:00.0/2019-08-05T20:00:00.0;0;0;0;0;0;0;0;0;0;1
2019-08-05T20:00:00.0/2019-08-05T21:00:00.0;0;0;0;0;0;0;0;0;0;1
2019-08-05T21:00:00.0/2019-08-05T22:00:00.0;0;0;0;0;0;0;0;0;0;1
2019-08-05T22:00:00.0/2019-08-05T23:00:00.0;0;0;0;0;0;0;0;0;0;1
2019-08-05T23:00:00.0/2019-08-06T00:00:00.0;0;0;0;0;0;0;0;0;0;1
2019-08-06T00:00:00.0/2019-08-06T01:00:00.0;0;0;0;0;0;0;0;0;0;1
2019-08-06T01:00:00.0/2019-08-06T02:00:00.0;0;0;0;0;0;0;0;0;0;1
2019-08-06T02:00:00.0/2019-08-06T03:00:00.0;0;0;0;0;0;0;0;0;0;1
2019-08-06T03:00:00.0/2019-08-06T04:00:00.0;16.9396;4.0411;0.2697;3.7713;5.9154;2.6405;0;2.6405;0;1
2019-08-06T04:00:00.0/2019-08-06T05:00:00.0;173.0372;65.4191;18.7265;46.6926;125.9059;36.7649;0;36.7649;0;1
2019-08-06T05:00:00.0/2019-08-06T06:00:00.0;366.0272;190.1837;91.041;99.1427;320.9361;103.1245;12.183;90.9415;36.1429;1
2019-08-06T06:00:00.0/2019-08-06T07:00:00.0;555.183;337.947;196.5542;141.3928;465.8708;275.0672;111.1548;163.9125;262.5557;1
2019-08-06T07:00:00.0/2019-08-06T08:00:00.0;727.5959;479.0747;301.0848;177.9899;546.6078;362.1588;110.1225;252.0362;202.5649;1
2019-08-06T08:00:00.0/2019-08-06T09:00:00.0;871.4961;600.0935;392.4765;207.617;595.702;359.0613;61.9821;297.0791;96.9622;1
2019-08-06T09:00:00.0/2019-08-06T10:00:00.0;977.055;687.5867;454.4689;233.1178;615.7032;419.5613;101.0133;318.5481;135.2299;1
2019-08-06T10:00:00.0/2019-08-06T11:00:00.0;1037.0563;733.7552;478.928;254.8272;611.3762;405.5002;45.7533;359.7469;58.7253;1
2019-08-06T11:00:00.0/2019-08-06T12:00:00.0;1047.3885;736.3414;469.4167;266.9247;593.2683;394.4815;30.7676;363.7139;38.8562;1
2019-08-06T12:00:00.0/2019-08-06T13:00:00.0;1007.3262;701.5493;442.7981;258.7512;581.9202;326.1003;3.5435;322.5568;4.5547;1
2019-08-06T13:00:00.0/2019-08-06T14:00:00.0;919.5799;632.415;402.2211;230.1939;578.9385;422.7375;128.5944;294.1431;189.3355;1
2019-08-06T14:00:00.0/2019-08-06T15:00:00.0;790.1115;528.2802;333.7329;194.5473;558.6757;378.6998;135.3549;243.3449;227.2237;1
2019-08-06T15:00:00.0/2019-08-06T16:00:00.0;627.728;395.2384;236.7982;158.4402;497.2246;338.8294;162.3476;176.4818;336.4215;1
2019-08-06T16:00:00.0/2019-08-06T17:00:00.0;443.4813;247.9585;129.8056;118.1529;382.5195;176.0168;26.294;149.7227;72.5245;1
2019-08-06T17:00:00.0/2019-08-06T18:00:00.0;249.9146;111.6766;43.5455;68.1312;218.5108;78.2109;1.6263;76.5846;7.8199;1
2019-08-06T18:00:00.0/2019-08-06T19:00:00.0;62.7774;18.9362;3.3929;15.5433;40.9057;14.8094;0;14.8094;0;1
2019-08-06T19:00:00.0/2019-08-06T20:00:00.0;0;0;0;0;0;0;0;0;0;1
2019-08-06T20:00:00.0/2019-08-06T21:00:00.0;0;0;0;0;0;0;0;0;0;1
2019-08-06T21:00:00.0/2019-08-06T22:00:00.0;0;0;0;0;0;0;0;0;0;1
2019-08-06T22:00:00.0/2019-08-06T23:00:00.0;0;0;0;0;0;0;0;0;0;1
2019-08-06T23:00:00.0/2019-08-07T00:00:00.0;0;0;0;0;0;0;0;0;0;1
2019-08-07T00:00:00.0/2019-08-07T01:00:00.0;0;0;0;0;0;0;0;0;0;1
2019-08-07T01:00:00.0/2019-08-07T02:00:00.0;0;0;0;0;0;0;0;0;0;1
2019-08-07T02:00:00.0/2019-08-07T03:00:00.0;0;0;0;0;0;0;0;0;0;1
2019-08-07T03:00:00.0/2019-08-07T04:00:00.0;14.8435;3.5186;0.2455;3.2731;5.6393;2.2185;0;2.2185;0;1
2019-08-07T04:00:00.0/2019-08-07T05:00:00.0;168.3031;62.7325;17.5632;45.1693;121.5962;49.4301;1.8393;47.5908;10.7592;1
2019-08-07T05:00:00.0/2019-08-07T06:00:00.0;361.6333;182.6402;81.9239;100.7163;292.9077;129.5361;12.666;116.87;43.4219;1
2019-08-07T06:00:00.0/2019-08-07T07:00:00.0;551.0977;323.1832;170.9445;152.2388;408.6736;244.9651;61.1056;183.8594;147.7164;1
2019-08-07T07:00:00.0/2019-08-07T08:00:00.0;723.7663;457.0565;255.1661;201.8904;465.9651;280.0219;27.4864;252.5356;52.4989;1
2019-08-07T08:00:00.0/2019-08-07T09:00:00.0;867.8513;571.9597;330.4099;241.5499;503.8096;276.7364;0;276.7364;0;1
2019-08-07T09:00:00.0/2019-08-07T10:00:00.0;973.511;657.7885;387.0827;270.7058;526.3673;364.7383;26.9988;337.7395;36.5483;1
2019-08-07T10:00:00.0/2019-08-07T11:00:00.0;1033.5221;706.1863;418.616;287.5703;536.3421;339.9671;2.9827;336.9844;3.8127;1
2019-08-07T11:00:00.0/2019-08-07T12:00:00.0;1043.772;710.8948;416.4323;294.4626;528.2936;378.1353;20.8492;357.2861;26.3954;1
2019-08-07T12:00:00.0/2019-08-07T13:00:00.0;1003.5405;672.5517;382.7083;289.8434;504.837;369.3211;32.6545;336.6665;43.2732;1
2019-08-07T13:00:00.0/2019-08-07T14:00:00.0;915.5495;594.1166;321.8193;272.2973;464.9717;346.8342;36.3106;310.5236;52.5752;1
2019-08-07T14:00:00.0/2019-08-07T15:00:00.0;785.7772;481.4852;240.6653;240.8199;404.4598;224.3596;0.6358;223.7238;0.9861;1
2019-08-07T15:00:00.0/2019-08-07T16:00:00.0;623.0515;353.6688;163.6079;190.0609;346.6423;108.9644;0;108.9644;0;1
2019-08-07T16:00:00.0/2019-08-07T17:00:00.0;438.4474;223.2406;93.0772;130.1633;277.7341;122.7167;0;122.7167;0;1
2019-08-07T17:00:00.0/2019-08-07T18:00:00.0;244.5322;102.2425;33.9778;68.2646;176.0703;56.955;0;56.955;0;1
2019-08-07T18:00:00.0/2019-08-07T19:00:00.0;58.1668;16.996;2.8313;14.1647;35.4884;10.8819;0;10.8819;0;1
2019-08-07T19:00:00.0/2019-08-07T20:00:00.0;0;0;0;0;0;0;0;0;0;1
2019-08-07T20:00:00.0/2019-08-07T21:00:00.0;0;0;0;0;0;0;0;0;0;1
2019-08-07T21:00:00.0/2019-08-07T22:00:00.0;0;0;0;0;0;0;0;0;0;1
2019-08-07T22:00:00.0/2019-08-07T23:00:00.0;0;0;0;0;0;0;0;0;0;1
2019-08-07T23:00:00.0/2019-08-08T00:00:00.0;0;0;0;0;0;0;0;0;0;1
2019-08-08T00:00:00.0/2019-08-08T01:00:00.0;0;0;0;0;0;0;0;0;0;1
2019-08-08T01:00:00.0/2019-08-08T02:00:00.0;0;0;0;0;0;0;0;0;0;1
2019-08-08T02:00:00.0/2019-08-08T03:00:00.0;0;0;0;0;0;0;0;0;0;1
2019-08-08T03:00:00.0/2019-08-08T04:00:00.0;12.8657;3.3962;0.4748;2.9214;11.7767;2.1253;0;2.1253;0;1
2019-08-08T04:00:00.0/2019-08-08T05:00:00.0;163.515;71.7688;31.9775;39.7913;231.7167;59.4554;17.7851;41.6702;110.2645;1
2019-08-08T05:00:00.0/2019-08-08T06:00:00.0;357.1874;205.1923;125.8523;79.34;458.7561;191.1264;120.4022;70.7242;437.32;1
2019-08-08T06:00:00.0/2019-08-08T07:00:00.0;546.9601;355.2016;245.1517;110.0499;590.9758;336.9086;239.2716;97.637;577.8173;1
2019-08-08T07:00:00.0/2019-08-08T08:00:00.0;719.8817;498.0041;363.2825;134.7216;667.3266;464.4836;331.9327;132.5509;608.587;1
2019-08-08T08:00:00.0/2019-08-08T09:00:00.0;864.1466;619.2792;464.8505;154.4288;712.1241;551.3727;340.9959;210.3769;524.4575;1
2019-08-08T09:00:00.0/2019-08-08T10:00:00.0;969.9006;708.4966;536.9708;171.5258;733.2573;598.3889;315.2609;283.1279;431.0941;1
2019-08-08T10:00:00.0/2019-08-08T11:00:00.0;1029.9135;758.3752;572.1902;186.185;735.9246;695.6591;478.5114;217.1478;615.5697;1
2019-08-08T11:00:00.0/2019-08-08T12:00:00.0;1040.072;764.3647;567.9338;196.4309;723.2867;612.9047;287.7307;325.174;366.3336;1
2019-08-08T12:00:00.0/2019-08-08T13:00:00.0;999.6623;724.5931;522.5746;202.0184;692.2195;444.6234;105.0566;339.5667;137.321;1
2019-08-08T13:00:00.0/2019-08-08T14:00:00.0;911.4178;641.8247;440.1114;201.7133;639.0087;357.2069;60.8458;296.3611;92.1915;1
2019-08-08T14:00:00.0/2019-08-08T15:00:00.0;781.3342;523.6591;332.5322;191.1268;562.3373;388.7485;181.7181;207.0304;299.9593;1
2019-08-08T15:00:00.0/2019-08-08T16:00:00.0;618.2602;386.5021;226.8761;159.6261;484.5179;168.2766;16.2525;152.0241;39.4951;1
2019-08-08T16:00:00.0/2019-08-08T17:00:00.0;433.2945;243.8103;130.073;113.7372;393.2404;216.3669;106.3206;110.0463;327.1876;1
2019-08-08T17:00:00.0/2019-08-08T18:00:00.0;239.029;109.443;46.2275;63.2156;243.7222;98.1205;36.3659;61.7546;184.9932;1
2019-08-08T18:00:00.0/2019-08-08T19:00:00.0;53.6524;16.5738;3.4856;13.0882;45.374;13.1267;0.2532;12.8734;2.4869;1
2019-08-08T19:00:00.0/2019-08-08T20:00:00.0;0;0;0;0;0;0;0;0;0;1
2019-08-08T20:00:00.0/2019-08-08T21:00:00.0;0;0;0;0;0;0;0;0;0;1
2019-08-08T21:00:00.0/2019-08-08T22:00:00.0;0;0;0;0;0;0;0;0;0;1
2019-08-08T22:00:00.0/2019-08-08T23:00:00.0;0;0;0;0;0;0;0;0;0;1
2019-08-08T23:00:00.0/2019-08-09T00:00:00.0;0;0;0;0;0;0;0;0;0;1
2019-08-09T00:00:00.0/2019-08-09T01:00:00.0;0;0;0;0;0;0;0;0;0;1
2019-08-09T01:00:00.0/2019-08-09T02:00:00.0;0;0;0;0;0;0;0;0;0;1
2019-08-09T02:00:00.0/2019-08-09T03:00:00.0;0;0;0;0;0;0;0;0;0;1
2019-08-09T03:00:00.0/2019-08-09T04:00:00.0;11.0105;2.8196;0.3217;2.4979;8.3489;1.6557;0;1.6557;0;1
2019-08-09T04:00:00.0/2019-08-09T05:00:00.0;158.6739;69.6147;30.8957;38.7189;226.9655;57.5819;17.5106;40.0714;110.2326;1
2019-08-09T05:00:00.0/2019-08-09T06:00:00.0;352.6904;206.3886;131.2794;75.1093;483.8942;191.9817;125.7519;66.2298;461.9892;1
2019-08-09T06:00:00.0/2019-08-09T07:00:00.0;542.7709;361.8726;264.6553;97.2174;642.5909;345.7034;261.9047;83.7987;635.657;1
2019-08-09T07:00:00.0/2019-08-09T08:00:00.0;715.9424;510.9939;401.1406;109.8534;740.918;475.7403;352.5115;123.2288;656.4666;1
2019-08-09T08:00:00.0/2019-08-09T09:00:00.0;860.3822;638.5658;522.421;116.1448;803.9137;522.0209;262.8034;259.2176;405.4662;1
2019-08-09T09:00:00.0/2019-08-09T10:00:00.0;966.2236;730.378;604.5276;125.8504;828.9937;598.7103;326.0505;272.6598;447.157;1
2019-08-09T10:00:00.0/2019-08-09T11:00:00.0;1026.23;778.9921;638.1815;140.8105;824.0289;630.8312;316.4296;314.4016;408.502;1
2019-08-09T11:00:00.0/2019-08-09T12:00:00.0;1036.2885;783.47;630.3268;153.1432;805.9348;597.501;244.8528;352.6482;312.8511;1
2019-08-09T12:00:00.0/2019-08-09T13:00:00.0;995.6915;744.6279;586.9443;157.6836;780.9669;501.3879;143.8352;357.5526;191.2904;1
2019-08-09T13:00:00.0/2019-08-09T14:00:00.0;907.1852;665.2234;511.7049;153.5185;746.9766;482.4128;159.9067;322.506;234.983;1
2019-08-09T14:00:00.0/2019-08-09T15:00:00.0;776.7828;549.8286;405.9423;143.8864;691.3868;439.1835;205.3231;233.8604;347.7555;1
2019-08-09T15:00:00.0/2019-08-09T16:00:00.0;613.3546;408.1207;282.1613;125.9593;607.1481;140.999;8.6238;132.3751;16.5803;1
2019-08-09T16:00:00.0/2019-08-09T17:00:00.0;428.0235;254.7618;156.6303;98.1315;478.966;96.7892;0.0424;96.7468;0.1687;1
2019-08-09T17:00:00.0/2019-08-09T18:00:00.0;233.4062;111.1993;52.157;59.0424;279.2701;83.1093;15.7645;67.3448;85.1445;1
2019-08-09T18:00:00.0/2019-08-09T19:00:00.0;49.2457;15.4381;3.3294;12.1086;44.8745;10.9687;0;10.9687;0;1
2019-08-09T19:00:00.0/2019-08-09T20:00:00.0;0;0;0;0;0;0;0;0;0;1
2019-08-09T20:00:00.0/2019-08-09T21:00:00.0;0;0;0;0;0;0;0;0;0;1
2019-08-09T21:00:00.0/2019-08-09T22:00:00.0;0;0;0;0;0;0;0;0;0;1
2019-08-09T22:00:00.0/2019-08-09T23:00:00.0;0;0;0;0;0;0;0;0;0;1
2019-08-09T23:00:00.0/2019-08-10T00:00:00.0;0;0;0;0;0;0;0;0;0;1
2019-08-10T00:00:00.0/2019-08-10T01:00:00.0;0;0;0;0;0;0;0;0;0;1
2019-08-10T01:00:00.0/2019-08-10T02:00:00.0;0;0;0;0;0;0;0;0;0;1
2019-08-10T02:00:00.0/2019-08-10T03:00:00.0;0;0;0;0;0;0;0;0;0;1
2019-08-10T03:00:00.0/2019-08-10T04:00:00.0;9.3158;2.0881;0.0944;1.9937;2.5096;1.0648;0;1.0648;0;1
2019-08-10T04:00:00.0/2019-08-10T05:00:00.0;153.7812;56.3431;15.4366;40.9066;112.4771;34.0985;0;34.0985;0;1
2019-08-10T05:00:00.0/2019-08-10T06:00:00.0;348.1431;179.6096;87.0418;92.5678;321.8787;153.0128;59.3777;93.635;210.245;1
2019-08-10T06:00:00.0/2019-08-10T07:00:00.0;538.5304;329.8589;200.5141;129.3448;489.7623;244.3478;71.4656;172.8822;178.6775;1
2019-08-10T07:00:00.0/2019-08-10T08:00:00.0;711.9488;475.8409;321.9907;153.8502;597.7808;405.3146;210.6654;194.6492;386.5005;1
2019-08-10T08:00:00.0/2019-08-10T09:00:00.0;856.5581;601.6295;433.3558;168.2738;669.8531;501.2129;280.5067;220.7062;437.9586;1
2019-08-10T09:00:00.0/2019-08-10T10:00:00.0;962.4799;698.5409;527.8573;170.6836;726.5121;602.9637;384.1486;218.8151;526.8659;1
2019-08-10T10:00:00.0/2019-08-10T11:00:00.0;1022.4716;759.2535;596.925;162.3286;773.704;714.6697;545.33;169.3397;706.5928;1
2019-08-10T11:00:00.0/2019-08-10T12:00:00.0;1032.4211;776.3717;628.7123;147.6594;807.2155;542.0367;226.5034;315.5334;290.3876;1
2019-08-10T12:00:00.0/2019-08-10T13:00:00.0;991.6279;742.2469;601.2389;141.008;803.4766;487.4441;176.8725;310.5716;235.3827;1
2019-08-10T13:00:00.0/2019-08-10T14:00:00.0;902.8515;659.73;517.2538;142.4762;758.8458;314.275;13.6748;300.6002;19.3739;1
2019-08-10T14:00:00.0/2019-08-10T15:00:00.0;772.1232;541.9769;403.9052;138.0717;692.1158;260.3272;7.3683;252.9589;13.7343;1
2019-08-10T15:00:00.0/2019-08-10T16:00:00.0;608.3354;400.5693;276.5631;124.0062;600.028;274.5778;71.3528;203.225;154.15;1
2019-08-10T16:00:00.0/2019-08-10T17:00:00.0;422.6355;248.8427;150.3539;98.4888;465.2445;147.7307;25.7439;121.9869;90.8051;1
2019-08-10T17:00:00.0/2019-08-10T18:00:00.0;227.6653;106.5576;47.4973;59.0603;259.0467;65.0083;11.7139;53.2943;52.1628;1
2019-08-10T18:00:00.0/2019-08-10T19:00:00.0;44.9579;13.7884;2.6434;11.1451;37.202;8.2732;0;8.2732;0;1
2019-08-10T19:00:00.0/2019-08-10T20:00:00.0;0;0;0;0;0;0;0;0;0;1
2019-08-10T20:00:00.0/2019-08-10T21:00:00.0;0;0;0;0;0;0;0;0;0;1
2019-08-10T21:00:00.0/2019-08-10T22:00:00.0;0;0;0;0;0;0;0;0;0;1
2019-08-10T22:00:00.0/2019-08-10T23:00:00.0;0;0;0;0;0;0;0;0;0;1
2019-08-10T23:00:00.0/2019-08-11T00:00:00.0;0;0;0;0;0;0;0;0;0;1
2019-08-11T00:00:00.0/2019-08-11T01:00:00.0;0;0;0;0;0;0;0;0;0;1
2019-08-11T01:00:00.0/2019-08-11T02:00:00.0;0;0;0;0;0;0;0;0;0;1
2019-08-11T02:00:00.0/2019-08-11T03:00:00.0;0;0;0;0;0;0;0;0;0;1
2019-08-11T03:00:00.0/2019-08-11T04:00:00.0;7.7313;1.9575;0.1833;1.7742;5.4023;0.9764;0;0.9764;0;1
2019-08-11T04:00:00.0/2019-08-11T05:00:00.0;148.8379;65.2051;27.4805;37.7246;211.9088;50.7159;11.3514;39.3645;76.6803;1
2019-08-11T05:00:00.0/2019-08-11T06:00:00.0;343.5464;201.8553;123.9245;77.9308;468.6227;161.4709;71.4266;90.0443;265.9134;1
2019-08-11T06:00:00.0/2019-08-11T07:00:00.0;534.2391;358.1151;252.5685;105.5466;623.5441;304.4024;187.6288;116.7736;453.7935;1
2019-08-11T07:00:00.0/2019-08-11T08:00:00.0;707.9009;507.2744;381.6456;125.6287;713.4699;490.6028;385.5724;105.0304;720.781;1
2019-08-11T08:00:00.0/2019-08-11T09:00:00.0;852.6743;634.4774;494.7852;139.6921;768.8437;607.066;476.5515;130.5145;740.1101;1
2019-08-11T09:00:00.0/2019-08-11T10:00:00.0;958.6693;728.0245;580.991;147.0335;803.3462;707.165;572.2396;134.9254;791.1891;1
2019-08-11T10:00:00.0/2019-08-11T11:00:00.0;1018.6381;780.1477;631.9197;148.2281;822.5098;767.7198;638.5717;129.1481;831.1269;1
2019-08-11T11:00:00.0/2019-08-11T12:00:00.0;1028.4698;787.4216;641.575;145.8467;827.1371;776.7524;651.9442;124.8082;840.5015;1
2019-08-11T12:00:00.0/2019-08-11T13:00:00.0;987.4717;748.7115;603.6677;145.0439;810.4153;709.319;556.2169;153.1022;745.0546;1
2019-08-11T13:00:00.0/2019-08-11T14:00:00.0;898.4171;667.0889;522.0331;145.0558;769.9497;515.4516;224.2625;291.1891;328.5428;1
2019-08-11T14:00:00.0/2019-08-11T15:00:00.0;767.356;549.6585;410.5432;139.1154;708.2059;403.3109;135.7692;267.5417;234.8596;1
2019-08-11T15:00:00.0/2019-08-11T16:00:00.0;603.2036;406.6047;283.3052;123.2994;620.2372;295.3791;103.0778;192.3012;221.6798;1
2019-08-11T16:00:00.0/2019-08-11T17:00:00.0;417.1317;252.0687;155.6178;96.4509;488.3434;191.3509;87.3886;103.9622;279.9527;1
2019-08-11T17:00:00.0/2019-08-11T18:00:00.0;221.8077;107.1569;49.9249;57.232;279.796;38.9501;3.6195;35.3306;15.7557;1
2019-08-11T18:00:00.0/2019-08-11T19:00:00.0;40.8003;12.9639;2.7171;10.2468;40.203;5.9544;0;5.9544;0;1
2019-08-11T19:00:00.0/2019-08-11T20:00:00.0;0;0;0;0;0;0;0;0;0;1
2019-08-11T20:00:00.0/2019-08-11T21:00:00.0;0;0;0;0;0;0;0;0;0;1
2019-08-11T21:00:00.0/2019-08-11T22:00:00.0;0;0;0;0;0;0;0;0;0;1
2019-08-11T22:00:00.0/2019-08-11T23:00:00.0;0;0;0;0;0;0;0;0;0;1
2019-08-11T23:00:00.0/2019-08-12T00:00:00.0;0;0;0;0;0;0;0;0;0;1
2019-08-12T00:00:00.0/2019-08-12T01:00:00.0;0;0;0;0;0;0;0;0;0;1
2019-08-12T01:00:00.0/2019-08-12T02:00:00.0;0;0;0;0;0;0;0;0;0;1
2019-08-12T02:00:00.0/2019-08-12T03:00:00.0;0;0;0;0;0;0;0;0;0;1
2019-08-12T03:00:00.0/2019-08-12T04:00:00.0;6.2808;1.4883;0.0893;1.399;2.6822;0.5995;0;0.5995;0;1
2019-08-12T04:00:00.0/2019-08-12T05:00:00.0;143.845;57.8901;19.98;37.9101;155.8495;40.0511;3.0581;36.9931;20.5336;1
2019-08-12T05:00:00.0/2019-08-12T06:00:00.0;338.9008;186.5442;101.9109;84.6333;389.2176;153.8539;73.546;80.3078;270.5635;1
2019-08-12T06:00:00.0/2019-08-12T07:00:00.0;529.8975;339.9017;223.7509;116.1508;556.0322;282.3577;138.4214;143.9363;342.5696;1
2019-08-12T07:00:00.0/2019-08-12T08:00:00.0;703.7988;490.2059;356.0523;134.1536;669.2267;464.5892;342.1034;122.4858;640.3795;1
2019-08-12T08:00:00.0/2019-08-12T09:00:00.0;848.7305;620.0322;477.9294;142.1028;746.0733;606.1124;484.9161;121.1963;757.0102;1
2019-08-12T09:00:00.0/2019-08-12T10:00:00.0;954.7916;715.0671;566.5837;148.4834;786.9352;703.1299;576.2595;126.8704;800.3304;1
2019-08-12T10:00:00.0/2019-08-12T11:00:00.0;1014.7292;766.8629;610.5392;156.3238;798.0411;756.9514;623.9229;133.0286;815.5272;1
2019-08-12T11:00:00.0/2019-08-12T12:00:00.0;1024.4344;774.0978;613.691;160.4068;794.5702;757.7297;611.788;145.9417;791.9268;1
2019-08-12T12:00:00.0/2019-08-12T13:00:00.0;983.2229;735.772;574.8981;160.874;775.4064;613.9658;338.1071;275.8587;455.0863;1
2019-08-12T13:00:00.0/2019-08-12T14:00:00.0;893.8821;654.7449;497.4851;157.2599;737.721;519.3016;262.3281;256.9735;387.5734;1
2019-08-12T14:00:00.0/2019-08-12T15:00:00.0;762.4817;537.7349;390.1227;147.6122;677.4587;426.4075;205.8469;220.5606;354.6745;1
2019-08-12T15:00:00.0/2019-08-12T16:00:00.0;597.9597;394.4984;264.7563;129.7421;584.4861;267.7905;50.4981;217.2923;109.7505;1
2019-08-12T16:00:00.0/2019-08-12T17:00:00.0;411.5132;239.9967;139.2579;100.7388;442.0517;165.9518;28.1231;137.8287;97.2034;1
2019-08-12T17:00:00.0/2019-08-12T18:00:00.0;215.8349;98.0296;40.6051;57.4245;231.1132;86.288;29.1346;57.1534;159.0652;1
2019-08-12T18:00:00.0/2019-08-12T19:00:00.0;36.7837;10.742;1.7183;9.0237;26.4484;8.153;0;8.153;0;1
2019-08-12T19:00:00.0/2019-08-12T20:00:00.0;0;0;0;0;0;0;0;0;0;1
2019-08-12T20:00:00.0/2019-08-12T21:00:00.0;0;0;0;0;0;0;0;0;0;1
2019-08-12T21:00:00.0/2019-08-12T22:00:00.0;0;0;0;0;0;0;0;0;0;1
2019-08-12T22:00:00.0/2019-08-12T23:00:00.0;0;0;0;0;0;0;0;0;0;1
2019-08-12T23:00:00.0/2019-08-13T00:00:00.0;0;0;0;0;0;0;0;0;0;1
2019-08-13T00:00:00.0/2019-08-13T01:00:00.0;0;0;0;0;0;0;0;0;0;1
2019-08-13T01:00:00.0/2019-08-13T02:00:00.0;0;0;0;0;0;0;0;0;0;1
2019-08-13T02:00:00.0/2019-08-13T03:00:00.0;0;0;0;0;0;0;0;0;0;1
2019-08-13T03:00:00.0/2019-08-13T04:00:00.0;4.9679;1.0496;0.0308;1.0188;0.8899;0.3564;0;0.3564;0;1
2019-08-13T04:00:00.0/2019-08-13T05:00:00.0;138.8036;48.5927;11.2125;37.3802;87.7009;21.7745;0;21.7745;0;1
2019-08-13T05:00:00.0/2019-08-13T06:00:00.0;334.207;166.5273;71.5152;95.0121;274.6995;88.0754;1.6881;86.3872;5.8507;1
2019-08-13T06:00:00.0/2019-08-13T07:00:00.0;525.5059;318.0514;181.585;136.4664;453.5251;159.5452;0;159.5452;0;1
2019-08-13T07:00:00.0/2019-08-13T08:00:00.0;699.6426;472.6199;320.2184;152.4016;604.621;315.2668;95.9631;219.3037;173.0653;1
2019-08-13T08:00:00.0/2019-08-13T09:00:00.0;844.7268;607.9213;461.0829;146.8384;722.9253;498.7865;313.193;185.5935;495.2925;1
2019-08-13T09:00:00.0/2019-08-13T10:00:00.0;950.8466;700.5755;546.86;153.7155;763.246;421.4375;101.5948;319.8427;141.617;1
2019-08-13T10:00:00.0/2019-08-13T11:00:00.0;1010.7448;743.1367;562.1989;180.9379;738.1149;440.3137;90.6854;349.6283;118.8752;1
2019-08-13T11:00:00.0/2019-08-13T12:00:00.0;1020.3148;741.5668;539.0396;202.5273;700.9401;485.4228;133.1261;352.2967;173.1367;1
2019-08-13T12:00:00.0/2019-08-13T13:00:00.0;978.8814;698.374;490.6693;207.7047;664.931;450.0235;112.0306;337.9929;151.7605;1
2019-08-13T13:00:00.0/2019-08-13T14:00:00.0;889.247;616.3925;417.959;198.4334;623.1079;304.7571;18.2406;286.5165;26.2723;1
2019-08-13T14:00:00.0/2019-08-13T15:00:00.0;757.501;499.2829;318.7264;180.5565;556.9843;222.6121;0.9725;221.6396;1.7217;1
2019-08-13T15:00:00.0/2019-08-13T16:00:00.0;592.605;364.0691;215.9215;148.1477;481.6784;203.1445;16.9924;186.1522;36.9868;1
2019-08-13T16:00:00.0/2019-08-13T17:00:00.0;405.7814;223.8877;119.0645;104.8232;384.4923;132.8947;7.266;125.6287;26.0109;1
2019-08-13T17:00:00.0/2019-08-13T18:00:00.0;209.7487;93.1213;38.1643;54.957;225.5514;72.7659;13.2406;59.5253;77.9517;1
2019-08-13T18:00:00.0/2019-08-13T19:00:00.0;32.9189;9.6226;1.6942;7.9283;27.5311;7.1739;0;7.1739;0;1
2019-08-13T19:00:00.0/2019-08-13T20:00:00.0;0;0;0;0;0;0;0;0;0;1
2019-08-13T20:00:00.0/2019-08-13T21:00:00.0;0;0;0;0;0;0;0;0;0;1
2019-08-13T21:00:00.0/2019-08-13T22:00:00.0;0;0;0;0;0;0;0;0;0;1
2019-08-13T22:00:00.0/2019-08-13T23:00:00.0;0;0;0;0;0;0;0;0;0;1
2019-08-13T23:00:00.0/2019-08-14T00:00:00.0;0;0;0;0;0;0;0;0;0;1
2019-08-14T00:00:00.0/2019-08-14T01:00:00.0;0;0;0;0;0;0;0;0;0;1
2019-08-14T01:00:00.0/2019-08-14T02:00:00.0;0;0;0;0;0;0;0;0;0;1
2019-08-14T02:00:00.0/2019-08-14T03:00:00.0;0;0;0;0;0;0;0;0;0;1
2019-08-14T03:00:00.0/2019-08-14T04:00:00.0;3.8318;0.8544;0.0413;0.8131;1.2756;0.2883;0;0.2883;0;1
2019-08-14T04:00:00.0/2019-08-14T05:00:00.0;133.7143;51.9116;17.2071;34.7045;141.879;45.438;10.1174;35.3206;70.8137;1
2019-08-14T05:00:00.0/2019-08-14T06:00:00.0;329.4655;175.7652;90.3805;85.3847;355.3055;163.1453;85.6722;77.4731;334.246;1
2019-08-14T06:00:00.0/2019-08-14T07:00:00.0;521.0643;327.0406;203.8541;123.1866;514.9346;312.4406;206.3684;106.0722;520.9338;1
2019-08-14T07:00:00.0/2019-08-14T08:00:00.0;695.4323;478.1758;333.7941;144.3817;635.1646;456.9803;330.1815;126.7988;630.0376;1
2019-08-14T08:00:00.0/2019-08-14T09:00:00.0;840.663;608.3766;453.8333;154.5433;715.7127;474.139;267.462;206.6771;426.8081;1
2019-08-14T09:00:00.0/2019-08-14T10:00:00.0;946.834;703.3785;539.8958;163.4827;756.7115;370.8928;68.7246;302.1682;95.0588;1
2019-08-14T10:00:00.0/2019-08-14T11:00:00.0;1006.6845;755.4787;581.3367;174.142;766.4968;569.7907;286.2304;283.5604;377.1437;1
2019-08-14T11:00:00.0/2019-08-14T12:00:00.0;1016.1108;762.6347;582.165;180.4697;760.4664;724.1201;551.8266;172.2935;721.1071;1
2019-08-14T12:00:00.0/2019-08-14T13:00:00.0;974.4474;725.8079;548.4835;177.3244;747.056;580.2769;323.4203;256.8566;438.8407;1
2019-08-14T13:00:00.0/2019-08-14T14:00:00.0;884.512;647.9268;483.1819;164.7449;724.7708;480.6665;221.2383;259.4283;331.0125;1
2019-08-14T14:00:00.0/2019-08-14T15:00:00.0;752.4144;533.7277;386.445;147.2827;680.8082;388.3768;171.7642;216.6126;296.832;1
2019-08-14T15:00:00.0/2019-08-14T16:00:00.0;587.1403;392.9577;269.1716;123.7861;606.1519;207.4004;12.8533;194.5472;26.6709;1
2019-08-14T16:00:00.0/2019-08-14T17:00:00.0;399.9377;239.9396;147.2602;92.6794;482.371;173.5423;66.4576;107.0846;233.833;1
2019-08-14T17:00:00.0/2019-08-14T18:00:00.0;203.5506;97.0286;45.3736;51.655;275.0072;85.8164;35.621;50.1954;206.6455;1
2019-08-14T18:00:00.0/2019-08-14T19:00:00.0;29.2167;8.9447;1.7997;7.145;30.9431;6.5963;0.0086;6.5877;0.1098;1
2019-08-14T19:00:00.0/2019-08-14T20:00:00.0;0;0;0;0;0;0;0;0;0;1
2019-08-14T20:00:00.0/2019-08-14T21:00:00.0;0;0;0;0;0;0;0;0;0;1
2019-08-14T21:00:00.0/2019-08-14T22:00:00.0;0;0;0;0;0;0;0;0;0;1
2019-08-14T22:00:00.0/2019-08-14T23:00:00.0;0;0;0;0;0;0;0;0;0;1
2019-08-14T23:00:00.0/2019-08-15T00:00:00.0;0;0;0;0;0;0;0;0;0;1
2019-08-15T00:00:00.0/2019-08-15T01:00:00.0;0;0;0;0;0;0;0;0;0;1
2019-08-15T01:00:00.0/2019-08-15T02:00:00.0;0;0;0;0;0;0;0;0;0;1
2019-08-15T02:00:00.0/2019-08-15T03:00:00.0;0;0;0;0;0;0;0;0;0;1
2019-08-15T03:00:00.0/2019-08-15T04:00:00.0;2.8167;0.6369;0.0267;0.6102;0.6835;0.1995;0;0.1995;0;1
2019-08-15T04:00:00.0/2019-08-15T05:00:00.0;128.5782;52.2976;19.7948;32.5028;168.4535;19.6389;0;19.6389;0;1
2019-08-15T05:00:00.0/2019-08-15T06:00:00.0;324.6768;179.9082;102.6121;77.2961;409.9875;34.0501;0;34.0501;0;1
2019-08-15T06:00:00.0/2019-08-15T07:00:00.0;516.5731;330.8526;220.8646;109.988;563.9984;175.3326;7.6857;167.6469;18.9543;1
2019-08-15T07:00:00.0/2019-08-15T08:00:00.0;691.1679;477.5244;345.5203;132.0041;662.2502;181.782;0;181.782;0;1
2019-08-15T08:00:00.0/2019-08-15T09:00:00.0;836.5388;602.5579;456.1796;146.3783;723.4586;197.8063;0;197.8063;0;1
2019-08-15T09:00:00.0/2019-08-15T10:00:00.0;942.7536;695.0103;541.9545;153.0558;763.0585;277.8858;0.7671;277.1187;1.0423;1
2019-08-15T10:00:00.0/2019-08-15T11:00:00.0;1002.5482;747.2677;594.8788;152.3889;787.8354;282.4702;0.0034;282.4668;0.0045;1
2019-08-15T11:00:00.0/2019-08-15T12:00:00.0;1011.8225;754.9905;607.645;147.3456;797.4322;277.7417;0;277.7417;0;1
2019-08-15T12:00:00.0/2019-08-15T13:00:00.0;969.921;713.9407;561.0885;152.8522;767.8008;264.8179;0;264.8179;0;1
2019-08-15T13:00:00.0/2019-08-15T14:00:00.0;879.6775;627.0093;462.8123;164.197;697.7503;222.1286;0;222.1286;0;1
2019-08-15T14:00:00.0/2019-08-15T15:00:00.0;747.2228;504.5564;340.1982;164.3581;602.7509;171.362;0;171.362;0;1
2019-08-15T15:00:00.0/2019-08-15T16:00:00.0;581.5667;358.3933;212.6053;145.788;481.9337;118.5249;0;118.5249;0;1
2019-08-15T16:00:00.0/2019-08-15T17:00:00.0;393.9833;206.0068;97.8804;108.1264;322.4339;92.244;0.5814;91.6626;2.527;1
2019-08-15T17:00:00.0/2019-08-15T18:00:00.0;197.2426;75.7006;21.9879;53.7127;132.5475;62.0641;5.8491;56.215;32.7908;1
2019-08-15T18:00:00.0/2019-08-15T19:00:00.0;25.6872;6.2822;0.4975;5.7847;8.9885;4.4182;0;4.4182;0;1
2019-08-15T19:00:00.0/2019-08-15T20:00:00.0;0;0;0;0;0;0;0;0;0;1
2019-08-15T20:00:00.0/2019-08-15T21:00:00.0;0;0;0;0;0;0;0;0;0;1
2019-08-15T21:00:00.0/2019-08-15T22:00:00.0;0;0;0;0;0;0;0;0;0;1
2019-08-15T22:00:00.0/2019-08-15T23:00:00.0;0;0;0;0;0;0;0;0;0;1
2019-08-15T23:00:00.0/2019-08-16T00:00:00.0;0;0;0;0;0;0;0;0;0;1
2019-08-16T00:00:00.0/2019-08-16T01:00:00.0;0;0;0;0;0;0;0;0;0;1
2019-08-16T01:00:00.0/2019-08-16T02:00:00.0;0;0;0;0;0;0;0;0;0;1
2019-08-16T02:00:00.0/2019-08-16T03:00:00.0;0;0;0;0;0;0;0;0;0;1
2019-08-16T03:00:00.0/2019-08-16T04:00:00.0;1.9484;0.4091;0.011;0.3982;0;0.0955;0;0.0955;0;1
2019-08-16T04:00:00.0/2019-08-16T05:00:00.0;123.3958;47.598;16.6809;30.9171;142.1653;21.7381;0;21.7381;0;1
2019-08-16T05:00:00.0/2019-08-16T06:00:00.0;319.8414;175.0727;102.372;72.7007;413.2343;76.149;0.4565;75.6925;1.4639;1
2019-08-16T06:00:00.0/2019-08-16T07:00:00.0;512.0324;327.9842;230.2372;97.747;593.1773;201.0557;52.0967;148.959;138.7778;1
2019-08-16T07:00:00.0/2019-08-16T08:00:00.0;686.8492;475.511;363.2358;112.2751;700.7693;215.3824;0;215.3824;0;1
2019-08-16T08:00:00.0/2019-08-16T09:00:00.0;832.3541;601.716;482.3995;119.3165;769.1257;287.7876;11.1696;276.618;16.9869;1
2019-08-16T09:00:00.0/2019-08-16T10:00:00.0;938.6052;691.9823;561.8853;130.097;795.1726;502.122;218.0765;284.0455;305.6358;1
2019-08-16T10:00:00.0/2019-08-16T11:00:00.0;998.3358;738.8248;592.025;146.7999;787.7527;514.1631;199.6718;314.4914;266.5598;1
2019-08-16T11:00:00.0/2019-08-16T12:00:00.0;1007.4497;741.4812;581.5283;159.9529;766.7197;369.5922;42.9994;326.5927;56.4811;1
2019-08-16T12:00:00.0/2019-08-16T13:00:00.0;965.3022;703.7182;542.8929;160.8253;747.0062;319.6505;4.3248;315.3257;6.0972;1
2019-08-16T13:00:00.0/2019-08-16T14:00:00.0;874.744;628.2134;477.6493;150.5641;725.0112;302.096;4.2663;297.8298;6.2071;1
2019-08-16T14:00:00.0/2019-08-16T15:00:00.0;741.9269;516.8229;381.1743;135.6486;681.5274;291.3607;40.1754;251.1853;76.5156;1
2019-08-16T15:00:00.0/2019-08-16T16:00:00.0;575.8855;377.4661;260.1913;117.2748;597.1795;321.6568;186.5001;135.1568;432.3603;1
2019-08-16T16:00:00.0/2019-08-16T17:00:00.0;387.92;224.7107;133.6528;91.0579;450.0087;192.0242;95.6641;96.36;325.7418;1
2019-08-16T17:00:00.0/2019-08-16T18:00:00.0;190.8264;84.8546;35.2317;49.6229;222.2361;69.8105;15.9915;53.819;85.7967;1
2019-08-16T18:00:00.0/2019-08-16T19:00:00.0;22.3408;6.1759;0.8396;5.3363;16.1895;4.2298;0;4.2298;0;1
2019-08-16T19:00:00.0/2019-08-16T20:00:00.0;0;0;0;0;0;0;0;0;0;1
2019-08-16T20:00:00.0/2019-08-16T21:00:00.0;0;0;0;0;0;0;0;0;0;1
2019-08-16T21:00:00.0/2019-08-16T22:00:00.0;0;0;0;0;0;0;0;0;0;1
2019-08-16T22:00:00.0/2019-08-16T23:00:00.0;0;0;0;0;0;0;0;0;0;1
2019-08-16T23:00:00.0/2019-08-17T00:00:00.0;0;0;0;0;0;0;0;0;0;1
2019-08-17T00:00:00.0/2019-08-17T01:00:00.0;0;0;0;0;0;0;0;0;0;1
2019-08-17T01:00:00.0/2019-08-17T02:00:00.0;0;0;0;0;0;0;0;0;0;1
2019-08-17T02:00:00.0/2019-08-17T03:00:00.0;0;0;0;0;0;0;0;0;0;1
2019-08-17T03:00:00.0/2019-08-17T04:00:00.0;1.2299;0.2482;0.0046;0.2435;0;0.0342;0;0.0342;0;1
2019-08-17T04:00:00.0/2019-08-17T05:00:00.0;118.1681;41.7422;10.9848;30.7574;95.1224;14.1439;0;14.1439;0;1
2019-08-17T05:00:00.0/2019-08-17T06:00:00.0;314.9596;160.0446;78.0459;81.9987;318.1113;31.7703;0;31.7703;0;1
2019-08-17T06:00:00.0/2019-08-17T07:00:00.0;507.4424;309.0044;191.0499;117.9545;495.8848;96.521;0;96.521;0;1
2019-08-17T07:00:00.0/2019-08-17T08:00:00.0;682.4764;455.7742;316.1068;139.6673;613.5642;198.8302;36.3242;162.506;72.3739;1
2019-08-17T08:00:00.0/2019-08-17T09:00:00.0;828.1086;582.146;431.5072;150.6388;691.5909;174.3902;0;174.3902;0;1
2019-08-17T09:00:00.0/2019-08-17T10:00:00.0;934.3885;665.639;486.8287;178.8103;692.7532;252.9144;0;252.9144;0;1
2019-08-17T10:00:00.0/2019-08-17T11:00:00.0;994.0469;699.3558;476.5172;222.8385;637.175;325.4637;10.0775;315.3863;13.365;1
2019-08-17T11:00:00.0/2019-08-17T12:00:00.0;1002.9924;689.4014;431.8413;257.5602;572.0517;436.0582;96.9062;339.152;128.7275;1
2019-08-17T12:00:00.0/2019-08-17T13:00:00.0;960.5915;643.1288;381.1385;261.9902;527.0858;424.5645;99.7484;324.8162;136.5142;1
2019-08-17T13:00:00.0/2019-08-17T14:00:00.0;869.7119;562.8812;318.4932;244.388;486.0793;271.0332;2.6314;268.4019;4.2449;1
2019-08-17T14:00:00.0/2019-08-17T15:00:00.0;736.5276;448.7574;234.2818;214.4756;421.3746;230.4576;4.4676;225.99;7.6719;1
2019-08-17T15:00:00.0/2019-08-17T16:00:00.0;570.0977;315.0417;145.0906;169.9511;335.7229;120.8105;0;120.8105;0;1
2019-08-17T16:00:00.0/2019-08-17T17:00:00.0;381.7491;178.6596;65.595;113.0646;222.7956;53.1889;0;53.1889;0;1
2019-08-17T17:00:00.0/2019-08-17T18:00:00.0;184.3039;63.7191;13.7609;49.9582;87.5684;22.6796;0;22.6796;0;1
2019-08-17T18:00:00.0/2019-08-17T19:00:00.0;19.1638;4.3563;0.2228;4.1335;4.5994;2.6288;0;2.6288;0;1
2019-08-17T19:00:00.0/2019-08-17T20:00:00.0;0;0;0;0;0;0;0;0;0;1
2019-08-17T20:00:00.0/2019-08-17T21:00:00.0;0;0;0;0;0;0;0;0;0;1
2019-08-17T21:00:00.0/2019-08-17T22:00:00.0;0;0;0;0;0;0;0;0;0;1
2019-08-17T22:00:00.0/2019-08-17T23:00:00.0;0;0;0;0;0;0;0;0;0;1
2019-08-17T23:00:00.0/2019-08-18T00:00:00.0;0;0;0;0;0;0;0;0;0;1
2019-08-18T00:00:00.0/2019-08-18T01:00:00.0;0;0;0;0;0;0;0;0;0;1
2019-08-18T01:00:00.0/2019-08-18T02:00:00.0;0;0;0;0;0;0;0;0;0;1
2019-08-18T02:00:00.0/2019-08-18T03:00:00.0;0;0;0;0;0;0;0;0;0;1
2019-08-18T03:00:00.0/2019-08-18T04:00:00.0;0.6992;0.138;0.0022;0.1358;0;0.0064;0;0.0064;0;1
2019-08-18T04:00:00.0/2019-08-18T05:00:00.0;112.8957;40.5667;11.7552;28.8115;104.7225;13.4208;0;13.4208;0;1
2019-08-18T05:00:00.0/2019-08-18T06:00:00.0;310.0319;158.5764;80.4484;78.1281;334.1568;18.1694;0;18.1694;0;1
2019-08-18T06:00:00.0/2019-08-18T07:00:00.0;502.803;305.5483;191.7888;113.7595;502.7643;46.3121;0;46.3121;0;1
2019-08-18T07:00:00.0/2019-08-18T08:00:00.0;678.0491;450.3266;314.5291;135.7975;614.8331;80.7453;0;80.7453;0;1
2019-08-18T08:00:00.0/2019-08-18T09:00:00.0;823.8022;574.4385;426.3277;148.1108;687.1906;163.3586;0;163.3586;0;1
2019-08-18T09:00:00.0/2019-08-18T10:00:00.0;930.1033;663.4259;504.249;159.1769;720.6035;278.9524;0;278.9524;0;1
2019-08-18T10:00:00.0/2019-08-18T11:00:00.0;989.6815;709.9585;538.4311;171.5274;723.2432;242.5536;0;242.5536;0;1
2019-08-18T11:00:00.0/2019-08-18T12:00:00.0;998.4505;712.8602;533.1408;179.7194;709.8127;312.3672;7.5056;304.8616;10.0735;1
2019-08-18T12:00:00.0/2019-08-18T13:00:00.0;955.7889;672.6741;491.3938;181.2803;683.2848;344.2563;14.7369;329.5194;20.1896;1
2019-08-18T13:00:00.0/2019-08-18T14:00:00.0;864.5819;592.3814;417.188;175.1933;640.8942;272.446;3.746;268.7;5.5361;1
2019-08-18T14:00:00.0/2019-08-18T15:00:00.0;731.0256;477.4714;315.9964;161.475;573.2252;141.2463;0;141.2463;0;1
2019-08-18T15:00:00.0/2019-08-18T16:00:00.0;564.2047;340.6792;205.4838;135.1954;481.4636;109.1141;0;109.1141;0;1
2019-08-18T16:00:00.0/2019-08-18T17:00:00.0;375.4724;197.1384;101.0948;96.0436;350.9169;60.0294;0;60.0294;0;1
2019-08-18T17:00:00.0/2019-08-18T18:00:00.0;177.677;69.9138;23.6548;46.259;156.7387;26.011;0;26.011;0;1
2019-08-18T18:00:00.0/2019-08-18T19:00:00.0;16.2233;3.9877;0.3487;3.6391;7.599;2.213;0;2.213;0;1
2019-08-18T19:00:00.0/2019-08-18T20:00:00.0;0;0;0;0;0;0;0;0;0;1
2019-08-18T20:00:00.0/2019-08-18T21:00:00.0;0;0;0;0;0;0;0;0;0;1
2019-08-18T21:00:00.0/2019-08-18T22:00:00.0;0;0;0;0;0;0;0;0;0;1
2019-08-18T22:00:00.0/2019-08-18T23:00:00.0;0;0;0;0;0;0;0;0;0;1
2019-08-18T23:00:00.0/2019-08-19T00:00:00.0;0;0;0;0;0;0;0;0;0;1
2019-08-19T00:00:00.0/2019-08-19T01:00:00.0;0;0;0;0;0;0;0;0;0;1
2019-08-19T01:00:00.0/2019-08-19T02:00:00.0;0;0;0;0;0;0;0;0;0;1
2019-08-19T02:00:00.0/2019-08-19T03:00:00.0;0;0;0;0;0;0;0;0;0;1
2019-08-19T03:00:00.0/2019-08-19T04:00:00.0;0.301;0.0606;0.0012;0.0594;0;0;0;0;0;1
2019-08-19T04:00:00.0/2019-08-19T05:00:00.0;107.58;41.551;14.2378;27.3132;131.7124;18.7892;0;18.7892;0;1
2019-08-19T05:00:00.0/2019-08-19T06:00:00.0;305.0593;166.5083;93.7637;72.7447;396.7515;53.6095;0.0789;53.5307;0.2611;1
2019-08-19T06:00:00.0/2019-08-19T07:00:00.0;498.1152;319.0236;214.6248;104.3988;568.9442;262.4915;144.1046;118.3869;367.0733;1
2019-08-19T07:00:00.0/2019-08-19T08:00:00.0;673.568;467.6332;340.9494;126.6838;671.5146;415.6668;286.1467;129.5202;566.9915;1
2019-08-19T08:00:00.0/2019-08-19T09:00:00.0;819.4354;595.2557;453.5242;141.7315;735.366;340.9135;79.4909;261.4225;132.441;1
2019-08-19T09:00:00.0/2019-08-19T10:00:00.0;925.7501;689.1567;536.5278;152.6289;770.5663;470.0544;181.7865;288.2679;258.9624;1
2019-08-19T10:00:00.0/2019-08-19T11:00:00.0;985.2399;741.2731;580.786;160.4871;783.9332;705.7559;552.729;153.0269;745.2606;1
2019-08-19T11:00:00.0/2019-08-19T12:00:00.0;993.8248;748.129;583.8545;164.2745;781.2804;681.6964;486.4375;195.2589;650.7897;1
2019-08-19T12:00:00.0/2019-08-19T13:00:00.0;950.8954;709.1221;548.444;160.6781;766.9453;678.9234;527.9929;150.9306;739.3332;1
2019-08-19T13:00:00.0/2019-08-19T14:00:00.0;859.3552;627.5215;477.8023;149.7192;739.0284;568.2415;403.6897;164.5518;621.3243;1
2019-08-19T14:00:00.0/2019-08-19T15:00:00.0;725.4229;510.4279;376.1952;134.2327;688.5803;394.538;196.1091;198.4289;353.0072;1
2019-08-19T15:00:00.0/2019-08-19T16:00:00.0;558.2085;369.076;257.1416;111.9344;610.0745;208.4113;32.4288;175.9825;77.9308;1
2019-08-19T16:00:00.0/2019-08-19T17:00:00.0;369.0923;217.4688;135.6789;81.7899;481.4908;178.2171;92.4729;85.7442;338.8223;1
2019-08-19T17:00:00.0/2019-08-19T18:00:00.0;170.9487;78.1455;36.382;41.7635;254.9129;68.9161;27.3439;41.5722;174.8475;1
2019-08-19T18:00:00.0/2019-08-19T19:00:00.0;13.4963;3.7216;0.5765;3.145;13.6588;2.2832;0;2.2832;0;1
2019-08-19T19:00:00.0/2019-08-19T20:00:00.0;0;0;0;0;0;0;0;0;0;1
2019-08-19T20:00:00.0/2019-08-19T21:00:00.0;0;0;0;0;0;0;0;0;0;1
2019-08-19T21:00:00.0/2019-08-19T22:00:00.0;0;0;0;0;0;0;0;0;0;1
2019-08-19T22:00:00.0/2019-08-19T23:00:00.0;0;0;0;0;0;0;0;0;0;1
2019-08-19T23:00:00.0/2019-08-20T00:00:00.0;0;0;0;0;0;0;0;0;0;1
2019-08-20T00:00:00.0/2019-08-20T01:00:00.0;0;0;0;0;0;0;0;0;0;1
2019-08-20T01:00:00.0/2019-08-20T02:00:00.0;0;0;0;0;0;0;0;0;0;1
2019-08-20T02:00:00.0/2019-08-20T03:00:00.0;0;0;0;0;0;0;0;0;0;1
2019-08-20T03:00:00.0/2019-08-20T04:00:00.0;0.0604;0.0118;0.0005;0.0113;0;0;0;0;0;1
2019-08-20T04:00:00.0/2019-08-20T05:00:00.0;102.2204;37.0725;9.7251;27.3474;91.6924;28.5408;1.6965;26.8442;12.1018;1
2019-08-20T05:00:00.0/2019-08-20T06:00:00.0;300.041;154.2562;71.216;83.0402;305.3729;134.492;56.1938;78.2982;233.9983;1
2019-08-20T06:00:00.0/2019-08-20T07:00:00.0;493.3778;303.1796;176.8643;126.3154;472.2201;276.0971;162.2791;113.818;430.7315;1
2019-08-20T07:00:00.0/2019-08-20T08:00:00.0;669.0318;452.4658;299.4474;153.0184;593.4612;416.9557;273.177;143.7787;540.6952;1
2019-08-20T08:00:00.0/2019-08-20T09:00:00.0;815.0066;581.0325;412.8049;168.2275;673.0101;563.8813;421.4754;142.406;686.5985;1
2019-08-20T09:00:00.0/2019-08-20T10:00:00.0;921.3272;676.4669;501.2863;175.1805;723.563;664.7036;518.7333;145.9703;748.7508;1
2019-08-20T10:00:00.0/2019-08-20T11:00:00.0;980.721;731.0462;555.0318;176.0144;752.8829;703.9232;530.3069;173.6163;719.9293;1
2019-08-20T11:00:00.0/2019-08-20T12:00:00.0;989.1141;740.4755;568.6901;171.7853;764.9435;613.3087;304.5049;308.8037;409.1718;1
2019-08-20T12:00:00.0/2019-08-20T13:00:00.0;945.91;700.5873;531.6387;168.9487;747.5372;505.577;157.3728;348.2042;220.6395;1
2019-08-20T13:00:00.0/2019-08-20T14:00:00.0;854.0309;614.6243;448.2496;166.3747;697.6365;389.6538;90.0466;299.6072;141.4588;1
2019-08-20T14:00:00.0/2019-08-20T15:00:00.0;719.7186;493.2;337.1731;156.0269;621.6797;299.6701;70.2232;229.4469;124.556;1
2019-08-20T15:00:00.0/2019-08-20T16:00:00.0;552.1089;347.5319;213.2004;134.3315;510.1497;205.9977;6.4705;199.5271;14.4977;1
2019-08-20T16:00:00.0/2019-08-20T17:00:00.0;362.6089;194.6504;97.0313;97.6191;347.3472;101.4537;0;101.4537;0;1
2019-08-20T17:00:00.0/2019-08-20T18:00:00.0;164.1191;63.9902;19.4277;44.5625;135.6671;34.2837;0;34.2837;0;1
2019-08-20T18:00:00.0/2019-08-20T19:00:00.0;10.9912;2.6191;0.1735;2.4456;4.4043;1.4136;0;1.4136;0;1
2019-08-20T19:00:00.0/2019-08-20T20:00:00.0;0;0;0;0;0;0;0;0;0;1
2019-08-20T20:00:00.0/2019-08-20T21:00:00.0;0;0;0;0;0;0;0;0;0;1
2019-08-20T21:00:00.0/2019-08-20T22:00:00.0;0;0;0;0;0;0;0;0;0;1
2019-08-20T22:00:00.0/2019-08-20T23:00:00.0;0;0;0;0;0;0;0;0;0;1
2019-08-20T23:00:00.0/2019-08-21T00:00:00.0;0;0;0;0;0;0;0;0;0;1
2019-08-21T00:00:00.0/2019-08-21T01:00:00.0;0;0;0;0;0;0;0;0;0;1
2019-08-21T01:00:00.0/2019-08-21T02:00:00.0;0;0;0;0;0;0;0;0;0;1
2019-08-21T02:00:00.0/2019-08-21T03:00:00.0;0;0;0;0;0;0;0;0;0;1
2019-08-21T03:00:00.0/2019-08-21T04:00:00.0;0;0;0;0;0;0;0;0;0;1
2019-08-21T04:00:00.0/2019-08-21T05:00:00.0;96.7982;31.2481;6.1239;25.1241;58.477;20.5444;0.2288;20.3156;1.6293;1
2019-08-21T05:00:00.0/2019-08-21T06:00:00.0;294.978;139.8152;56.0346;83.7806;242.0788;113.0813;34.1362;78.9451;133.4478;1
2019-08-21T06:00:00.0/2019-08-21T07:00:00.0;488.5917;288.37;158.0988;130.2711;425.1163;274.8501;160.7778;114.0723;431.7105;1
2019-08-21T07:00:00.0/2019-08-21T08:00:00.0;664.4412;443.2564;289.6353;153.6211;577.3754;429.368;299.6848;129.6832;597.4246;1
2019-08-21T08:00:00.0/2019-08-21T09:00:00.0;810.5164;579.8674;424.0076;155.8597;694.9355;565.3234;434.0592;131.2642;711.6522;1
2019-08-21T09:00:00.0/2019-08-21T10:00:00.0;916.8354;675.1987;511.984;163.2147;743.2388;549.317;312.1325;237.1845;455.4241;1
2019-08-21T10:00:00.0/2019-08-21T11:00:00.0;976.1253;721.0027;538.3163;182.6863;734.0579;663.5841;470.4773;193.1068;641.3077;1
2019-08-21T11:00:00.0/2019-08-21T12:00:00.0;984.3191;721.475;523.8277;197.6473;708.2672;647.611;422.8535;224.7576;571.9302;1
2019-08-21T12:00:00.0/2019-08-21T13:00:00.0;940.8338;679.2698;481.9021;197.3678;681.6275;635.1174;442.791;192.3265;625.8354;1
2019-08-21T13:00:00.0/2019-08-21T14:00:00.0;848.6107;597.6251;415.0766;182.5486;650.5684;544.2716;363.7197;180.5519;566.0855;1
2019-08-21T14:00:00.0/2019-08-21T15:00:00.0;713.9147;480.5298;319.5934;160.9363;594.5837;296.4645;52.2164;244.2481;94.404;1
2019-08-21T15:00:00.0/2019-08-21T16:00:00.0;545.908;340.4031;209.8021;130.601;508.7115;205.7162;25.6596;180.0566;67.9277;1
2019-08-21T16:00:00.0/2019-08-21T17:00:00.0;356.0247;192.8328;102.0591;90.7738;373.6346;170.2204;82.9094;87.311;308.3993;1
2019-08-21T17:00:00.0/2019-08-21T18:00:00.0;157.1913;62.9679;21.9321;41.0358;159.7742;55.2697;13.4737;41.796;85.4363;1
2019-08-21T18:00:00.0/2019-08-21T19:00:00.0;8.7174;2.0691;0.1485;1.9206;4.0899;1.023;0;1.023;0;1
2019-08-21T19:00:00.0/2019-08-21T20:00:00.0;0;0;0;0;0;0;0;0;0;1
2019-08-21T20:00:00.0/2019-08-21T21:00:00.0;0;0;0;0;0;0;0;0;0;1
2019-08-21T21:00:00.0/2019-08-21T22:00:00.0;0;0;0;0;0;0;0;0;0;1
2019-08-21T22:00:00.0/2019-08-21T23:00:00.0;0;0;0;0;0;0;0;0;0;1
2019-08-21T23:00:00.0/2019-08-22T00:00:00.0;0;0;0;0;0;0;0;0;0;1
2019-08-22T00:00:00.0/2019-08-22T01:00:00.0;0;0;0;0;0;0;0;0;0;1
2019-08-22T01:00:00.0/2019-08-22T02:00:00.0;0;0;0;0;0;0;0;0;0;1
2019-08-22T02:00:00.0/2019-08-22T03:00:00.0;0;0;0;0;0;0;0;0;0;1
2019-08-22T03:00:00.0/2019-08-22T04:00:00.0;0;0;0;0;0;0;0;0;0;1
2019-08-22T04:00:00.0/2019-08-22T05:00:00.0;91.4689;30.7306;7.0886;23.642;69.8972;26.0282;2.251;23.7772;17.7155;1
2019-08-22T05:00:00.0/2019-08-22T06:00:00.0;289.8708;142.2811;63.6193;78.6618;280.5228;131.047;57.2233;73.8236;248.192;1
2019-08-22T06:00:00.0/2019-08-22T07:00:00.0;483.757;288.5901;165.391;123.1991;450.7671;274.6099;166.6541;107.9559;453.5136;1
2019-08-22T07:00:00.0/2019-08-22T08:00:00.0;659.7961;434.4792;279.0847;155.3945;561.3932;420.9869;288.6187;132.3682;580.4213;1
2019-08-22T08:00:00.0/2019-08-22T09:00:00.0;805.9648;560.1873;382.0152;178.1721;630.3988;530.7397;366.2864;164.4533;605.0526;1
2019-08-22T09:00:00.0/2019-08-22T10:00:00.0;912.2745;657.4739;472.1909;185.283;688.676;608.749;403.2379;205.5112;588.2801;1
2019-08-22T10:00:00.0/2019-08-22T11:00:00.0;971.4528;718.3024;544.013;174.2894;745.5172;701.9266;547.2757;154.6509;749.7383;1
2019-08-22T11:00:00.0/2019-08-22T12:00:00.0;979.44;733.7495;577.0164;156.733;784.5057;722.5767;589.4705;133.1061;801.4197;1
2019-08-22T12:00:00.0/2019-08-22T13:00:00.0;935.6672;699.5847;557.8259;141.7588;793.7623;686.4865;564.4401;122.0464;803.1537;1
2019-08-22T13:00:00.0/2019-08-22T14:00:00.0;843.095;618.8439;487.3198;131.5242;769.2874;603.8911;490.3497;113.5414;774.0172;1
2019-08-22T14:00:00.0/2019-08-22T15:00:00.0;708.0123;502.1287;384.864;117.2647;722.752;478.0923;371.3603;106.732;695.4854;1
2019-08-22T15:00:00.0/2019-08-22T16:00:00.0;539.6074;359.6875;261.2459;98.4416;641.7493;329.6669;234.8294;94.8375;578.102;1
2019-08-22T16:00:00.0/2019-08-22T17:00:00.0;349.3415;206.4279;133.6491;72.7789;500.784;185.7445;116.0197;69.7248;434.9857;1
2019-08-22T17:00:00.0/2019-08-22T18:00:00.0;150.1673;67.6412;32.1163;35.525;248.5333;59.1073;23.3247;35.7826;160.9662;1
2019-08-22T18:00:00.0/2019-08-22T19:00:00.0;6.6687;1.7206;0.1999;1.5207;6.171;0.6915;0;0.6915;0;1
2019-08-22T19:00:00.0/2019-08-22T20:00:00.0;0;0;0;0;0;0;0;0;0;1
2019-08-22T20:00:00.0/2019-08-22T21:00:00.0;0;0;0;0;0;0;0;0;0;1
2019-08-22T21:00:00.0/2019-08-22T22:00:00.0;0;0;0;0;0;0;0;0;0;1
2019-08-22T22:00:00.0/2019-08-22T23:00:00.0;0;0;0;0;0;0;0;0;0;1
2019-08-22T23:00:00.0/2019-08-23T00:00:00.0;0;0;0;0;0;0;0;0;0;1
2019-08-23T00:00:00.0/2019-08-23T01:00:00.0;0;0;0;0;0;0;0;0;0;1
2019-08-23T01:00:00.0/2019-08-23T02:00:00.0;0;0;0;0;0;0;0;0;0;1
2019-08-23T02:00:00.0/2019-08-23T03:00:00.0;0;0;0;0;0;0;0;0;0;1
2019-08-23T03:00:00.0/2019-08-23T04:00:00.0;0;0;0;0;0;0;0;0;0;1
2019-08-23T04:00:00.0/2019-08-23T05:00:00.0;86.2433;32.2538;10.3951;21.8588;106.8773;24.2194;2.1347;22.0846;16.7606;1
2019-08-23T05:00:00.0/2019-08-23T06:00:00.0;284.72;152.1304;83.1477;68.9827;375.8569;135.6251;71.7986;63.8265;313.1609;1
2019-08-23T06:00:00.0/2019-08-23T07:00:00.0;478.874;303.4177;201.5597;101.858;556.0284;287.7737;200.2353;87.5383;551.893;1
2019-08-23T07:00:00.0/2019-08-23T08:00:00.0;655.0966;451.9126;329.4445;122.4681;668.0535;428.8682;316.527;112.3412;643.9527;1
2019-08-23T08:00:00.0/2019-08-23T09:00:00.0;801.3517;578.9086;444.1234;134.7851;737.523;539.1612;395.3423;143.8188;655.5064;1
2019-08-23T09:00:00.0/2019-08-23T10:00:00.0;907.6445;668.8632;519.1186;149.7446;761.8846;608.1216;405.0584;203.0632;595.4016;1
2019-08-23T10:00:00.0/2019-08-23T11:00:00.0;966.7035;714.1745;546.0472;168.1272;752.4894;656.0929;448.5869;207.506;618.0022;1
2019-08-23T11:00:00.0/2019-08-23T12:00:00.0;974.4771;714.3782;532.158;182.2202;727.4117;648.1299;406.2749;241.855;555.1121;1
2019-08-23T12:00:00.0/2019-08-23T13:00:00.0;930.4106;672.6276;489.1192;183.5085;700.177;593.3641;335.8647;257.4994;480.8768;1
2019-08-23T13:00:00.0/2019-08-23T14:00:00.0;837.4847;592.0113;420.5315;171.4799;668.4312;502.0794;253.9996;248.0798;402.3404;1
2019-08-23T14:00:00.0/2019-08-23T15:00:00.0;702.0124;475.7053;322.9839;152.7214;611.5923;404.303;205.0431;199.26;390.146;1
2019-08-23T15:00:00.0/2019-08-23T16:00:00.0;533.2084;334.4757;208.4126;126.0631;517.3195;289.4984;152.2157;137.2827;379.7299;1
2019-08-23T16:00:00.0/2019-08-23T17:00:00.0;342.5612;185.0452;96.3842;88.6609;365.8203;165.4689;79.6319;85.837;302.2803;1
2019-08-23T17:00:00.0/2019-08-23T18:00:00.0;143.0492;56.5631;18.5122;38.0509;144.0534;49.2294;10.9137;38.3157;72.674;1
2019-08-23T18:00:00.0/2019-08-23T19:00:00.0;4.8983;1.1366;0.0541;1.0826;1.6155;0.379;0;0.379;0;1
2019-08-23T19:00:00.0/2019-08-23T20:00:00.0;0;0;0;0;0;0;0;0;0;1
2019-08-23T20:00:00.0/2019-08-23T21:00:00.0;0;0;0;0;0;0;0;0;0;1
2019-08-23T21:00:00.0/2019-08-23T22:00:00.0;0;0;0;0;0;0;0;0;0;1
2019-08-23T22:00:00.0/2019-08-23T23:00:00.0;0;0;0;0;0;0;0;0;0;1
2019-08-23T23:00:00.0/2019-08-24T00:00:00.0;0;0;0;0;0;0;0;0;0;1
2019-08-24T00:00:00.0/2019-08-24T01:00:00.0;0;0;0;0;0;0;0;0;0;1
2019-08-24T01:00:00.0/2019-08-24T02:00:00.0;0;0;0;0;0;0;0;0;0;1
2019-08-24T02:00:00.0/2019-08-24T03:00:00.0;0;0;0;0;0;0;0;0;0;1
2019-08-24T03:00:00.0/2019-08-24T04:00:00.0;0;0;0;0;0;0;0;0;0;1
2019-08-24T04:00:00.0/2019-08-24T05:00:00.0;81.1446;28.048;6.995;21.053;73.1254;17.7145;0;17.7145;0;1
2019-08-24T05:00:00.0/2019-08-24T06:00:00.0;279.5261;140.2504;66.4275;73.8229;303.7855;89.3153;9.6911;79.6242;36.6975;1
2019-08-24T06:00:00.0/2019-08-24T07:00:00.0;473.9431;287.4703;172.5804;114.8899;480.6347;256.303;147.5931;108.7099;404.4028;1
2019-08-24T07:00:00.0/2019-08-24T08:00:00.0;650.343;433.8176;290.1588;143.6589;592.704;416.2064;292.2691;123.9372;595.9161;1
2019-08-24T08:00:00.0/2019-08-24T09:00:00.0;796.6772;559.7666;396.9355;162.8311;663.228;546.5799;409.7788;136.8011;684.6494;1
2019-08-24T09:00:00.0/2019-08-24T10:00:00.0;902.9454;654.7382;484.5393;170.1989;714.7451;643.2158;499.8084;143.4074;737.2964;1
2019-08-24T10:00:00.0/2019-08-24T11:00:00.0;961.8776;710.6274;544.0747;166.5527;753.7227;699.8956;558.9056;140.99;774.2778;1
2019-08-24T11:00:00.0/2019-08-24T12:00:00.0;969.4305;721.2766;563.7429;157.5337;775.0096;710.1657;575.8381;134.3276;791.6267;1
2019-08-24T12:00:00.0/2019-08-24T13:00:00.0;925.0646;684.285;535.4142;148.8708;771.2184;671.6655;543.7599;127.9056;783.2279;1
2019-08-24T13:00:00.0/2019-08-24T14:00:00.0;831.7808;602.6991;461.6679;141.0312;739.2198;588.2296;467.3181;120.9114;748.2371;1
2019-08-24T14:00:00.0/2019-08-24T15:00:00.0;695.9163;485.1561;357.2768;127.8794;682.9001;469.226;359.9791;109.247;687.9595;1
2019-08-24T15:00:00.0/2019-08-24T16:00:00.0;526.7126;342.7635;235.8186;106.9449;593.5231;326.3942;234.0679;92.3263;588.6735;1
2019-08-24T16:00:00.0/2019-08-24T17:00:00.0;335.6855;191.2263;114.7434;76.4829;446.1696;176.5981;108.2568;68.3413;418.7476;1
2019-08-24T17:00:00.0/2019-08-24T18:00:00.0;135.8393;57.5059;23.7055;33.8004;194.4083;49.714;15.7632;33.9508;112.1811;1
2019-08-24T18:00:00.0/2019-08-24T19:00:00.0;3.3852;0.7951;0.0437;0.7514;1.3009;0.2474;0;0.2474;0;1
2019-08-24T19:00:00.0/2019-08-24T20:00:00.0;0;0;0;0;0;0;0;0;0;1
2019-08-24T20:00:00.0/2019-08-24T21:00:00.0;0;0;0;0;0;0;0;0;0;1
2019-08-24T21:00:00.0/2019-08-24T22:00:00.0;0;0;0;0;0;0;0;0;0;1
2019-08-24T22:00:00.0/2019-08-24T23:00:00.0;0;0;0;0;0;0;0;0;0;1
2019-08-24T23:00:00.0/2019-08-25T00:00:00.0;0;0;0;0;0;0;0;0;0;1
2019-08-25T00:00:00.0/2019-08-25T01:00:00.0;0;0;0;0;0;0;0;0;0;1
2019-08-25T01:00:00.0/2019-08-25T02:00:00.0;0;0;0;0;0;0;0;0;0;1
2019-08-25T02:00:00.0/2019-08-25T03:00:00.0;0;0;0;0;0;0;0;0;0;1
2019-08-25T03:00:00.0/2019-08-25T04:00:00.0;0;0;0;0;0;0;0;0;0;1
2019-08-25T04:00:00.0/2019-08-25T05:00:00.0;76.1756;30.2078;12.2099;17.9979;135.6687;25.2643;6.9337;18.3306;65.0574;1
2019-08-25T05:00:00.0/2019-08-25T06:00:00.0;274.2899;153.308;95.6605;57.6475;450.7552;140.3101;88.794;51.5161;414.9031;1
2019-08-25T06:00:00.0/2019-08-25T07:00:00.0;468.9648;306.324;223.0451;83.2789;629.5707;289.7482;218.4583;71.2899;616.1834;1
2019-08-25T07:00:00.0/2019-08-25T08:00:00.0;645.5353;455.4604;356.4655;98.9948;734.4834;438.4205;353.3038;85.1167;727.8683;1
2019-08-25T08:00:00.0/2019-08-25T09:00:00.0;791.9414;582.9072;474.5661;108.3412;798.2472;566.3094;471.3932;94.9162;792.9184;1
2019-08-25T09:00:00.0/2019-08-25T10:00:00.0;898.1774;672.2173;548.8735;123.3439;814.8425;657.6575;549.4164;108.241;815.546;1
2019-08-25T10:00:00.0/2019-08-25T11:00:00.0;956.9752;715.6688;569.6201;146.0487;793.6738;703.5083;577.9106;125.5977;805.1963;1
2019-08-25T11:00:00.0/2019-08-25T12:00:00.0;964.3007;714.0519;550.2075;163.8445;760.673;703.0688;563.84;139.2288;779.5327;1
2019-08-25T12:00:00.0/2019-08-25T13:00:00.0;919.6297;669.0165;498.7986;170.2179;722.9389;657.6036;513.4853;144.1183;744.2211;1
2019-08-25T13:00:00.0/2019-08-25T14:00:00.0;825.9839;583.7427;418.7966;164.9461;675.3289;570.7012;431.0701;139.6311;695.1213;1
2019-08-25T14:00:00.0/2019-08-25T15:00:00.0;689.725;462.9878;311.4149;151.573;600.2899;448.7704;319.1687;129.6017;615.1285;1
2019-08-25T15:00:00.0/2019-08-25T16:00:00.0;520.1216;319.0228;192.4706;126.5522;489.5394;304.1832;193.1976;110.9856;490.8075;1
2019-08-25T16:00:00.0/2019-08-25T17:00:00.0;328.7166;169.9242;82.6411;87.2831;325.2365;156.9122;75.9756;80.9366;295.9988;1
2019-08-25T17:00:00.0/2019-08-25T18:00:00.0;128.5398;47.039;13.0948;33.9442;107.8406;40.4246;6.2007;34.2238;42.3246;1
2019-08-25T18:00:00.0/2019-08-25T19:00:00.0;2.1168;0.4474;0.0117;0.4356;0.188;0.0907;0;0.0907;0;1
2019-08-25T19:00:00.0/2019-08-25T20:00:00.0;0;0;0;0;0;0;0;0;0;1
2019-08-25T20:00:00.0/2019-08-25T21:00:00.0;0;0;0;0;0;0;0;0;0;1
2019-08-25T21:00:00.0/2019-08-25T22:00:00.0;0;0;0;0;0;0;0;0;0;1
2019-08-25T22:00:00.0/2019-08-25T23:00:00.0;0;0;0;0;0;0;0;0;0;1
2019-08-25T23:00:00.0/2019-08-26T00:00:00.0;0;0;0;0;0;0;0;0;0;1
2019-08-26T00:00:00.0/2019-08-26T01:00:00.0;0;0;0;0;0;0;0;0;0;1
2019-08-26T01:00:00.0/2019-08-26T02:00:00.0;0;0;0;0;0;0;0;0;0;1
2019-08-26T02:00:00.0/2019-08-26T03:00:00.0;0;0;0;0;0;0;0;0;0;1
2019-08-26T03:00:00.0/2019-08-26T04:00:00.0;0;0;0;0;0;0;0;0;0;1
2019-08-26T04:00:00.0/2019-08-26T05:00:00.0;71.3676;25.8357;8.1936;17.6421;92.0239;20.0867;1.7662;18.3205;15.3372;1
2019-08-26T05:00:00.0/2019-08-26T06:00:00.0;269.0121;141.5696;78.5016;63.068;374.2701;125.1704;63.6743;61.4961;297.458;1
2019-08-26T06:00:00.0/2019-08-26T07:00:00.0;463.9393;291.3768;195.7418;95.635;558.1779;257.077;156.609;100.468;445.1482;1
2019-08-26T07:00:00.0/2019-08-26T08:00:00.0;640.6741;437.9782;319.2538;118.7244;662.9288;406.5565;292.3262;114.2303;605.5285;1
2019-08-26T08:00:00.0/2019-08-26T09:00:00.0;787.1445;563.3164;428.3973;134.9191;725.2683;543.9072;424.7773;119.1299;718.3397;1
2019-08-26T09:00:00.0/2019-08-26T10:00:00.0;893.3405;651.8943;501.7422;150.1522;749.1141;639.1139;509.8815;129.2324;761.2223;1
2019-08-26T10:00:00.0/2019-08-26T11:00:00.0;951.9966;695.6791;530.6665;165.0126;743.5596;659.52;486.5934;172.9266;682.1494;1
2019-08-26T11:00:00.0/2019-08-26T12:00:00.0;959.0881;694.2019;518.5901;175.6117;721.1881;591.2146;307.5145;283.7;427.2914;1
2019-08-26T12:00:00.0/2019-08-26T13:00:00.0;914.1066;650.1318;472.0654;178.0664;688.6316;516.6948;209.4567;307.238;305.3282;1
2019-08-26T13:00:00.0/2019-08-26T14:00:00.0;820.095;566.8606;395.61;171.2506;642.7849;468.7915;217.5883;251.2032;355.7662;1
2019-08-26T14:00:00.0/2019-08-26T15:00:00.0;683.44;448.6578;292.6325;156.0253;569.4524;344.1824;130.6932;213.4892;248.5951;1
2019-08-26T15:00:00.0/2019-08-26T16:00:00.0;513.4371;307.2882;178.4;128.8882;459.5603;157.2354;2.4947;154.7407;5.8372;1
2019-08-26T16:00:00.0/2019-08-26T17:00:00.0;321.6561;161.1537;73.9961;87.1576;296.882;125.7548;32.1714;93.5835;140.239;1
2019-08-26T17:00:00.0/2019-08-26T18:00:00.0;121.1529;42.6037;10.6169;31.9868;89.5448;36.3744;4.2379;32.1366;29.2629;1
2019-08-26T18:00:00.0/2019-08-26T19:00:00.0;1.1593;0.2321;0.0033;0.2288;0;0.0223;0;0.0223;0;1
2019-08-26T19:00:00.0/2019-08-26T20:00:00.0;0;0;0;0;0;0;0;0;0;1
2019-08-26T20:00:00.0/2019-08-26T21:00:00.0;0;0;0;0;0;0;0;0;0;1
2019-08-26T21:00:00.0/2019-08-26T22:00:00.0;0;0;0;0;0;0;0;0;0;1
2019-08-26T22:00:00.0/2019-08-26T23:00:00.0;0;0;0;0;0;0;0;0;0;1
2019-08-26T23:00:00.0/2019-08-27T00:00:00.0;0;0;0;0;0;0;0;0;0;1
2019-08-27T00:00:00.0/2019-08-27T01:00:00.0;0;0;0;0;0;0;0;0;0;1
2019-08-27T01:00:00.0/2019-08-27T02:00:00.0;0;0;0;0;0;0;0;0;0;1
2019-08-27T02:00:00.0/2019-08-27T03:00:00.0;0;0;0;0;0;0;0;0;0;1
2019-08-27T03:00:00.0/2019-08-27T04:00:00.0;0;0;0;0;0;0;0;0;0;1
2019-08-27T04:00:00.0/2019-08-27T05:00:00.0;66.679;19.3706;2.6684;16.7022;30.0442;10.194;0;10.194;0;1
2019-08-27T05:00:00.0/2019-08-27T06:00:00.0;263.6933;112.746;37.3433;75.4027;178.4157;89.9896;21.0951;68.8946;87.6928;1
2019-08-27T06:00:00.0/2019-08-27T07:00:00.0;458.8673;247.9745;117.0904;130.8841;335.5244;231.9296;111.223;120.7065;319.6617;1
2019-08-27T07:00:00.0/2019-08-27T08:00:00.0;635.7594;390.3782;219.7301;170.6481;458.9716;346.8323;179.0409;167.7914;373.9453;1
2019-08-27T08:00:00.0/2019-08-27T09:00:00.0;782.2868;515.5231;319.6851;195.8381;544.3602;480.2733;288.7697;191.5036;490.1503;1
2019-08-27T09:00:00.0/2019-08-27T10:00:00.0;888.4351;609.955;402.6257;207.3292;604.3361;577.9106;371.3584;206.5521;558.184;1
2019-08-27T10:00:00.0/2019-08-27T11:00:00.0;946.9421;664.9155;457.7393;207.1761;644.9658;601.124;346.1967;254.9272;488.222;1
2019-08-27T11:00:00.0/2019-08-27T12:00:00.0;953.7931;675.2101;475.8376;199.3726;665.774;588.6519;307.6362;281.0157;430.5272;1
2019-08-27T12:00:00.0/2019-08-27T13:00:00.0;908.4961;635.3997;439.7526;195.6471;645.6154;574.1774;340.1822;233.9952;499.4917;1
2019-08-27T13:00:00.0/2019-08-27T14:00:00.0;814.1153;548.7137;355.1532;193.5605;581.249;509.4998;322.3;187.1999;529.3058;1
2019-08-27T14:00:00.0/2019-08-27T15:00:00.0;677.0626;427.5141;248.9515;178.5627;488.6065;323.4818;117.5688;205.913;222.2628;1
2019-08-27T15:00:00.0/2019-08-27T16:00:00.0;506.6605;286.8446;142.7146;144.13;372.1398;205.9133;49.9873;155.926;131.7694;1
2019-08-27T16:00:00.0/2019-08-27T17:00:00.0;314.5063;146.6151;55.0917;91.5235;224.9164;85.6907;4.2124;81.4783;14.9356;1
2019-08-27T17:00:00.0/2019-08-27T18:00:00.0;113.681;36.9794;6.8385;30.1409;59.0689;16.6189;0;16.6189;0;1
2019-08-27T18:00:00.0/2019-08-27T19:00:00.0;0.4828;0.0895;0.0006;0.0889;0;0;0;0;0;1
2019-08-27T19:00:00.0/2019-08-27T20:00:00.0;0;0;0;0;0;0;0;0;0;1
2019-08-27T20:00:00.0/2019-08-27T21:00:00.0;0;0;0;0;0;0;0;0;0;1
2019-08-27T21:00:00.0/2019-08-27T22:00:00.0;0;0;0;0;0;0;0;0;0;1
2019-08-27T22:00:00.0/2019-08-27T23:00:00.0;0;0;0;0;0;0;0;0;0;1
2019-08-27T23:00:00.0/2019-08-28T00:00:00.0;0;0;0;0;0;0;0;0;0;1
2019-08-28T00:00:00.0/2019-08-28T01:00:00.0;0;0;0;0;0;0;0;0;0;1
2019-08-28T01:00:00.0/2019-08-28T02:00:00.0;0;0;0;0;0;0;0;0;0;1
2019-08-28T02:00:00.0/2019-08-28T03:00:00.0;0;0;0;0;0;0;0;0;0;1
2019-08-28T03:00:00.0/2019-08-28T04:00:00.0;0;0;0;0;0;0;0;0;0;1
2019-08-28T04:00:00.0/2019-08-28T05:00:00.0;62.1286;18.2819;2.616;15.6659;30.3378;12.6649;0;12.6649;0;1
2019-08-28T05:00:00.0/2019-08-28T06:00:00.0;258.3345;113.7289;40.8763;72.8526;198.5602;95.526;25.8271;69.6989;112.6638;1
2019-08-28T06:00:00.0/2019-08-28T07:00:00.0;453.7494;251.0986;125.6447;125.4539;365.0689;214.4068;86.5648;127.842;259.762;1
2019-08-28T07:00:00.0/2019-08-28T08:00:00.0;630.7918;391.0218;224.1931;166.8287;472.6251;245.0982;25.982;219.1162;55.4425;1
2019-08-28T08:00:00.0/2019-08-28T09:00:00.0;777.3685;512.5884;314.9771;197.6113;540.2116;444.4666;223.7577;220.709;378.597;1
2019-08-28T09:00:00.0/2019-08-28T10:00:00.0;883.4615;602.4697;384.6556;217.8141;581.0232;587.9689;398.6569;189.3119;601.4809;1
2019-08-28T10:00:00.0/2019-08-28T11:00:00.0;941.8121;652.1516;424.1069;228.0447;601.1596;645.8841;455.5768;190.3073;645.7645;1
2019-08-28T11:00:00.0/2019-08-28T12:00:00.0;948.4163;657.0614;427.0277;230.0337;601.1078;644.8986;446.6736;198.2251;628.577;1
2019-08-28T12:00:00.0/2019-08-28T13:00:00.0;902.7988;619.2518;400.5207;218.7312;592.2579;399.3533;150.2533;249.1;218.2067;1
2019-08-28T13:00:00.0/2019-08-28T14:00:00.0;808.0457;542.0578;347.0198;195.038;572.999;251.9121;2.7145;249.1976;4.7969;1
2019-08-28T14:00:00.0/2019-08-28T15:00:00.0;670.594;430.0465;265.343;164.7035;527.0906;305.851;77.7582;228.0928;157.5119;1
2019-08-28T15:00:00.0/2019-08-28T16:00:00.0;499.7937;291.9218;161.5156;130.4062;427.1882;237.2803;85.7477;151.5327;232.9722;1
2019-08-28T16:00:00.0/2019-08-28T17:00:00.0;307.269;147.8491;62.3191;85.53;260.3573;123.9406;36.7084;87.2322;139.8587;1
2019-08-28T17:00:00.0/2019-08-28T18:00:00.0;106.1263;35.3337;7.4413;27.8923;66.8558;24.6336;0;24.6336;0;1
2019-08-28T18:00:00.0/2019-08-28T19:00:00.0;0.0744;0.0133;0.0001;0.0132;0;0;0;0;0;1
2019-08-28T19:00:00.0/2019-08-28T20:00:00.0;0;0;0;0;0;0;0;0;0;1
2019-08-28T20:00:00.0/2019-08-28T21:00:00.0;0;0;0;0;0;0;0;0;0;1
2019-08-28T21:00:00.0/2019-08-28T22:00:00.0;0;0;0;0;0;0;0;0;0;1
2019-08-28T22:00:00.0/2019-08-28T23:00:00.0;0;0;0;0;0;0;0;0;0;1
2019-08-28T23:00:00.0/2019-08-29T00:00:00.0;0;0;0;0;0;0;0;0;0;1
2019-08-29T00:00:00.0/2019-08-29T01:00:00.0;0;0;0;0;0;0;0;0;0;1
2019-08-29T01:00:00.0/2019-08-29T02:00:00.0;0;0;0;0;0;0;0;0;0;1
2019-08-29T02:00:00.0/2019-08-29T03:00:00.0;0;0;0;0;0;0;0;0;0;1
2019-08-29T03:00:00.0/2019-08-29T04:00:00.0;0;0;0;0;0;0;0;0;0;1
2019-08-29T04:00:00.0/2019-08-29T05:00:00.0;57.7189;16.4219;1.6871;14.7348;20.2281;10.3505;0;10.3505;0;1
2019-08-29T05:00:00.0/2019-08-29T06:00:00.0;252.9364;105.5623;29.1701;76.3922;144.142;29.0904;0;29.0904;0;1
2019-08-29T06:00:00.0/2019-08-29T07:00:00.0;448.5861;236.631;96.0567;140.5744;281.733;81.9801;0;81.9801;0;1
2019-08-29T07:00:00.0/2019-08-29T08:00:00.0;625.7717;373.7595;180.8025;192.957;384.0522;277.2334;67.9978;209.2357;137.8732;1
2019-08-29T08:00:00.0/2019-08-29T09:00:00.0;772.3899;493.9102;261.8662;232.044;452.0854;383.1905;121.0616;262.1289;211.2;1
2019-08-29T09:00:00.0/2019-08-29T10:00:00.0;878.4199;585.3437;329.7273;255.6164;500.9943;537.3295;305.268;232.0614;460.9818;1
2019-08-29T10:00:00.0/2019-08-29T11:00:00.0;936.607;639.2742;375.5953;263.6789;535.5576;612.491;379.0418;233.4492;541.0399;1
2019-08-29T11:00:00.0/2019-08-29T12:00:00.0;942.9583;648.2036;387.8466;260.357;549.3906;461.1928;174.793;286.3998;247.9364;1
2019-08-29T12:00:00.0/2019-08-29T13:00:00.0;897.0156;607.8278;358.3186;249.5092;533.3228;551.7963;322.2457;229.5506;477.7689;1
2019-08-29T13:00:00.0/2019-08-29T14:00:00.0;801.8872;521.8883;291.7728;230.1155;485.2782;403.3519;132.9003;270.4516;223.5449;1
2019-08-29T14:00:00.0/2019-08-29T15:00:00.0;664.0358;402.3997;204.8896;197.5102;410.3838;334.9966;139.2782;195.7184;275.0396;1
2019-08-29T15:00:00.0/2019-08-29T16:00:00.0;492.8384;266.1274;116.615;149.5123;312.7332;239.9919;99.8028;140.189;271.6714;1
2019-08-29T16:00:00.0/2019-08-29T17:00:00.0;299.9464;132.7116;43.6126;89.099;186.4465;97.3412;12.8843;84.4569;46.5821;1
2019-08-29T17:00:00.0/2019-08-29T18:00:00.0;98.4914;30.7179;5.0453;25.6725;47.3179;22.9995;0;22.9995;0;1
2019-08-29T18:00:00.0/2019-08-29T19:00:00.0;0;0;0;0;0;0;0;0;0;1
2019-08-29T19:00:00.0/2019-08-29T20:00:00.0;0;0;0;0;0;0;0;0;0;1
2019-08-29T20:00:00.0/2019-08-29T21:00:00.0;0;0;0;0;0;0;0;0;0;1
2019-08-29T21:00:00.0/2019-08-29T22:00:00.0;0;0;0;0;0;0;0;0;0;1
2019-08-29T22:00:00.0/2019-08-29T23:00:00.0;0;0;0;0;0;0;0;0;0;1
2019-08-29T23:00:00.0/2019-08-30T00:00:00.0;0;0;0;0;0;0;0;0;0;1
2019-08-30T00:00:00.0/2019-08-30T01:00:00.0;0;0;0;0;0;0;0;0;0;1
2019-08-30T01:00:00.0/2019-08-30T02:00:00.0;0;0;0;0;0;0;0;0;0;1
2019-08-30T02:00:00.0/2019-08-30T03:00:00.0;0;0;0;0;0;0;0;0;0;1
2019-08-30T03:00:00.0/2019-08-30T04:00:00.0;0;0;0;0;0;0;0;0;0;1
2019-08-30T04:00:00.0/2019-08-30T05:00:00.0;53.4526;18.8647;5.8417;13.023;75.3041;15.3864;2.0507;13.3358;21.4072;1
2019-08-30T05:00:00.0/2019-08-30T06:00:00.0;247.5;128.3475;71.1241;57.2235;367.1817;116.7763;63.7996;52.9767;323.8896;1
2019-08-30T06:00:00.0/2019-08-30T07:00:00.0;443.3781;276.2209;186.1899;90.031;556.1611;260.5968;182.4051;78.1917;544.1772;1
2019-08-30T07:00:00.0/2019-08-30T08:00:00.0;620.6996;421.7878;309.0866;112.7011;663.6071;406.001;308.8535;97.1475;662.9383;1
2019-08-30T08:00:00.0/2019-08-30T09:00:00.0;767.3516;546.0229;417.4729;128.55;726.3221;530.8323;419.9528;110.8795;730.6304;1
2019-08-30T09:00:00.0/2019-08-30T10:00:00.0;873.3108;632.4877;483.3613;149.1264;739.7326;594.2681;439.688;154.58;675.0261;1
2019-08-30T10:00:00.0/2019-08-30T11:00:00.0;931.3273;673.5916;499.3666;174.2251;716.5977;508.1486;215.1716;292.977;309.1802;1
2019-08-30T11:00:00.0/2019-08-30T12:00:00.0;937.4197;669.5118;475.9547;193.5571;678.412;512.8992;237.0214;275.8777;337.9921;1
2019-08-30T12:00:00.0/2019-08-30T13:00:00.0;891.1475;622.0898;422.6652;199.4247;633.5021;409.9132;106.3482;303.565;158.2451;1
2019-08-30T13:00:00.0/2019-08-30T14:00:00.0;795.6412;534.5992;342.0661;192.5331;573.6332;333.9706;51.3552;282.6154;86.3075;1
2019-08-30T14:00:00.0/2019-08-30T15:00:00.0;657.3894;412.7852;239.449;173.3363;484.6598;284.7145;47.3398;237.3747;95.6128;1
2019-08-30T15:00:00.0/2019-08-30T16:00:00.0;485.7964;272.0894;135.4317;136.6578;368.5224;211.7034;61.9029;149.8005;178.8328;1
2019-08-30T16:00:00.0/2019-08-30T17:00:00.0;292.5406;133.3141;49.7307;83.5834;217.3262;122.3339;41.1674;81.1665;174.9276;1
2019-08-30T17:00:00.0/2019-08-30T18:00:00.0;91.006;28.6595;5.111;23.5485;49.6294;23.8379;0.655;23.1829;4.878;1
2019-08-30T18:00:00.0/2019-08-30T19:00:00.0;0;0;0;0;0;0;0;0;0;1
2019-08-30T19:00:00.0/2019-08-30T20:00:00.0;0;0;0;0;0;0;0;0;0;1
2019-08-30T20:00:00.0/2019-08-30T21:00:00.0;0;0;0;0;0;0;0;0;0;1
2019-08-30T21:00:00.0/2019-08-30T22:00:00.0;0;0;0;0;0;0;0;0;0;1
2019-08-30T22:00:00.0/2019-08-30T23:00:00.0;0;0;0;0;0;0;0;0;0;1
2019-08-30T23:00:00.0/2019-08-31T00:00:00.0;0;0;0;0;0;0;0;0;0;1
2019-08-31T00:00:00.0/2019-08-31T01:00:00.0;0;0;0;0;0;0;0;0;0;1
2019-08-31T01:00:00.0/2019-08-31T02:00:00.0;0;0;0;0;0;0;0;0;0;1
2019-08-31T02:00:00.0/2019-08-31T03:00:00.0;0;0;0;0;0;0;0;0;0;1
2019-08-31T03:00:00.0/2019-08-31T04:00:00.0;0;0;0;0;0;0;0;0;0;1
2019-08-31T04:00:00.0/2019-08-31T05:00:00.0;49.3681;13.6271;1.3702;12.2569;17.8211;10.8574;0;10.8574;0;1
2019-08-31T05:00:00.0/2019-08-31T06:00:00.0;242.0262;98.4266;27.2786;71.1481;140.1845;89.9181;18.552;71.3661;87.5944;1
2019-08-31T06:00:00.0/2019-08-31T07:00:00.0;438.1262;229.5082;96.1554;133.3528;288.3087;217.8309;96.3089;121.522;287.4029;1
2019-08-31T07:00:00.0/2019-08-31T08:00:00.0;615.5759;371.9653;192.7467;179.2187;416.0836;360.6954;205.2877;155.4077;442.905;1
2019-08-31T08:00:00.0/2019-08-31T09:00:00.0;762.2538;498.7873;292.0522;206.7352;511.1149;488.5472;314.714;173.8332;550.7507;1
2019-08-31T09:00:00.0/2019-08-31T10:00:00.0;868.1346;593.6662;373.9127;219.7536;575.4091;584.8426;402.5352;182.3074;619.4785;1
2019-08-31T10:00:00.0/2019-08-31T11:00:00.0;925.9735;647.515;426.0534;221.4615;615.0571;639.6235;455.9172;183.7063;658.1813;1
2019-08-31T11:00:00.0/2019-08-31T12:00:00.0;931.8012;656.0768;441.7836;214.2932;633.8922;647.5854;469.0345;178.5509;672.9745;1
2019-08-31T12:00:00.0/2019-08-31T13:00:00.0;885.1952;618.1896;416.7709;201.4187;629.3584;572.6935;378.7308;193.9627;570.9448;1
2019-08-31T13:00:00.0/2019-08-31T14:00:00.0;789.3088;537.3011;354.1337;183.1674;599.3315;391.701;144.3467;247.3543;241.9285;1
2019-08-31T14:00:00.0/2019-08-31T15:00:00.0;650.6564;421.5191;264.1514;157.3677;541.2859;349.5782;176.3772;173.201;365.0494;1
2019-08-31T15:00:00.0/2019-08-31T16:00:00.0;478.6697;282.1662;158.904;123.2622;439.6347;242.3803;120.328;122.0523;329.1894;1
2019-08-31T16:00:00.0/2019-08-31T17:00:00.0;285.054;138.8762;60.9939;77.8823;274.2959;120.6491;44.3795;76.2696;199.523;1
2019-08-31T17:00:00.0/2019-08-31T18:00:00.0;83.74;28.2146;6.2721;21.9425;63.7346;23.3256;1.6587;21.6669;13.3788;1
2019-08-31T18:00:00.0/2019-08-31T19:00:00.0;0;0;0;0;0;0;0;0;0;1
2019-08-31T19:00:00.0/2019-08-31T20:00:00.0;0;0;0;0;0;0;0;0;0;1
2019-08-31T20:00:00.0/2019-08-31T21:00:00.0;0;0;0;0;0;0;0;0;0;1
2019-08-31T21:00:00.0/2019-08-31T22:00:00.0;0;0;0;0;0;0;0;0;0;1
2019-08-31T22:00:00.0/2019-08-31T23:00:00.0;0;0;0;0;0;0;0;0;0;1
2019-08-31T23:00:00.0/2019-09-01T00:00:00.0;0;0;0;0;0;0;0;0;0;1
2019-09-01T00:00:00.0/2019-09-01T01:00:00.0;0;0;0;0;0;0;0;0;0;1
2019-09-01T01:00:00.0/2019-09-01T02:00:00.0;0;0;0;0;0;0;0;0;0;1
2019-09-01T02:00:00.0/2019-09-01T03:00:00.0;0;0;0;0;0;0;0;0;0;1
2019-09-01T03:00:00.0/2019-09-01T04:00:00.0;0;0;0;0;0;0;0;0;0;1
2019-09-01T04:00:00.0/2019-09-01T05:00:00.0;45.4081;13.8828;2.291;11.5919;31.1435;11.0587;0.0651;10.9936;0.6618;1
2019-09-01T05:00:00.0/2019-09-01T06:00:00.0;236.5159;108.573;43.176;65.397;228.6532;84.971;16.6442;68.3268;96.5743;1
2019-09-01T06:00:00.0/2019-09-01T07:00:00.0;432.8308;247.8991;133.1533;114.7458;406.4608;139.2676;10.2648;129.0029;27.8854;1
2019-09-01T07:00:00.0/2019-09-01T08:00:00.0;610.4012;388.8707;235.4381;153.4326;514.0411;227.6197;22.6032;205.0165;50.1277;1
2019-09-01T08:00:00.0/2019-09-01T09:00:00.0;757.0972;510.3283;327.2051;183.1233;577.3948;343.7805;95.7613;248.0192;170.4158;1
2019-09-01T09:00:00.0/2019-09-01T10:00:00.0;862.8918;594.5066;383.4893;211.0173;594.5234;460.8369;206.2512;254.5857;317.2493;1
2019-09-01T10:00:00.0/2019-09-01T11:00:00.0;920.5463;633.1412;394.5626;238.5786;573.3969;328.0279;53.155;274.8729;77.6859;1
2019-09-01T11:00:00.0/2019-09-01T12:00:00.0;926.1037;626.9636;372.5605;254.4031;538.0287;423.6865;106.8301;316.8564;154.3424;1
2019-09-01T12:00:00.0/2019-09-01T13:00:00.0;879.1599;583.7125;337.1151;246.5974;512.8217;435.5485;130.3226;305.226;197.6876;1
2019-09-01T13:00:00.0/2019-09-01T14:00:00.0;782.8913;506.4093;286.2185;220.1908;488.6172;359.6641;104.898;254.7661;177.39;1
2019-09-01T14:00:00.0/2019-09-01T15:00:00.0;643.8384;395.4165;214.21;181.2065;443.8226;205.437;2.3379;203.0991;4.3999;1
2019-09-01T15:00:00.0/2019-09-01T16:00:00.0;471.4602;263.2008;130.0272;133.1737;365.6862;87.1497;0;87.1497;0;1
2019-09-01T16:00:00.0/2019-09-01T17:00:00.0;277.4886;128.5408;50.484;78.0568;233.174;41.305;0;41.305;0;1
2019-09-01T17:00:00.0/2019-09-01T18:00:00.0;76.7496;24.8278;4.8853;19.9425;51.8468;5.1138;0;5.1138;0;1
2019-09-01T18:00:00.0/2019-09-01T19:00:00.0;0;0;0;0;0;0;0;0;0;1
2019-09-01T19:00:00.0/2019-09-01T20:00:00.0;0;0;0;0;0;0;0;0;0;1
2019-09-01T20:00:00.0/2019-09-01T21:00:00.0;0;0;0;0;0;0;0;0;0;1
2019-09-01T21:00:00.0/2019-09-01T22:00:00.0;0;0;0;0;0;0;0;0;0;1
2019-09-01T22:00:00.0/2019-09-01T23:00:00.0;0;0;0;0;0;0;0;0;0;1
2019-09-01T23:00:00.0/2019-09-02T00:00:00.0;0;0;0;0;0;0;0;0;0;1
2019-09-02T00:00:00.0/2019-09-02T01:00:00.0;0;0;0;0;0;0;0;0;0;1
2019-09-02T01:00:00.0/2019-09-02T02:00:00.0;0;0;0;0;0;0;0;0;0;1
2019-09-02T02:00:00.0/2019-09-02T03:00:00.0;0;0;0;0;0;0;0;0;0;1
2019-09-02T03:00:00.0/2019-09-02T04:00:00.0;0;0;0;0;0;0;0;0;0;1
2019-09-02T04:00:00.0/2019-09-02T05:00:00.0;41.5984;14.9766;4.6438;10.3328;67.0143;11.9471;1.5901;10.357;18.6659;1
2019-09-02T05:00:00.0/2019-09-02T06:00:00.0;230.9699;126.1852;75.225;50.9602;413.0388;114.1957;68.7003;45.4953;371.0994;1
2019-09-02T06:00:00.0/2019-09-02T07:00:00.0;427.4928;281.1824;205.0228;76.1596;636.3085;264.0664;200.6313;63.4351;622.1102;1
2019-09-02T07:00:00.0/2019-09-02T08:00:00.0;605.1762;431.026;339.1545;91.8715;748.0466;412.863;335.6649;77.1982;740.2592;1
2019-09-02T08:00:00.0/2019-09-02T09:00:00.0;751.8821;558.1071;456.761;101.3461;812.2359;539.8383;452.8605;86.9777;805.3093;1
2019-09-02T09:00:00.0/2019-09-02T10:00:00.0;857.5829;649.0976;537.8907;111.2068;839.2772;573.5281;417.4807;156.0475;655.4657;1
2019-09-02T10:00:00.0/2019-09-02T11:00:00.0;915.0461;696.3891;573.4685;122.9206;838.7005;503.5298;241.3336;262.1962;352.2098;1
2019-09-02T11:00:00.0/2019-09-02T12:00:00.0;920.3278;697.5449;565.7168;131.8281;822.5619;599.516;398.2974;201.2186;579.663;1
2019-09-02T12:00:00.0/2019-09-02T13:00:00.0;873.0426;653.6597;521.1566;132.5031;798.7059;613.1915;486.2798;126.9117;743.5568;1
2019-09-02T13:00:00.0/2019-09-02T14:00:00.0;776.3901;568.1144;443.5851;124.5292;764.0304;342.8515;93.4604;249.3911;156.0151;1
2019-09-02T14:00:00.0/2019-09-02T15:00:00.0;636.9372;446.6075;334.9497;111.6577;702.145;238.2555;51.1732;187.0823;115.649;1
2019-09-02T15:00:00.0/2019-09-02T16:00:00.0;464.17;301.0366;209.6215;91.4152;600.0814;231.4196;108.8367;122.5829;303.1653;1
2019-09-02T16:00:00.0/2019-09-02T17:00:00.0;269.8469;148.8254;87.635;61.1905;419.5977;114.0062;41.016;72.9902;211.3954;1
2019-09-02T17:00:00.0/2019-09-02T18:00:00.0;69.9848;26.9194;9.6402;17.2792;109.2589;22.0513;4.625;17.4263;43.622;1
2019-09-02T18:00:00.0/2019-09-02T19:00:00.0;0;0;0;0;0;0;0;0;0;1
2019-09-02T19:00:00.0/2019-09-02T20:00:00.0;0;0;0;0;0;0;0;0;0;1
2019-09-02T20:00:00.0/2019-09-02T21:00:00.0;0;0;0;0;0;0;0;0;0;1
2019-09-02T21:00:00.0/2019-09-02T22:00:00.0;0;0;0;0;0;0;0;0;0;1
2019-09-02T22:00:00.0/2019-09-02T23:00:00.0;0;0;0;0;0;0;0;0;0;1
2019-09-02T23:00:00.0/2019-09-03T00:00:00.0;0;0;0;0;0;0;0;0;0;1
2019-09-03T00:00:00.0/2019-09-03T01:00:00.0;0;0;0;0;0;0;0;0;0;1
2019-09-03T01:00:00.0/2019-09-03T02:00:00.0;0;0;0;0;0;0;0;0;0;1
2019-09-03T02:00:00.0/2019-09-03T03:00:00.0;0;0;0;0;0;0;0;0;0;1
2019-09-03T03:00:00.0/2019-09-03T04:00:00.0;0;0;0;0;0;0;0;0;0;1
2019-09-03T04:00:00.0/2019-09-03T05:00:00.0;37.941;12.0823;2.4401;9.6422;36.4293;9.3426;0.1027;9.2399;1.1903;1
2019-09-03T05:00:00.0/2019-09-03T06:00:00.0;225.3892;108.5731;49.3915;59.1816;275.1409;31.7857;0.0111;31.7747;0.1175;1
2019-09-03T06:00:00.0/2019-09-03T07:00:00.0;422.1128;252.4666;151.7013;100.7653;475.0814;79.527;0;79.527;0;1
2019-09-03T07:00:00.0/2019-09-03T08:00:00.0;599.9012;398.6779;270.9551;127.7227;602.4445;107.3806;0;107.3806;0;1
2019-09-03T08:00:00.0/2019-09-03T09:00:00.0;746.609;524.3589;379.7492;144.6098;680.1126;153.6838;0;153.6838;0;1
2019-09-03T09:00:00.0/2019-09-03T10:00:00.0;852.2085;614.4514;455.8145;158.6368;715.9892;226.7263;0;226.7263;0;1
2019-09-03T10:00:00.0/2019-09-03T11:00:00.0;909.4738;660.8311;488.8126;172.0185;719.6191;315.6702;9.0695;306.6007;13.3101;1
2019-09-03T11:00:00.0/2019-09-03T12:00:00.0;914.4745;661.4495;481.0558;180.3936;704.2756;253.8358;0;253.8358;0;1
2019-09-03T12:00:00.0/2019-09-03T13:00:00.0;866.8444;619.8365;444.8528;174.9837;687.051;211.5061;0;211.5061;0;1
2019-09-03T13:00:00.0/2019-09-03T14:00:00.0;769.8067;539.4686;383.1262;156.3424;665.9519;192.4836;0;192.4836;0;1
2019-09-03T14:00:00.0/2019-09-03T15:00:00.0;629.9544;423.7533;290.958;132.7954;617.0394;202.6198;12.5554;190.0644;28.9751;1
2019-09-03T15:00:00.0/2019-09-03T16:00:00.0;456.801;284.2044;181.7659;102.4385;528.9947;181.6507;34.0107;147.6401;100.29;1
2019-09-03T16:00:00.0/2019-09-03T17:00:00.0;262.1312;138.6097;75.15;63.4597;370.0169;91.4271;11.1957;80.2314;56.5548;1
2019-09-03T17:00:00.0/2019-09-03T18:00:00.0;63.5243;23.6089;7.6463;15.9626;90.8688;18.3603;2.0179;16.3424;20.269;1
2019-09-03T18:00:00.0/2019-09-03T19:00:00.0;0;0;0;0;0;0;0;0;0;1
2019-09-03T19:00:00.0/2019-09-03T20:00:00.0;0;0;0;0;0;0;0;0;0;1
2019-09-03T20:00:00.0/2019-09-03T21:00:00.0;0;0;0;0;0;0;0;0;0;1
2019-09-03T21:00:00.0/2019-09-03T22:00:00.0;0;0;0;0;0;0;0;0;0;1
2019-09-03T22:00:00.0/2019-09-03T23:00:00.0;0;0;0;0;0;0;0;0;0;1
2019-09-03T23:00:00.0/2019-09-04T00:00:00.0;0;0;0;0;0;0;0;0;0;1
2019-09-04T00:00:00.0/2019-09-04T01:00:00.0;0;0;0;0;0;0;0;0;0;1
2019-09-04T01:00:00.0/2019-09-04T02:00:00.0;0;0;0;0;0;0;0;0;0;1
2019-09-04T02:00:00.0/2019-09-04T03:00:00.0;0;0;0;0;0;0;0;0;0;1
2019-09-04T03:00:00.0/2019-09-04T04:00:00.0;0;0;0;0;0;0;0;0;0;1
2019-09-04T04:00:00.0/2019-09-04T05:00:00.0;34.4689;11.6876;3.3324;8.3551;52.3121;8.1865;0;8.1865;0;1
2019-09-04T05:00:00.0/2019-09-04T06:00:00.0;219.7745;113.149;63.6464;49.5025;366.1834;97.998;48.7857;49.2123;261.1102;1
2019-09-04T06:00:00.0/2019-09-04T07:00:00.0;416.6914;259.4232;177.8419;81.5813;566.6536;225.4898;140.6551;84.8347;456.638;1
2019-09-04T07:00:00.0/2019-09-04T08:00:00.0;594.5768;402.5263;295.8085;106.7179;664.7621;178.6625;21.0615;157.601;52.9684;1
2019-09-04T08:00:00.0/2019-09-04T09:00:00.0;741.2785;524.3381;397.3979;126.9402;717.5554;207.7645;0.1103;207.6542;0.1846;1
2019-09-04T09:00:00.0/2019-09-04T10:00:00.0;846.769;613.4501;470.8269;142.6232;744.6587;369.6485;67.6671;301.9814;106.2595;1
2019-09-04T10:00:00.0/2019-09-04T11:00:00.0;903.83;661.9022;508.2438;153.6585;753.2515;300.7117;17.4099;283.3019;26.0568;1
2019-09-04T11:00:00.0/2019-09-04T12:00:00.0;908.5447;664.7906;505.1834;159.6072;744.8113;336.1454;28.9335;307.2119;42.5681;1
2019-09-04T12:00:00.0/2019-09-04T13:00:00.0;860.5666;623.0283;465.2628;157.7655;724.0713;322.3138;45.6707;276.6431;73.075;1
2019-09-04T13:00:00.0/2019-09-04T14:00:00.0;763.1426;539.7795;392.2367;147.5429;687.886;404.8869;196.7212;208.1657;341.4762;1
2019-09-04T14:00:00.0/2019-09-04T15:00:00.0;622.892;420.659;290.2643;130.3947;622.4786;208.76;4.7163;204.0437;9.1592;1
2019-09-04T15:00:00.0/2019-09-04T16:00:00.0;449.3555;278.6126;176.4629;102.1497;521.8832;168.7409;26.8768;141.864;90.9616;1
2019-09-04T16:00:00.0/2019-09-04T17:00:00.0;254.3441;132.7932;70.3036;62.4896;355.8925;116.0536;56.4915;59.5622;286.7745;1
2019-09-04T17:00:00.0/2019-09-04T18:00:00.0;57.3291;20.9275;6.5547;14.3728;82.0029;16.7884;2.3305;14.4579;23.5339;1
2019-09-04T18:00:00.0/2019-09-04T19:00:00.0;0;0;0;0;0;0;0;0;0;1
2019-09-04T19:00:00.0/2019-09-04T20:00:00.0;0;0;0;0;0;0;0;0;0;1
2019-09-04T20:00:00.0/2019-09-04T21:00:00.0;0;0;0;0;0;0;0;0;0;1
2019-09-04T21:00:00.0/2019-09-04T22:00:00.0;0;0;0;0;0;0;0;0;0;1
2019-09-04T22:00:00.0/2019-09-04T23:00:00.0;0;0;0;0;0;0;0;0;0;1
2019-09-04T23:00:00.0/2019-09-05T00:00:00.0;0;0;0;0;0;0;0;0;0;1
2019-09-05T00:00:00.0/2019-09-05T01:00:00.0;0;0;0;0;0;0;0;0;0;1
2019-09-05T01:00:00.0/2019-09-05T02:00:00.0;0;0;0;0;0;0;0;0;0;1
2019-09-05T02:00:00.0/2019-09-05T03:00:00.0;0;0;0;0;0;0;0;0;0;1
2019-09-05T03:00:00.0/2019-09-05T04:00:00.0;0;0;0;0;0;0;0;0;0;1
2019-09-05T04:00:00.0/2019-09-05T05:00:00.0;31.1345;10.4233;2.7373;7.6859;44.8572;8.0321;0.4312;7.6009;5.562;1
2019-09-05T05:00:00.0/2019-09-05T06:00:00.0;214.1266;110.6335;60.3778;50.2556;354.5103;99.7106;53.4388;46.2718;305.2219;1
2019-09-05T06:00:00.0/2019-09-05T07:00:00.0;411.2292;260.0645;175.9328;84.1317;567.8559;243.832;172.7492;71.0828;556.7602;1
2019-09-05T07:00:00.0/2019-09-05T08:00:00.0;589.2035;406.2764;296.8664;109.4099;673.445;389.2615;297.4794;91.7822;674.6498;1
2019-09-05T08:00:00.0/2019-09-05T09:00:00.0;735.8909;529.9177;401.2743;128.6434;730.1808;513.1609;405.4817;107.6792;737.7798;1
2019-09-05T09:00:00.0/2019-09-05T10:00:00.0;841.2651;619.4867;479.0344;140.4523;762.918;569.6487;421.2883;148.3604;673.889;1
2019-09-05T10:00:00.0/2019-09-05T11:00:00.0;898.1152;667.291;521.5344;145.7566;778.2397;384.1272;100.7973;283.3299;151.7287;1
2019-09-05T11:00:00.0/2019-09-05T12:00:00.0;902.5393;668.7114;521.8814;146.83;774.9476;362.4082;93.747;268.6613;139.4597;1
2019-09-05T12:00:00.0/2019-09-05T13:00:00.0;854.2103;624.6967;480.5391;144.1576;753.747;294.379;10.1571;284.2219;15.444;1
2019-09-05T13:00:00.0/2019-09-05T14:00:00.0;756.3992;538.6494;401.5968;137.0526;710.8503;288.3166;31.7888;256.5278;57.6225;1
2019-09-05T14:00:00.0/2019-09-05T15:00:00.0;615.7518;416.8499;293.4269;123.4231;636.6666;344.2078;204.8306;139.3772;456.3282;1
2019-09-05T15:00:00.0/2019-09-05T16:00:00.0;441.8358;271.8827;171.2542;100.6285;514.0366;185.336;65.4849;119.8511;178.3694;1
2019-09-05T16:00:00.0/2019-09-05T17:00:00.0;246.4881;123.9346;60.297;63.6376;310.3619;83.5765;9.5968;73.9797;52.8569;1
2019-09-05T17:00:00.0/2019-09-05T18:00:00.0;51.3978;17.2225;3.9976;13.2248;51.4936;13.0824;0.0323;13.0501;0.3219;1
2019-09-05T18:00:00.0/2019-09-05T19:00:00.0;0;0;0;0;0;0;0;0;0;1
2019-09-05T19:00:00.0/2019-09-05T20:00:00.0;0;0;0;0;0;0;0;0;0;1
2019-09-05T20:00:00.0/2019-09-05T21:00:00.0;0;0;0;0;0;0;0;0;0;1
2019-09-05T21:00:00.0/2019-09-05T22:00:00.0;0;0;0;0;0;0;0;0;0;1
2019-09-05T22:00:00.0/2019-09-05T23:00:00.0;0;0;0;0;0;0;0;0;0;1
2019-09-05T23:00:00.0/2019-09-06T00:00:00.0;0;0;0;0;0;0;0;0;0;1
2019-09-06T00:00:00.0/2019-09-06T01:00:00.0;0;0;0;0;0;0;0;0;0;1
2019-09-06T01:00:00.0/2019-09-06T02:00:00.0;0;0;0;0;0;0;0;0;0;1
2019-09-06T02:00:00.0/2019-09-06T03:00:00.0;0;0;0;0;0;0;0;0;0;1
2019-09-06T03:00:00.0/2019-09-06T04:00:00.0;0;0;0;0;0;0;0;0;0;1
2019-09-06T04:00:00.0/2019-09-06T05:00:00.0;27.9581;9.6521;2.6501;7.0021;45.7122;7.3506;0.4891;6.8615;6.7108;1
2019-09-06T05:00:00.0/2019-09-06T06:00:00.0;208.4462;111.6601;64.4751;47.1851;388.7939;100.3671;57.8296;42.5375;339.9789;1
2019-09-06T06:00:00.0/2019-09-06T07:00:00.0;405.7268;262.305;185.7858;76.5193;608.528;245.5444;181.7819;63.7625;594.7361;1
2019-09-06T07:00:00.0/2019-09-06T08:00:00.0;583.7817;407.2238;309.8532;97.3706;709.9785;389.6488;307.6706;81.9782;704.8383;1
2019-09-06T08:00:00.0/2019-09-06T09:00:00.0;730.4469;528.5569;415.5274;113.0295;762.2246;511.3748;415.0355;96.3394;761.2825;1
2019-09-06T09:00:00.0/2019-09-06T10:00:00.0;835.6973;616.2122;491.7874;124.4248;788.9071;600.5813;492.9159;107.6655;790.6946;1
2019-09-06T10:00:00.0/2019-09-06T11:00:00.0;892.3305;663.1329;531.1108;132.0221;798.0858;648.6728;534.1545;114.5183;802.6527;1
2019-09-06T11:00:00.0/2019-09-06T12:00:00.0;896.4593;664.0812;527.9891;136.0921;789.7224;649.3704;530.8254;118.545;793.9432;1
2019-09-06T12:00:00.0/2019-09-06T13:00:00.0;847.7769;619.9842;484.867;135.1172;766.7031;601.3206;480.0145;121.306;759.1313;1
2019-09-06T13:00:00.0/2019-09-06T14:00:00.0;749.5783;534.2453;405.9;128.3453;725.4048;459.5992;285.0138;174.5854;502.3316;1
2019-09-06T14:00:00.0/2019-09-06T15:00:00.0;608.5358;413.0057;297.6348;115.3709;653.8818;260.9323;60.1591;200.7732;133.1264;1
2019-09-06T15:00:00.0/2019-09-06T16:00:00.0;434.2442;269.1768;176.8123;92.3645;541.0046;174.2191;31.061;143.1581;87.0988;1
2019-09-06T16:00:00.0/2019-09-06T17:00:00.0;238.5658;122.2223;65.1247;57.0976;348.0075;95.1006;30.9263;64.1743;179.6577;1
2019-09-06T17:00:00.0/2019-09-06T18:00:00.0;45.7795;15.733;4.4294;11.3036;60.77;12.3384;1.0425;11.2959;11.3408;1
2019-09-06T18:00:00.0/2019-09-06T19:00:00.0;0;0;0;0;0;0;0;0;0;1
2019-09-06T19:00:00.0/2019-09-06T20:00:00.0;0;0;0;0;0;0;0;0;0;1
2019-09-06T20:00:00.0/2019-09-06T21:00:00.0;0;0;0;0;0;0;0;0;0;1
2019-09-06T21:00:00.0/2019-09-06T22:00:00.0;0;0;0;0;0;0;0;0;0;1
2019-09-06T22:00:00.0/2019-09-06T23:00:00.0;0;0;0;0;0;0;0;0;0;1
2019-09-06T23:00:00.0/2019-09-07T00:00:00.0;0;0;0;0;0;0;0;0;0;1
2019-09-07T00:00:00.0/2019-09-07T01:00:00.0;0;0;0;0;0;0;0;0;0;1
2019-09-07T01:00:00.0/2019-09-07T02:00:00.0;0;0;0;0;0;0;0;0;0;1
2019-09-07T02:00:00.0/2019-09-07T03:00:00.0;0;0;0;0;0;0;0;0;0;1
2019-09-07T03:00:00.0/2019-09-07T04:00:00.0;0;0;0;0;0;0;0;0;0;1
2019-09-07T04:00:00.0/2019-09-07T05:00:00.0;24.9411;7.4925;1.3171;6.1754;23.7614;5.4943;0;5.4943;0;1
2019-09-07T05:00:00.0/2019-09-07T06:00:00.0;202.734;95.537;43.1396;52.3975;263.086;72.2914;8.9486;63.3429;45.3541;1
2019-09-07T06:00:00.0/2019-09-07T07:00:00.0;400.1846;237.4391;142.3048;95.1343;470.9851;186.3216;69.1361;117.1855;237.2476;1
2019-09-07T07:00:00.0/2019-09-07T08:00:00.0;578.3119;381.1318;253.9625;127.1693;587.0685;270.5518;65.8518;204.7;150.3433;1
2019-09-07T08:00:00.0/2019-09-07T09:00:00.0;724.9467;504.2545;352.7992;151.4552;652.1588;372.8643;119.9391;252.9252;222.5546;1
2019-09-07T09:00:00.0/2019-09-07T10:00:00.0;830.066;595.6277;432.1676;163.4602;698.0839;393.5277;94.7297;298.798;154.0788;1
2019-09-07T10:00:00.0/2019-09-07T11:00:00.0;886.4764;646.8652;484.0028;162.8624;732.4056;384.7097;69.4172;315.2925;105.0238;1
2019-09-07T11:00:00.0/2019-09-07T12:00:00.0;890.3058;651.8467;495.396;156.4507;746.517;376.5005;60.6718;315.8286;91.4603;1
2019-09-07T12:00:00.0/2019-09-07T13:00:00.0;841.2677;609.0815;459.0645;150.017;731.8401;404.2497;108.8359;295.4137;174.186;1
2019-09-07T13:00:00.0/2019-09-07T14:00:00.0;742.6815;522.1002;379.4597;142.6406;684.6574;436.9808;241.2391;195.7417;442.6549;1
2019-09-07T14:00:00.0/2019-09-07T15:00:00.0;601.2461;399.8838;272.4637;127.4201;605.7963;326.2007;155.6363;170.5644;336.1432;1
2019-09-07T15:00:00.0/2019-09-07T16:00:00.0;426.5829;255.1821;153.8272;101.3549;477.9109;165.6806;25.4642;140.2164;73.0407;1
2019-09-07T16:00:00.0/2019-09-07T17:00:00.0;230.5798;110.2988;49.8808;60.418;271.7229;62.5212;1.1305;61.3907;8.2915;1
2019-09-07T17:00:00.0/2019-09-07T18:00:00.0;40.433;12.6634;2.4787;10.1847;35.6683;8.8942;0;8.8942;0;1
2019-09-07T18:00:00.0/2019-09-07T19:00:00.0;0;0;0;0;0;0;0;0;0;1
2019-09-07T19:00:00.0/2019-09-07T20:00:00.0;0;0;0;0;0;0;0;0;0;1
2019-09-07T20:00:00.0/2019-09-07T21:00:00.0;0;0;0;0;0;0;0;0;0;1
2019-09-07T21:00:00.0/2019-09-07T22:00:00.0;0;0;0;0;0;0;0;0;0;1
2019-09-07T22:00:00.0/2019-09-07T23:00:00.0;0;0;0;0;0;0;0;0;0;1
2019-09-07T23:00:00.0/2019-09-08T00:00:00.0;0;0;0;0;0;0;0;0;0;1
2019-09-08T00:00:00.0/2019-09-08T01:00:00.0;0;0;0;0;0;0;0;0;0;1
2019-09-08T01:00:00.0/2019-09-08T02:00:00.0;0;0;0;0;0;0;0;0;0;1
2019-09-08T02:00:00.0/2019-09-08T03:00:00.0;0;0;0;0;0;0;0;0;0;1
2019-09-08T03:00:00.0/2019-09-08T04:00:00.0;0;0;0;0;0;0;0;0;0;1
2019-09-08T04:00:00.0/2019-09-08T05:00:00.0;22.085;6.5201;1.1288;5.3913;21.4329;4.6796;0;4.6796;0;1
2019-09-08T05:00:00.0/2019-09-08T06:00:00.0;196.9905;92.5795;42.7029;49.8767;266.7962;36.7392;0;36.7392;0;1
2019-09-08T06:00:00.0/2019-09-08T07:00:00.0;394.6031;234.6873;144.2276;90.4597;484.1638;154.447;22.2517;132.1953;67.8172;1
2019-09-08T07:00:00.0/2019-09-08T08:00:00.0;572.7944;378.7382;259.5494;119.1888;605.9981;286.1218;99.2873;186.8345;230.1071;1
2019-09-08T08:00:00.0/2019-09-08T09:00:00.0;719.3909;502.2606;362.6768;139.5838;675.8934;365.935;112.8937;253.0413;212.2232;1
2019-09-08T09:00:00.0/2019-09-08T10:00:00.0;824.372;587.3285;424.9379;162.3906;692.0181;401.0172;100.8299;300.1873;164.0879;1
2019-09-08T10:00:00.0/2019-09-08T11:00:00.0;880.5538;625.89;437.3029;188.5871;666.6805;367.8933;56.7058;311.1876;86.909;1
2019-09-08T11:00:00.0/2019-09-08T12:00:00.0;884.0797;618.7477;413.4035;205.3442;627.5538;258.0227;0.0467;257.976;0.0703;1
2019-09-08T12:00:00.0/2019-09-08T13:00:00.0;834.6841;573.4727;373.8752;199.5974;601.224;316.1215;34.9251;281.1964;57.5171;1
2019-09-08T13:00:00.0/2019-09-08T14:00:00.0;735.7107;493.7645;320.6223;173.1422;584.5624;424.1469;240.0736;184.0733;442.0652;1
2019-09-08T14:00:00.0/2019-09-08T15:00:00.0;593.8848;379.5537;239.1512;140.4026;539.2177;295.9833;113.1664;182.8169;248.939;1
2019-09-08T15:00:00.0/2019-09-08T16:00:00.0;418.8547;242.6378;140.3366;102.3012;444.6921;171.7161;42.8939;128.8223;140.4082;1
2019-09-08T16:00:00.0/2019-09-08T17:00:00.0;222.5331;103.6281;46.0866;57.5415;259.8346;84.5966;23.2454;61.3512;131.5013;1
2019-09-08T17:00:00.0/2019-09-08T18:00:00.0;35.4202;10.7641;2.0536;8.7104;31.292;8.1414;0.0253;8.1161;0.2881;1
2019-09-08T18:00:00.0/2019-09-08T19:00:00.0;0;0;0;0;0;0;0;0;0;1
2019-09-08T19:00:00.0/2019-09-08T20:00:00.0;0;0;0;0;0;0;0;0;0;1
2019-09-08T20:00:00.0/2019-09-08T21:00:00.0;0;0;0;0;0;0;0;0;0;1
2019-09-08T21:00:00.0/2019-09-08T22:00:00.0;0;0;0;0;0;0;0;0;0;1
2019-09-08T22:00:00.0/2019-09-08T23:00:00.0;0;0;0;0;0;0;0;0;0;1
2019-09-08T23:00:00.0/2019-09-09T00:00:00.0;0;0;0;0;0;0;0;0;0;1
2019-09-09T00:00:00.0/2019-09-09T01:00:00.0;0;0;0;0;0;0;0;0;0;1
2019-09-09T01:00:00.0/2019-09-09T02:00:00.0;0;0;0;0;0;0;0;0;0;1
2019-09-09T02:00:00.0/2019-09-09T03:00:00.0;0;0;0;0;0;0;0;0;0;1
2019-09-09T03:00:00.0/2019-09-09T04:00:00.0;0;0;0;0;0;0;0;0;0;1
2019-09-09T04:00:00.0/2019-09-09T05:00:00.0;19.4302;5.2488;0.6118;4.6371;12.1505;3.6209;0;3.6209;0;1
2019-09-09T05:00:00.0/2019-09-09T06:00:00.0;191.2163;84.1735;33.949;50.2244;213.8421;20.6809;0;20.6809;0;1
2019-09-09T06:00:00.0/2019-09-09T07:00:00.0;388.9826;225.3321;135.016;90.3162;457.665;25.8235;0;25.8235;0;1
2019-09-09T07:00:00.0/2019-09-09T08:00:00.0;567.2296;373.14;265.8974;107.2426;626.2589;45.2686;0;45.2686;0;1
2019-09-09T08:00:00.0/2019-09-09T09:00:00.0;713.7798;500.7888;391.2639;109.5249;734.8162;67.6454;0;67.6454;0;1
2019-09-09T09:00:00.0/2019-09-09T10:00:00.0;818.6158;589.8093;472.2415;117.5678;774.735;133.9333;0;133.9333;0;1
2019-09-09T10:00:00.0/2019-09-09T11:00:00.0;874.5635;632.5758;495.9675;136.6083;761.6503;212.6305;0;212.6305;0;1
2019-09-09T11:00:00.0/2019-09-09T12:00:00.0;877.7822;630.0721;478.1654;151.9066;731.4912;240.7189;0;240.7189;0;1
2019-09-09T12:00:00.0/2019-09-09T13:00:00.0;828.0275;582.2654;424.1513;158.1142;687.5505;178.6622;0;178.6622;0;1
2019-09-09T13:00:00.0/2019-09-09T14:00:00.0;728.6676;492.6453;338.0675;154.5777;621.969;141.9505;0;141.9505;0;1
2019-09-09T14:00:00.0/2019-09-09T15:00:00.0;586.4542;368.9745;228.864;140.1105;521.3214;85.568;0;85.568;0;1
2019-09-09T15:00:00.0/2019-09-09T16:00:00.0;411.0619;225.8867;116.2611;109.6256;373.1734;51.1011;0;51.1011;0;1
2019-09-09T16:00:00.0/2019-09-09T17:00:00.0;214.4283;89.7289;30.3583;59.3706;173.056;34.0612;0;34.0612;0;1
2019-09-09T17:00:00.0/2019-09-09T18:00:00.0;30.6872;8.2148;0.8648;7.3499;14.0304;4.0355;0;4.0355;0;1
2019-09-09T18:00:00.0/2019-09-09T19:00:00.0;0;0;0;0;0;0;0;0;0;1
2019-09-09T19:00:00.0/2019-09-09T20:00:00.0;0;0;0;0;0;0;0;0;0;1
2019-09-09T20:00:00.0/2019-09-09T21:00:00.0;0;0;0;0;0;0;0;0;0;1
2019-09-09T21:00:00.0/2019-09-09T22:00:00.0;0;0;0;0;0;0;0;0;0;1
2019-09-09T22:00:00.0/2019-09-09T23:00:00.0;0;0;0;0;0;0;0;0;0;1
2019-09-09T23:00:00.0/2019-09-10T00:00:00.0;0;0;0;0;0;0;0;0;0;1
2019-09-10T00:00:00.0/2019-09-10T01:00:00.0;0;0;0;0;0;0;0;0;0;1
2019-09-10T01:00:00.0/2019-09-10T02:00:00.0;0;0;0;0;0;0;0;0;0;1
2019-09-10T02:00:00.0/2019-09-10T03:00:00.0;0;0;0;0;0;0;0;0;0;1
2019-09-10T03:00:00.0/2019-09-10T04:00:00.0;0;0;0;0;0;0;0;0;0;1
2019-09-10T04:00:00.0/2019-09-10T05:00:00.0;16.9134;4.9292;1.0507;3.8785;22.6249;3.3429;0;3.3429;0;1
2019-09-10T05:00:00.0/2019-09-10T06:00:00.0;185.4118;89.6765;50.0256;39.6509;331.0962;28.1093;0;28.1093;0;1
2019-09-10T06:00:00.0/2019-09-10T07:00:00.0;383.3234;232.2959;163.3889;68.907;566.7582;63.1097;0;63.1097;0;1
2019-09-10T07:00:00.0/2019-09-10T08:00:00.0;561.6177;372.8776;280.9812;91.8964;670.4171;51.9029;0;51.9029;0;1
2019-09-10T08:00:00.0/2019-09-10T09:00:00.0;708.1138;492.4839;381.7642;110.7198;723.8096;68.3707;0;68.3707;0;1
2019-09-10T09:00:00.0/2019-09-10T10:00:00.0;812.7978;573.4985;438.4967;135.0018;725.1327;96.9087;0;96.9087;0;1
2019-09-10T10:00:00.0/2019-09-10T11:00:00.0;868.5062;608.2489;445.5651;162.6838;689.4429;137.0029;0;137.0029;0;1
2019-09-10T11:00:00.0/2019-09-10T12:00:00.0;871.4146;597.9919;414.4376;183.5543;638.912;169.708;0;169.708;0;1
2019-09-10T12:00:00.0/2019-09-10T13:00:00.0;821.2996;552.1397;370.4498;181.6899;605.9926;191.3709;0;191.3709;0;1
2019-09-10T13:00:00.0/2019-09-10T14:00:00.0;721.5542;473.95;313.485;160.465;583.3182;147.3301;0;147.3301;0;1
2019-09-10T14:00:00.0/2019-09-10T15:00:00.0;578.9564;361.9065;230.1673;131.7393;532.5798;117.3859;0;117.3859;0;1
2019-09-10T15:00:00.0/2019-09-10T16:00:00.0;403.2072;227.2834;130.3759;96.9075;428.9508;95.1139;0;95.1139;0;1
2019-09-10T16:00:00.0/2019-09-10T17:00:00.0;206.2684;91.9078;39.1794;52.7284;234.8324;16.1953;0;16.1953;0;1
2019-09-10T17:00:00.0/2019-09-10T18:00:00.0;26.3054;7.4661;1.1961;6.2701;21.0021;2.7646;0;2.7646;0;1
2019-09-10T18:00:00.0/2019-09-10T19:00:00.0;0;0;0;0;0;0;0;0;0;1
2019-09-10T19:00:00.0/2019-09-10T20:00:00.0;0;0;0;0;0;0;0;0;0;1
2019-09-10T20:00:00.0/2019-09-10T21:00:00.0;0;0;0;0;0;0;0;0;0;1
2019-09-10T21:00:00.0/2019-09-10T22:00:00.0;0;0;0;0;0;0;0;0;0;1
2019-09-10T22:00:00.0/2019-09-10T23:00:00.0;0;0;0;0;0;0;0;0;0;1
2019-09-10T23:00:00.0/2019-09-11T00:00:00.0;0;0;0;0;0;0;0;0;0;1
2019-09-11T00:00:00.0/2019-09-11T01:00:00.0;0;0;0;0;0;0;0;0;0;1
2019-09-11T01:00:00.0/2019-09-11T02:00:00.0;0;0;0;0;0;0;0;0;0;1
2019-09-11T02:00:00.0/2019-09-11T03:00:00.0;0;0;0;0;0;0;0;0;0;1
2019-09-11T03:00:00.0/2019-09-11T04:00:00.0;0;0;0;0;0;0;0;0;0;1
2019-09-11T04:00:00.0/2019-09-11T05:00:00.0;14.5617;4.2693;0.8247;3.4446;18.8303;2.8382;0;2.8382;0;1
2019-09-11T05:00:00.0/2019-09-11T06:00:00.0;179.5773;88.3338;47.4348;40.899;322.1518;78.7358;39.4866;39.2491;252.2247;1
2019-09-11T06:00:00.0/2019-09-11T07:00:00.0;377.6259;235.2455;162.9382;72.3073;572.9671;219.3195;157.6841;61.6354;553.4469;1
2019-09-11T07:00:00.0/2019-09-11T08:00:00.0;555.959;382.2816;289.613;92.6686;698.0176;364.8558;286.3855;78.4703;690.0539;1
2019-09-11T08:00:00.0/2019-09-11T09:00:00.0;702.3932;507.8427;401.421;106.4218;767.4934;489.9993;399.4112;90.588;763.6403;1
2019-09-11T09:00:00.0/2019-09-11T10:00:00.0;806.9187;596.024;471.5789;124.4452;785.7534;579.1458;472.8923;106.2535;787.8344;1
2019-09-11T10:00:00.0/2019-09-11T11:00:00.0;862.3828;638.7966;490.6183;148.1784;764.8938;608.498;469.2936;139.2045;732.0235;1
2019-09-11T11:00:00.0/2019-09-11T12:00:00.0;864.9778;635.0428;469.5013;165.5415;729.6116;554.191;359.7455;194.4456;558.3286;1
2019-09-11T12:00:00.0/2019-09-11T13:00:00.0;814.5018;586.2136;413.6602;172.5534;682.3896;482.1373;269.8964;212.2409;445.5827;1
2019-09-11T13:00:00.0/2019-09-11T14:00:00.0;714.3724;495.9614;329.4944;166.4669;619.004;332.1034;92.3788;239.7246;171.7503;1
2019-09-11T14:00:00.0/2019-09-11T15:00:00.0;571.3939;370.6318;223.7605;146.8713;523.7512;233.9106;35.5437;198.3669;80.1834;1
2019-09-11T15:00:00.0/2019-09-11T16:00:00.0;395.2933;225.3954;115.6126;109.7828;386.8104;127.1556;2.8718;124.2838;11.9029;1
2019-09-11T16:00:00.0/2019-09-11T17:00:00.0;198.0564;86.9598;30.8347;56.1251;189.6496;64.5154;1.9811;62.5343;10.1627;1
2019-09-11T17:00:00.0/2019-09-11T18:00:00.0;22.2115;6.2211;0.6965;5.5246;13.1204;4.2944;0;4.2944;0;1
2019-09-11T18:00:00.0/2019-09-11T19:00:00.0;0;0;0;0;0;0;0;0;0;1
2019-09-11T19:00:00.0/2019-09-11T20:00:00.0;0;0;0;0;0;0;0;0;0;1
2019-09-11T20:00:00.0/2019-09-11T21:00:00.0;0;0;0;0;0;0;0;0;0;1
2019-09-11T21:00:00.0/2019-09-11T22:00:00.0;0;0;0;0;0;0;0;0;0;1
2019-09-11T22:00:00.0/2019-09-11T23:00:00.0;0;0;0;0;0;0;0;0;0;1
2019-09-11T23:00:00.0/2019-09-12T00:00:00.0;0;0;0;0;0;0;0;0;0;1
2019-09-12T00:00:00.0/2019-09-12T01:00:00.0;0;0;0;0;0;0;0;0;0;1
2019-09-12T01:00:00.0/2019-09-12T02:00:00.0;0;0;0;0;0;0;0;0;0;1
2019-09-12T02:00:00.0/2019-09-12T03:00:00.0;0;0;0;0;0;0;0;0;0;1
2019-09-12T03:00:00.0/2019-09-12T04:00:00.0;0;0;0;0;0;0;0;0;0;1
2019-09-12T04:00:00.0/2019-09-12T05:00:00.0;12.3766;3.698;0.6793;3.0187;16.4901;2.3285;0;2.3285;0;1
2019-09-12T05:00:00.0/2019-09-12T06:00:00.0;173.7132;86.8494;46.4487;40.4007;324.4876;64.1777;22.4408;41.7369;145.0081;1
2019-09-12T06:00:00.0/2019-09-12T07:00:00.0;371.8902;235.0657;163.7549;71.3109;584.6933;216.028;155.7601;60.2679;551.4799;1
2019-09-12T07:00:00.0/2019-09-12T08:00:00.0;550.2538;383.106;294.0928;89.0132;716.451;365.1292;290.6673;74.4619;707.9857;1
2019-09-12T08:00:00.0/2019-09-12T09:00:00.0;696.6185;508.8127;409.7533;99.0594;790.2953;489.8784;405.454;84.4245;782.1216;1
2019-09-12T09:00:00.0/2019-09-12T10:00:00.0;800.9791;596.8098;487.8256;108.9842;819.135;470.7259;274.8387;195.8872;464.7289;1
2019-09-12T10:00:00.0/2019-09-12T11:00:00.0;856.1942;639.3484;518.6677;120.6808;814.8514;506.0749;285.5751;220.4998;449.4058;1
2019-09-12T11:00:00.0/2019-09-12T12:00:00.0;858.4731;636.0905;506.8207;129.2698;794.0374;370.2739;71.3344;298.9395;111.2997;1
2019-09-12T12:00:00.0/2019-09-12T13:00:00.0;807.6357;587.5419;454.9332;132.6087;757.3399;261.6654;4.0953;257.5701;6.9893;1
2019-09-12T13:00:00.0/2019-09-12T14:00:00.0;707.1241;497.3698;368.1441;129.2257;699.2468;291.5989;51.6299;239.969;99.1284;1
2019-09-12T14:00:00.0/2019-09-12T15:00:00.0;563.769;372.7377;255.0165;117.7212;605.6755;223.9522;34.4452;189.507;86.6443;1
2019-09-12T15:00:00.0/2019-09-12T16:00:00.0;387.3228;230.4697;140.7189;89.7509;483.3293;201.2321;114.8736;86.3586;403.2585;1
2019-09-12T16:00:00.0/2019-09-12T17:00:00.0;189.7952;91.2184;44.0511;47.1673;287.8352;80.9495;35.4239;45.5256;217.0096;1
2019-09-12T17:00:00.0/2019-09-12T18:00:00.0;18.4837;5.6453;1.1004;4.545;22.7597;3.7969;0;3.7969;0;1
2019-09-12T18:00:00.0/2019-09-12T19:00:00.0;0;0;0;0;0;0;0;0;0;1
2019-09-12T19:00:00.0/2019-09-12T20:00:00.0;0;0;0;0;0;0;0;0;0;1
2019-09-12T20:00:00.0/2019-09-12T21:00:00.0;0;0;0;0;0;0;0;0;0;1
2019-09-12T21:00:00.0/2019-09-12T22:00:00.0;0;0;0;0;0;0;0;0;0;1
2019-09-12T22:00:00.0/2019-09-12T23:00:00.0;0;0;0;0;0;0;0;0;0;1
2019-09-12T23:00:00.0/2019-09-13T00:00:00.0;0;0;0;0;0;0;0;0;0;1
2019-09-13T00:00:00.0/2019-09-13T01:00:00.0;0;0;0;0;0;0;0;0;0;1
2019-09-13T01:00:00.0/2019-09-13T02:00:00.0;0;0;0;0;0;0;0;0;0;1
2019-09-13T02:00:00.0/2019-09-13T03:00:00.0;0;0;0;0;0;0;0;0;0;1
2019-09-13T03:00:00.0/2019-09-13T04:00:00.0;0;0;0;0;0;0;0;0;0;1
2019-09-13T04:00:00.0/2019-09-13T05:00:00.0;10.3931;2.6784;0.2478;2.4306;6.3351;1.5496;0;1.5496;0;1
2019-09-13T05:00:00.0/2019-09-13T06:00:00.0;167.8197;71.3651;28.0383;43.3268;197.4251;28.5871;0;28.5871;0;1
2019-09-13T06:00:00.0/2019-09-13T07:00:00.0;366.1166;208.4674;124.1789;84.2885;446.3763;48.0857;0;48.0857;0;1
2019-09-13T07:00:00.0/2019-09-13T08:00:00.0;544.5024;360.1003;259.1718;100.9286;636.6797;69.7133;0;69.7133;0;1
2019-09-13T08:00:00.0/2019-09-13T09:00:00.0;690.7899;494.5576;392.4091;102.1486;762.8503;150.8715;7.3285;143.543;13.2742;1
2019-09-13T09:00:00.0/2019-09-13T10:00:00.0;794.9795;591.3579;482.3686;108.9893;816.5131;405.3442;165.6403;239.7038;277.2635;1
2019-09-13T10:00:00.0/2019-09-13T11:00:00.0;849.9413;640.4188;513.5468;126.8721;813.1719;464.1542;219.6857;244.4685;349.0259;1
2019-09-13T11:00:00.0/2019-09-13T12:00:00.0;851.9019;642.9273;502.6873;140.24;794.0621;508.8746;293.6595;215.2151;465.0926;1
2019-09-13T12:00:00.0/2019-09-13T13:00:00.0;800.7031;598.0591;456.4449;141.6142;766.9841;468.7106;250.8033;217.9073;420.7513;1
2019-09-13T13:00:00.0/2019-09-13T14:00:00.0;699.8117;509.7464;378.4082;131.3382;726.9421;455.8119;314.543;141.2689;603.3987;1
2019-09-13T14:00:00.0/2019-09-13T15:00:00.0;556.0842;385.5615;270.7144;114.8472;652.8523;312.2301;156.3314;155.8987;379.8669;1
2019-09-13T15:00:00.0/2019-09-13T16:00:00.0;379.2988;237.5492;148.3231;89.2261;518.8624;198.4293;106.2902;92.1392;372.5147;1
2019-09-13T16:00:00.0/2019-09-13T17:00:00.0;181.488;89.4407;40.7956;48.6451;272.5161;77.184;29.6205;47.5635;184.0806;1
2019-09-13T17:00:00.0/2019-09-13T18:00:00.0;15.0511;4.5276;0.6359;3.8916;14.0998;2.9426;0;2.9426;0;1
2019-09-13T18:00:00.0/2019-09-13T19:00:00.0;0;0;0;0;0;0;0;0;0;1
2019-09-13T19:00:00.0/2019-09-13T20:00:00.0;0;0;0;0;0;0;0;0;0;1
2019-09-13T20:00:00.0/2019-09-13T21:00:00.0;0;0;0;0;0;0;0;0;0;1
2019-09-13T21:00:00.0/2019-09-13T22:00:00.0;0;0;0;0;0;0;0;0;0;1
2019-09-13T22:00:00.0/2019-09-13T23:00:00.0;0;0;0;0;0;0;0;0;0;1
2019-09-13T23:00:00.0/2019-09-14T00:00:00.0;0;0;0;0;0;0;0;0;0;1
2019-09-14T00:00:00.0/2019-09-14T01:00:00.0;0;0;0;0;0;0;0;0;0;1
2019-09-14T01:00:00.0/2019-09-14T02:00:00.0;0;0;0;0;0;0;0;0;0;1
2019-09-14T02:00:00.0/2019-09-14T03:00:00.0;0;0;0;0;0;0;0;0;0;1
2019-09-14T03:00:00.0/2019-09-14T04:00:00.0;0;0;0;0;0;0;0;0;0;1
2019-09-14T04:00:00.0/2019-09-14T05:00:00.0;8.558;2.4579;0.2774;2.1804;7.3483;1.3522;0;1.3522;0;1
2019-09-14T05:00:00.0/2019-09-14T06:00:00.0;161.8972;79.5554;37.8261;41.7293;276.9448;56.3504;14.043;42.3074;93.4752;1
2019-09-14T06:00:00.0/2019-09-14T07:00:00.0;360.3052;226.1021;146.5443;79.5578;539.5977;201.7018;131.7514;69.9504;475.8148;1
2019-09-14T07:00:00.0/2019-09-14T08:00:00.0;538.7048;373.7016;270.3422;103.3594;673.2518;354.6404;270.7461;83.8943;674.2353;1
2019-09-14T08:00:00.0/2019-09-14T09:00:00.0;684.908;498.7071;379.4096;119.2975;745.0662;464.1601;347.1826;116.9774;683.8655;1
2019-09-14T09:00:00.0/2019-09-14T10:00:00.0;788.9206;585.5814;451.6133;133.9681;770.764;464.8584;238.5552;226.3032;410.7365;1
2019-09-14T10:00:00.0/2019-09-14T11:00:00.0;843.625;626.5374;477.9845;148.5529;762.9539;426.3949;114.7051;311.6898;183.169;1
2019-09-14T11:00:00.0/2019-09-14T12:00:00.0;845.2655;620.6453;462.448;158.1973;736.6051;437.3149;148.7963;288.5186;237.533;1
2019-09-14T12:00:00.0/2019-09-14T13:00:00.0;793.7056;573.1168;419.6823;153.4346;711.8831;427.2316;150.3605;276.8711;254.1557;1
2019-09-14T13:00:00.0/2019-09-14T14:00:00.0;692.4371;487.7844;352.3225;135.4619;684.5707;368.1204;144.4806;223.6397;282.4793;1
2019-09-14T14:00:00.0/2019-09-14T15:00:00.0;548.3421;367.6235;256.0196;111.6039;626.7757;312.4156;177.043;135.3726;439.5543;1
2019-09-14T15:00:00.0/2019-09-14T16:00:00.0;371.2239;225.3179;143.4292;81.8888;513.6905;204.8483;131.7721;73.0763;471.9092;1
2019-09-14T16:00:00.0/2019-09-14T17:00:00.0;173.1378;83.351;40.7666;42.5844;285.9987;73.2549;32.0727;41.1822;207.852;1
2019-09-14T17:00:00.0/2019-09-14T18:00:00.0;11.9968;3.5057;0.5548;2.9508;13.6781;2.0694;0;2.0694;0;1
2019-09-14T18:00:00.0/2019-09-14T19:00:00.0;0;0;0;0;0;0;0;0;0;1
2019-09-14T19:00:00.0/2019-09-14T20:00:00.0;0;0;0;0;0;0;0;0;0;1
2019-09-14T20:00:00.0/2019-09-14T21:00:00.0;0;0;0;0;0;0;0;0;0;1
2019-09-14T21:00:00.0/2019-09-14T22:00:00.0;0;0;0;0;0;0;0;0;0;1
2019-09-14T22:00:00.0/2019-09-14T23:00:00.0;0;0;0;0;0;0;0;0;0;1
2019-09-14T23:00:00.0/2019-09-15T00:00:00.0;0;0;0;0;0;0;0;0;0;1
2019-09-15T00:00:00.0/2019-09-15T01:00:00.0;0;0;0;0;0;0;0;0;0;1
2019-09-15T01:00:00.0/2019-09-15T02:00:00.0;0;0;0;0;0;0;0;0;0;1
2019-09-15T02:00:00.0/2019-09-15T03:00:00.0;0;0;0;0;0;0;0;0;0;1
2019-09-15T03:00:00.0/2019-09-15T04:00:00.0;0;0;0;0;0;0;0;0;0;1
2019-09-15T04:00:00.0/2019-09-15T05:00:00.0;6.8936;1.8246;0.1839;1.6408;5.5231;0.8385;0;0.8385;0;1
2019-09-15T05:00:00.0/2019-09-15T06:00:00.0;155.9458;71.6125;33.2209;38.3916;249.6486;45.7176;0.8336;44.884;6.572;1
2019-09-15T06:00:00.0/2019-09-15T07:00:00.0;354.4563;213.3343;138.4061;74.9282;517.019;112.5678;1.5885;110.9793;5.7484;1
2019-09-15T07:00:00.0/2019-09-15T08:00:00.0;532.8615;360.5187;265.9692;94.5495;669.488;232.7396;40.2373;192.5023;97.0168;1
2019-09-15T08:00:00.0/2019-09-15T09:00:00.0;678.973;486.7924;382.5364;104.256;757.9474;265.2202;27.3865;237.8337;56.1091;1
2019-09-15T09:00:00.0/2019-09-15T10:00:00.0;782.803;563.1381;425.3192;137.8188;732.9023;411.5079;139.7007;271.8073;238.5616;1
2019-09-15T10:00:00.0/2019-09-15T11:00:00.0;837.2463;582.8857;392.1835;190.7022;631.3358;436.0015;142.2188;293.7827;229.369;1
2019-09-15T11:00:00.0/2019-09-15T12:00:00.0;838.5652;558.8322;331.2601;227.572;531.9407;364.6443;65.4577;299.1866;105.1704;1
2019-09-15T12:00:00.0/2019-09-15T13:00:00.0;786.6451;505.5552;277.8854;227.6699;475.8285;246.1337;11.0151;235.1186;18.2213;1
2019-09-15T13:00:00.0/2019-09-15T14:00:00.0;685.0026;425.2646;230.991;194.2736;453.7854;138.6004;0;138.6004;0;1
2019-09-15T14:00:00.0/2019-09-15T15:00:00.0;540.5452;312.7832;160.6228;152.1604;398.4155;67.2087;0;67.2087;0;1
2019-09-15T15:00:00.0/2019-09-15T16:00:00.0;363.1011;182.8874;79.1517;103.7357;287.2698;82.4657;0;82.4657;0;1
2019-09-15T16:00:00.0/2019-09-15T17:00:00.0;164.7479;62.1866;16.1921;45.9945;112.9238;41.2993;0;41.2993;0;1
2019-09-15T17:00:00.0/2019-09-15T18:00:00.0;9.2446;2.2126;0.1097;2.1029;2.8382;0.9074;0;0.9074;0;1
2019-09-15T18:00:00.0/2019-09-15T19:00:00.0;0;0;0;0;0;0;0;0;0;1
2019-09-15T19:00:00.0/2019-09-15T20:00:00.0;0;0;0;0;0;0;0;0;0;1
2019-09-15T20:00:00.0/2019-09-15T21:00:00.0;0;0;0;0;0;0;0;0;0;1
2019-09-15T21:00:00.0/2019-09-15T22:00:00.0;0;0;0;0;0;0;0;0;0;1
2019-09-15T22:00:00.0/2019-09-15T23:00:00.0;0;0;0;0;0;0;0;0;0;1
2019-09-15T23:00:00.0/2019-09-16T00:00:00.0;0;0;0;0;0;0;0;0;0;1
2019-09-16T00:00:00.0/2019-09-16T01:00:00.0;0;0;0;0;0;0;0;0;0;1
2019-09-16T01:00:00.0/2019-09-16T02:00:00.0;0;0;0;0;0;0;0;0;0;1
2019-09-16T02:00:00.0/2019-09-16T03:00:00.0;0;0;0;0;0;0;0;0;0;1
2019-09-16T03:00:00.0/2019-09-16T04:00:00.0;0;0;0;0;0;0;0;0;0;1
2019-09-16T04:00:00.0/2019-09-16T05:00:00.0;5.4013;1.4464;0.1153;1.3311;3.5356;0.6394;0;0.6394;0;1
2019-09-16T05:00:00.0/2019-09-16T06:00:00.0;149.9658;70.294;30.8356;39.4584;237.1644;30.6729;0;30.6729;0;1
2019-09-16T06:00:00.0/2019-09-16T07:00:00.0;348.57;214.3452;134.6204;79.7248;511.3722;87.2115;23.7273;63.4841;76.6845;1
2019-09-16T07:00:00.0/2019-09-16T08:00:00.0;526.9727;363.1318;259.9679;103.1639;662.0811;326.5744;232.5376;94.0368;587.3252;1
2019-09-16T08:00:00.0/2019-09-16T09:00:00.0;672.9855;489.6337;373.0272;116.6065;746.1409;357.7961;185.7968;171.9993;384.3762;1
2019-09-16T09:00:00.0/2019-09-16T10:00:00.0;776.6274;579.4309;452.125;127.3059;784.5716;314.4189;42.0526;272.3663;72.3746;1
2019-09-16T10:00:00.0/2019-09-16T11:00:00.0;830.8063;624.9568;487.153;137.8038;790.4011;282.0764;5.3586;276.7178;8.7542;1
2019-09-16T11:00:00.0/2019-09-16T12:00:00.0;831.8025;623.4387;479.261;144.1777;776.6094;303.6035;11.6642;291.9393;18.811;1
2019-09-16T12:00:00.0/2019-09-16T13:00:00.0;779.5235;576.1011;436.4045;139.6966;754.4891;344.6952;64.0957;280.5995;112.4032;1
2019-09-16T13:00:00.0/2019-09-16T14:00:00.0;677.5104;487.0717;362.4656;124.6061;720.4532;409.8465;238.9984;170.8481;483.7429;1
2019-09-16T14:00:00.0/2019-09-16T15:00:00.0;532.6962;363.2348;258.7599;104.4749;652.5075;335.6633;240.9609;94.7024;603.4613;1
2019-09-16T15:00:00.0/2019-09-16T16:00:00.0;354.9335;217.8719;140.0221;77.8498;523.9878;195.3343;124.7043;70.6301;470.7706;1
2019-09-16T16:00:00.0/2019-09-16T17:00:00.0;156.3214;74.6745;35.4843;39.1902;267.4366;65.3612;27.6888;37.6725;189.1094;1
2019-09-16T17:00:00.0/2019-09-16T18:00:00.0;6.8802;1.8863;0.2011;1.6852;5.983;0.7985;0;0.7985;0;1
2019-09-16T18:00:00.0/2019-09-16T19:00:00.0;0;0;0;0;0;0;0;0;0;1
2019-09-16T19:00:00.0/2019-09-16T20:00:00.0;0;0;0;0;0;0;0;0;0;1
2019-09-16T20:00:00.0/2019-09-16T21:00:00.0;0;0;0;0;0;0;0;0;0;1
2019-09-16T21:00:00.0/2019-09-16T22:00:00.0;0;0;0;0;0;0;0;0;0;1
2019-09-16T22:00:00.0/2019-09-16T23:00:00.0;0;0;0;0;0;0;0;0;0;1
2019-09-16T23:00:00.0/2019-09-17T00:00:00.0;0;0;0;0;0;0;0;0;0;1
2019-09-17T00:00:00.0/2019-09-17T01:00:00.0;0;0;0;0;0;0;0;0;0;1
2019-09-17T01:00:00.0/2019-09-17T02:00:00.0;0;0;0;0;0;0;0;0;0;1
2019-09-17T02:00:00.0/2019-09-17T03:00:00.0;0;0;0;0;0;0;0;0;0;1
2019-09-17T03:00:00.0/2019-09-17T04:00:00.0;0;0;0;0;0;0;0;0;0;1
2019-09-17T04:00:00.0/2019-09-17T05:00:00.0;4.0825;1.0122;0.0458;0.9664;1.4277;0.4103;0;0.4103;0;1
2019-09-17T05:00:00.0/2019-09-17T06:00:00.0;143.9575;64.6737;25.4391;39.2346;198.1669;42.0318;0.2566;41.7752;1.8733;1
2019-09-17T06:00:00.0/2019-09-17T07:00:00.0;342.6466;205.9012;124.0928;81.8084;478.4055;90.9307;0;90.9307;0;1
2019-09-17T07:00:00.0/2019-09-17T08:00:00.0;521.0386;354.0835;249.6194;104.464;642.8646;73.4598;0;73.4598;0;1
2019-09-17T08:00:00.0/2019-09-17T09:00:00.0;666.9459;481.5341;366.0448;115.4892;739.0117;86.302;0;86.302;0;1
2019-09-17T09:00:00.0/2019-09-17T10:00:00.0;770.3948;571.4023;445.7878;125.6145;780.2991;376.4077;165.7622;210.6454;284.3004;1
2019-09-17T10:00:00.0/2019-09-17T11:00:00.0;824.3062;615.4152;477.6943;137.7209;781.6043;412.5145;176.7277;235.7868;289.7947;1
2019-09-17T11:00:00.0/2019-09-17T12:00:00.0;824.9789;612.3376;466.5767;145.7608;762.7065;387.1802;132.7875;254.3927;216.3968;1
2019-09-17T12:00:00.0/2019-09-17T13:00:00.0;772.3426;562.6946;414.0782;148.6165;722.678;291.2615;33.2424;258.019;56.556;1
2019-09-17T13:00:00.0/2019-09-17T14:00:00.0;669.9628;470.3944;326.7886;143.6058;656.5922;220.4161;34.5436;185.8724;74.3479;1
2019-09-17T14:00:00.0/2019-09-17T15:00:00.0;524.7978;342.946;215.1892;127.7568;549.5837;220.003;64.7071;155.2959;165.9615;1
2019-09-17T15:00:00.0/2019-09-17T16:00:00.0;346.7239;198.0673;104.8813;93.186;400.1663;174.083;89.239;84.844;344.9261;1
2019-09-17T16:00:00.0/2019-09-17T17:00:00.0;147.8616;63.3394;22.4425;40.8969;172.556;55.1715;15.4531;39.7183;104.0551;1
2019-09-17T17:00:00.0/2019-09-17T18:00:00.0;4.8238;1.179;0.0662;1.1128;1.9996;0.4291;0;0.4291;0;1
2019-09-17T18:00:00.0/2019-09-17T19:00:00.0;0;0;0;0;0;0;0;0;0;1
2019-09-17T19:00:00.0/2019-09-17T20:00:00.0;0;0;0;0;0;0;0;0;0;1
2019-09-17T20:00:00.0/2019-09-17T21:00:00.0;0;0;0;0;0;0;0;0;0;1
2019-09-17T21:00:00.0/2019-09-17T22:00:00.0;0;0;0;0;0;0;0;0;0;1
2019-09-17T22:00:00.0/2019-09-17T23:00:00.0;0;0;0;0;0;0;0;0;0;1
2019-09-17T23:00:00.0/2019-09-18T00:00:00.0;0;0;0;0;0;0;0;0;0;1
2019-09-18T00:00:00.0/2019-09-18T01:00:00.0;0;0;0;0;0;0;0;0;0;1
2019-09-18T01:00:00.0/2019-09-18T02:00:00.0;0;0;0;0;0;0;0;0;0;1
2019-09-18T02:00:00.0/2019-09-18T03:00:00.0;0;0;0;0;0;0;0;0;0;1
2019-09-18T03:00:00.0/2019-09-18T04:00:00.0;0;0;0;0;0;0;0;0;0;1
2019-09-18T04:00:00.0/2019-09-18T05:00:00.0;2.9783;0.7681;0.0745;0.6936;1.5938;0.2996;0;0.2996;0;1
2019-09-18T05:00:00.0/2019-09-18T06:00:00.0;137.9216;66.4507;34.7307;31.72;288.2508;52.7501;17.4668;35.2833;123.9754;1
2019-09-18T06:00:00.0/2019-09-18T07:00:00.0;336.6867;210.4927;144.9872;65.5054;572.5646;193.4916;138.1999;55.2916;541.4557;1
2019-09-18T07:00:00.0/2019-09-18T08:00:00.0;515.06;357.2;269.3516;87.8484;703.2169;338.7231;266.434;72.2891;695.5195;1
2019-09-18T08:00:00.0/2019-09-18T09:00:00.0;660.8551;482.0174;377.6677;104.3497;770.3875;400.2776;254.4564;145.8212;522.7217;1
2019-09-18T09:00:00.0/2019-09-18T10:00:00.0;764.106;568.257;445.6149;122.6421;787.0499;473.2978;303.7285;169.5694;539.4225;1
2019-09-18T10:00:00.0/2019-09-18T11:00:00.0;817.7473;607.8144;463.6892;144.1252;765.2574;426.2042;163.3376;262.8665;269.6888;1
2019-09-18T11:00:00.0/2019-09-18T12:00:00.0;818.0963;600.411;440.0945;160.3165;725.8104;401.6137;127.2193;274.3944;209.6309;1
2019-09-18T12:00:00.0/2019-09-18T13:00:00.0;765.1048;551.6404;394.7962;156.8443;696.2401;341.3716;79.7191;261.6524;141.7971;1
2019-09-18T13:00:00.0/2019-09-18T14:00:00.0;662.3627;465.1988;329.5927;135.6061;670.8887;317.4478;105.1128;212.335;213.899;1
2019-09-18T14:00:00.0/2019-09-18T15:00:00.0;516.853;343.9386;235.6861;108.2525;613.2875;251.4315;106.994;144.4375;277.4255;1
2019-09-18T15:00:00.0/2019-09-18T16:00:00.0;338.4758;200.676;124.0525;76.6236;485.9418;156.1623;70.3643;85.798;279.9803;1
2019-09-18T16:00:00.0/2019-09-18T17:00:00.0;139.3721;62.4366;27.5903;34.8463;224.5284;47.7444;10.8898;36.8547;74.742;1
2019-09-18T17:00:00.0/2019-09-18T18:00:00.0;3.1623;0.7734;0.0514;0.722;1.5604;0.2545;0;0.2545;0;1
2019-09-18T18:00:00.0/2019-09-18T19:00:00.0;0;0;0;0;0;0;0;0;0;1
2019-09-18T19:00:00.0/2019-09-18T20:00:00.0;0;0;0;0;0;0;0;0;0;1
2019-09-18T20:00:00.0/2019-09-18T21:00:00.0;0;0;0;0;0;0;0;0;0;1
2019-09-18T21:00:00.0/2019-09-18T22:00:00.0;0;0;0;0;0;0;0;0;0;1
2019-09-18T22:00:00.0/2019-09-18T23:00:00.0;0;0;0;0;0;0;0;0;0;1
2019-09-18T23:00:00.0/2019-09-19T00:00:00.0;0;0;0;0;0;0;0;0;0;1
2019-09-19T00:00:00.0/2019-09-19T01:00:00.0;0;0;0;0;0;0;0;0;0;1
2019-09-19T01:00:00.0/2019-09-19T02:00:00.0;0;0;0;0;0;0;0;0;0;1
2019-09-19T02:00:00.0/2019-09-19T03:00:00.0;0;0;0;0;0;0;0;0;0;1
2019-09-19T03:00:00.0/2019-09-19T04:00:00.0;0;0;0;0;0;0;0;0;0;1
2019-09-19T04:00:00.0/2019-09-19T05:00:00.0;2.0234;0.5022;0.0349;0.4673;0.605;0.1663;0;0.1663;0;1
2019-09-19T05:00:00.0/2019-09-19T06:00:00.0;131.8577;62.5805;32.0506;30.5299;272.3587;53.1138;21.3455;31.7683;163.629;1
2019-09-19T06:00:00.0/2019-09-19T07:00:00.0;330.6901;206.1428;143.1352;63.0076;574.8871;188.8712;133.9808;54.8905;532.7021;1
2019-09-19T07:00:00.0/2019-09-19T08:00:00.0;509.0367;353.4882;271.7127;81.7755;717.9334;335.1349;267.7675;67.3675;707.3381;1
2019-09-19T08:00:00.0/2019-09-19T09:00:00.0;654.7131;478.867;385.4026;93.4643;793.8657;459.5351;381.3638;78.1713;785.5665;1
2019-09-19T09:00:00.0/2019-09-19T10:00:00.0;757.7616;564.2683;450.7689;113.4994;803.434;501.4122;363.5341;137.8782;651.1483;1
2019-09-19T10:00:00.0/2019-09-19T11:00:00.0;811.1304;601.9202;458.34;143.5802;763.068;511.9129;308.1303;203.7826;513.3124;1
2019-09-19T11:00:00.0/2019-09-19T12:00:00.0;811.1556;592.6134;425.7483;166.8651;708.5004;448.072;164.8005;283.2715;273.9325;1
2019-09-19T12:00:00.0/2019-09-19T13:00:00.0;757.8114;542.2779;375.0205;167.2573;668.0325;405.7845;137.3153;268.4691;244.5756;1
2019-09-19T13:00:00.0/2019-09-19T14:00:00.0;654.7117;454.9821;308.1807;146.8014;634.7854;334.4371;104.069;230.3681;214.5815;1
2019-09-19T14:00:00.0/2019-09-19T15:00:00.0;508.8641;333.0177;213.0872;119.9305;562.7923;250.3582;83.1717;167.1865;220.5951;1
2019-09-19T15:00:00.0/2019-09-19T16:00:00.0;330.1916;189.7705;104.641;85.1295;418.3477;139.4252;32.4215;107.0037;130.1577;1
2019-09-19T16:00:00.0/2019-09-19T17:00:00.0;130.8556;55.2998;19.5224;35.7774;161.5674;44.5427;7.4947;37.048;53.385;1
2019-09-19T17:00:00.0/2019-09-19T18:00:00.0;1.8133;0.4124;0.0083;0.4041;0;0.0972;0;0.0972;0;1
2019-09-19T18:00:00.0/2019-09-19T19:00:00.0;0;0;0;0;0;0;0;0;0;1
2019-09-19T19:00:00.0/2019-09-19T20:00:00.0;0;0;0;0;0;0;0;0;0;1
2019-09-19T20:00:00.0/2019-09-19T21:00:00.0;0;0;0;0;0;0;0;0;0;1
2019-09-19T21:00:00.0/2019-09-19T22:00:00.0;0;0;0;0;0;0;0;0;0;1
2019-09-19T22:00:00.0/2019-09-19T23:00:00.0;0;0;0;0;0;0;0;0;0;1
2019-09-19T23:00:00.0/2019-09-20T00:00:00.0;0;0;0;0;0;0;0;0;0;1
2019-09-20T00:00:00.0/2019-09-20T01:00:00.0;0;0;0;0;0;0;0;0;0;1
2019-09-20T01:00:00.0/2019-09-20T02:00:00.0;0;0;0;0;0;0;0;0;0;1
2019-09-20T02:00:00.0/2019-09-20T03:00:00.0;0;0;0;0;0;0;0;0;0;1
2019-09-20T03:00:00.0/2019-09-20T04:00:00.0;0;0;0;0;0;0;0;0;0;1
2019-09-20T04:00:00.0/2019-09-20T05:00:00.0;1.2465;0.2677;0.0052;0.2625;0;0.0488;0;0.0488;0;1
2019-09-20T05:00:00.0/2019-09-20T06:00:00.0;125.7666;48.4275;13.5866;34.8408;114.0241;38.3536;1.9367;36.4169;13.5899;1
2019-09-20T06:00:00.0/2019-09-20T07:00:00.0;324.6574;173.414;84.3727;89.0413;341.0843;95.1014;1.3126;93.7888;7.1787;1
2019-09-20T07:00:00.0/2019-09-20T08:00:00.0;502.9696;313.0358;188.3214;124.7143;502.4054;139.4434;0;139.4434;0;1
2019-09-20T08:00:00.0/2019-09-20T09:00:00.0;648.5211;434.4658;288.3447;146.1211;599.424;193.4108;10.676;182.7348;20.8055;1
2019-09-20T09:00:00.0/2019-09-20T10:00:00.0;751.3628;520.0295;357.5606;162.4689;642.7304;237.3714;4.987;232.3845;9.4138;1
2019-09-20T10:00:00.0/2019-09-20T11:00:00.0;804.4572;561.2357;384.0886;177.1471;645.0231;261.6146;5.8295;255.7851;9.6861;1
2019-09-20T11:00:00.0/2019-09-20T12:00:00.0;804.1591;556.2993;371.6981;184.6012;624.3488;313.1388;30.1999;282.9388;50.5691;1
2019-09-20T12:00:00.0/2019-09-20T13:00:00.0;750.465;507.3744;328.2607;179.1137;590.591;226.3089;0.0663;226.2426;0.1141;1
2019-09-20T13:00:00.0/2019-09-20T14:00:00.0;647.0128;418.7429;257.3363;161.4066;536.1615;165.7159;0;165.7159;0;1
2019-09-20T14:00:00.0/2019-09-20T15:00:00.0;500.8341;297.8594;164.883;132.9764;441.4921;91.577;0;91.577;0;1
2019-09-20T15:00:00.0/2019-09-20T16:00:00.0;321.8747;162.7888;72.4523;90.3366;295.4759;60.746;0;60.746;0;1
2019-09-20T16:00:00.0/2019-09-20T17:00:00.0;122.3155;44.6021;11.3181;33.284;95.9743;25.7823;0;25.7823;0;1
2019-09-20T17:00:00.0/2019-09-20T18:00:00.0;0.8641;0.1788;0.0032;0.1756;0;0.0138;0;0.0138;0;1
2019-09-20T18:00:00.0/2019-09-20T19:00:00.0;0;0;0;0;0;0;0;0;0;1
2019-09-20T19:00:00.0/2019-09-20T20:00:00.0;0;0;0;0;0;0;0;0;0;1
2019-09-20T20:00:00.0/2019-09-20T21:00:00.0;0;0;0;0;0;0;0;0;0;1
2019-09-20T21:00:00.0/2019-09-20T22:00:00.0;0;0;0;0;0;0;0;0;0;1
2019-09-20T22:00:00.0/2019-09-20T23:00:00.0;0;0;0;0;0;0;0;0;0;1
2019-09-20T23:00:00.0/2019-09-21T00:00:00.0;0;0;0;0;0;0;0;0;0;1
2019-09-21T00:00:00.0/2019-09-21T01:00:00.0;0;0;0;0;0;0;0;0;0;1
2019-09-21T01:00:00.0/2019-09-21T02:00:00.0;0;0;0;0;0;0;0;0;0;1
2019-09-21T02:00:00.0/2019-09-21T03:00:00.0;0;0;0;0;0;0;0;0;0;1
2019-09-21T03:00:00.0/2019-09-21T04:00:00.0;0;0;0;0;0;0;0;0;0;1
2019-09-21T04:00:00.0/2019-09-21T05:00:00.0;0.6492;0.1365;0.0018;0.1346;0;0.0095;0;0.0095;0;1
2019-09-21T05:00:00.0/2019-09-21T06:00:00.0;119.6489;45.1458;12.6984;32.4474;109.6863;24.7444;0;24.7444;0;1
2019-09-21T06:00:00.0/2019-09-21T07:00:00.0;318.5893;168.1767;82.2678;85.9089;338.6993;21.5857;0;21.5857;0;1
2019-09-21T07:00:00.0/2019-09-21T08:00:00.0;496.8593;308.9986;186.7808;122.2178;504.5291;45.116;0;45.116;0;1
2019-09-21T08:00:00.0/2019-09-21T09:00:00.0;642.2798;433.4813;289.126;144.3553;607.1395;82.3832;0;82.3832;0;1
2019-09-21T09:00:00.0/2019-09-21T10:00:00.0;744.9107;525.9009;372.1203;153.7807;674.7023;180.2634;0;180.2634;0;1
2019-09-21T10:00:00.0/2019-09-21T11:00:00.0;797.7289;576.8795;424.2755;152.604;718.8023;261.6034;2.9057;258.6977;4.8733;1
2019-09-21T11:00:00.0/2019-09-21T12:00:00.0;797.1085;581.046;436.1611;144.8849;739.6537;314.4673;33.0417;281.4256;56.1618;1
2019-09-21T12:00:00.0/2019-09-21T13:00:00.0;743.0677;536.351;401.3717;134.9793;729.8527;344.1771;108.9704;235.2066;202.2621;1
2019-09-21T13:00:00.0/2019-09-21T14:00:00.0;639.2684;446.7252;323.3418;123.3834;682.6628;407.4801;286.8133;120.6668;609.6346;1
2019-09-21T14:00:00.0/2019-09-21T15:00:00.0;492.766;322.7145;218.3124;104.4021;595.7037;305.4146;217.5374;87.8771;593.2274;1
2019-09-21T15:00:00.0/2019-09-21T16:00:00.0;313.5283;179.3785;104.5339;74.8446;440.2295;164.6973;99.1782;65.5191;415.2596;1
2019-09-21T16:00:00.0/2019-09-21T17:00:00.0;113.7554;47.7399;18.1958;29.5441;164.1395;40.4126;11.724;28.6886;91.1875;1
2019-09-21T17:00:00.0/2019-09-21T18:00:00.0;0.2306;0.0497;0.0006;0.0491;0;0;0;0;0;1
2019-09-21T18:00:00.0/2019-09-21T19:00:00.0;0;0;0;0;0;0;0;0;0;1
2019-09-21T19:00:00.0/2019-09-21T20:00:00.0;0;0;0;0;0;0;0;0;0;1
2019-09-21T20:00:00.0/2019-09-21T21:00:00.0;0;0;0;0;0;0;0;0;0;1
2019-09-21T21:00:00.0/2019-09-21T22:00:00.0;0;0;0;0;0;0;0;0;0;1
2019-09-21T22:00:00.0/2019-09-21T23:00:00.0;0;0;0;0;0;0;0;0;0;1
2019-09-21T23:00:00.0/2019-09-22T00:00:00.0;0;0;0;0;0;0;0;0;0;1
2019-09-22T00:00:00.0/2019-09-22T01:00:00.0;0;0;0;0;0;0;0;0;0;1
2019-09-22T01:00:00.0/2019-09-22T02:00:00.0;0;0;0;0;0;0;0;0;0;1
2019-09-22T02:00:00.0/2019-09-22T03:00:00.0;0;0;0;0;0;0;0;0;0;1
2019-09-22T03:00:00.0/2019-09-22T04:00:00.0;0;0;0;0;0;0;0;0;0;1
2019-09-22T04:00:00.0/2019-09-22T05:00:00.0;0.2634;0.0575;0.0024;0.0551;0;0;0;0;0;1
2019-09-22T05:00:00.0/2019-09-22T06:00:00.0;113.5051;49.0292;19.7842;29.245;180.3225;42.1629;13.9729;28.19;111.0526;1
2019-09-22T06:00:00.0/2019-09-22T07:00:00.0;312.4864;183.6783;112.0866;71.5917;473.5989;169.277;108.2459;61.0311;455.5344;1
2019-09-22T07:00:00.0/2019-09-22T08:00:00.0;490.7066;330.2568;235.2576;94.9992;644.8134;312.6911;234.3971;78.2939;642.2621;1
2019-09-22T08:00:00.0/2019-09-22T09:00:00.0;635.9902;456.7901;350.2074;106.5827;743.4409;438.2675;350.4061;87.8614;743.8499;1
2019-09-22T09:00:00.0/2019-09-22T10:00:00.0;738.4065;548.8591;439.6986;109.1605;804.8646;529.765;438.6833;91.0818;803.0468;1
2019-09-22T10:00:00.0/2019-09-22T11:00:00.0;790.9473;598.082;493.0469;105.035;842.9731;578.9056;489.6143;89.2913;837.1143;1
2019-09-22T11:00:00.0/2019-09-22T12:00:00.0;790.0056;600.1191;503.7193;96.3998;862.3776;580.5083;497.4336;83.0747;851.5967;1
2019-09-22T12:00:00.0/2019-09-22T13:00:00.0;735.6218;553.4473;464.1881;89.2592;853.1568;533.2873;456.6005;76.6868;839.2142;1
2019-09-22T13:00:00.0/2019-09-22T14:00:00.0;631.4812;462.0547;378.4331;83.6216;809.5521;442.2175;371.8824;70.3351;795.4878;1
2019-09-22T14:00:00.0/2019-09-22T15:00:00.0;484.6627;335.8152;262.5361;73.2791;729.6454;316.8504;256.1407;60.7096;711.6017;1
2019-09-22T15:00:00.0/2019-09-22T16:00:00.0;305.1557;188.2922;132.3151;55.9772;575.1227;172.448;125.1211;47.3269;541.7097;1
2019-09-22T16:00:00.0/2019-09-22T17:00:00.0;105.1786;48.6351;24.8182;23.817;239.2127;40.9549;17.7337;23.2212;149.791;1
2019-09-22T17:00:00.0/2019-09-22T18:00:00.0;0;0;0;0;0;0;0;0;0;1
2019-09-22T18:00:00.0/2019-09-22T19:00:00.0;0;0;0;0;0;0;0;0;0;1
2019-09-22T19:00:00.0/2019-09-22T20:00:00.0;0;0;0;0;0;0;0;0;0;1
2019-09-22T20:00:00.0/2019-09-22T21:00:00.0;0;0;0;0;0;0;0;0;0;1
2019-09-22T21:00:00.0/2019-09-22T22:00:00.0;0;0;0;0;0;0;0;0;0;1
2019-09-22T22:00:00.0/2019-09-22T23:00:00.0;0;0;0;0;0;0;0;0;0;1
2019-09-22T23:00:00.0/2019-09-23T00:00:00.0;0;0;0;0;0;0;0;0;0;1
2019-09-23T00:00:00.0/2019-09-23T01:00:00.0;0;0;0;0;0;0;0;0;0;1
2019-09-23T01:00:00.0/2019-09-23T02:00:00.0;0;0;0;0;0;0;0;0;0;1
2019-09-23T02:00:00.0/2019-09-23T03:00:00.0;0;0;0;0;0;0;0;0;0;1
2019-09-23T03:00:00.0/2019-09-23T04:00:00.0;0;0;0;0;0;0;0;0;0;1
2019-09-23T04:00:00.0/2019-09-23T05:00:00.0;0.0418;0.0091;0.0018;0.0072;0;0;0;0;0;1
2019-09-23T05:00:00.0/2019-09-23T06:00:00.0;107.336;46.7193;19.9726;26.7467;187.7531;39.9714;14.0808;25.8906;115.7852;1
2019-09-23T06:00:00.0/2019-09-23T07:00:00.0;306.3493;180.3817;113.305;67.0767;489.3816;165.9894;108.6378;57.3516;467.2343;1
2019-09-23T07:00:00.0/2019-09-23T08:00:00.0;484.5122;324.0506;232.7186;91.332;646.7341;306.6172;230.75;75.8672;641.0142;1
2019-09-23T08:00:00.0/2019-09-23T09:00:00.0;629.6533;447.2539;341.146;106.1079;732.079;429.162;340.6897;88.4724;731.061;1
2019-09-23T09:00:00.0/2019-09-23T10:00:00.0;731.8516;534.9362;418.5974;116.3387;773.7545;516.6907;419.222;97.4686;774.8915;1
2019-09-23T10:00:00.0/2019-09-23T11:00:00.0;784.114;578.938;455.0815;123.8566;785.3501;561.1602;456.7539;104.4063;788.2315;1
2019-09-23T11:00:00.0/2019-09-23T12:00:00.0;782.8525;576.0343;448.8911;127.1431;775.8755;558.348;451.3243;107.0237;780.083;1
2019-09-23T12:00:00.0/2019-09-23T13:00:00.0;728.1296;525.3999;398.2569;127.143;739.6719;507.5815;401.3167;106.2649;745.3741;1
2019-09-23T13:00:00.0/2019-09-23T14:00:00.0;623.6539;431.3592;309.3662;121.993;669.7875;413.9772;311.5777;102.3995;674.5301;1
2019-09-23T14:00:00.0/2019-09-23T15:00:00.0;476.5272;304.0443;197.3706;106.6737;556.4284;287.207;196.4984;90.7086;553.5544;1
2019-09-23T15:00:00.0/2019-09-23T16:00:00.0;296.7599;160.7181;85.0234;75.6947;375.4465;147.049;79.1188;67.9302;346.1445;1
2019-09-23T16:00:00.0/2019-09-23T17:00:00.0;96.7038;36.982;11.2142;25.7678;107.4981;30.9974;5.7485;25.2489;46.3189;1
2019-09-23T17:00:00.0/2019-09-23T18:00:00.0;0;0;0;0;0;0;0;0;0;1
2019-09-23T18:00:00.0/2019-09-23T19:00:00.0;0;0;0;0;0;0;0;0;0;1
2019-09-23T19:00:00.0/2019-09-23T20:00:00.0;0;0;0;0;0;0;0;0;0;1
2019-09-23T20:00:00.0/2019-09-23T21:00:00.0;0;0;0;0;0;0;0;0;0;1
2019-09-23T21:00:00.0/2019-09-23T22:00:00.0;0;0;0;0;0;0;0;0;0;1
2019-09-23T22:00:00.0/2019-09-23T23:00:00.0;0;0;0;0;0;0;0;0;0;1
2019-09-23T23:00:00.0/2019-09-24T00:00:00.0;0;0;0;0;0;0;0;0;0;1
2019-09-24T00:00:00.0/2019-09-24T01:00:00.0;0;0;0;0;0;0;0;0;0;1
2019-09-24T01:00:00.0/2019-09-24T02:00:00.0;0;0;0;0;0;0;0;0;0;1
2019-09-24T02:00:00.0/2019-09-24T03:00:00.0;0;0;0;0;0;0;0;0;0;1
2019-09-24T03:00:00.0/2019-09-24T04:00:00.0;0;0;0;0;0;0;0;0;0;1
2019-09-24T04:00:00.0/2019-09-24T05:00:00.0;0;0;0;0;0;0;0;0;0;1
2019-09-24T05:00:00.0/2019-09-24T06:00:00.0;101.1468;35.5113;7.4406;28.0707;69.4177;18.5754;0;18.5754;0;1
2019-09-24T06:00:00.0/2019-09-24T07:00:00.0;300.1789;148.4645;59.7306;88.7339;259.8129;27.4161;0;27.4161;0;1
2019-09-24T07:00:00.0/2019-09-24T08:00:00.0;478.2772;282.2286;146.0742;136.1544;410.037;170.1955;28.8791;141.3164;74.5877;1
2019-09-24T08:00:00.0/2019-09-24T09:00:00.0;623.2703;402.0008;233.8692;168.1317;506.7588;305.9479;98.4535;207.4945;215.326;1
2019-09-24T09:00:00.0/2019-09-24T10:00:00.0;725.2473;482.4928;283.6837;198.8091;529.825;320.5146;56.6818;263.8329;106.609;1
2019-09-24T10:00:00.0/2019-09-24T11:00:00.0;777.2305;514.3268;285.0619;229.2649;496.6682;271.687;12.4863;259.2007;21.9714;1
2019-09-24T11:00:00.0/2019-09-24T12:00:00.0;775.6512;501.0273;260.391;240.6363;454.3679;193.4714;0;193.4714;0;1
2019-09-24T12:00:00.0/2019-09-24T13:00:00.0;720.5935;450.8234;222.6417;228.1817;418.1635;208.1295;0;208.1295;0;1
2019-09-24T13:00:00.0/2019-09-24T14:00:00.0;615.7892;368.3398;174.5503;193.7895;382.8979;172.0988;0;172.0988;0;1
2019-09-24T14:00:00.0/2019-09-24T15:00:00.0;468.3625;255.2598;107.854;147.4058;308.942;108.2899;0;108.2899;0;1
2019-09-24T15:00:00.0/2019-09-24T16:00:00.0;288.3444;129.2386;40.2068;89.0318;180.1479;80.6076;0;80.6076;0;1
2019-09-24T16:00:00.0/2019-09-24T17:00:00.0;88.565;27.7095;3.7837;23.9258;36.9992;18.7533;0;18.7533;0;1
2019-09-24T17:00:00.0/2019-09-24T18:00:00.0;0;0;0;0;0;0;0;0;0;1
2019-09-24T18:00:00.0/2019-09-24T19:00:00.0;0;0;0;0;0;0;0;0;0;1
2019-09-24T19:00:00.0/2019-09-24T20:00:00.0;0;0;0;0;0;0;0;0;0;1
2019-09-24T20:00:00.0/2019-09-24T21:00:00.0;0;0;0;0;0;0;0;0;0;1
2019-09-24T21:00:00.0/2019-09-24T22:00:00.0;0;0;0;0;0;0;0;0;0;1
2019-09-24T22:00:00.0/2019-09-24T23:00:00.0;0;0;0;0;0;0;0;0;0;1
2019-09-24T23:00:00.0/2019-09-25T00:00:00.0;0;0;0;0;0;0;0;0;0;1
2019-09-25T00:00:00.0/2019-09-25T01:00:00.0;0;0;0;0;0;0;0;0;0;1
2019-09-25T01:00:00.0/2019-09-25T02:00:00.0;0;0;0;0;0;0;0;0;0;1
2019-09-25T02:00:00.0/2019-09-25T03:00:00.0;0;0;0;0;0;0;0;0;0;1
2019-09-25T03:00:00.0/2019-09-25T04:00:00.0;0;0;0;0;0;0;0;0;0;1
2019-09-25T04:00:00.0/2019-09-25T05:00:00.0;0;0;0;0;0;0;0;0;0;1
2019-09-25T05:00:00.0/2019-09-25T06:00:00.0;95.0779;30.3527;4.4705;25.8822;42.3617;21.6062;0;21.6062;0;1
2019-09-25T06:00:00.0/2019-09-25T07:00:00.0;293.976;133.4094;42.6787;90.7307;188.5196;94.7652;2.6715;92.0936;10.0708;1
2019-09-25T07:00:00.0/2019-09-25T08:00:00.0;472.0025;260.0305;112.6752;147.3553;320.1443;182.9059;17.3665;165.5394;49.345;1
2019-09-25T08:00:00.0/2019-09-25T09:00:00.0;616.8423;375.6501;187.4765;188.1736;410.5244;261.5581;37.7822;223.7759;81.6723;1
2019-09-25T09:00:00.0/2019-09-25T10:00:00.0;718.5952;467.6387;264.4775;203.1612;497.5929;406.4223;206.9417;199.4806;387.6883;1
2019-09-25T10:00:00.0/2019-09-25T11:00:00.0;770.2989;526.1237;337.5272;188.5965;593.3729;273.8844;47.7658;226.1186;85.0985;1
2019-09-25T11:00:00.0/2019-09-25T12:00:00.0;768.4039;538.9938;380.9496;158.0442;671.8697;122.4408;0;122.4408;0;1
2019-09-25T12:00:00.0/2019-09-25T13:00:00.0;713.0161;499.1789;365.9581;133.2208;695.0327;119.1252;0;119.1252;0;1
2019-09-25T13:00:00.0/2019-09-25T14:00:00.0;607.8899;410.4967;291.1254;119.3714;647.6874;116.2933;0;116.2933;0;1
2019-09-25T14:00:00.0/2019-09-25T15:00:00.0;460.1716;289.0652;190.9324;98.1328;558.5884;142.3287;3.9862;138.3424;13.6735;1
2019-09-25T15:00:00.0/2019-09-25T16:00:00.0;279.9122;150.0512;82.594;67.4572;386.2457;113.2577;29.9068;83.3509;153.115;1
2019-09-25T16:00:00.0/2019-09-25T17:00:00.0;80.7947;30.4426;9.633;20.8096;101.1119;23.7335;2.949;20.7845;24.8829;1
2019-09-25T17:00:00.0/2019-09-25T18:00:00.0;0;0;0;0;0;0;0;0;0;1
2019-09-25T18:00:00.0/2019-09-25T19:00:00.0;0;0;0;0;0;0;0;0;0;1
2019-09-25T19:00:00.0/2019-09-25T20:00:00.0;0;0;0;0;0;0;0;0;0;1
2019-09-25T20:00:00.0/2019-09-25T21:00:00.0;0;0;0;0;0;0;0;0;0;1
2019-09-25T21:00:00.0/2019-09-25T22:00:00.0;0;0;0;0;0;0;0;0;0;1
2019-09-25T22:00:00.0/2019-09-25T23:00:00.0;0;0;0;0;0;0;0;0;0;1
2019-09-25T23:00:00.0/2019-09-26T00:00:00.0;0;0;0;0;0;0;0;0;0;1
2019-09-26T00:00:00.0/2019-09-26T01:00:00.0;0;0;0;0;0;0;0;0;0;1
2019-09-26T01:00:00.0/2019-09-26T02:00:00.0;0;0;0;0;0;0;0;0;0;1
2019-09-26T02:00:00.0/2019-09-26T03:00:00.0;0;0;0;0;0;0;0;0;0;1
2019-09-26T03:00:00.0/2019-09-26T04:00:00.0;0;0;0;0;0;0;0;0;0;1
2019-09-26T04:00:00.0/2019-09-26T05:00:00.0;0;0;0;0;0;0;0;0;0;1
2019-09-26T05:00:00.0/2019-09-26T06:00:00.0;89.1738;36.1445;15.1432;21.0013;155.0435;25.0115;3.5625;21.4491;36.3617;1
2019-09-26T06:00:00.0/2019-09-26T07:00:00.0;287.7419;161.4176;102.3418;59.0758;469.8169;43.243;0;43.243;0;1
2019-09-26T07:00:00.0/2019-09-26T08:00:00.0;465.6893;300.0121;218.2385;81.7736;631.8232;82.0048;0;82.0048;0;1
2019-09-26T08:00:00.0/2019-09-26T09:00:00.0;610.3707;419.68;323.9518;95.7282;718.2972;87.8444;0;87.8444;0;1
2019-09-26T09:00:00.0/2019-09-26T10:00:00.0;711.8968;503.2015;393.612;109.5896;749.4115;254.5849;17.2757;237.3092;31.9665;1
2019-09-26T10:00:00.0/2019-09-26T11:00:00.0;763.3209;542.153;416.6487;125.5044;739.9166;250.6391;6.1568;244.4823;11.0995;1
2019-09-26T11:00:00.0/2019-09-26T12:00:00.0;761.1127;535.1318;397.9933;137.1385;708.6669;262.8332;2.2927;260.5405;4.1317;1
2019-09-26T12:00:00.0/2019-09-26T13:00:00.0;705.3999;484.3952;348.1002;136.2951;668.5336;339.1648;141.0003;198.1645;273.3208;1
2019-09-26T13:00:00.0/2019-09-26T14:00:00.0;599.9589;394.4053;271.1494;123.256;611.2794;277.033;98.2167;178.8163;215.6355;1
2019-09-26T14:00:00.0/2019-09-26T15:00:00.0;451.9577;272.6495;170.9785;101.671;508.7316;162.6138;11.3995;151.2143;33.5741;1
2019-09-26T15:00:00.0/2019-09-26T16:00:00.0;271.4667;136.1913;68.0814;68.1099;325.889;91.9328;10.6832;81.2497;63.0655;1
2019-09-26T16:00:00.0/2019-09-26T17:00:00.0;73.3657;25.1308;6.4048;18.7261;69.5397;20.5814;1.9664;18.615;17.2643;1
2019-09-26T17:00:00.0/2019-09-26T18:00:00.0;0;0;0;0;0;0;0;0;0;1
2019-09-26T18:00:00.0/2019-09-26T19:00:00.0;0;0;0;0;0;0;0;0;0;1
2019-09-26T19:00:00.0/2019-09-26T20:00:00.0;0;0;0;0;0;0;0;0;0;1
2019-09-26T20:00:00.0/2019-09-26T21:00:00.0;0;0;0;0;0;0;0;0;0;1
2019-09-26T21:00:00.0/2019-09-26T22:00:00.0;0;0;0;0;0;0;0;0;0;1
2019-09-26T22:00:00.0/2019-09-26T23:00:00.0;0;0;0;0;0;0;0;0;0;1
2019-09-26T23:00:00.0/2019-09-27T00:00:00.0;0;0;0;0;0;0;0;0;0;1
2019-09-27T00:00:00.0/2019-09-27T01:00:00.0;0;0;0;0;0;0;0;0;0;1
2019-09-27T01:00:00.0/2019-09-27T02:00:00.0;0;0;0;0;0;0;0;0;0;1
2019-09-27T02:00:00.0/2019-09-27T03:00:00.0;0;0;0;0;0;0;0;0;0;1
2019-09-27T03:00:00.0/2019-09-27T04:00:00.0;0;0;0;0;0;0;0;0;0;1
2019-09-27T04:00:00.0/2019-09-27T05:00:00.0;0;0;0;0;0;0;0;0;0;1
2019-09-27T05:00:00.0/2019-09-27T06:00:00.0;83.4368;30.5091;9.1779;21.3312;94.7575;20.8938;0.5233;20.3705;5.5898;1
2019-09-27T06:00:00.0/2019-09-27T07:00:00.0;281.4773;147.1697;78.8283;68.3414;366.6436;26.8329;0;26.8329;0;1
2019-09-27T07:00:00.0/2019-09-27T08:00:00.0;459.3389;284.1507;186.1192;98.0315;545.5439;34.8705;0;34.8705;0;1
2019-09-27T08:00:00.0/2019-09-27T09:00:00.0;603.857;405.1203;289.6554;115.4648;649.1708;57.5839;0;57.5839;0;1
2019-09-27T09:00:00.0/2019-09-27T10:00:00.0;705.1539;493.8544;374.767;119.0873;720.1811;137.5129;0;137.5129;0;1
2019-09-27T10:00:00.0/2019-09-27T11:00:00.0;756.2986;540.7965;430.3588;110.4377;771.6338;121.8191;0;121.8191;0;1
2019-09-27T11:00:00.0/2019-09-27T12:00:00.0;753.7802;542.1839;445.6033;96.5806;801.8413;156.6148;0;156.6148;0;1
2019-09-27T12:00:00.0/2019-09-27T13:00:00.0;697.7474;494.7866;402.5225;92.2641;781.7928;164.5155;0;164.5155;0;1
2019-09-27T13:00:00.0/2019-09-27T14:00:00.0;591.999;402.6544;307.2889;95.3654;702.2559;133.9882;0;133.9882;0;1
2019-09-27T14:00:00.0/2019-09-27T15:00:00.0;443.7239;277.6677;189.7764;87.8913;575.0157;100.5151;0;100.5151;0;1
2019-09-27T15:00:00.0/2019-09-27T16:00:00.0;263.0112;137.1212;73.6945;63.4267;363.6614;38.7107;0;38.7107;0;1
2019-09-27T16:00:00.0/2019-09-27T17:00:00.0;66.3109;23.458;6.3832;17.0748;72.6485;11.5225;0;11.5225;0;1
2019-09-27T17:00:00.0/2019-09-27T18:00:00.0;0;0;0;0;0;0;0;0;0;1
2019-09-27T18:00:00.0/2019-09-27T19:00:00.0;0;0;0;0;0;0;0;0;0;1
2019-09-27T19:00:00.0/2019-09-27T20:00:00.0;0;0;0;0;0;0;0;0;0;1
2019-09-27T20:00:00.0/2019-09-27T21:00:00.0;0;0;0;0;0;0;0;0;0;1
2019-09-27T21:00:00.0/2019-09-27T22:00:00.0;0;0;0;0;0;0;0;0;0;1
2019-09-27T22:00:00.0/2019-09-27T23:00:00.0;0;0;0;0;0;0;0;0;0;1
2019-09-27T23:00:00.0/2019-09-28T00:00:00.0;0;0;0;0;0;0;0;0;0;1
2019-09-28T00:00:00.0/2019-09-28T01:00:00.0;0;0;0;0;0;0;0;0;0;1
2019-09-28T01:00:00.0/2019-09-28T02:00:00.0;0;0;0;0;0;0;0;0;0;1
2019-09-28T02:00:00.0/2019-09-28T03:00:00.0;0;0;0;0;0;0;0;0;0;1
2019-09-28T03:00:00.0/2019-09-28T04:00:00.0;0;0;0;0;0;0;0;0;0;1
2019-09-28T04:00:00.0/2019-09-28T05:00:00.0;0;0;0;0;0;0;0;0;0;1
2019-09-28T05:00:00.0/2019-09-28T06:00:00.0;77.9084;27.9888;6.833;21.1558;71.841;23.4505;2.8118;20.6387;24.5726;1
2019-09-28T06:00:00.0/2019-09-28T07:00:00.0;275.1837;144.1116;71.3523;72.7593;337.1855;81.9259;5.8359;76.09;37.7616;1
2019-09-28T07:00:00.0/2019-09-28T08:00:00.0;452.9525;283.3906;180.9118;102.4788;537.3905;174.0217;28.8662;145.1554;78.0338;1
2019-09-28T08:00:00.0/2019-09-28T09:00:00.0;597.3027;405.847;289.7059;116.1412;656.5605;330.6733;170.3097;160.3636;384.95;1
2019-09-28T09:00:00.0/2019-09-28T10:00:00.0;698.3682;490.5939;360.598;129.9958;700.6589;315.9281;86.2099;229.7182;169.2195;1
2019-09-28T10:00:00.0/2019-09-28T11:00:00.0;749.234;528.9001;380.7378;148.1624;689.6411;380.8477;127.1838;253.6639;230.4236;1
2019-09-28T11:00:00.0/2019-09-28T12:00:00.0;746.4084;521.0867;362.0078;159.0789;658.0112;361.24;145.7311;215.5089;263.774;1
2019-09-28T12:00:00.0/2019-09-28T13:00:00.0;690.0615;471.7462;318.7975;152.9486;626.7527;286.2391;56.8166;229.4226;114.167;1
2019-09-28T13:00:00.0/2019-09-28T14:00:00.0;584.0132;385.3506;254.7541;130.5965;590.9742;306.2637;141.4544;164.8093;326.4691;1
2019-09-28T14:00:00.0/2019-09-28T15:00:00.0;435.4733;266.7016;165.5852;101.1164;512.6739;223.6908;116.5606;107.1302;370.9917;1
2019-09-28T15:00:00.0/2019-09-28T16:00:00.0;254.549;130.3817;65.4209;64.9608;332.0686;112.6974;50.5207;62.1767;240.8552;1
2019-09-28T16:00:00.0/2019-09-28T17:00:00.0;59.6004;20.5274;4.9094;15.618;58.7526;14.2702;0.0082;14.262;0.0719;1
2019-09-28T17:00:00.0/2019-09-28T18:00:00.0;0;0;0;0;0;0;0;0;0;1
2019-09-28T18:00:00.0/2019-09-28T19:00:00.0;0;0;0;0;0;0;0;0;0;1
2019-09-28T19:00:00.0/2019-09-28T20:00:00.0;0;0;0;0;0;0;0;0;0;1
2019-09-28T20:00:00.0/2019-09-28T21:00:00.0;0;0;0;0;0;0;0;0;0;1
2019-09-28T21:00:00.0/2019-09-28T22:00:00.0;0;0;0;0;0;0;0;0;0;1
2019-09-28T22:00:00.0/2019-09-28T23:00:00.0;0;0;0;0;0;0;0;0;0;1
2019-09-28T23:00:00.0/2019-09-29T00:00:00.0;0;0;0;0;0;0;0;0;0;1
2019-09-29T00:00:00.0/2019-09-29T01:00:00.0;0;0;0;0;0;0;0;0;0;1
2019-09-29T01:00:00.0/2019-09-29T02:00:00.0;0;0;0;0;0;0;0;0;0;1
2019-09-29T02:00:00.0/2019-09-29T03:00:00.0;0;0;0;0;0;0;0;0;0;1
2019-09-29T03:00:00.0/2019-09-29T04:00:00.0;0;0;0;0;0;0;0;0;0;1
2019-09-29T04:00:00.0/2019-09-29T05:00:00.0;0;0;0;0;0;0;0;0;0;1
2019-09-29T05:00:00.0/2019-09-29T06:00:00.0;72.5238;28.3217;10.7478;17.5739;120.731;18.9087;1.2797;17.6291;14.7819;1
2019-09-29T06:00:00.0/2019-09-29T07:00:00.0;268.8622;145.9272;85.9944;59.9328;422.4223;26.4867;0;26.4867;0;1
2019-09-29T07:00:00.0/2019-09-29T08:00:00.0;446.5315;277.8878;185.0315;92.8562;559.8889;32.4707;0;32.4707;0;1
2019-09-29T08:00:00.0/2019-09-29T09:00:00.0;590.7094;390.7294;270.3306;120.3988;620.672;66.2467;0;66.2467;0;1
2019-09-29T09:00:00.0/2019-09-29T10:00:00.0;691.5416;470.1591;323.1719;146.9872;634.5878;136.9092;0;136.9092;0;1
2019-09-29T10:00:00.0/2019-09-29T11:00:00.0;742.1293;507.6684;334.3816;173.2868;611.8658;161.4654;0;161.4654;0;1
2019-09-29T11:00:00.0/2019-09-29T12:00:00.0;739.0001;499.3891;309.0687;190.3204;567.6862;132.8682;0;132.8682;0;1
2019-09-29T12:00:00.0/2019-09-29T13:00:00.0;682.3447;448.4455;262.04;186.4055;521.0284;118.1445;0;118.1445;0;1
2019-09-29T13:00:00.0/2019-09-29T14:00:00.0;576.0045;359.5134;196.3531;163.1603;461.3886;90.1425;0;90.1425;0;1
2019-09-29T14:00:00.0/2019-09-29T15:00:00.0;427.2092;240.2895;113.4643;126.8252;356.3047;80.2887;0;80.2887;0;1
2019-09-29T15:00:00.0/2019-09-29T16:00:00.0;246.0836;111.8911;37.8734;74.0177;196.7606;62.468;0;62.468;0;1
2019-09-29T16:00:00.0/2019-09-29T17:00:00.0;53.2687;16.4488;2.2479;14.2009;28.4752;11.8825;0;11.8825;0;1
2019-09-29T17:00:00.0/2019-09-29T18:00:00.0;0;0;0;0;0;0;0;0;0;1
2019-09-29T18:00:00.0/2019-09-29T19:00:00.0;0;0;0;0;0;0;0;0;0;1
2019-09-29T19:00:00.0/2019-09-29T20:00:00.0;0;0;0;0;0;0;0;0;0;1
2019-09-29T20:00:00.0/2019-09-29T21:00:00.0;0;0;0;0;0;0;0;0;0;1
2019-09-29T21:00:00.0/2019-09-29T22:00:00.0;0;0;0;0;0;0;0;0;0;1
2019-09-29T22:00:00.0/2019-09-29T23:00:00.0;0;0;0;0;0;0;0;0;0;1
2019-09-29T23:00:00.0/2019-09-30T00:00:00.0;0;0;0;0;0;0;0;0;0;1
2019-09-30T00:00:00.0/2019-09-30T01:00:00.0;0;0;0;0;0;0;0;0;0;1
2019-09-30T01:00:00.0/2019-09-30T02:00:00.0;0;0;0;0;0;0;0;0;0;1
2019-09-30T02:00:00.0/2019-09-30T03:00:00.0;0;0;0;0;0;0;0;0;0;1
2019-09-30T03:00:00.0/2019-09-30T04:00:00.0;0;0;0;0;0;0;0;0;0;1
2019-09-30T04:00:00.0/2019-09-30T05:00:00.0;0;0;0;0;0;0;0;0;0;1
2019-09-30T05:00:00.0/2019-09-30T06:00:00.0;67.3138;24.506;8.3838;16.1222;96.9566;16.0916;0.2586;15.8329;3.1825;1
2019-09-30T06:00:00.0/2019-09-30T07:00:00.0;262.514;138.3039;80.8938;57.41;403.7271;24.9195;0;24.9195;0;1
2019-09-30T07:00:00.0/2019-09-30T08:00:00.0;440.0773;274.1703;191.1284;83.0419;585.9653;31.8864;0;31.8864;0;1
2019-09-30T08:00:00.0/2019-09-30T09:00:00.0;584.0786;393.4385;294.9717;98.4668;684.7735;59.0082;0;59.0082;0;1
2019-09-30T09:00:00.0/2019-09-30T10:00:00.0;684.676;478.9271;370.1695;108.7576;734.2113;96.4166;0;96.4166;0;1
2019-09-30T10:00:00.0/2019-09-30T11:00:00.0;734.9868;521.6739;405.8447;115.8292;750.1484;173.6745;0;173.6745;0;1
2019-09-30T11:00:00.0/2019-09-30T12:00:00.0;731.5575;518.5224;399.8991;118.6233;742.5844;238.0599;4.3168;233.7431;8.0812;1
2019-09-30T12:00:00.0/2019-09-30T13:00:00.0;674.5999;469.9525;353.3814;116.5711;711.238;239.7489;6.6745;233.0744;13.6957;1
2019-09-30T13:00:00.0/2019-09-30T14:00:00.0;567.976;380.308;272.0279;108.28;649.1351;218.4899;20.212;198.2778;48.4346;1
2019-09-30T14:00:00.0/2019-09-30T15:00:00.0;418.9348;257.7877;166.836;90.9517;536.1107;186.0268;70.5541;115.4727;242.6106;1
2019-09-30T15:00:00.0/2019-09-30T16:00:00.0;237.6182;122.6668;64.4668;58.2;353.1115;103.0793;44.0106;59.0687;235.493;1
2019-09-30T16:00:00.0/2019-09-30T17:00:00.0;47.282;16.9771;4.9607;12.0164;67.9727;13.3141;1.4339;11.8802;15.7681;1
2019-09-30T17:00:00.0/2019-09-30T18:00:00.0;0;0;0;0;0;0;0;0;0;1
2019-09-30T18:00:00.0/2019-09-30T19:00:00.0;0;0;0;0;0;0;0;0;0;1
2019-09-30T19:00:00.0/2019-09-30T20:00:00.0;0;0;0;0;0;0;0;0;0;1
2019-09-30T20:00:00.0/2019-09-30T21:00:00.0;0;0;0;0;0;0;0;0;0;1
2019-09-30T21:00:00.0/2019-09-30T22:00:00.0;0;0;0;0;0;0;0;0;0;1
2019-09-30T22:00:00.0/2019-09-30T23:00:00.0;0;0;0;0;0;0;0;0;0;1
2019-09-30T23:00:00.0/2019-10-01T00:00:00.0;0;0;0;0;0;0;0;0;0;1
2019-10-01T00:00:00.0/2019-10-01T01:00:00.0;0;0;0;0;0;0;0;0;0;1
2019-10-01T01:00:00.0/2019-10-01T02:00:00.0;0;0;0;0;0;0;0;0;0;1
2019-10-01T02:00:00.0/2019-10-01T03:00:00.0;0;0;0;0;0;0;0;0;0;1
2019-10-01T03:00:00.0/2019-10-01T04:00:00.0;0;0;0;0;0;0;0;0;0;1
2019-10-01T04:00:00.0/2019-10-01T05:00:00.0;0;0;0;0;0;0;0;0;0;1
2019-10-01T05:00:00.0/2019-10-01T06:00:00.0;62.2808;23.8783;8.6858;15.1925;105.0985;15.4654;0.4675;14.9979;5.9921;1
2019-10-01T06:00:00.0/2019-10-01T07:00:00.0;256.1406;136.8689;78.2183;58.6506;403.3138;24.9142;0;24.9142;0;1
2019-10-01T07:00:00.0/2019-10-01T08:00:00.0;433.5915;265.5961;169.3546;96.2415;528.5062;30.8295;0;30.8295;0;1
2019-10-01T08:00:00.0/2019-10-01T09:00:00.0;577.4122;376.1888;247.8586;128.3301;582.8594;51.9378;0;51.9378;0;1
2019-10-01T09:00:00.0/2019-10-01T10:00:00.0;677.7733;459.0904;315.2965;143.7939;631.7235;87.739;0;87.739;0;1
2019-10-01T10:00:00.0/2019-10-01T11:00:00.0;727.8085;505.3889;364.9459;140.443;681.5062;100.5441;0;100.5441;0;1
2019-10-01T11:00:00.0/2019-10-01T12:00:00.0;724.0834;505.848;377.0676;128.7804;707.9379;112.0673;0;112.0673;0;1
2019-10-01T12:00:00.0/2019-10-01T13:00:00.0;666.8299;459.0627;340.7896;118.2731;694.2642;111.0643;0;111.0643;0;1
2019-10-01T13:00:00.0/2019-10-01T14:00:00.0;559.9305;369.3394;261.0002;108.3392;632.062;116.7648;0;116.7648;0;1
2019-10-01T14:00:00.0/2019-10-01T15:00:00.0;410.6534;247.8582;158.4038;89.4544;519.3386;94.8954;0.0716;94.8238;0.2915;1
2019-10-01T15:00:00.0/2019-10-01T16:00:00.0;229.1564;113.8986;57.7042;56.1945;324.6844;65.4546;0.0001;65.4544;0.0007;1
2019-10-01T16:00:00.0/2019-10-01T17:00:00.0;41.6775;13.8791;3.5107;10.3684;50.4921;8.8205;0;8.8205;0;1
2019-10-01T17:00:00.0/2019-10-01T18:00:00.0;0;0;0;0;0;0;0;0;0;1
2019-10-01T18:00:00.0/2019-10-01T19:00:00.0;0;0;0;0;0;0;0;0;0;1
2019-10-01T19:00:00.0/2019-10-01T20:00:00.0;0;0;0;0;0;0;0;0;0;1
2019-10-01T20:00:00.0/2019-10-01T21:00:00.0;0;0;0;0;0;0;0;0;0;1
2019-10-01T21:00:00.0/2019-10-01T22:00:00.0;0;0;0;0;0;0;0;0;0;1
2019-10-01T22:00:00.0/2019-10-01T23:00:00.0;0;0;0;0;0;0;0;0;0;1
2019-10-01T23:00:00.0/2019-10-02T00:00:00.0;0;0;0;0;0;0;0;0;0;1
2019-10-02T00:00:00.0/2019-10-02T01:00:00.0;0;0;0;0;0;0;0;0;0;1
2019-10-02T01:00:00.0/2019-10-02T02:00:00.0;0;0;0;0;0;0;0;0;0;1
2019-10-02T02:00:00.0/2019-10-02T03:00:00.0;0;0;0;0;0;0;0;0;0;1
2019-10-02T03:00:00.0/2019-10-02T04:00:00.0;0;0;0;0;0;0;0;0;0;1
2019-10-02T04:00:00.0/2019-10-02T05:00:00.0;0;0;0;0;0;0;0;0;0;1
2019-10-02T05:00:00.0/2019-10-02T06:00:00.0;57.4274;20.9768;5.6988;15.2781;70.2652;13.453;0;13.453;0;1
2019-10-02T06:00:00.0/2019-10-02T07:00:00.0;249.7431;135.0627;72.8399;62.2228;378.5074;61.8455;1.302;60.5435;7.4435;1
2019-10-02T07:00:00.0/2019-10-02T08:00:00.0;427.0755;277.2274;189.2085;88.0189;597.3898;175.8624;54.1036;121.7588;159.7742;1
2019-10-02T08:00:00.0/2019-10-02T09:00:00.0;570.7119;402.9522;304.129;98.8232;723.0266;375.041;288.3821;86.6589;682.2221;1
2019-10-02T09:00:00.0/2019-10-02T10:00:00.0;670.8356;491.8824;385.9507;105.9317;782.2346;446.2179;335.8652;110.3527;683.0887;1
2019-10-02T10:00:00.0/2019-10-02T11:00:00.0;720.5969;534.5074;421.4412;113.0662;795.4465;420.9731;247.1912;173.7818;467.4006;1
2019-10-02T11:00:00.0/2019-10-02T12:00:00.0;716.5802;529.7368;413.6219;116.1149;785.0049;454.5214;313.9153;140.6062;596.2483;1
2019-10-02T12:00:00.0/2019-10-02T13:00:00.0;659.0377;478.1388;364.8495;113.2893;752.5325;453.1993;356.7225;96.4768;736.1675;1
2019-10-02T13:00:00.0/2019-10-02T14:00:00.0;551.8716;384.3237;280.8412;103.4825;690.5543;333.0132;223.7457;109.2676;548.6704;1
2019-10-02T14:00:00.0/2019-10-02T15:00:00.0;402.3684;257.6582;171.9792;85.679;576.0732;235.1315;160.8568;74.2747;541.2515;1
2019-10-02T15:00:00.0/2019-10-02T16:00:00.0;220.7014;115.5713;59.9527;55.6186;346.3871;103.502;53.0336;50.4684;298.5723;1
2019-10-02T16:00:00.0/2019-10-02T17:00:00.0;36.4161;12.3227;2.7823;9.5404;42.3792;9.4046;0.4081;8.9965;4.8819;1
2019-10-02T17:00:00.0/2019-10-02T18:00:00.0;0;0;0;0;0;0;0;0;0;1
2019-10-02T18:00:00.0/2019-10-02T19:00:00.0;0;0;0;0;0;0;0;0;0;1
2019-10-02T19:00:00.0/2019-10-02T20:00:00.0;0;0;0;0;0;0;0;0;0;1
2019-10-02T20:00:00.0/2019-10-02T21:00:00.0;0;0;0;0;0;0;0;0;0;1
2019-10-02T21:00:00.0/2019-10-02T22:00:00.0;0;0;0;0;0;0;0;0;0;1
2019-10-02T22:00:00.0/2019-10-02T23:00:00.0;0;0;0;0;0;0;0;0;0;1
2019-10-02T23:00:00.0/2019-10-03T00:00:00.0;0;0;0;0;0;0;0;0;0;1
2019-10-03T00:00:00.0/2019-10-03T01:00:00.0;0;0;0;0;0;0;0;0;0;1
2019-10-03T01:00:00.0/2019-10-03T02:00:00.0;0;0;0;0;0;0;0;0;0;1
2019-10-03T02:00:00.0/2019-10-03T03:00:00.0;0;0;0;0;0;0;0;0;0;1
2019-10-03T03:00:00.0/2019-10-03T04:00:00.0;0;0;0;0;0;0;0;0;0;1
2019-10-03T04:00:00.0/2019-10-03T05:00:00.0;0;0;0;0;0;0;0;0;0;1
2019-10-03T05:00:00.0/2019-10-03T06:00:00.0;52.7852;18.8396;5.2943;13.5453;68.7175;15.2009;1.7235;13.4774;18.3581;1
2019-10-03T06:00:00.0/2019-10-03T07:00:00.0;243.3231;127.3345;67.1923;60.1422;359.1169;79.4412;18.0466;61.3946;85.8872;1
2019-10-03T07:00:00.0/2019-10-03T08:00:00.0;420.5309;262.9407;171.4698;91.4709;550.4349;234.7747;150.6769;84.0978;486.8116;1
2019-10-03T08:00:00.0/2019-10-03T09:00:00.0;563.9793;381.8388;271.3362;110.5026;653.3424;228.1418;49.2105;178.9313;122.3736;1
2019-10-03T09:00:00.0/2019-10-03T10:00:00.0;663.8649;463.3291;335.4005;127.9286;687.5501;240.3505;31.0667;209.2838;65.7666;1
2019-10-03T10:00:00.0/2019-10-03T11:00:00.0;713.3543;498.7308;353.9979;144.7329;675.3837;220.732;0;220.732;0;1
2019-10-03T11:00:00.0/2019-10-03T12:00:00.0;709.0507;487.5218;332.7961;154.7256;638.5551;195.0302;0;195.0302;0;1
2019-10-03T12:00:00.0/2019-10-03T13:00:00.0;651.226;435.6347;287.0923;148.5424;599.669;262.3573;70.9304;191.4269;151.3564;1
2019-10-03T13:00:00.0/2019-10-03T14:00:00.0;543.8021;347.9312;221.4918;126.4394;552.9588;176.916;10.2322;166.6839;23.3382;1
2019-10-03T14:00:00.0/2019-10-03T15:00:00.0;394.083;229.0974;132.8605;96.2369;454.0404;89.376;0;89.376;0;1
2019-10-03T15:00:00.0/2019-10-03T16:00:00.0;212.2569;98.7324;43.3744;55.358;258.3958;52.5766;0;52.5766;0;1
2019-10-03T16:00:00.0/2019-10-03T17:00:00.0;31.5397;9.4777;1.6552;7.8225;26.9063;6.7277;0;6.7277;0;1
2019-10-03T17:00:00.0/2019-10-03T18:00:00.0;0;0;0;0;0;0;0;0;0;1
2019-10-03T18:00:00.0/2019-10-03T19:00:00.0;0;0;0;0;0;0;0;0;0;1
2019-10-03T19:00:00.0/2019-10-03T20:00:00.0;0;0;0;0;0;0;0;0;0;1
2019-10-03T20:00:00.0/2019-10-03T21:00:00.0;0;0;0;0;0;0;0;0;0;1
2019-10-03T21:00:00.0/2019-10-03T22:00:00.0;0;0;0;0;0;0;0;0;0;1
2019-10-03T22:00:00.0/2019-10-03T23:00:00.0;0;0;0;0;0;0;0;0;0;1
2019-10-03T23:00:00.0/2019-10-04T00:00:00.0;0;0;0;0;0;0;0;0;0;1
2019-10-04T00:00:00.0/2019-10-04T01:00:00.0;0;0;0;0;0;0;0;0;0;1
2019-10-04T01:00:00.0/2019-10-04T02:00:00.0;0;0;0;0;0;0;0;0;0;1
2019-10-04T02:00:00.0/2019-10-04T03:00:00.0;0;0;0;0;0;0;0;0;0;1
2019-10-04T03:00:00.0/2019-10-04T04:00:00.0;0;0;0;0;0;0;0;0;0;1
2019-10-04T04:00:00.0/2019-10-04T05:00:00.0;0;0;0;0;0;0;0;0;0;1
2019-10-04T05:00:00.0/2019-10-04T06:00:00.0;48.3065;17.6016;5.7124;11.8892;78.0853;14.2182;2.1678;12.0504;24.313;1
2019-10-04T06:00:00.0/2019-10-04T07:00:00.0;236.8817;126.3572;72.1057;54.2514;397.0266;114.4725;65.5267;48.9457;355.363;1
2019-10-04T07:00:00.0/2019-10-04T08:00:00.0;413.9591;262.7358;179.7286;83.0072;586.8211;243.454;171.9883;71.4657;562.7967;1
2019-10-04T08:00:00.0/2019-10-04T09:00:00.0;557.2164;382.0329;280.7159;101.317;684.6642;335.9344;223.5791;112.3552;547.1293;1
2019-10-04T09:00:00.0/2019-10-04T10:00:00.0;656.8633;465.2105;349.0955;116.115;723.5322;400.1282;248.1013;152.0269;514.4849;1
2019-10-04T10:00:00.0/2019-10-04T11:00:00.0;706.0831;503.3408;374.0036;129.3372;721.2862;448.4747;299.7194;148.7553;578.36;1
2019-10-04T11:00:00.0/2019-10-04T12:00:00.0;701.4976;494.5931;358.2801;136.313;695.3142;352.6639;111.3018;241.3621;215.1048;1
2019-10-04T12:00:00.0/2019-10-04T13:00:00.0;643.398;441.4018;308.33;133.0718;652.0156;252.556;24.1684;228.3876;50.6895;1
2019-10-04T13:00:00.0/2019-10-04T14:00:00.0;535.7253;348.8139;229.7488;119.0651;582.1097;192.5281;3.6962;188.8319;8.8307;1
2019-10-04T14:00:00.0/2019-10-04T15:00:00.0;385.8007;225.7273;131.2996;94.4277;457.5712;136.4477;5.306;131.1418;20.919;1
2019-10-04T15:00:00.0/2019-10-04T16:00:00.0;203.8263;94.3353;40.1679;54.1674;247.6999;66.3155;1.7927;64.5228;9.1433;1
2019-10-04T16:00:00.0/2019-10-04T17:00:00.0;27.0014;8.0376;1.2778;6.7598;22.387;5.4249;0;5.4249;0;1
2019-10-04T17:00:00.0/2019-10-04T18:00:00.0;0;0;0;0;0;0;0;0;0;1
2019-10-04T18:00:00.0/2019-10-04T19:00:00.0;0;0;0;0;0;0;0;0;0;1
2019-10-04T19:00:00.0/2019-10-04T20:00:00.0;0;0;0;0;0;0;0;0;0;1
2019-10-04T20:00:00.0/2019-10-04T21:00:00.0;0;0;0;0;0;0;0;0;0;1
2019-10-04T21:00:00.0/2019-10-04T22:00:00.0;0;0;0;0;0;0;0;0;0;1
2019-10-04T22:00:00.0/2019-10-04T23:00:00.0;0;0;0;0;0;0;0;0;0;1
2019-10-04T23:00:00.0/2019-10-05T00:00:00.0;0;0;0;0;0;0;0;0;0;1
2019-10-05T00:00:00.0/2019-10-05T01:00:00.0;0;0;0;0;0;0;0;0;0;1
2019-10-05T01:00:00.0/2019-10-05T02:00:00.0;0;0;0;0;0;0;0;0;0;1
2019-10-05T02:00:00.0/2019-10-05T03:00:00.0;0;0;0;0;0;0;0;0;0;1
2019-10-05T03:00:00.0/2019-10-05T04:00:00.0;0;0;0;0;0;0;0;0;0;1
2019-10-05T04:00:00.0/2019-10-05T05:00:00.0;0;0;0;0;0;0;0;0;0;1
2019-10-05T05:00:00.0/2019-10-05T06:00:00.0;44.0138;15.0873;3.5229;11.5644;49.4148;11.945;0.7132;11.2318;8.0773;1
2019-10-05T06:00:00.0/2019-10-05T07:00:00.0;230.4204;118.7151;58.5471;60.168;327.5729;36.0051;0.3895;35.6156;3.7335;1
2019-10-05T07:00:00.0/2019-10-05T08:00:00.0;407.3618;254.9507;161.3117;93.6389;534.4481;133.5947;27.01;106.5846;81.5611;1
2019-10-05T08:00:00.0/2019-10-05T09:00:00.0;550.4249;375.6429;263.0111;112.6318;649.4082;125.9592;10.7991;115.1601;29.3284;1
2019-10-05T09:00:00.0/2019-10-05T10:00:00.0;649.833;460.0225;330.4584;129.5641;692.7591;129.2412;0;129.2412;0;1
2019-10-05T10:00:00.0/2019-10-05T11:00:00.0;698.7857;499.0199;351.1655;147.8545;684.7211;149.536;0;149.536;0;1
2019-10-05T11:00:00.0/2019-10-05T12:00:00.0;693.9235;491.2046;332.7614;158.4432;653.1729;132.6568;0;132.6568;0;1
2019-10-05T12:00:00.0/2019-10-05T13:00:00.0;635.5567;439.8799;287.9739;151.906;617.0347;219.7101;4.0165;215.6936;8.8822;1
2019-10-05T13:00:00.0/2019-10-05T14:00:00.0;527.6445;349.8467;220.7492;129.0975;568.5577;219.0866;44.7402;174.3463;117.8323;1
2019-10-05T14:00:00.0/2019-10-05T15:00:00.0;377.5248;228.2285;130.9183;97.3101;467.4056;154.6314;36.93;117.7014;132.5388;1
2019-10-05T15:00:00.0/2019-10-05T16:00:00.0;195.4131;94.9311;41.1526;53.7785;264.1302;76.0761;21.561;54.5151;136.2103;1
2019-10-05T16:00:00.0/2019-10-05T17:00:00.0;22.8503;7.0536;1.1342;5.9194;21.3016;4.9155;0;4.9155;0;1
2019-10-05T17:00:00.0/2019-10-05T18:00:00.0;0;0;0;0;0;0;0;0;0;1
2019-10-05T18:00:00.0/2019-10-05T19:00:00.0;0;0;0;0;0;0;0;0;0;1
2019-10-05T19:00:00.0/2019-10-05T20:00:00.0;0;0;0;0;0;0;0;0;0;1
2019-10-05T20:00:00.0/2019-10-05T21:00:00.0;0;0;0;0;0;0;0;0;0;1
2019-10-05T21:00:00.0/2019-10-05T22:00:00.0;0;0;0;0;0;0;0;0;0;1
2019-10-05T22:00:00.0/2019-10-05T23:00:00.0;0;0;0;0;0;0;0;0;0;1
2019-10-05T23:00:00.0/2019-10-06T00:00:00.0;0;0;0;0;0;0;0;0;0;1
2019-10-06T00:00:00.0/2019-10-06T01:00:00.0;0;0;0;0;0;0;0;0;0;1
2019-10-06T01:00:00.0/2019-10-06T02:00:00.0;0;0;0;0;0;0;0;0;0;1
2019-10-06T02:00:00.0/2019-10-06T03:00:00.0;0;0;0;0;0;0;0;0;0;1
2019-10-06T03:00:00.0/2019-10-06T04:00:00.0;0;0;0;0;0;0;0;0;0;1
2019-10-06T04:00:00.0/2019-10-06T05:00:00.0;0;0;0;0;0;0;0;0;0;1
2019-10-06T05:00:00.0/2019-10-06T06:00:00.0;39.9092;14.8831;5.0103;9.8728;75.3705;11.8029;1.8806;9.9223;23.2227;1
2019-10-06T06:00:00.0/2019-10-06T07:00:00.0;223.9403;123.3519;74.0775;49.2745;430.554;111.3077;67.8346;43.4731;388.2491;1
2019-10-06T07:00:00.0/2019-10-06T08:00:00.0;400.7404;261.6718;187.9164;73.7555;634.5381;244.4895;183.9727;60.5168;620.7719;1
2019-10-06T08:00:00.0/2019-10-06T09:00:00.0;543.6066;381.9522;294.0512;87.9011;736.0086;363.2535;290.8822;72.3713;728.0162;1
2019-10-06T09:00:00.0/2019-10-06T10:00:00.0;642.7759;467.2165;370.8138;96.4027;786.0994;447.8681;367.9257;79.9424;779.9581;1
2019-10-06T10:00:00.0/2019-10-06T11:00:00.0;691.4645;508.824;407.8194;101.0046;803.9877;476.9731;383.6797;93.2934;756.7963;1
2019-10-06T11:00:00.0/2019-10-06T12:00:00.0;686.3312;503.2853;401.6173;101.668;797.6441;302.1521;86.8751;215.277;170.4232;1
2019-10-06T12:00:00.0/2019-10-06T13:00:00.0;627.705;451.9404;354.7526;97.1878;770.0319;258.4333;54.9819;203.4514;123.293;1
2019-10-06T13:00:00.0/2019-10-06T14:00:00.0;519.563;359.4757;272.568;86.9077;713.5613;295.8957;186.1687;109.7269;497.0343;1
2019-10-06T14:00:00.0/2019-10-06T15:00:00.0;369.2589;234.7502;164.6776;70.0726;602.1927;217.6938;159.1061;58.5876;580.9114;1
2019-10-06T15:00:00.0/2019-10-06T16:00:00.0;187.0209;96.7083;54.4427;42.2656;367.8666;85.6495;46.0958;39.5536;297.8763;1
2019-10-06T16:00:00.0/2019-10-06T17:00:00.0;19.0295;6.183;1.5371;4.6459;31.863;4.2023;0.0266;4.1757;0.4219;1
2019-10-06T17:00:00.0/2019-10-06T18:00:00.0;0;0;0;0;0;0;0;0;0;1
2019-10-06T18:00:00.0/2019-10-06T19:00:00.0;0;0;0;0;0;0;0;0;0;1
2019-10-06T19:00:00.0/2019-10-06T20:00:00.0;0;0;0;0;0;0;0;0;0;1
2019-10-06T20:00:00.0/2019-10-06T21:00:00.0;0;0;0;0;0;0;0;0;0;1
2019-10-06T21:00:00.0/2019-10-06T22:00:00.0;0;0;0;0;0;0;0;0;0;1
2019-10-06T22:00:00.0/2019-10-06T23:00:00.0;0;0;0;0;0;0;0;0;0;1
2019-10-06T23:00:00.0/2019-10-07T00:00:00.0;0;0;0;0;0;0;0;0;0;1
2019-10-07T00:00:00.0/2019-10-07T01:00:00.0;0;0;0;0;0;0;0;0;0;1
2019-10-07T01:00:00.0/2019-10-07T02:00:00.0;0;0;0;0;0;0;0;0;0;1
2019-10-07T02:00:00.0/2019-10-07T03:00:00.0;0;0;0;0;0;0;0;0;0;1
2019-10-07T03:00:00.0/2019-10-07T04:00:00.0;0;0;0;0;0;0;0;0;0;1
2019-10-07T04:00:00.0/2019-10-07T05:00:00.0;0;0;0;0;0;0;0;0;0;1
2019-10-07T05:00:00.0/2019-10-07T06:00:00.0;35.9946;11.6124;2.3675;9.2449;36.8634;8.9412;0.122;8.8193;1.4818;1
2019-10-07T06:00:00.0/2019-10-07T07:00:00.0;217.4429;106.833;50.1309;56.7021;294.4419;28.6587;0.0226;28.6361;0.2498;1
2019-10-07T07:00:00.0/2019-10-07T08:00:00.0;394.0964;240.188;149.2963;90.8917;511.1271;108.1678;28.5647;79.6031;86.2769;1
2019-10-07T08:00:00.0/2019-10-07T09:00:00.0;536.7633;360.2585;250.7877;109.4708;635.4948;320.3056;213.8668;106.4388;541.7079;1
2019-10-07T09:00:00.0/2019-10-07T10:00:00.0;635.6943;448.5519;332.3342;116.2177;712.4275;327.4622;152.4666;174.9956;332.6224;1
2019-10-07T10:00:00.0/2019-10-07T11:00:00.0;684.1221;495.4243;381.6342;113.7902;760.797;246.8103;10.4213;236.389;20.908;1
2019-10-07T11:00:00.0/2019-10-07T12:00:00.0;678.7236;495.2684;389.2436;106.0248;782.287;197.487;0;197.487;0;1
2019-10-07T12:00:00.0/2019-10-07T13:00:00.0;619.8461;445.5327;346.2944;99.2383;761.4611;248.0517;40.8287;207.223;92.3695;1
2019-10-07T13:00:00.0/2019-10-07T14:00:00.0;511.4842;350.9442;259.1555;91.7888;689.0982;233.8074;76.0711;157.7363;205.2797;1
2019-10-07T14:00:00.0/2019-10-07T15:00:00.0;361.0065;224.7289;149.5213;75.2076;558.2169;147.3542;36.8361;110.5182;136.872;1
2019-10-07T15:00:00.0/2019-10-07T16:00:00.0;178.6532;89.5294;46.698;42.8314;329.1697;72.3252;27.7062;44.619;190.293;1
2019-10-07T16:00:00.0/2019-10-07T17:00:00.0;15.5976;4.9694;1.1158;3.8537;24.8436;3.1755;0;3.1755;0;1
2019-10-07T17:00:00.0/2019-10-07T18:00:00.0;0;0;0;0;0;0;0;0;0;1
2019-10-07T18:00:00.0/2019-10-07T19:00:00.0;0;0;0;0;0;0;0;0;0;1
2019-10-07T19:00:00.0/2019-10-07T20:00:00.0;0;0;0;0;0;0;0;0;0;1
2019-10-07T20:00:00.0/2019-10-07T21:00:00.0;0;0;0;0;0;0;0;0;0;1
2019-10-07T21:00:00.0/2019-10-07T22:00:00.0;0;0;0;0;0;0;0;0;0;1
2019-10-07T22:00:00.0/2019-10-07T23:00:00.0;0;0;0;0;0;0;0;0;0;1
2019-10-07T23:00:00.0/2019-10-08T00:00:00.0;0;0;0;0;0;0;0;0;0;1
2019-10-08T00:00:00.0/2019-10-08T01:00:00.0;0;0;0;0;0;0;0;0;0;1
2019-10-08T01:00:00.0/2019-10-08T02:00:00.0;0;0;0;0;0;0;0;0;0;1
2019-10-08T02:00:00.0/2019-10-08T03:00:00.0;0;0;0;0;0;0;0;0;0;1
2019-10-08T03:00:00.0/2019-10-08T04:00:00.0;0;0;0;0;0;0;0;0;0;1
2019-10-08T04:00:00.0/2019-10-08T05:00:00.0;0;0;0;0;0;0;0;0;0;1
2019-10-08T05:00:00.0/2019-10-08T06:00:00.0;32.2719;9.9064;1.6401;8.2662;26.5811;7.4667;0;7.4667;0;1
2019-10-08T06:00:00.0/2019-10-08T07:00:00.0;210.9292;97.1877;40.1112;57.0764;242.3607;26.0616;0;26.0616;0;1
2019-10-08T07:00:00.0/2019-10-08T08:00:00.0;387.4314;220.0103;119.2617;100.7486;415.7781;25.639;0;25.639;0;1
2019-10-08T08:00:00.0/2019-10-08T09:00:00.0;529.8968;330.3181;196.7268;133.5912;505.4792;57.5661;0;57.5661;0;1
2019-10-08T09:00:00.0/2019-10-08T10:00:00.0;628.5901;414.0205;264.3925;149.628;573.2625;97.2063;0;97.2063;0;1
2019-10-08T10:00:00.0/2019-10-08T11:00:00.0;676.7609;461.5255;313.8775;147.648;632.847;85.3435;0;85.3435;0;1
2019-10-08T11:00:00.0/2019-10-08T12:00:00.0;671.1034;463.2711;325.8717;137.3993;662.7755;92.6443;0;92.6443;0;1
2019-10-08T12:00:00.0/2019-10-08T13:00:00.0;611.9831;419.1718;297.9869;121.1849;664.3696;147.2203;0;147.2203;0;1
2019-10-08T13:00:00.0/2019-10-08T14:00:00.0;503.4113;333.9525;232.8253;101.1272;630.0214;136.9496;0;136.9496;0;1
2019-10-08T14:00:00.0/2019-10-08T15:00:00.0;352.771;216.8035;140.7914;76.0121;539.3635;116.1306;1.6592;114.4714;7.4162;1
2019-10-08T15:00:00.0/2019-10-08T16:00:00.0;170.3138;84.3552;41.7741;42.5811;300.8246;58.4528;3.0261;55.4267;19.7945;1
2019-10-08T16:00:00.0/2019-10-08T17:00:00.0;12.4846;3.7392;0.5254;3.2138;12.7611;2.2008;0;2.2008;0;1
2019-10-08T17:00:00.0/2019-10-08T18:00:00.0;0;0;0;0;0;0;0;0;0;1
2019-10-08T18:00:00.0/2019-10-08T19:00:00.0;0;0;0;0;0;0;0;0;0;1
2019-10-08T19:00:00.0/2019-10-08T20:00:00.0;0;0;0;0;0;0;0;0;0;1
2019-10-08T20:00:00.0/2019-10-08T21:00:00.0;0;0;0;0;0;0;0;0;0;1
2019-10-08T21:00:00.0/2019-10-08T22:00:00.0;0;0;0;0;0;0;0;0;0;1
2019-10-08T22:00:00.0/2019-10-08T23:00:00.0;0;0;0;0;0;0;0;0;0;1
2019-10-08T23:00:00.0/2019-10-09T00:00:00.0;0;0;0;0;0;0;0;0;0;1
2019-10-09T00:00:00.0/2019-10-09T01:00:00.0;0;0;0;0;0;0;0;0;0;1
2019-10-09T01:00:00.0/2019-10-09T02:00:00.0;0;0;0;0;0;0;0;0;0;1
2019-10-09T02:00:00.0/2019-10-09T03:00:00.0;0;0;0;0;0;0;0;0;0;1
2019-10-09T03:00:00.0/2019-10-09T04:00:00.0;0;0;0;0;0;0;0;0;0;1
2019-10-09T04:00:00.0/2019-10-09T05:00:00.0;0;0;0;0;0;0;0;0;0;1
2019-10-09T05:00:00.0/2019-10-09T06:00:00.0;28.7431;9.5021;2.0776;7.4245;35.5822;7.1115;0.1206;6.9909;1.6439;1
2019-10-09T06:00:00.0/2019-10-09T07:00:00.0;204.4006;104.6343;53.8735;50.7608;336.2429;28.4041;0.0549;28.3492;0.6663;1
2019-10-09T07:00:00.0/2019-10-09T08:00:00.0;380.7468;239.3585;159.7301;79.6283;566.9417;76.4272;0;76.4272;0;1
2019-10-09T08:00:00.0/2019-10-09T09:00:00.0;523.0089;359.4691;266.3067;93.1624;693.4536;213.9509;26.6625;187.2884;67.9646;1
2019-10-09T09:00:00.0/2019-10-09T10:00:00.0;621.4658;441.2739;329.3906;111.8833;724.0195;246.1678;18.4382;227.7296;40.4768;1
2019-10-09T10:00:00.0/2019-10-09T11:00:00.0;669.3833;475.6069;335.266;140.3409;684.0743;282.1697;49.6;232.5697;100.7824;1
2019-10-09T11:00:00.0/2019-10-09T12:00:00.0;663.4735;463.5111;303.0129;160.4982;623.3638;347.474;143.5192;203.9548;295.7986;1
2019-10-09T12:00:00.0/2019-10-09T13:00:00.0;604.1191;408.9505;250.8977;158.0529;566.6404;306.7596;106.2534;200.5063;236.6794;1
2019-10-09T13:00:00.0/2019-10-09T14:00:00.0;495.3477;317.0515;182.7406;134.3109;501.8177;233.1071;74.5562;158.5509;203.326;1
2019-10-09T14:00:00.0/2019-10-09T15:00:00.0;344.5561;195.7555;97.0706;98.6849;378.0719;129.9825;9.8078;120.1747;37.4756;1
2019-10-09T15:00:00.0/2019-10-09T16:00:00.0;162.0061;70.3156;22.9021;47.4135;167.9134;53.3223;2.7469;50.5754;16.8939;1
2019-10-09T16:00:00.0/2019-10-09T17:00:00.0;9.7621;2.5638;0.1691;2.3946;4.5426;1.2459;0;1.2459;0;1
2019-10-09T17:00:00.0/2019-10-09T18:00:00.0;0;0;0;0;0;0;0;0;0;1
2019-10-09T18:00:00.0/2019-10-09T19:00:00.0;0;0;0;0;0;0;0;0;0;1
2019-10-09T19:00:00.0/2019-10-09T20:00:00.0;0;0;0;0;0;0;0;0;0;1
2019-10-09T20:00:00.0/2019-10-09T21:00:00.0;0;0;0;0;0;0;0;0;0;1
2019-10-09T21:00:00.0/2019-10-09T22:00:00.0;0;0;0;0;0;0;0;0;0;1
2019-10-09T22:00:00.0/2019-10-09T23:00:00.0;0;0;0;0;0;0;0;0;0;1
2019-10-09T23:00:00.0/2019-10-10T00:00:00.0;0;0;0;0;0;0;0;0;0;1
2019-10-10T00:00:00.0/2019-10-10T01:00:00.0;0;0;0;0;0;0;0;0;0;1
2019-10-10T01:00:00.0/2019-10-10T02:00:00.0;0;0;0;0;0;0;0;0;0;1
2019-10-10T02:00:00.0/2019-10-10T03:00:00.0;0;0;0;0;0;0;0;0;0;1
2019-10-10T03:00:00.0/2019-10-10T04:00:00.0;0;0;0;0;0;0;0;0;0;1
2019-10-10T04:00:00.0/2019-10-10T05:00:00.0;0;0;0;0;0;0;0;0;0;1
2019-10-10T05:00:00.0/2019-10-10T06:00:00.0;25.4099;8.5597;2.2344;6.3253;40.8914;6.4492;0.2765;6.1727;3.9973;1
2019-10-10T06:00:00.0/2019-10-10T07:00:00.0;197.8582;103.0097;57.0788;45.931;369.9026;56.1045;8.571;47.5335;76.284;1
2019-10-10T07:00:00.0/2019-10-10T08:00:00.0;374.044;236.0843;161.6673;74.417;585.2704;84.6867;10.9684;73.7183;36.0586;1
2019-10-10T08:00:00.0/2019-10-10T09:00:00.0;516.1014;353.5251;261.775;91.7501;691.5188;119.9246;11.1916;108.733;32.24;1
2019-10-10T09:00:00.0/2019-10-10T10:00:00.0;614.3233;434.1201;326.3195;107.8006;725.7685;150.3193;0;150.3193;0;1
2019-10-10T10:00:00.0/2019-10-10T11:00:00.0;661.992;468.6744;343.7884;124.886;709.6328;235.2561;31.7279;203.5282;64.8853;1
2019-10-10T11:00:00.0/2019-10-10T12:00:00.0;655.8367;456.774;319.9546;136.8194;666.334;318.576;120.9658;197.6102;251.7549;1
2019-10-10T12:00:00.0/2019-10-10T13:00:00.0;596.2574;400.9393;263.3839;137.5554;602.6935;282.3108;96.9267;185.3842;220.8387;1
2019-10-10T13:00:00.0/2019-10-10T14:00:00.0;487.2969;306.475;181.6447;124.8303;506.5835;217.5837;65.0476;152.5361;182.8122;1
2019-10-10T14:00:00.0/2019-10-10T15:00:00.0;336.3652;184.0419;88.0478;95.9941;349.5057;142.1845;42.4706;99.7138;175.8256;1
2019-10-10T15:00:00.0/2019-10-10T16:00:00.0;153.7338;62.747;18.0217;44.7253;136.7068;54.9481;11.402;43.5461;75.3038;1
2019-10-10T16:00:00.0/2019-10-10T17:00:00.0;7.3777;1.8169;0.0909;1.726;2.5352;0.784;0;0.784;0;1
2019-10-10T17:00:00.0/2019-10-10T18:00:00.0;0;0;0;0;0;0;0;0;0;1
2019-10-10T18:00:00.0/2019-10-10T19:00:00.0;0;0;0;0;0;0;0;0;0;1
2019-10-10T19:00:00.0/2019-10-10T20:00:00.0;0;0;0;0;0;0;0;0;0;1
2019-10-10T20:00:00.0/2019-10-10T21:00:00.0;0;0;0;0;0;0;0;0;0;1
2019-10-10T21:00:00.0/2019-10-10T22:00:00.0;0;0;0;0;0;0;0;0;0;1
2019-10-10T22:00:00.0/2019-10-10T23:00:00.0;0;0;0;0;0;0;0;0;0;1
2019-10-10T23:00:00.0/2019-10-11T00:00:00.0;0;0;0;0;0;0;0;0;0;1
2019-10-11T00:00:00.0/2019-10-11T01:00:00.0;0;0;0;0;0;0;0;0;0;1
2019-10-11T01:00:00.0/2019-10-11T02:00:00.0;0;0;0;0;0;0;0;0;0;1
2019-10-11T02:00:00.0/2019-10-11T03:00:00.0;0;0;0;0;0;0;0;0;0;1
2019-10-11T03:00:00.0/2019-10-11T04:00:00.0;0;0;0;0;0;0;0;0;0;1
2019-10-11T04:00:00.0/2019-10-11T05:00:00.0;0;0;0;0;0;0;0;0;0;1
2019-10-11T05:00:00.0/2019-10-11T06:00:00.0;22.308;6.3796;0.7535;5.6261;14.3773;4.6124;0;4.6124;0;1
2019-10-11T06:00:00.0/2019-10-11T07:00:00.0;191.3032;85.8526;33.0132;52.8394;214.5718;36.7796;0.5765;36.2031;5.8099;1
2019-10-11T07:00:00.0/2019-10-11T08:00:00.0;367.3246;210.6126;116.8892;93.7234;428.8643;24.5409;0;24.5409;0;1
2019-10-11T08:00:00.0/2019-10-11T09:00:00.0;509.176;325.9793;209.0628;116.9165;559.3317;52.9248;0;52.9248;0;1
2019-10-11T09:00:00.0/2019-10-11T10:00:00.0;607.1649;407.3651;275.0687;132.2963;619.0768;113.0913;0;113.0913;0;1
2019-10-11T10:00:00.0/2019-10-11T11:00:00.0;654.5895;444.5021;300.4505;144.0516;627.4943;155.796;0;155.796;0;1
2019-10-11T11:00:00.0/2019-10-11T12:00:00.0;648.1961;435.9005;287.3506;148.5499;605.8926;197.1867;20.7776;176.4091;44.3564;1
2019-10-11T12:00:00.0/2019-10-11T13:00:00.0;588.4011;379.9621;233.5824;146.3797;541.5931;156.8571;15.1763;141.6808;33.6569;1
2019-10-11T13:00:00.0/2019-10-11T14:00:00.0;479.2623;283.3608;151.2585;132.1023;428.4715;111.9716;0;111.9716;0;1
2019-10-11T14:00:00.0/2019-10-11T15:00:00.0;328.2021;163.6925;67.0651;96.6274;271.5359;90.2958;0;90.2958;0;1
2019-10-11T15:00:00.0/2019-10-11T16:00:00.0;145.5007;52.706;11.6999;41.0062;91.2481;37.8463;0;37.8463;0;1
2019-10-11T16:00:00.0/2019-10-11T17:00:00.0;5.3172;1.2077;0.0403;1.1674;1.1903;0.3952;0;0.3952;0;1
2019-10-11T17:00:00.0/2019-10-11T18:00:00.0;0;0;0;0;0;0;0;0;0;1
2019-10-11T18:00:00.0/2019-10-11T19:00:00.0;0;0;0;0;0;0;0;0;0;1
2019-10-11T19:00:00.0/2019-10-11T20:00:00.0;0;0;0;0;0;0;0;0;0;1
2019-10-11T20:00:00.0/2019-10-11T21:00:00.0;0;0;0;0;0;0;0;0;0;1
2019-10-11T21:00:00.0/2019-10-11T22:00:00.0;0;0;0;0;0;0;0;0;0;1
2019-10-11T22:00:00.0/2019-10-11T23:00:00.0;0;0;0;0;0;0;0;0;0;1
2019-10-11T23:00:00.0/2019-10-12T00:00:00.0;0;0;0;0;0;0;0;0;0;1
2019-10-12T00:00:00.0/2019-10-12T01:00:00.0;0;0;0;0;0;0;0;0;0;1
2019-10-12T01:00:00.0/2019-10-12T02:00:00.0;0;0;0;0;0;0;0;0;0;1
2019-10-12T02:00:00.0/2019-10-12T03:00:00.0;0;0;0;0;0;0;0;0;0;1
2019-10-12T03:00:00.0/2019-10-12T04:00:00.0;0;0;0;0;0;0;0;0;0;1
2019-10-12T04:00:00.0/2019-10-12T05:00:00.0;0;0;0;0;0;0;0;0;0;1
2019-10-12T05:00:00.0/2019-10-12T06:00:00.0;19.3773;5.6432;0.8076;4.8356;16.4667;3.9824;0;3.9824;0;1
2019-10-12T06:00:00.0/2019-10-12T07:00:00.0;184.7368;85.7304;38.6107;47.1198;259.941;36.3057;1.197;35.1087;12.5502;1
2019-10-12T07:00:00.0/2019-10-12T08:00:00.0;360.5901;212.8157;134.0661;78.7496;501.7264;48.8921;0;48.8921;0;1
2019-10-12T08:00:00.0/2019-10-12T09:00:00.0;502.2347;329.2148;237.0105;92.2043;643.3244;75.7125;0;75.7125;0;1
2019-10-12T09:00:00.0/2019-10-12T10:00:00.0;599.9927;407.8721;300.0548;107.8173;684.2535;50.2053;0;50.2053;0;1
2019-10-12T10:00:00.0/2019-10-12T11:00:00.0;647.1783;439.313;307.9967;131.3164;651.0879;100.2105;10.2375;89.973;21.4385;1
2019-10-12T11:00:00.0/2019-10-12T12:00:00.0;640.5544;425.8401;279.8482;145.9919;597.3105;173.4029;22.2474;151.1555;47.0017;1
2019-10-12T12:00:00.0/2019-10-12T13:00:00.0;580.5535;373.1434;231.6727;141.4707;545.4144;160.9564;0;160.9564;0;1
2019-10-12T13:00:00.0/2019-10-12T14:00:00.0;471.2475;286.4762;168.1255;118.3507;486.0663;141.9216;0;141.9216;0;1
2019-10-12T14:00:00.0/2019-10-12T15:00:00.0;320.0703;172.0934;87.1639;84.9296;365.3475;75.993;0;75.993;0;1
2019-10-12T15:00:00.0/2019-10-12T16:00:00.0;137.3104;55.6169;18.2145;37.4024;150.6245;38.9874;0;38.9874;0;1
2019-10-12T16:00:00.0/2019-10-12T17:00:00.0;3.6213;0.8528;0.0272;0.8256;0.7826;0.2678;0;0.2678;0;1
2019-10-12T17:00:00.0/2019-10-12T18:00:00.0;0;0;0;0;0;0;0;0;0;1
2019-10-12T18:00:00.0/2019-10-12T19:00:00.0;0;0;0;0;0;0;0;0;0;1
2019-10-12T19:00:00.0/2019-10-12T20:00:00.0;0;0;0;0;0;0;0;0;0;1
2019-10-12T20:00:00.0/2019-10-12T21:00:00.0;0;0;0;0;0;0;0;0;0;1
2019-10-12T21:00:00.0/2019-10-12T22:00:00.0;0;0;0;0;0;0;0;0;0;1
2019-10-12T22:00:00.0/2019-10-12T23:00:00.0;0;0;0;0;0;0;0;0;0;1
2019-10-12T23:00:00.0/2019-10-13T00:00:00.0;0;0;0;0;0;0;0;0;0;1
2019-10-13T00:00:00.0/2019-10-13T01:00:00.0;0;0;0;0;0;0;0;0;0;1
2019-10-13T01:00:00.0/2019-10-13T02:00:00.0;0;0;0;0;0;0;0;0;0;1
2019-10-13T02:00:00.0/2019-10-13T03:00:00.0;0;0;0;0;0;0;0;0;0;1
2019-10-13T03:00:00.0/2019-10-13T04:00:00.0;0;0;0;0;0;0;0;0;0;1
2019-10-13T04:00:00.0/2019-10-13T05:00:00.0;0;0;0;0;0;0;0;0;0;1
2019-10-13T05:00:00.0/2019-10-13T06:00:00.0;16.6468;4.5214;0.4274;4.094;9.2542;3.0257;0;3.0257;0;1
2019-10-13T06:00:00.0/2019-10-13T07:00:00.0;178.1602;75.2133;25.366;49.8473;175.6501;31.7649;0.0068;31.7581;0.0766;1
2019-10-13T07:00:00.0/2019-10-13T08:00:00.0;353.8418;190.1135;91.0414;99.0721;347.2828;22.0334;0;22.0334;0;1
2019-10-13T08:00:00.0/2019-10-13T09:00:00.0;495.2793;296.7471;161.4559;135.2912;444.7413;45.4776;0;45.4776;0;1
2019-10-13T09:00:00.0/2019-10-13T10:00:00.0;592.809;372.3907;212.4757;159.915;490.273;168.6954;11.3221;157.3733;25.1028;1
2019-10-13T10:00:00.0/2019-10-13T11:00:00.0;639.7611;406.4777;232.9181;173.5596;498.2966;286.9962;99.0808;187.9154;211.1622;1
2019-10-13T11:00:00.0/2019-10-13T12:00:00.0;632.9148;395.6645;219.4012;176.2633;474.2681;284.8782;84.094;200.7841;180.0062;1
2019-10-13T12:00:00.0/2019-10-13T13:00:00.0;572.7178;344.6223;182.2786;162.3436;435.1179;124.2135;0;124.2135;0;1
2019-10-13T13:00:00.0/2019-10-13T14:00:00.0;463.2559;259.6868;127.3155;132.3713;374.1432;123.8958;0;123.8958;0;1
2019-10-13T14:00:00.0/2019-10-13T15:00:00.0;311.9735;150.6532;60.4827;90.1705;258.6245;49.9175;0;49.9175;0;1
2019-10-13T15:00:00.0/2019-10-13T16:00:00.0;129.1666;45.7126;10.1941;35.5185;85.7631;24.5427;0;24.5427;0;1
2019-10-13T16:00:00.0/2019-10-13T17:00:00.0;2.2285;0.4813;0.0101;0.4712;0.1439;0.01;0;0.01;0;1
2019-10-13T17:00:00.0/2019-10-13T18:00:00.0;0;0;0;0;0;0;0;0;0;1
2019-10-13T18:00:00.0/2019-10-13T19:00:00.0;0;0;0;0;0;0;0;0;0;1
2019-10-13T19:00:00.0/2019-10-13T20:00:00.0;0;0;0;0;0;0;0;0;0;1
2019-10-13T20:00:00.0/2019-10-13T21:00:00.0;0;0;0;0;0;0;0;0;0;1
2019-10-13T21:00:00.0/2019-10-13T22:00:00.0;0;0;0;0;0;0;0;0;0;1
2019-10-13T22:00:00.0/2019-10-13T23:00:00.0;0;0;0;0;0;0;0;0;0;1
2019-10-13T23:00:00.0/2019-10-14T00:00:00.0;0;0;0;0;0;0;0;0;0;1
2019-10-14T00:00:00.0/2019-10-14T01:00:00.0;0;0;0;0;0;0;0;0;0;1
2019-10-14T01:00:00.0/2019-10-14T02:00:00.0;0;0;0;0;0;0;0;0;0;1
2019-10-14T02:00:00.0/2019-10-14T03:00:00.0;0;0;0;0;0;0;0;0;0;1
2019-10-14T03:00:00.0/2019-10-14T04:00:00.0;0;0;0;0;0;0;0;0;0;1
2019-10-14T04:00:00.0/2019-10-14T05:00:00.0;0;0;0;0;0;0;0;0;0;1
2019-10-14T05:00:00.0/2019-10-14T06:00:00.0;14.1181;4.2406;0.7486;3.492;17.4253;2.8022;0;2.8022;0;1
2019-10-14T06:00:00.0/2019-10-14T07:00:00.0;171.5744;83.7785;43.1225;40.656;313.6396;67.6025;21.4279;46.1746;148.2416;1
2019-10-14T07:00:00.0/2019-10-14T08:00:00.0;347.0814;211.7694;142.0034;69.7659;553.8804;156.9479;53.806;103.1419;220.1198;1
2019-10-14T08:00:00.0/2019-10-14T09:00:00.0;488.3116;326.9405;241.3902;85.5503;675.1409;251.6041;120.3316;131.2724;327.5096;1
2019-10-14T09:00:00.0/2019-10-14T10:00:00.0;585.616;409.681;317.9534;91.7276;742.93;328.9797;173.5752;155.4045;409.21;1
2019-10-14T10:00:00.0/2019-10-14T11:00:00.0;632.3406;450.5404;360.9572;89.5831;781.6233;351.5887;180.8943;170.6945;391.1898;1
2019-10-14T11:00:00.0/2019-10-14T12:00:00.0;625.2802;445.6823;362.5716;83.1107;794.0719;351.6664;199.1233;152.5432;436.6616;1
2019-10-14T12:00:00.0/2019-10-14T13:00:00.0;564.8974;394.9001;317.9308;76.9693;770.1116;354.7639;269.0245;85.7393;652.0239;1
2019-10-14T13:00:00.0/2019-10-14T14:00:00.0;455.291;303.02;233.0452;69.9748;698.6423;273.9005;205.9636;67.9368;619.7799;1
2019-10-14T14:00:00.0/2019-10-14T15:00:00.0;303.9154;181.83;126.0544;55.7756;559.0419;162.9364;111.6961;51.2404;494.0848;1
2019-10-14T15:00:00.0/2019-10-14T16:00:00.0;121.0729;55.0347;27.6621;27.3726;253.1297;46.8849;19.7832;27.1018;160.2759;1
2019-10-14T16:00:00.0/2019-10-14T17:00:00.0;1.2023;0.2837;0.0102;0.2736;0;0.0536;0;0.0536;0;1
2019-10-14T17:00:00.0/2019-10-14T18:00:00.0;0;0;0;0;0;0;0;0;0;1
2019-10-14T18:00:00.0/2019-10-14T19:00:00.0;0;0;0;0;0;0;0;0;0;1
2019-10-14T19:00:00.0/2019-10-14T20:00:00.0;0;0;0;0;0;0;0;0;0;1
2019-10-14T20:00:00.0/2019-10-14T21:00:00.0;0;0;0;0;0;0;0;0;0;1
2019-10-14T21:00:00.0/2019-10-14T22:00:00.0;0;0;0;0;0;0;0;0;0;1
2019-10-14T22:00:00.0/2019-10-14T23:00:00.0;0;0;0;0;0;0;0;0;0;1
2019-10-14T23:00:00.0/2019-10-15T00:00:00.0;0;0;0;0;0;0;0;0;0;1
2019-10-15T00:00:00.0/2019-10-15T01:00:00.0;0;0;0;0;0;0;0;0;0;1
2019-10-15T01:00:00.0/2019-10-15T02:00:00.0;0;0;0;0;0;0;0;0;0;1
2019-10-15T02:00:00.0/2019-10-15T03:00:00.0;0;0;0;0;0;0;0;0;0;1
2019-10-15T03:00:00.0/2019-10-15T04:00:00.0;0;0;0;0;0;0;0;0;0;1
2019-10-15T04:00:00.0/2019-10-15T05:00:00.0;0;0;0;0;0;0;0;0;0;1
2019-10-15T05:00:00.0/2019-10-15T06:00:00.0;11.7927;3.3375;0.4055;2.932;10.1344;2.043;0;2.043;0;1
2019-10-15T06:00:00.0/2019-10-15T07:00:00.0;164.981;76.0563;33.7358;42.3205;250.6814;55.7648;5.7697;49.9951;43.2149;1
2019-10-15T07:00:00.0/2019-10-15T08:00:00.0;340.3104;200.2236;123.1447;77.0789;488.9446;157.2192;60.343;96.8763;231.6331;1
2019-10-15T08:00:00.0/2019-10-15T09:00:00.0;481.3336;314.5231;218.5334;95.9897;620.0563;281.6494;185.3352;96.3142;522.6011;1
2019-10-15T09:00:00.0/2019-10-15T10:00:00.0;578.4162;394.7803;285.2616;109.5187;675.5161;340.3286;212.3169;128.0117;504.0766;1
2019-10-15T10:00:00.0/2019-10-15T11:00:00.0;624.9194;431.1685;309.8688;121.2997;679.4295;349.3016;168.6352;180.6664;370.2621;1
2019-10-15T11:00:00.0/2019-10-15T12:00:00.0;617.6536;421.9975;294.8931;127.1044;654.0005;313.3311;103.8453;209.4858;230.0179;1
2019-10-15T12:00:00.0/2019-10-15T13:00:00.0;557.0956;367.7771;244.1996;123.5775;599.7173;275.1105;97.4208;177.6897;241.9135;1
2019-10-15T13:00:00.0/2019-10-15T14:00:00.0;447.3564;274.4792;165.6846;108.7947;504.4576;250.6928;151.5082;99.1846;464.5478;1
2019-10-15T14:00:00.0/2019-10-15T15:00:00.0;295.8997;155.8346;76.2128;79.6217;343.2055;142.1446;70.3894;71.7552;313.9226;1
2019-10-15T15:00:00.0/2019-10-15T16:00:00.0;113.0332;43.0219;11.9318;31.0901;109.3611;35.8642;5.7674;30.0968;44.2398;1
2019-10-15T16:00:00.0/2019-10-15T17:00:00.0;0.4925;0.1042;0.0018;0.1024;0;0.0012;0;0.0012;0;1
2019-10-15T17:00:00.0/2019-10-15T18:00:00.0;0;0;0;0;0;0;0;0;0;1
2019-10-15T18:00:00.0/2019-10-15T19:00:00.0;0;0;0;0;0;0;0;0;0;1
2019-10-15T19:00:00.0/2019-10-15T20:00:00.0;0;0;0;0;0;0;0;0;0;1
2019-10-15T20:00:00.0/2019-10-15T21:00:00.0;0;0;0;0;0;0;0;0;0;1
2019-10-15T21:00:00.0/2019-10-15T22:00:00.0;0;0;0;0;0;0;0;0;0;1
2019-10-15T22:00:00.0/2019-10-15T23:00:00.0;0;0;0;0;0;0;0;0;0;1
2019-10-15T23:00:00.0/2019-10-16T00:00:00.0;0;0;0;0;0;0;0;0;0;1
2019-10-16T00:00:00.0/2019-10-16T01:00:00.0;0;0;0;0;0;0;0;0;0;1
2019-10-16T01:00:00.0/2019-10-16T02:00:00.0;0;0;0;0;0;0;0;0;0;1
2019-10-16T02:00:00.0/2019-10-16T03:00:00.0;0;0;0;0;0;0;0;0;0;1
2019-10-16T03:00:00.0/2019-10-16T04:00:00.0;0;0;0;0;0;0;0;0;0;1
2019-10-16T04:00:00.0/2019-10-16T05:00:00.0;0;0;0;0;0;0;0;0;0;1
2019-10-16T05:00:00.0/2019-10-16T06:00:00.0;9.672;2.2828;0.0606;2.2222;1.609;1.1713;0;1.1713;0;1
2019-10-16T06:00:00.0/2019-10-16T07:00:00.0;158.381;57.4786;10.6611;46.8176;78.8232;35.0455;0;35.0455;0;1
2019-10-16T07:00:00.0/2019-10-16T08:00:00.0;333.5304;160.76;53.7378;107.0222;215.7574;21.8806;0;21.8806;0;1
2019-10-16T08:00:00.0/2019-10-16T09:00:00.0;474.3474;264.2581;112.5954;151.6627;323.5322;32.318;0;32.318;0;1
2019-10-16T09:00:00.0/2019-10-16T10:00:00.0;571.2118;341.6357;167.1745;174.4612;400.5148;42.7899;0;42.7899;0;1
2019-10-16T10:00:00.0/2019-10-16T11:00:00.0;617.5003;379.3015;202.3693;176.9322;449.2;58.47;0;58.47;0;1
2019-10-16T11:00:00.0/2019-10-16T12:00:00.0;610.0381;372.5042;206.6441;165.86;464.39;78.8802;0;78.8802;0;1
2019-10-16T12:00:00.0/2019-10-16T13:00:00.0;549.3159;325.0587;179.2742;145.7845;446.9854;57.7223;0;57.7223;0;1
2019-10-16T13:00:00.0/2019-10-16T14:00:00.0;439.4557;242.8654;125.2566;117.6088;388.627;53.8812;0;53.8812;0;1
2019-10-16T14:00:00.0/2019-10-16T15:00:00.0;287.9299;136.5873;58.3584;78.2289;270.4326;41.452;0;41.452;0;1
2019-10-16T15:00:00.0/2019-10-16T16:00:00.0;105.051;35.8576;8.7114;27.1462;82.7113;22.8975;0;22.8975;0;1
2019-10-16T16:00:00.0/2019-10-16T17:00:00.0;0.075;0.0145;0.0004;0.0141;0;0;0;0;0;1
2019-10-16T17:00:00.0/2019-10-16T18:00:00.0;0;0;0;0;0;0;0;0;0;1
2019-10-16T18:00:00.0/2019-10-16T19:00:00.0;0;0;0;0;0;0;0;0;0;1
2019-10-16T19:00:00.0/2019-10-16T20:00:00.0;0;0;0;0;0;0;0;0;0;1
2019-10-16T20:00:00.0/2019-10-16T21:00:00.0;0;0;0;0;0;0;0;0;0;1
2019-10-16T21:00:00.0/2019-10-16T22:00:00.0;0;0;0;0;0;0;0;0;0;1
2019-10-16T22:00:00.0/2019-10-16T23:00:00.0;0;0;0;0;0;0;0;0;0;1
2019-10-16T23:00:00.0/2019-10-17T00:00:00.0;0;0;0;0;0;0;0;0;0;1
2019-10-17T00:00:00.0/2019-10-17T01:00:00.0;0;0;0;0;0;0;0;0;0;1
2019-10-17T01:00:00.0/2019-10-17T02:00:00.0;0;0;0;0;0;0;0;0;0;1
2019-10-17T02:00:00.0/2019-10-17T03:00:00.0;0;0;0;0;0;0;0;0;0;1
2019-10-17T03:00:00.0/2019-10-17T04:00:00.0;0;0;0;0;0;0;0;0;0;1
2019-10-17T04:00:00.0/2019-10-17T05:00:00.0;0;0;0;0;0;0;0;0;0;1
2019-10-17T05:00:00.0/2019-10-17T06:00:00.0;7.7575;2.0515;0.242;1.8095;7.245;1.0268;0;1.0268;0;1
2019-10-17T06:00:00.0/2019-10-17T07:00:00.0;151.7759;68.8279;33.7759;35.052;269.4587;41.5225;5.5942;35.9283;53.7252;1
2019-10-17T07:00:00.0/2019-10-17T08:00:00.0;326.7431;190.4619;126.5019;63.96;523.8047;36.2508;0;36.2508;0;1
2019-10-17T08:00:00.0/2019-10-17T09:00:00.0;467.3549;302.1015;223.9105;78.191;655.1269;76.0968;0;76.0968;0;1
2019-10-17T09:00:00.0/2019-10-17T10:00:00.0;564.0054;381.4636;295.1411;86.3225;717.4257;157.5045;2.7668;154.7377;6.4058;1
2019-10-17T10:00:00.0/2019-10-17T11:00:00.0;610.0862;419.0215;327.4474;91.5741;736.2084;196.0484;1.4525;194.5959;3.3307;1
2019-10-17T11:00:00.0/2019-10-17T12:00:00.0;602.437;411.8501;319.3688;92.4813;727.0794;160.547;0;160.547;0;1
2019-10-17T12:00:00.0/2019-10-17T13:00:00.0;541.5615;359.6499;268.8527;90.7971;680.0237;151.2097;0.9097;150.3;2.4945;1
2019-10-17T13:00:00.0/2019-10-17T14:00:00.0;431.5925;267.7655;183.9909;83.7746;581.5132;136.7193;3.6545;133.0648;10.6606;1
2019-10-17T14:00:00.0/2019-10-17T15:00:00.0;280.0098;149.6054;85.4444;64.161;407.0886;56.133;0;56.133;0;1
2019-10-17T15:00:00.0/2019-10-17T16:00:00.0;97.1303;37.0982;12.7406;24.3576;127.6332;25.6619;0.3062;25.3557;3.3891;1
2019-10-17T16:00:00.0/2019-10-17T17:00:00.0;0;0;0;0;0;0;0;0;0;1
2019-10-17T17:00:00.0/2019-10-17T18:00:00.0;0;0;0;0;0;0;0;0;0;1
2019-10-17T18:00:00.0/2019-10-17T19:00:00.0;0;0;0;0;0;0;0;0;0;1
2019-10-17T19:00:00.0/2019-10-17T20:00:00.0;0;0;0;0;0;0;0;0;0;1
2019-10-17T20:00:00.0/2019-10-17T21:00:00.0;0;0;0;0;0;0;0;0;0;1
2019-10-17T21:00:00.0/2019-10-17T22:00:00.0;0;0;0;0;0;0;0;0;0;1
2019-10-17T22:00:00.0/2019-10-17T23:00:00.0;0;0;0;0;0;0;0;0;0;1
2019-10-17T23:00:00.0/2019-10-18T00:00:00.0;0;0;0;0;0;0;0;0;0;1
2019-10-18T00:00:00.0/2019-10-18T01:00:00.0;0;0;0;0;0;0;0;0;0;1
2019-10-18T01:00:00.0/2019-10-18T02:00:00.0;0;0;0;0;0;0;0;0;0;1
2019-10-18T02:00:00.0/2019-10-18T03:00:00.0;0;0;0;0;0;0;0;0;0;1
2019-10-18T03:00:00.0/2019-10-18T04:00:00.0;0;0;0;0;0;0;0;0;0;1
2019-10-18T04:00:00.0/2019-10-18T05:00:00.0;0;0;0;0;0;0;0;0;0;1
2019-10-18T05:00:00.0/2019-10-18T06:00:00.0;6.0504;1.4895;0.0784;1.4111;2.5159;0.6286;0;0.6286;0;1
2019-10-18T06:00:00.0/2019-10-18T07:00:00.0;145.1669;61.1307;22.9713;38.1594;184.6852;36.2888;1.564;34.7248;15.6024;1
2019-10-18T07:00:00.0/2019-10-18T08:00:00.0;319.9502;179.9498;104.5078;75.442;439.9043;37.997;0;37.997;0;1
2019-10-18T08:00:00.0/2019-10-18T09:00:00.0;460.3582;293.7562;200.6069;93.1492;595.4976;73.5247;0;73.5247;0;1
2019-10-18T09:00:00.0/2019-10-18T10:00:00.0;556.7993;374.5278;270.6996;103.8282;666.9096;174.7715;0.8941;173.8774;2.1489;1
2019-10-18T10:00:00.0/2019-10-18T11:00:00.0;602.6796;411.4081;298.6851;112.723;680.1888;188.7397;3.1557;185.584;7.1217;1
2019-10-18T11:00:00.0/2019-10-18T12:00:00.0;594.8531;402.9398;287.219;115.7208;662.5292;268.8661;64.953;203.9131;149.9369;1
2019-10-18T12:00:00.0/2019-10-18T13:00:00.0;533.8356;352.4596;245.7269;106.7326;631.3693;208.9723;34.2594;174.7128;85.3081;1
2019-10-18T13:00:00.0/2019-10-18T14:00:00.0;423.77;265.49;179.1121;86.378;578.0233;112.8401;0;112.8401;0;1
2019-10-18T14:00:00.0/2019-10-18T15:00:00.0;272.1428;151.1213;91.5886;59.5327;452.4903;83.1576;0.8323;82.3252;5.7616;1
2019-10-18T15:00:00.0/2019-10-18T16:00:00.0;89.4974;36.0478;14.2729;21.7749;148.4557;26.6045;2.4998;24.1047;23.9988;1
2019-10-18T16:00:00.0/2019-10-18T17:00:00.0;0;0;0;0;0;0;0;0;0;1
2019-10-18T17:00:00.0/2019-10-18T18:00:00.0;0;0;0;0;0;0;0;0;0;1
2019-10-18T18:00:00.0/2019-10-18T19:00:00.0;0;0;0;0;0;0;0;0;0;1
2019-10-18T19:00:00.0/2019-10-18T20:00:00.0;0;0;0;0;0;0;0;0;0;1
2019-10-18T20:00:00.0/2019-10-18T21:00:00.0;0;0;0;0;0;0;0;0;0;1
2019-10-18T21:00:00.0/2019-10-18T22:00:00.0;0;0;0;0;0;0;0;0;0;1
2019-10-18T22:00:00.0/2019-10-18T23:00:00.0;0;0;0;0;0;0;0;0;0;1
2019-10-18T23:00:00.0/2019-10-19T00:00:00.0;0;0;0;0;0;0;0;0;0;1
2019-10-19T00:00:00.0/2019-10-19T01:00:00.0;0;0;0;0;0;0;0;0;0;1
2019-10-19T01:00:00.0/2019-10-19T02:00:00.0;0;0;0;0;0;0;0;0;0;1
2019-10-19T02:00:00.0/2019-10-19T03:00:00.0;0;0;0;0;0;0;0;0;0;1
2019-10-19T03:00:00.0/2019-10-19T04:00:00.0;0;0;0;0;0;0;0;0;0;1
2019-10-19T04:00:00.0/2019-10-19T05:00:00.0;0;0;0;0;0;0;0;0;0;1
2019-10-19T05:00:00.0/2019-10-19T06:00:00.0;4.552;1.2258;0.1152;1.1106;3.7264;0.5215;0;0.5215;0;1
2019-10-19T06:00:00.0/2019-10-19T07:00:00.0;138.556;64.551;30.0166;34.5344;257.9145;41.6329;5.9252;35.7077;57.2908;1
2019-10-19T07:00:00.0/2019-10-19T08:00:00.0;313.1539;186.0138;115.5568;70.457;500.0592;32.3202;0;32.3202;0;1
2019-10-19T08:00:00.0/2019-10-19T09:00:00.0;453.3598;296.4273;201.5019;94.9255;608.7712;66.1104;0.3415;65.7689;0.9231;1
2019-10-19T09:00:00.0/2019-10-19T10:00:00.0;549.5964;374.9621;264.9695;109.9926;661.613;268.9518;110.2354;158.7164;273.5012;1
2019-10-19T10:00:00.0/2019-10-19T11:00:00.0;595.2841;411.8023;296.5223;115.28;684.005;301.0253;98.995;202.0303;228.0722;1
2019-10-19T11:00:00.0/2019-10-19T12:00:00.0;587.2902;402.6589;288.9052;113.7538;675.4178;361.1441;238.6401;122.504;559.5848;1
2019-10-19T12:00:00.0/2019-10-19T13:00:00.0;526.1424;349.0638;242.5002;106.5635;632.066;280.8107;135.1118;145.6989;345.8534;1
2019-10-19T13:00:00.0/2019-10-19T14:00:00.0;415.9926;257.0607;165.1638;91.8969;542.0553;177.2562;32.3759;144.8803;105.1701;1
2019-10-19T14:00:00.0/2019-10-19T15:00:00.0;264.3331;139.9744;74.7454;65.2289;376.6795;111.5382;36.3929;75.1453;195.772;1
2019-10-19T15:00:00.0/2019-10-19T16:00:00.0;82.2044;31.1264;9.9109;21.2155;108.6237;25.6633;4.648;21.0153;42.3806;1
2019-10-19T16:00:00.0/2019-10-19T17:00:00.0;0;0;0;0;0;0;0;0;0;1
2019-10-19T17:00:00.0/2019-10-19T18:00:00.0;0;0;0;0;0;0;0;0;0;1
2019-10-19T18:00:00.0/2019-10-19T19:00:00.0;0;0;0;0;0;0;0;0;0;1
2019-10-19T19:00:00.0/2019-10-19T20:00:00.0;0;0;0;0;0;0;0;0;0;1
2019-10-19T20:00:00.0/2019-10-19T21:00:00.0;0;0;0;0;0;0;0;0;0;1
2019-10-19T21:00:00.0/2019-10-19T22:00:00.0;0;0;0;0;0;0;0;0;0;1
2019-10-19T22:00:00.0/2019-10-19T23:00:00.0;0;0;0;0;0;0;0;0;0;1
2019-10-19T23:00:00.0/2019-10-20T00:00:00.0;0;0;0;0;0;0;0;0;0;1
2019-10-20T00:00:00.0/2019-10-20T01:00:00.0;0;0;0;0;0;0;0;0;0;1
2019-10-20T01:00:00.0/2019-10-20T02:00:00.0;0;0;0;0;0;0;0;0;0;1
2019-10-20T02:00:00.0/2019-10-20T03:00:00.0;0;0;0;0;0;0;0;0;0;1
2019-10-20T03:00:00.0/2019-10-20T04:00:00.0;0;0;0;0;0;0;0;0;0;1
2019-10-20T04:00:00.0/2019-10-20T05:00:00.0;0;0;0;0;0;0;0;0;0;1
2019-10-20T05:00:00.0/2019-10-20T06:00:00.0;3.2636;0.7845;0.0394;0.7451;1.305;0.2875;0;0.2875;0;1
2019-10-20T06:00:00.0/2019-10-20T07:00:00.0;131.9446;56.9554;25.043;31.9123;219.4897;33.0225;2.1241;30.8984;23.0715;1
2019-10-20T07:00:00.0/2019-10-20T08:00:00.0;306.356;174.3466;109.3629;64.9837;482.3514;22.7531;0;22.7531;0;1
2019-10-20T08:00:00.0/2019-10-20T09:00:00.0;446.362;284.6566;202.2932;82.3634;620.4707;63.4156;0;63.4156;0;1
2019-10-20T09:00:00.0/2019-10-20T10:00:00.0;542.3993;359.7183;261.9083;97.8101;663.5147;74.2483;0;74.2483;0;1
2019-10-20T10:00:00.0/2019-10-20T11:00:00.0;587.9024;389.394;274.0215;115.3726;640.5097;150.298;0;150.298;0;1
2019-10-20T11:00:00.0/2019-10-20T12:00:00.0;579.7514;374.7027;248.8521;125.8505;589.4574;111.4311;0;111.4311;0;1
2019-10-20T12:00:00.0/2019-10-20T13:00:00.0;518.485;321.1812;200.8954;120.2859;531.6273;146.0025;0;146.0025;0;1
2019-10-20T13:00:00.0/2019-10-20T14:00:00.0;408.2635;234.5437;134.8447;99.699;450.8337;86.7696;0;86.7696;0;1
2019-10-20T14:00:00.0/2019-10-20T15:00:00.0;256.5842;124.5648;57.6243;66.9405;297.5262;72.0053;1.0481;70.9572;4.6867;1
2019-10-20T15:00:00.0/2019-10-20T16:00:00.0;75.305;25.6312;6.189;19.4422;69.1725;16.378;0;16.378;0;1
2019-10-20T16:00:00.0/2019-10-20T17:00:00.0;0;0;0;0;0;0;0;0;0;1
2019-10-20T17:00:00.0/2019-10-20T18:00:00.0;0;0;0;0;0;0;0;0;0;1
2019-10-20T18:00:00.0/2019-10-20T19:00:00.0;0;0;0;0;0;0;0;0;0;1
2019-10-20T19:00:00.0/2019-10-20T20:00:00.0;0;0;0;0;0;0;0;0;0;1
2019-10-20T20:00:00.0/2019-10-20T21:00:00.0;0;0;0;0;0;0;0;0;0;1
2019-10-20T21:00:00.0/2019-10-20T22:00:00.0;0;0;0;0;0;0;0;0;0;1
2019-10-20T22:00:00.0/2019-10-20T23:00:00.0;0;0;0;0;0;0;0;0;0;1
2019-10-20T23:00:00.0/2019-10-21T00:00:00.0;0;0;0;0;0;0;0;0;0;1
2019-10-21T00:00:00.0/2019-10-21T01:00:00.0;0;0;0;0;0;0;0;0;0;1
2019-10-21T01:00:00.0/2019-10-21T02:00:00.0;0;0;0;0;0;0;0;0;0;1
2019-10-21T02:00:00.0/2019-10-21T03:00:00.0;0;0;0;0;0;0;0;0;0;1
2019-10-21T03:00:00.0/2019-10-21T04:00:00.0;0;0;0;0;0;0;0;0;0;1
2019-10-21T04:00:00.0/2019-10-21T05:00:00.0;0;0;0;0;0;0;0;0;0;1
2019-10-21T05:00:00.0/2019-10-21T06:00:00.0;2.186;0.4636;0.006;0.4576;0.0975;0.1108;0;0.1108;0;1
2019-10-21T06:00:00.0/2019-10-21T07:00:00.0;125.3344;43.3348;8.4887;34.8461;73.5242;24.7682;0;24.7682;0;1
2019-10-21T07:00:00.0/2019-10-21T08:00:00.0;299.5585;142.5192;53.7936;88.7256;239.8909;47.8855;0;47.8855;0;1
2019-10-21T08:00:00.0/2019-10-21T09:00:00.0;439.3671;245.1222;119.2757;125.8465;370.808;67.6302;0;67.6302;0;1
2019-10-21T09:00:00.0/2019-10-21T10:00:00.0;535.2108;327.033;186.2861;140.747;477.2154;92.5177;0;92.5177;0;1
2019-10-21T10:00:00.0/2019-10-21T11:00:00.0;580.5376;376.2913;245.8949;130.3964;582.0368;167.5375;0.8803;166.6572;2.0661;1
2019-10-21T11:00:00.0/2019-10-21T12:00:00.0;572.24;382.5278;277.8815;104.6463;667.983;172.7896;0.133;172.6565;0.3124;1
2019-10-21T12:00:00.0/2019-10-21T13:00:00.0;510.8671;338.0991;251.891;86.208;676.9745;134.7336;0;134.7336;0;1
2019-10-21T13:00:00.0/2019-10-21T14:00:00.0;400.5863;248.1696;172.3998;75.7698;588.3683;80.9366;0;80.9366;0;1
2019-10-21T14:00:00.0/2019-10-21T15:00:00.0;248.8996;132.8069;78.0221;54.7847;417.7678;70.313;0;70.313;0;1
2019-10-21T15:00:00.0/2019-10-21T16:00:00.0;68.7575;26.1801;9.4322;16.748;113.5236;18.2185;0;18.2185;0;1
2019-10-21T16:00:00.0/2019-10-21T17:00:00.0;0;0;0;0;0;0;0;0;0;1
2019-10-21T17:00:00.0/2019-10-21T18:00:00.0;0;0;0;0;0;0;0;0;0;1
2019-10-21T18:00:00.0/2019-10-21T19:00:00.0;0;0;0;0;0;0;0;0;0;1
2019-10-21T19:00:00.0/2019-10-21T20:00:00.0;0;0;0;0;0;0;0;0;0;1
2019-10-21T20:00:00.0/2019-10-21T21:00:00.0;0;0;0;0;0;0;0;0;0;1
2019-10-21T21:00:00.0/2019-10-21T22:00:00.0;0;0;0;0;0;0;0;0;0;1
2019-10-21T22:00:00.0/2019-10-21T23:00:00.0;0;0;0;0;0;0;0;0;0;1
2019-10-21T23:00:00.0/2019-10-22T00:00:00.0;0;0;0;0;0;0;0;0;0;1
2019-10-22T00:00:00.0/2019-10-22T01:00:00.0;0;0;0;0;0;0;0;0;0;1
2019-10-22T01:00:00.0/2019-10-22T02:00:00.0;0;0;0;0;0;0;0;0;0;1
2019-10-22T02:00:00.0/2019-10-22T03:00:00.0;0;0;0;0;0;0;0;0;0;1
2019-10-22T03:00:00.0/2019-10-22T04:00:00.0;0;0;0;0;0;0;0;0;0;1
2019-10-22T04:00:00.0/2019-10-22T05:00:00.0;0;0;0;0;0;0;0;0;0;1
2019-10-22T05:00:00.0/2019-10-22T06:00:00.0;1.3203;0.2996;0.0031;0.2965;0;0.0651;0;0.0651;0;1
2019-10-22T06:00:00.0/2019-10-22T07:00:00.0;118.7274;49.0926;18.4305;30.6621;170.5916;42.3515;12.191;30.1605;98.2742;1
2019-10-22T07:00:00.0/2019-10-22T08:00:00.0;292.7637;162.6873;94.2994;68.3879;434.026;145.6228;83.8135;61.8093;386.0519;1
2019-10-22T08:00:00.0/2019-10-22T09:00:00.0;432.3778;272.3423;184.2575;88.0848;583.6393;243.4539;161.3142;82.1398;514.3234;1
2019-10-22T09:00:00.0/2019-10-22T10:00:00.0;528.0338;352.8643;255.7054;97.1589;665.4041;294.9158;182.5715;112.3443;474.2163;1
2019-10-22T10:00:00.0/2019-10-22T11:00:00.0;573.1929;393.878;294.3918;99.4862;706.3765;361.6024;265.6754;95.927;637.1158;1
2019-10-22T11:00:00.0/2019-10-22T12:00:00.0;564.7594;389.8444;293.6309;96.2134;715.1188;323.907;192.7661;131.141;468.885;1
2019-10-22T12:00:00.0/2019-10-22T13:00:00.0;503.292;338.1545;247.0805;91.074;674.1699;235.0815;83.4442;151.6373;224.9653;1
2019-10-22T13:00:00.0/2019-10-22T14:00:00.0;392.9648;244.736;163.3358;81.4002;567.8007;167.9772;41.8202;126.157;140.653;1
2019-10-22T14:00:00.0/2019-10-22T15:00:00.0;241.283;126.7569;68.4329;58.324;375.3241;89.5661;12.6826;76.8836;75.2679;1
2019-10-22T15:00:00.0/2019-10-22T16:00:00.0;62.5576;22.952;6.848;16.104;85.682;16.4878;0.5768;15.911;5.4302;1
2019-10-22T16:00:00.0/2019-10-22T17:00:00.0;0;0;0;0;0;0;0;0;0;1
2019-10-22T17:00:00.0/2019-10-22T18:00:00.0;0;0;0;0;0;0;0;0;0;1
2019-10-22T18:00:00.0/2019-10-22T19:00:00.0;0;0;0;0;0;0;0;0;0;1
2019-10-22T19:00:00.0/2019-10-22T20:00:00.0;0;0;0;0;0;0;0;0;0;1
2019-10-22T20:00:00.0/2019-10-22T21:00:00.0;0;0;0;0;0;0;0;0;0;1
2019-10-22T21:00:00.0/2019-10-22T22:00:00.0;0;0;0;0;0;0;0;0;0;1
2019-10-22T22:00:00.0/2019-10-22T23:00:00.0;0;0;0;0;0;0;0;0;0;1
2019-10-22T23:00:00.0/2019-10-23T00:00:00.0;0;0;0;0;0;0;0;0;0;1
2019-10-23T00:00:00.0/2019-10-23T01:00:00.0;0;0;0;0;0;0;0;0;0;1
2019-10-23T01:00:00.0/2019-10-23T02:00:00.0;0;0;0;0;0;0;0;0;0;1
2019-10-23T02:00:00.0/2019-10-23T03:00:00.0;0;0;0;0;0;0;0;0;0;1
2019-10-23T03:00:00.0/2019-10-23T04:00:00.0;0;0;0;0;0;0;0;0;0;1
2019-10-23T04:00:00.0/2019-10-23T05:00:00.0;0;0;0;0;0;0;0;0;0;1
2019-10-23T05:00:00.0/2019-10-23T06:00:00.0;0.6961;0.1568;0.003;0.1538;0;0.0158;0;0.0158;0;1
2019-10-23T06:00:00.0/2019-10-23T07:00:00.0;112.1256;46.0418;16.4784;29.5634;158.0054;33.5099;4.7052;28.8047;44.3069;1
2019-10-23T07:00:00.0/2019-10-23T08:00:00.0;285.974;157.0143;86.7877;70.2266;409.0822;41.9762;0;41.9762;0;1
2019-10-23T08:00:00.0/2019-10-23T09:00:00.0;425.3966;264.0941;169.282;94.8121;545.4003;53.7549;0;53.7549;0;1
2019-10-23T09:00:00.0/2019-10-23T10:00:00.0;520.8711;338.1455;224.1561;113.9894;592.1941;103.4095;0;103.4095;0;1
2019-10-23T10:00:00.0/2019-10-23T11:00:00.0;565.8715;368.7148;239.3199;129.3949;582.1025;173.5316;6.5776;166.954;15.8531;1
2019-10-23T11:00:00.0/2019-10-23T12:00:00.0;557.3131;354.7297;218.3015;136.4283;538.754;226.7733;41.9696;184.8037;103.4686;1
2019-10-23T12:00:00.0/2019-10-23T13:00:00.0;495.7634;301.8763;174.4877;127.3886;483.6517;218.0833;70.7858;147.2975;198.5754;1
2019-10-23T13:00:00.0/2019-10-23T14:00:00.0;385.4025;216.6641;114.6169;102.0472;406.1976;173.8112;71.3612;102.45;255.3647;1
2019-10-23T14:00:00.0/2019-10-23T15:00:00.0;233.7379;109.8336;45.4334;64.4002;255.6209;86.5356;16.5264;70.0092;84.2285;1
2019-10-23T15:00:00.0/2019-10-23T16:00:00.0;56.6841;18.6458;3.6548;14.991;46.9875;13.202;0;13.202;0;1
2019-10-23T16:00:00.0/2019-10-23T17:00:00.0;0;0;0;0;0;0;0;0;0;1
2019-10-23T17:00:00.0/2019-10-23T18:00:00.0;0;0;0;0;0;0;0;0;0;1
2019-10-23T18:00:00.0/2019-10-23T19:00:00.0;0;0;0;0;0;0;0;0;0;1
2019-10-23T19:00:00.0/2019-10-23T20:00:00.0;0;0;0;0;0;0;0;0;0;1
2019-10-23T20:00:00.0/2019-10-23T21:00:00.0;0;0;0;0;0;0;0;0;0;1
2019-10-23T21:00:00.0/2019-10-23T22:00:00.0;0;0;0;0;0;0;0;0;0;1
2019-10-23T22:00:00.0/2019-10-23T23:00:00.0;0;0;0;0;0;0;0;0;0;1
2019-10-23T23:00:00.0/2019-10-24T00:00:00.0;0;0;0;0;0;0;0;0;0;1
2019-10-24T00:00:00.0/2019-10-24T01:00:00.0;0;0;0;0;0;0;0;0;0;1
2019-10-24T01:00:00.0/2019-10-24T02:00:00.0;0;0;0;0;0;0;0;0;0;1
2019-10-24T02:00:00.0/2019-10-24T03:00:00.0;0;0;0;0;0;0;0;0;0;1
2019-10-24T03:00:00.0/2019-10-24T04:00:00.0;0;0;0;0;0;0;0;0;0;1
2019-10-24T04:00:00.0/2019-10-24T05:00:00.0;0;0;0;0;0;0;0;0;0;1
2019-10-24T05:00:00.0/2019-10-24T06:00:00.0;0.2579;0.0521;0.0007;0.0514;0;0;0;0;0;1
2019-10-24T06:00:00.0/2019-10-24T07:00:00.0;105.531;36.8734;6.9823;29.8912;67.3154;26.4723;0.058;26.4143;0.5587;1
2019-10-24T07:00:00.0/2019-10-24T08:00:00.0;279.1917;133.048;47.9632;85.0848;229.7256;25.2273;0;25.2273;0;1
2019-10-24T08:00:00.0/2019-10-24T09:00:00.0;418.4264;232.0062;104.3382;127.668;341.4109;37.2063;0;37.2063;0;1
2019-10-24T09:00:00.0/2019-10-24T10:00:00.0;513.726;305.7244;150.46;155.2644;402.7707;60.3683;0;60.3683;0;1
2019-10-24T10:00:00.0/2019-10-24T11:00:00.0;558.5766;341.0978;173.174;167.9238;426.8772;48.5594;0;48.5594;0;1
2019-10-24T11:00:00.0/2019-10-24T12:00:00.0;549.9045;332.4667;165.501;166.9657;414.2538;61.3008;0;61.3008;0;1
2019-10-24T12:00:00.0/2019-10-24T13:00:00.0;488.285;282.7725;132.8471;149.9254;373.881;44.4006;0;44.4006;0;1
2019-10-24T13:00:00.0/2019-10-24T14:00:00.0;377.9031;199.4096;82.6645;116.745;298.2281;83.6791;0;83.6791;0;1
2019-10-24T14:00:00.0/2019-10-24T15:00:00.0;226.2681;97.8399;29.0626;68.7774;166.9802;59.8043;0;59.8043;0;1
2019-10-24T15:00:00.0/2019-10-24T16:00:00.0;51.1772;15.4956;1.7754;13.7202;23.8344;10.9545;0;10.9545;0;1
2019-10-24T16:00:00.0/2019-10-24T17:00:00.0;0;0;0;0;0;0;0;0;0;1
2019-10-24T17:00:00.0/2019-10-24T18:00:00.0;0;0;0;0;0;0;0;0;0;1
2019-10-24T18:00:00.0/2019-10-24T19:00:00.0;0;0;0;0;0;0;0;0;0;1
2019-10-24T19:00:00.0/2019-10-24T20:00:00.0;0;0;0;0;0;0;0;0;0;1
2019-10-24T20:00:00.0/2019-10-24T21:00:00.0;0;0;0;0;0;0;0;0;0;1
2019-10-24T21:00:00.0/2019-10-24T22:00:00.0;0;0;0;0;0;0;0;0;0;1
2019-10-24T22:00:00.0/2019-10-24T23:00:00.0;0;0;0;0;0;0;0;0;0;1
2019-10-24T23:00:00.0/2019-10-25T00:00:00.0;0;0;0;0;0;0;0;0;0;1
2019-10-25T00:00:00.0/2019-10-25T01:00:00.0;0;0;0;0;0;0;0;0;0;1
2019-10-25T01:00:00.0/2019-10-25T02:00:00.0;0;0;0;0;0;0;0;0;0;1
2019-10-25T02:00:00.0/2019-10-25T03:00:00.0;0;0;0;0;0;0;0;0;0;1
2019-10-25T03:00:00.0/2019-10-25T04:00:00.0;0;0;0;0;0;0;0;0;0;1
2019-10-25T04:00:00.0/2019-10-25T05:00:00.0;0;0;0;0;0;0;0;0;0;1
2019-10-25T05:00:00.0/2019-10-25T06:00:00.0;0.0327;0.0072;0.0015;0.0057;0;0;0;0;0;1
2019-10-25T06:00:00.0/2019-10-25T07:00:00.0;98.9459;37.3171;10.8829;26.4341;109.9474;26.5278;1.3651;25.1627;13.7491;1
2019-10-25T07:00:00.0/2019-10-25T08:00:00.0;272.4194;140.8312;69.2199;71.6113;341.2575;30.8062;0;30.8062;0;1
2019-10-25T08:00:00.0/2019-10-25T09:00:00.0;411.4699;244.472;142.5648;101.9073;475.0831;80.0747;0;80.0747;0;1
2019-10-25T09:00:00.0/2019-10-25T10:00:00.0;506.6013;321.1168;201.5204;119.5964;547.3734;87.5332;0;87.5332;0;1
2019-10-25T10:00:00.0/2019-10-25T11:00:00.0;551.3118;359.3997;233.1942;126.2055;582.6915;164.8462;3.1289;161.7173;7.7475;1
2019-10-25T11:00:00.0/2019-10-25T12:00:00.0;542.5372;353.1525;228.8037;124.3487;580.9142;228.5676;30.3516;198.216;77.6395;1
2019-10-25T12:00:00.0/2019-10-25T13:00:00.0;480.8603;303.5334;191.0766;112.4569;546.7141;210.5422;42.2818;168.2604;120.3519;1
2019-10-25T13:00:00.0/2019-10-25T14:00:00.0;370.4702;217.1935;127.4656;89.7278;470.8755;151.3549;25.2893;126.0656;93.5426;1
2019-10-25T14:00:00.0/2019-10-25T15:00:00.0;218.8768;108.2912;52.1065;56.1847;314.0336;84.5212;18.0376;66.4836;113.0905;1
2019-10-25T15:00:00.0/2019-10-25T16:00:00.0;46.0015;15.8064;3.9041;11.9023;56.0072;12.239;0.513;11.726;5.8522;1
2019-10-25T16:00:00.0/2019-10-25T17:00:00.0;0;0;0;0;0;0;0;0;0;1
2019-10-25T17:00:00.0/2019-10-25T18:00:00.0;0;0;0;0;0;0;0;0;0;1
2019-10-25T18:00:00.0/2019-10-25T19:00:00.0;0;0;0;0;0;0;0;0;0;1
2019-10-25T19:00:00.0/2019-10-25T20:00:00.0;0;0;0;0;0;0;0;0;0;1
2019-10-25T20:00:00.0/2019-10-25T21:00:00.0;0;0;0;0;0;0;0;0;0;1
2019-10-25T21:00:00.0/2019-10-25T22:00:00.0;0;0;0;0;0;0;0;0;0;1
2019-10-25T22:00:00.0/2019-10-25T23:00:00.0;0;0;0;0;0;0;0;0;0;1
2019-10-25T23:00:00.0/2019-10-26T00:00:00.0;0;0;0;0;0;0;0;0;0;1
2019-10-26T00:00:00.0/2019-10-26T01:00:00.0;0;0;0;0;0;0;0;0;0;1
2019-10-26T01:00:00.0/2019-10-26T02:00:00.0;0;0;0;0;0;0;0;0;0;1
2019-10-26T02:00:00.0/2019-10-26T03:00:00.0;0;0;0;0;0;0;0;0;0;1
2019-10-26T03:00:00.0/2019-10-26T04:00:00.0;0;0;0;0;0;0;0;0;0;1
2019-10-26T04:00:00.0/2019-10-26T05:00:00.0;0;0;0;0;0;0;0;0;0;1
2019-10-26T05:00:00.0/2019-10-26T06:00:00.0;0;0;0;0;0;0;0;0;0;1
2019-10-26T06:00:00.0/2019-10-26T07:00:00.0;92.3931;36.3311;13.0091;23.322;137.1672;29.6751;5.3609;24.3143;50.0855;1
2019-10-26T07:00:00.0/2019-10-26T08:00:00.0;265.6597;143.5436;83.1318;60.4119;420.7;111.1985;35.4616;75.7369;185.9289;1
2019-10-26T08:00:00.0/2019-10-26T09:00:00.0;404.5302;250.2056;170.9056;79.3;579.5737;173.7115;35.3932;138.3183;120.1629;1
2019-10-26T09:00:00.0/2019-10-26T10:00:00.0;499.5005;327.6339;239.1277;88.5063;659.2839;240.4151;80.1321;160.283;220.2273;1
2019-10-26T10:00:00.0/2019-10-26T11:00:00.0;544.0803;365.1764;272.9205;92.2559;691.4027;264.9154;84.3814;180.5341;213.7231;1
2019-10-26T11:00:00.0/2019-10-26T12:00:00.0;535.2147;358.9268;268.0431;90.8837;690.2555;279.4905;122.8047;156.6858;316.5458;1
2019-10-26T12:00:00.0/2019-10-26T13:00:00.0;473.4929;309.9647;224.6447;85.32;653.1055;245.7216;115.1562;130.5654;334.1266;1
2019-10-26T13:00:00.0/2019-10-26T14:00:00.0;363.1073;223.1907;149.5941;73.5967;564.115;171.0609;63.2861;107.7748;239.7894;1
2019-10-26T14:00:00.0/2019-10-26T15:00:00.0;211.5678;110.929;60.8346;50.0945;379.1862;95.0181;44.799;50.2191;282.6069;1
2019-10-26T15:00:00.0/2019-10-26T16:00:00.0;41.151;14.9795;4.3212;10.6583;65.9412;11.6184;1.176;10.4424;14.5363;1
2019-10-26T16:00:00.0/2019-10-26T17:00:00.0;0;0;0;0;0;0;0;0;0;1
2019-10-26T17:00:00.0/2019-10-26T18:00:00.0;0;0;0;0;0;0;0;0;0;1
2019-10-26T18:00:00.0/2019-10-26T19:00:00.0;0;0;0;0;0;0;0;0;0;1
2019-10-26T19:00:00.0/2019-10-26T20:00:00.0;0;0;0;0;0;0;0;0;0;1
2019-10-26T20:00:00.0/2019-10-26T21:00:00.0;0;0;0;0;0;0;0;0;0;1
2019-10-26T21:00:00.0/2019-10-26T22:00:00.0;0;0;0;0;0;0;0;0;0;1
2019-10-26T22:00:00.0/2019-10-26T23:00:00.0;0;0;0;0;0;0;0;0;0;1
2019-10-26T23:00:00.0/2019-10-27T00:00:00.0;0;0;0;0;0;0;0;0;0;1
2019-10-27T00:00:00.0/2019-10-27T01:00:00.0;0;0;0;0;0;0;0;0;0;1
2019-10-27T01:00:00.0/2019-10-27T02:00:00.0;0;0;0;0;0;0;0;0;0;1
2019-10-27T02:00:00.0/2019-10-27T03:00:00.0;0;0;0;0;0;0;0;0;0;1
2019-10-27T03:00:00.0/2019-10-27T04:00:00.0;0;0;0;0;0;0;0;0;0;1
2019-10-27T04:00:00.0/2019-10-27T05:00:00.0;0;0;0;0;0;0;0;0;0;1
2019-10-27T05:00:00.0/2019-10-27T06:00:00.0;0;0;0;0;0;0;0;0;0;1
2019-10-27T06:00:00.0/2019-10-27T07:00:00.0;86.0348;36.6766;16.5546;20.1219;184.6308;25.6172;5.0985;20.5187;55.641;1
2019-10-27T07:00:00.0/2019-10-27T08:00:00.0;258.9153;150.2377;98.8821;51.3556;515.4547;59.1672;0.2667;58.9004;1.9796;1
2019-10-27T08:00:00.0/2019-10-27T09:00:00.0;397.6101;263.5687;196.2314;67.3373;677.7195;138.6301;38.6417;99.9884;122.7492;1
2019-10-27T09:00:00.0/2019-10-27T10:00:00.0;492.4267;345.1414;267.2114;77.93;748.0632;240.8077;84.483;156.3247;241.4202;1
2019-10-27T10:00:00.0/2019-10-27T11:00:00.0;536.8856;381.8758;294.5391;87.3367;756.6354;205.3453;19.966;185.3793;51.1073;1
2019-10-27T11:00:00.0/2019-10-27T12:00:00.0;527.9406;372.9613;280.6125;92.3487;732.8404;186.2659;10.8795;175.3864;27.8696;1
2019-10-27T12:00:00.0/2019-10-27T13:00:00.0;466.1864;318.9482;229.8414;89.1068;678.8843;205.2992;44.7587;160.5405;135.5054;1
2019-10-27T13:00:00.0/2019-10-27T14:00:00.0;355.8181;225.9797;149.8007;76.179;576.2891;153.0664;39.0862;113.9802;145.8586;1
2019-10-27T14:00:00.0/2019-10-27T15:00:00.0;204.3444;108.8424;58.0635;50.7789;372.6194;72.0014;9.6499;62.3515;77.6105;1
2019-10-27T15:00:00.0/2019-10-27T16:00:00.0;36.6192;13.2598;3.5422;9.7176;57.1671;10.1853;0.8035;9.3818;10.3984;1
2019-10-27T16:00:00.0/2019-10-27T17:00:00.0;0;0;0;0;0;0;0;0;0;1
2019-10-27T17:00:00.0/2019-10-27T18:00:00.0;0;0;0;0;0;0;0;0;0;1
2019-10-27T18:00:00.0/2019-10-27T19:00:00.0;0;0;0;0;0;0;0;0;0;1
2019-10-27T19:00:00.0/2019-10-27T20:00:00.0;0;0;0;0;0;0;0;0;0;1
2019-10-27T20:00:00.0/2019-10-27T21:00:00.0;0;0;0;0;0;0;0;0;0;1
2019-10-27T21:00:00.0/2019-10-27T22:00:00.0;0;0;0;0;0;0;0;0;0;1
2019-10-27T22:00:00.0/2019-10-27T23:00:00.0;0;0;0;0;0;0;0;0;0;1
2019-10-27T23:00:00.0/2019-10-28T00:00:00.0;0;0;0;0;0;0;0;0;0;1
2019-10-28T00:00:00.0/2019-10-28T01:00:00.0;0;0;0;0;0;0;0;0;0;1
2019-10-28T01:00:00.0/2019-10-28T02:00:00.0;0;0;0;0;0;0;0;0;0;1
2019-10-28T02:00:00.0/2019-10-28T03:00:00.0;0;0;0;0;0;0;0;0;0;1
2019-10-28T03:00:00.0/2019-10-28T04:00:00.0;0;0;0;0;0;0;0;0;0;1
2019-10-28T04:00:00.0/2019-10-28T05:00:00.0;0;0;0;0;0;0;0;0;0;1
2019-10-28T05:00:00.0/2019-10-28T06:00:00.0;0;0;0;0;0;0;0;0;0;1
2019-10-28T06:00:00.0/2019-10-28T07:00:00.0;79.9057;34.3468;14.9157;19.4311;172.3023;28.0335;8.301;19.7325;84.8716;1
2019-10-28T07:00:00.0/2019-10-28T08:00:00.0;252.189;147.8685;96.389;51.4796;515.2258;131.6707;85.7147;45.956;451.1439;1
2019-10-28T08:00:00.0/2019-10-28T09:00:00.0;390.7128;259.7244;193.8599;65.8645;681.749;241.9787;189.079;52.8997;664.7935;1
2019-10-28T09:00:00.0/2019-10-28T10:00:00.0;485.3833;338.9473;264.4908;74.4565;751.5198;319.8095;259.5633;60.2462;737.459;1
2019-10-28T10:00:00.0/2019-10-28T11:00:00.0;529.7313;374.8388;293.5909;81.2479;764.7744;333.5016;248.9639;84.5377;649.2244;1
2019-10-28T11:00:00.0/2019-10-28T12:00:00.0;520.7184;365.1012;281.332;83.7692;745.3251;276.6803;146.0305;130.6498;387.7569;1
2019-10-28T12:00:00.0/2019-10-28T13:00:00.0;458.9445;311.6326;232.4022;79.2304;697.8109;289.5696;222.751;66.8186;669.9224;1
2019-10-28T13:00:00.0/2019-10-28T14:00:00.0;348.6062;220.6576;154.1057;66.5519;605.9345;194.3866;127.5448;66.8419;489.1022;1
2019-10-28T14:00:00.0/2019-10-28T15:00:00.0;197.21;105.4577;61.5286;43.9291;410.5609;64.6264;3.1115;61.5149;16.5824;1
2019-10-28T15:00:00.0/2019-10-28T16:00:00.0;32.3791;11.7727;3.7542;8.0186;64.4898;7.9605;0;7.9605;0;1
2019-10-28T16:00:00.0/2019-10-28T17:00:00.0;0;0;0;0;0;0;0;0;0;1
2019-10-28T17:00:00.0/2019-10-28T18:00:00.0;0;0;0;0;0;0;0;0;0;1
2019-10-28T18:00:00.0/2019-10-28T19:00:00.0;0;0;0;0;0;0;0;0;0;1
2019-10-28T19:00:00.0/2019-10-28T20:00:00.0;0;0;0;0;0;0;0;0;0;1
2019-10-28T20:00:00.0/2019-10-28T21:00:00.0;0;0;0;0;0;0;0;0;0;1
2019-10-28T21:00:00.0/2019-10-28T22:00:00.0;0;0;0;0;0;0;0;0;0;1
2019-10-28T22:00:00.0/2019-10-28T23:00:00.0;0;0;0;0;0;0;0;0;0;1
2019-10-28T23:00:00.0/2019-10-29T00:00:00.0;0;0;0;0;0;0;0;0;0;1
2019-10-29T00:00:00.0/2019-10-29T01:00:00.0;0;0;0;0;0;0;0;0;0;1
2019-10-29T01:00:00.0/2019-10-29T02:00:00.0;0;0;0;0;0;0;0;0;0;1
2019-10-29T02:00:00.0/2019-10-29T03:00:00.0;0;0;0;0;0;0;0;0;0;1
2019-10-29T03:00:00.0/2019-10-29T04:00:00.0;0;0;0;0;0;0;0;0;0;1
2019-10-29T04:00:00.0/2019-10-29T05:00:00.0;0;0;0;0;0;0;0;0;0;1
2019-10-29T05:00:00.0/2019-10-29T06:00:00.0;0;0;0;0;0;0;0;0;0;1
2019-10-29T06:00:00.0/2019-10-29T07:00:00.0;74.0077;31.7553;14.2025;17.5528;172.1219;26.5018;9.0336;17.4682;94.6219;1
2019-10-29T07:00:00.0/2019-10-29T08:00:00.0;245.4836;143.5221;94.1126;49.4095;517.012;130.1656;88.4515;41.7141;483.252;1
2019-10-29T08:00:00.0/2019-10-29T09:00:00.0;383.8414;254.7672;189.6984;65.0688;679.4535;237.1605;185.1293;52.0312;662.855;1
2019-10-29T09:00:00.0/2019-10-29T10:00:00.0;478.3735;336.3587;264.6972;71.6615;763.1465;317.0714;259.8555;57.2158;749.1779;1
2019-10-29T10:00:00.0/2019-10-29T11:00:00.0;522.6207;377.4951;305.2212;72.274;806.2239;357.3994;299.6441;57.7553;791.4943;1
2019-10-29T11:00:00.0/2019-10-29T12:00:00.0;513.5518;372.8828;303.902;68.9807;816.9816;352.483;297.8547;54.6283;800.7098;1
2019-10-29T12:00:00.0/2019-10-29T13:00:00.0;451.7708;321.599;258.5702;63.0288;789.3612;298.7617;247.5998;51.1619;755.4105;1
2019-10-29T13:00:00.0/2019-10-29T14:00:00.0;341.4749;229.2981;175.7921;53.506;706.9464;211.1134;169.4059;41.7075;681.0998;1
2019-10-29T14:00:00.0/2019-10-29T15:00:00.0;190.1681;110.2578;74.0479;36.2099;516.156;97.9295;66.645;31.2846;456.1035;1
2019-10-29T15:00:00.0/2019-10-29T16:00:00.0;28.4709;11.4379;4.7945;6.6435;88.7172;8.4512;1.6222;6.829;25.0114;1
2019-10-29T16:00:00.0/2019-10-29T17:00:00.0;0;0;0;0;0;0;0;0;0;1
2019-10-29T17:00:00.0/2019-10-29T18:00:00.0;0;0;0;0;0;0;0;0;0;1
2019-10-29T18:00:00.0/2019-10-29T19:00:00.0;0;0;0;0;0;0;0;0;0;1
2019-10-29T19:00:00.0/2019-10-29T20:00:00.0;0;0;0;0;0;0;0;0;0;1
2019-10-29T20:00:00.0/2019-10-29T21:00:00.0;0;0;0;0;0;0;0;0;0;1
2019-10-29T21:00:00.0/2019-10-29T22:00:00.0;0;0;0;0;0;0;0;0;0;1
2019-10-29T22:00:00.0/2019-10-29T23:00:00.0;0;0;0;0;0;0;0;0;0;1
2019-10-29T23:00:00.0/2019-10-30T00:00:00.0;0;0;0;0;0;0;0;0;0;1
2019-10-30T00:00:00.0/2019-10-30T01:00:00.0;0;0;0;0;0;0;0;0;0;1
2019-10-30T01:00:00.0/2019-10-30T02:00:00.0;0;0;0;0;0;0;0;0;0;1
2019-10-30T02:00:00.0/2019-10-30T03:00:00.0;0;0;0;0;0;0;0;0;0;1
2019-10-30T03:00:00.0/2019-10-30T04:00:00.0;0;0;0;0;0;0;0;0;0;1
2019-10-30T04:00:00.0/2019-10-30T05:00:00.0;0;0;0;0;0;0;0;0;0;1
2019-10-30T05:00:00.0/2019-10-30T06:00:00.0;0;0;0;0;0;0;0;0;0;1
2019-10-30T06:00:00.0/2019-10-30T07:00:00.0;68.3421;30.3039;14.4219;15.8821;183.6823;25.154;9.3668;15.7872;103.3684;1
2019-10-30T07:00:00.0/2019-10-30T08:00:00.0;238.802;142.6112;96.2883;46.3229;544.5901;129.1197;90.8073;38.3124;510.8617;1
2019-10-30T08:00:00.0/2019-10-30T09:00:00.0;376.999;253.6403;191.7698;61.8705;699.9496;232.9968;182.7486;50.2483;668.4969;1
2019-10-30T09:00:00.0/2019-10-30T10:00:00.0;471.4008;332.9352;262.6484;70.2868;769.0902;306.8331;246.2123;60.6208;719.9029;1
2019-10-30T10:00:00.0/2019-10-30T11:00:00.0;515.5575;369.8851;295.5671;74.318;791.8837;331.071;254.4652;76.6058;682.629;1
2019-10-30T11:00:00.0/2019-10-30T12:00:00.0;506.4444;360.9694;286.6942;74.2751;781.8106;254.803;115.6233;139.1797;316.2601;1
2019-10-30T12:00:00.0/2019-10-30T13:00:00.0;444.6689;307.2926;237.173;70.1196;735.6611;265.8652;193.1487;72.7165;601.4658;1
2019-10-30T13:00:00.0/2019-10-30T14:00:00.0;334.4279;214.9939;154.81;60.184;634.8315;196.9638;147.6162;49.3476;605.6562;1
2019-10-30T14:00:00.0/2019-10-30T15:00:00.0;183.222;98.7091;59.1707;39.5383;422.7187;87.4156;51.5359;35.8797;358.0949;1
2019-10-30T15:00:00.0/2019-10-30T16:00:00.0;24.8588;8.9679;2.9118;6.0561;56.9408;6.4706;0.4825;5.9882;7.5503;1
2019-10-30T16:00:00.0/2019-10-30T17:00:00.0;0;0;0;0;0;0;0;0;0;1
2019-10-30T17:00:00.0/2019-10-30T18:00:00.0;0;0;0;0;0;0;0;0;0;1
2019-10-30T18:00:00.0/2019-10-30T19:00:00.0;0;0;0;0;0;0;0;0;0;1
2019-10-30T19:00:00.0/2019-10-30T20:00:00.0;0;0;0;0;0;0;0;0;0;1
2019-10-30T20:00:00.0/2019-10-30T21:00:00.0;0;0;0;0;0;0;0;0;0;1
2019-10-30T21:00:00.0/2019-10-30T22:00:00.0;0;0;0;0;0;0;0;0;0;1
2019-10-30T22:00:00.0/2019-10-30T23:00:00.0;0;0;0;0;0;0;0;0;0;1
2019-10-30T23:00:00.0/2019-10-31T00:00:00.0;0;0;0;0;0;0;0;0;0;1
2019-10-31T00:00:00.0/2019-10-31T01:00:00.0;0;0;0;0;0;0;0;0;0;1
2019-10-31T01:00:00.0/2019-10-31T02:00:00.0;0;0;0;0;0;0;0;0;0;1
2019-10-31T02:00:00.0/2019-10-31T03:00:00.0;0;0;0;0;0;0;0;0;0;1
2019-10-31T03:00:00.0/2019-10-31T04:00:00.0;0;0;0;0;0;0;0;0;0;1
2019-10-31T04:00:00.0/2019-10-31T05:00:00.0;0;0;0;0;0;0;0;0;0;1
2019-10-31T05:00:00.0/2019-10-31T06:00:00.0;0;0;0;0;0;0;0;0;0;1
2019-10-31T06:00:00.0/2019-10-31T07:00:00.0;62.9104;25.7754;10.4821;15.2933;137.8724;21.2419;5.8467;15.3952;65.1533;1
2019-10-31T07:00:00.0/2019-10-31T08:00:00.0;232.1472;130.8449;80.4545;50.3904;466.2338;113.2193;62.5693;50.65;366.9507;1
2019-10-31T08:00:00.0/2019-10-31T09:00:00.0;370.1888;238.67;168.0948;70.5751;624.7197;215.6964;150.8028;64.8936;556.4295;1
2019-10-31T09:00:00.0/2019-10-31T10:00:00.0;464.4685;316.4419;234.4808;81.9611;697.1235;293.0881;222.1008;70.9873;660.8641;1
2019-10-31T10:00:00.0/2019-10-31T11:00:00.0;508.5451;352.7768;265.3783;87.3985;721.1731;296.4284;179.9575;116.4709;489.6296;1
2019-10-31T11:00:00.0/2019-10-31T12:00:00.0;499.3998;344.0601;256.4721;87.588;709.5891;297.5457;194.2022;103.3434;539.3019;1
2019-10-31T12:00:00.0/2019-10-31T13:00:00.0;437.6423;292.1287;211.7178;80.4109;667.6633;270.948;203.4121;67.5359;641.4859;1
2019-10-31T13:00:00.0/2019-10-31T14:00:00.0;327.4687;203.1919;138.0649;65.127;578.3758;182.6908;125.7868;56.9041;526.7267;1
2019-10-31T14:00:00.0/2019-10-31T15:00:00.0;176.375;91.2419;51.32;39.9218;379.0348;80.576;43.4525;37.1235;309.1747;1
2019-10-31T15:00:00.0/2019-10-31T16:00:00.0;21.5349;7.3772;2.112;5.2652;43.9146;5.1704;0.1436;5.0268;2.3336;1
2019-10-31T16:00:00.0/2019-10-31T17:00:00.0;0;0;0;0;0;0;0;0;0;1
2019-10-31T17:00:00.0/2019-10-31T18:00:00.0;0;0;0;0;0;0;0;0;0;1
2019-10-31T18:00:00.0/2019-10-31T19:00:00.0;0;0;0;0;0;0;0;0;0;1
2019-10-31T19:00:00.0/2019-10-31T20:00:00.0;0;0;0;0;0;0;0;0;0;1
2019-10-31T20:00:00.0/2019-10-31T21:00:00.0;0;0;0;0;0;0;0;0;0;1
2019-10-31T21:00:00.0/2019-10-31T22:00:00.0;0;0;0;0;0;0;0;0;0;1
2019-10-31T22:00:00.0/2019-10-31T23:00:00.0;0;0;0;0;0;0;0;0;0;1
2019-10-31T23:00:00.0/2019-11-01T00:00:00.0;0;0;0;0;0;0;0;0;0;1
2019-11-01T00:00:00.0/2019-11-01T01:00:00.0;0;0;0;0;0;0;0;0;0;1
2019-11-01T01:00:00.0/2019-11-01T02:00:00.0;0;0;0;0;0;0;0;0;0;1
2019-11-01T02:00:00.0/2019-11-01T03:00:00.0;0;0;0;0;0;0;0;0;0;1
2019-11-01T03:00:00.0/2019-11-01T04:00:00.0;0;0;0;0;0;0;0;0;0;1
2019-11-01T04:00:00.0/2019-11-01T05:00:00.0;0;0;0;0;0;0;0;0;0;1
2019-11-01T05:00:00.0/2019-11-01T06:00:00.0;0;0;0;0;0;0;0;0;0;1
2019-11-01T06:00:00.0/2019-11-01T07:00:00.0;57.7134;23.5352;9.4727;14.0625;130.8472;19.2457;5.0174;14.2283;58.2383;1
2019-11-01T07:00:00.0/2019-11-01T08:00:00.0;225.5219;125.692;75.051;50.6409;448.041;101.1211;40.5542;60.567;255.6541;1
2019-11-01T08:00:00.0/2019-11-01T09:00:00.0;363.4139;231.0325;155.7706;75.262;590.2222;172.8217;60.1728;112.649;229.5314;1
2019-11-01T09:00:00.0/2019-11-01T10:00:00.0;457.5801;308.6772;219.7838;88.8934;663.3599;217.6699;60.7918;156.878;184.3969;1
2019-11-01T10:00:00.0/2019-11-01T11:00:00.0;501.5871;347.1146;254.8559;92.2587;702.5008;247.6984;77.3502;170.3482;212.9184;1
2019-11-01T11:00:00.0/2019-11-01T12:00:00.0;492.4215;340.0325;250.7748;89.2577;704.089;266.0291;127.949;138.0801;358.2393;1
2019-11-01T12:00:00.0/2019-11-01T13:00:00.0;430.6946;287.7109;205.9687;81.7422;660.0266;199.2702;49.3702;149.9;158.1552;1
2019-11-01T13:00:00.0/2019-11-01T14:00:00.0;320.6006;196.8107;129.0113;67.7994;551.2894;141.6494;36.0046;105.6448;158.4038;1
2019-11-01T14:00:00.0/2019-11-01T15:00:00.0;169.6303;84.9041;43.9483;40.9558;333.431;69.7936;23.5869;46.2067;174.8587;1
2019-11-01T15:00:00.0/2019-11-01T16:00:00.0;18.4908;5.9734;1.3582;4.6151;30.0029;4.0521;0;4.0521;0;1
2019-11-01T16:00:00.0/2019-11-01T17:00:00.0;0;0;0;0;0;0;0;0;0;1
2019-11-01T17:00:00.0/2019-11-01T18:00:00.0;0;0;0;0;0;0;0;0;0;1
2019-11-01T18:00:00.0/2019-11-01T19:00:00.0;0;0;0;0;0;0;0;0;0;1
2019-11-01T19:00:00.0/2019-11-01T20:00:00.0;0;0;0;0;0;0;0;0;0;1
2019-11-01T20:00:00.0/2019-11-01T21:00:00.0;0;0;0;0;0;0;0;0;0;1
2019-11-01T21:00:00.0/2019-11-01T22:00:00.0;0;0;0;0;0;0;0;0;0;1
2019-11-01T22:00:00.0/2019-11-01T23:00:00.0;0;0;0;0;0;0;0;0;0;1
2019-11-01T23:00:00.0/2019-11-02T00:00:00.0;0;0;0;0;0;0;0;0;0;1
2019-11-02T00:00:00.0/2019-11-02T01:00:00.0;0;0;0;0;0;0;0;0;0;1
2019-11-02T01:00:00.0/2019-11-02T02:00:00.0;0;0;0;0;0;0;0;0;0;1
2019-11-02T02:00:00.0/2019-11-02T03:00:00.0;0;0;0;0;0;0;0;0;0;1
2019-11-02T03:00:00.0/2019-11-02T04:00:00.0;0;0;0;0;0;0;0;0;0;1
2019-11-02T04:00:00.0/2019-11-02T05:00:00.0;0;0;0;0;0;0;0;0;0;1
2019-11-02T05:00:00.0/2019-11-02T06:00:00.0;0;0;0;0;0;0;0;0;0;1
2019-11-02T06:00:00.0/2019-11-02T07:00:00.0;52.7519;17.4393;3.8015;13.6377;51.8979;13.9838;0.6049;13.3788;6.652;1
2019-11-02T07:00:00.0/2019-11-02T08:00:00.0;218.9292;104.9151;48.1353;56.7798;290.6762;29.884;0.213;29.671;2.0558;1
2019-11-02T08:00:00.0/2019-11-02T09:00:00.0;356.6776;204.3917;120.5383;83.8534;464.035;30.51;0;30.51;0;1
2019-11-02T09:00:00.0/2019-11-02T10:00:00.0;450.7388;274.6249;171.961;102.6639;527.6859;39.2484;0;39.2484;0;1
2019-11-02T10:00:00.0/2019-11-02T11:00:00.0;494.687;302.5374;185.5894;116.948;519.0837;70.0828;0;70.0828;0;1
2019-11-02T11:00:00.0/2019-11-02T12:00:00.0;485.5131;287.9962;166.2059;121.7903;473.183;64.0932;0;64.0932;0;1
2019-11-02T12:00:00.0/2019-11-02T13:00:00.0;423.8293;240.8946;132.3606;108.534;431.7367;48.7236;0;48.7236;0;1
2019-11-02T13:00:00.0/2019-11-02T14:00:00.0;313.8271;166.6239;87.1866;79.4373;381.4532;42.8659;0;42.8659;0;1
2019-11-02T14:00:00.0/2019-11-02T15:00:00.0;162.9912;72.0561;31.0218;41.0343;245.0244;48.7448;1.2032;47.5416;11.4561;1
2019-11-02T15:00:00.0/2019-11-02T16:00:00.0;15.718;4.5705;0.7693;3.8011;18.062;2.9331;0;2.9331;0;1
2019-11-02T16:00:00.0/2019-11-02T17:00:00.0;0;0;0;0;0;0;0;0;0;1
2019-11-02T17:00:00.0/2019-11-02T18:00:00.0;0;0;0;0;0;0;0;0;0;1
2019-11-02T18:00:00.0/2019-11-02T19:00:00.0;0;0;0;0;0;0;0;0;0;1
2019-11-02T19:00:00.0/2019-11-02T20:00:00.0;0;0;0;0;0;0;0;0;0;1
2019-11-02T20:00:00.0/2019-11-02T21:00:00.0;0;0;0;0;0;0;0;0;0;1
2019-11-02T21:00:00.0/2019-11-02T22:00:00.0;0;0;0;0;0;0;0;0;0;1
2019-11-02T22:00:00.0/2019-11-02T23:00:00.0;0;0;0;0;0;0;0;0;0;1
2019-11-02T23:00:00.0/2019-11-03T00:00:00.0;0;0;0;0;0;0;0;0;0;1
2019-11-03T00:00:00.0/2019-11-03T01:00:00.0;0;0;0;0;0;0;0;0;0;1
2019-11-03T01:00:00.0/2019-11-03T02:00:00.0;0;0;0;0;0;0;0;0;0;1
2019-11-03T02:00:00.0/2019-11-03T03:00:00.0;0;0;0;0;0;0;0;0;0;1
2019-11-03T03:00:00.0/2019-11-03T04:00:00.0;0;0;0;0;0;0;0;0;0;1
2019-11-03T04:00:00.0/2019-11-03T05:00:00.0;0;0;0;0;0;0;0;0;0;1
2019-11-03T05:00:00.0/2019-11-03T06:00:00.0;0;0;0;0;0;0;0;0;0;1
2019-11-03T06:00:00.0/2019-11-03T07:00:00.0;48.0261;16.5802;4.6094;11.9708;66.6713;13.2095;1.1643;12.0452;13.7827;1
2019-11-03T07:00:00.0/2019-11-03T08:00:00.0;212.3719;106.9329;57.0318;49.9011;356.0673;30.1032;0.6734;29.4298;6.6395;1
2019-11-03T08:00:00.0/2019-11-03T09:00:00.0;349.9831;209.8349;139.3392;70.4957;547.182;39.0912;0;39.0912;0;1
2019-11-03T09:00:00.0/2019-11-03T10:00:00.0;443.9481;287.0646;208.4594;78.6052;648.972;127.7851;0;127.7851;0;1
2019-11-03T10:00:00.0/2019-11-03T11:00:00.0;487.8483;325.7401;246.8538;78.8863;700.2664;202.9362;23.5754;179.3608;66.6393;1
2019-11-03T11:00:00.0/2019-11-03T12:00:00.0;478.6782;320.9561;247.4384;73.5177;715.4734;181.1262;10.9819;170.1443;31.1495;1
2019-11-03T12:00:00.0/2019-11-03T13:00:00.0;417.05;272.0814;206.554;65.5273;684.4506;172.2213;35.1907;137.0306;122.0179;1
2019-11-03T13:00:00.0/2019-11-03T14:00:00.0;307.1516;185.2944;131.5435;53.7509;587.8511;136.1888;57.2055;78.9833;256.5341;1
2019-11-03T14:00:00.0/2019-11-03T15:00:00.0;156.4608;77.2626;45.0838;32.1788;369.8424;64.2518;29.4095;34.8423;233.9984;1
2019-11-03T15:00:00.0/2019-11-03T16:00:00.0;13.2075;4.071;1.0646;3.0063;26.9939;2.5209;0;2.5209;0;1
2019-11-03T16:00:00.0/2019-11-03T17:00:00.0;0;0;0;0;0;0;0;0;0;1
2019-11-03T17:00:00.0/2019-11-03T18:00:00.0;0;0;0;0;0;0;0;0;0;1
2019-11-03T18:00:00.0/2019-11-03T19:00:00.0;0;0;0;0;0;0;0;0;0;1
2019-11-03T19:00:00.0/2019-11-03T20:00:00.0;0;0;0;0;0;0;0;0;0;1
2019-11-03T20:00:00.0/2019-11-03T21:00:00.0;0;0;0;0;0;0;0;0;0;1
2019-11-03T21:00:00.0/2019-11-03T22:00:00.0;0;0;0;0;0;0;0;0;0;1
2019-11-03T22:00:00.0/2019-11-03T23:00:00.0;0;0;0;0;0;0;0;0;0;1
2019-11-03T23:00:00.0/2019-11-04T00:00:00.0;0;0;0;0;0;0;0;0;0;1
2019-11-04T00:00:00.0/2019-11-04T01:00:00.0;0;0;0;0;0;0;0;0;0;1
2019-11-04T01:00:00.0/2019-11-04T02:00:00.0;0;0;0;0;0;0;0;0;0;1
2019-11-04T02:00:00.0/2019-11-04T03:00:00.0;0;0;0;0;0;0;0;0;0;1
2019-11-04T03:00:00.0/2019-11-04T04:00:00.0;0;0;0;0;0;0;0;0;0;1
2019-11-04T04:00:00.0/2019-11-04T05:00:00.0;0;0;0;0;0;0;0;0;0;1
2019-11-04T05:00:00.0/2019-11-04T06:00:00.0;0;0;0;0;0;0;0;0;0;1
2019-11-04T06:00:00.0/2019-11-04T07:00:00.0;43.536;15.0325;4.4124;10.6201;67.4063;11.8503;1.0409;10.8093;12.9608;1
2019-11-04T07:00:00.0/2019-11-04T08:00:00.0;205.8529;103.263;55.6214;47.6416;358.8398;29.0749;0.6509;28.4239;6.724;1
2019-11-04T08:00:00.0/2019-11-04T09:00:00.0;343.3333;203.878;133.2948;70.5832;534.171;22.6486;0;22.6486;0;1
2019-11-04T09:00:00.0/2019-11-04T10:00:00.0;437.2113;279.0652;197.4164;81.6488;624.4049;36.2923;0;36.2923;0;1
2019-11-04T10:00:00.0/2019-11-04T11:00:00.0;481.0745;316.1285;231.7943;84.3343;667.1588;48.0484;0;48.0484;0;1
2019-11-04T11:00:00.0/2019-11-04T12:00:00.0;471.9203;309.9223;228.7589;81.1633;671.1845;34.6757;0;34.6757;0;1
2019-11-04T12:00:00.0/2019-11-04T13:00:00.0;410.36;260.8624;188.0022;72.8601;633.3232;48.5774;0;48.5774;0;1
2019-11-04T13:00:00.0/2019-11-04T14:00:00.0;300.5775;175.432;116.985;58.447;533.7687;57.1365;0;57.1365;0;1
2019-11-04T14:00:00.0/2019-11-04T15:00:00.0;150.0424;70.4861;37.1469;33.3392;312.9527;37.5652;0;37.5652;0;1
2019-11-04T15:00:00.0/2019-11-04T16:00:00.0;10.95;3.1448;0.5774;2.5674;15.6502;1.4748;0;1.4748;0;1
2019-11-04T16:00:00.0/2019-11-04T17:00:00.0;0;0;0;0;0;0;0;0;0;1
2019-11-04T17:00:00.0/2019-11-04T18:00:00.0;0;0;0;0;0;0;0;0;0;1
2019-11-04T18:00:00.0/2019-11-04T19:00:00.0;0;0;0;0;0;0;0;0;0;1
2019-11-04T19:00:00.0/2019-11-04T20:00:00.0;0;0;0;0;0;0;0;0;0;1
2019-11-04T20:00:00.0/2019-11-04T21:00:00.0;0;0;0;0;0;0;0;0;0;1
2019-11-04T21:00:00.0/2019-11-04T22:00:00.0;0;0;0;0;0;0;0;0;0;1
2019-11-04T22:00:00.0/2019-11-04T23:00:00.0;0;0;0;0;0;0;0;0;0;1
2019-11-04T23:00:00.0/2019-11-05T00:00:00.0;0;0;0;0;0;0;0;0;0;1
2019-11-05T00:00:00.0/2019-11-05T01:00:00.0;0;0;0;0;0;0;0;0;0;1
2019-11-05T01:00:00.0/2019-11-05T02:00:00.0;0;0;0;0;0;0;0;0;0;1
2019-11-05T02:00:00.0/2019-11-05T03:00:00.0;0;0;0;0;0;0;0;0;0;1
2019-11-05T03:00:00.0/2019-11-05T04:00:00.0;0;0;0;0;0;0;0;0;0;1
2019-11-05T04:00:00.0/2019-11-05T05:00:00.0;0;0;0;0;0;0;0;0;0;1
2019-11-05T05:00:00.0/2019-11-05T06:00:00.0;0;0;0;0;0;0;0;0;0;1
2019-11-05T06:00:00.0/2019-11-05T07:00:00.0;39.2813;14.3053;4.7005;9.6047;75.2421;11.3093;1.526;9.7833;20.2094;1
2019-11-05T07:00:00.0/2019-11-05T08:00:00.0;199.3751;105.5518;62.5362;43.0156;416.9898;48.2227;10.874;37.3487;95.3769;1
2019-11-05T08:00:00.0/2019-11-05T09:00:00.0;336.7316;208.8856;147.8419;61.0437;604.6584;23.2946;0;23.2946;0;1
2019-11-05T09:00:00.0/2019-11-05T10:00:00.0;430.5317;281.99;206.3951;75.5949;664.1471;34.1534;0;34.1534;0;1
2019-11-05T10:00:00.0/2019-11-05T11:00:00.0;474.369;313.2227;222.798;90.4248;650.8018;49.2059;0;49.2059;0;1
2019-11-05T11:00:00.0/2019-11-05T12:00:00.0;465.2428;301.0463;202.4926;98.5537;602.5798;40.8298;0;40.8298;0;1
2019-11-05T12:00:00.0/2019-11-05T13:00:00.0;403.763;249.06;155.7327;93.3273;533.1057;56.162;0;56.162;0;1
2019-11-05T13:00:00.0/2019-11-05T14:00:00.0;294.1079;164.2987;91.1943;73.1044;423.9216;47.7304;0;47.7304;0;1
2019-11-05T14:00:00.0/2019-11-05T15:00:00.0;143.739;62.8802;24.6082;38.272;209.9419;31.3855;0;31.3855;0;1
2019-11-05T15:00:00.0/2019-11-05T16:00:00.0;8.9357;2.3815;0.2023;2.1791;5.9018;1.1284;0;1.1284;0;1
2019-11-05T16:00:00.0/2019-11-05T17:00:00.0;0;0;0;0;0;0;0;0;0;1
2019-11-05T17:00:00.0/2019-11-05T18:00:00.0;0;0;0;0;0;0;0;0;0;1
2019-11-05T18:00:00.0/2019-11-05T19:00:00.0;0;0;0;0;0;0;0;0;0;1
2019-11-05T19:00:00.0/2019-11-05T20:00:00.0;0;0;0;0;0;0;0;0;0;1
2019-11-05T20:00:00.0/2019-11-05T21:00:00.0;0;0;0;0;0;0;0;0;0;1
2019-11-05T21:00:00.0/2019-11-05T22:00:00.0;0;0;0;0;0;0;0;0;0;1
2019-11-05T22:00:00.0/2019-11-05T23:00:00.0;0;0;0;0;0;0;0;0;0;1
2019-11-05T23:00:00.0/2019-11-06T00:00:00.0;0;0;0;0;0;0;0;0;0;1
2019-11-06T00:00:00.0/2019-11-06T01:00:00.0;0;0;0;0;0;0;0;0;0;1
2019-11-06T01:00:00.0/2019-11-06T02:00:00.0;0;0;0;0;0;0;0;0;0;1
2019-11-06T02:00:00.0/2019-11-06T03:00:00.0;0;0;0;0;0;0;0;0;0;1
2019-11-06T03:00:00.0/2019-11-06T04:00:00.0;0;0;0;0;0;0;0;0;0;1
2019-11-06T04:00:00.0/2019-11-06T05:00:00.0;0;0;0;0;0;0;0;0;0;1
2019-11-06T05:00:00.0/2019-11-06T06:00:00.0;0;0;0;0;0;0;0;0;0;1
2019-11-06T06:00:00.0/2019-11-06T07:00:00.0;35.2612;12.5464;3.748;8.7984;63.044;9.805;0.9604;8.8446;13.1941;1
2019-11-06T07:00:00.0/2019-11-06T08:00:00.0;192.9413;100.8465;57.2079;43.6386;392.5544;45.7451;8.8285;36.9167;81.3257;1
2019-11-06T08:00:00.0/2019-11-06T09:00:00.0;330.1808;203.8196;140.1864;63.6332;584.7125;23.4187;0;23.4187;0;1
2019-11-06T09:00:00.0/2019-11-06T10:00:00.0;423.9126;280.2122;208.1339;72.0784;679.6267;48.1884;0;48.1884;0;1
2019-11-06T10:00:00.0/2019-11-06T11:00:00.0;467.7351;317.6148;244.5732;73.0416;724.7177;70.3338;0;70.3338;0;1
2019-11-06T11:00:00.0/2019-11-06T12:00:00.0;458.6492;311.156;241.9727;69.1833;731.2334;106.2605;0;106.2605;0;1
2019-11-06T12:00:00.0/2019-11-06T13:00:00.0;397.2622;260.9221;197.8278;63.0943;688.9074;122.8763;0;122.8763;0;1
2019-11-06T13:00:00.0/2019-11-06T14:00:00.0;287.7463;173.357;120.5796;52.7774;574.7565;71.314;0;71.314;0;1
2019-11-06T14:00:00.0/2019-11-06T15:00:00.0;137.5537;66.24;35.9533;30.2866;325.2942;40.6347;0.6207;40.0141;6.3172;1
2019-11-06T15:00:00.0/2019-11-06T16:00:00.0;7.1547;2.0533;0.3448;1.7085;10.4773;0.9322;0;0.9322;0;1
2019-11-06T16:00:00.0/2019-11-06T17:00:00.0;0;0;0;0;0;0;0;0;0;1
2019-11-06T17:00:00.0/2019-11-06T18:00:00.0;0;0;0;0;0;0;0;0;0;1
2019-11-06T18:00:00.0/2019-11-06T19:00:00.0;0;0;0;0;0;0;0;0;0;1
2019-11-06T19:00:00.0/2019-11-06T20:00:00.0;0;0;0;0;0;0;0;0;0;1
2019-11-06T20:00:00.0/2019-11-06T21:00:00.0;0;0;0;0;0;0;0;0;0;1
2019-11-06T21:00:00.0/2019-11-06T22:00:00.0;0;0;0;0;0;0;0;0;0;1
2019-11-06T22:00:00.0/2019-11-06T23:00:00.0;0;0;0;0;0;0;0;0;0;1
2019-11-06T23:00:00.0/2019-11-07T00:00:00.0;0;0;0;0;0;0;0;0;0;1
2019-11-07T00:00:00.0/2019-11-07T01:00:00.0;0;0;0;0;0;0;0;0;0;1
2019-11-07T01:00:00.0/2019-11-07T02:00:00.0;0;0;0;0;0;0;0;0;0;1
2019-11-07T02:00:00.0/2019-11-07T03:00:00.0;0;0;0;0;0;0;0;0;0;1
2019-11-07T03:00:00.0/2019-11-07T04:00:00.0;0;0;0;0;0;0;0;0;0;1
2019-11-07T04:00:00.0/2019-11-07T05:00:00.0;0;0;0;0;0;0;0;0;0;1
2019-11-07T05:00:00.0/2019-11-07T06:00:00.0;0;0;0;0;0;0;0;0;0;1
2019-11-07T06:00:00.0/2019-11-07T07:00:00.0;31.4746;11.2568;3.546;7.7108;63.6982;8.6762;0.8522;7.824;12.4133;1
2019-11-07T07:00:00.0/2019-11-07T08:00:00.0;186.5543;98.3888;57.3887;41.0001;406.3443;44.0514;8.7589;35.2925;83.8872;1
2019-11-07T08:00:00.0/2019-11-07T09:00:00.0;323.6842;204.0272;145.4008;58.6264;618.4866;22.0534;0;22.0534;0;1
2019-11-07T09:00:00.0/2019-11-07T10:00:00.0;417.3573;277.8591;206.0496;71.8096;684.7132;31.4537;0;31.4537;0;1
2019-11-07T10:00:00.0/2019-11-07T11:00:00.0;461.1764;306.7445;220.8436;85.9009;664.22;70.5622;0;70.5622;0;1
2019-11-07T11:00:00.0/2019-11-07T12:00:00.0;452.1429;291.7777;197.4502;94.3275;605.0958;113.1372;0;113.1372;0;1
2019-11-07T12:00:00.0/2019-11-07T13:00:00.0;390.861;238.325;148.8385;89.4864;526.657;116.6807;0;116.6807;0;1
2019-11-07T13:00:00.0/2019-11-07T14:00:00.0;281.4959;153.9731;84.5904;69.3827;410.5463;76.8395;0;76.8395;0;1
2019-11-07T14:00:00.0/2019-11-07T15:00:00.0;131.4895;55.4485;20.9711;34.4774;191.2981;34.6202;0;34.6202;0;1
2019-11-07T15:00:00.0/2019-11-07T16:00:00.0;5.5968;1.4205;0.0846;1.3359;2.8047;0.5154;0;0.5154;0;1
2019-11-07T16:00:00.0/2019-11-07T17:00:00.0;0;0;0;0;0;0;0;0;0;1
2019-11-07T17:00:00.0/2019-11-07T18:00:00.0;0;0;0;0;0;0;0;0;0;1
2019-11-07T18:00:00.0/2019-11-07T19:00:00.0;0;0;0;0;0;0;0;0;0;1
2019-11-07T19:00:00.0/2019-11-07T20:00:00.0;0;0;0;0;0;0;0;0;0;1
2019-11-07T20:00:00.0/2019-11-07T21:00:00.0;0;0;0;0;0;0;0;0;0;1
2019-11-07T21:00:00.0/2019-11-07T22:00:00.0;0;0;0;0;0;0;0;0;0;1
2019-11-07T22:00:00.0/2019-11-07T23:00:00.0;0;0;0;0;0;0;0;0;0;1
2019-11-07T23:00:00.0/2019-11-08T00:00:00.0;0;0;0;0;0;0;0;0;0;1
2019-11-08T00:00:00.0/2019-11-08T01:00:00.0;0;0;0;0;0;0;0;0;0;1
2019-11-08T01:00:00.0/2019-11-08T02:00:00.0;0;0;0;0;0;0;0;0;0;1
2019-11-08T02:00:00.0/2019-11-08T03:00:00.0;0;0;0;0;0;0;0;0;0;1
2019-11-08T03:00:00.0/2019-11-08T04:00:00.0;0;0;0;0;0;0;0;0;0;1
2019-11-08T04:00:00.0/2019-11-08T05:00:00.0;0;0;0;0;0;0;0;0;0;1
2019-11-08T05:00:00.0/2019-11-08T06:00:00.0;0;0;0;0;0;0;0;0;0;1
2019-11-08T06:00:00.0/2019-11-08T07:00:00.0;27.92;9.3811;2.469;6.9122;46.6537;7.0923;0.2654;6.8269;3.949;1
2019-11-08T07:00:00.0/2019-11-08T08:00:00.0;180.2167;89.8757;46.8646;43.011;341.915;58.539;8.4659;50.0731;77.5756;1
2019-11-08T08:00:00.0/2019-11-08T09:00:00.0;317.2447;190.2282;122.0116;68.2166;529.6842;138.8626;46.4825;92.3801;189.6022;1
2019-11-08T09:00:00.0/2019-11-08T10:00:00.0;410.869;266.868;186.4622;80.4058;628.5744;187.3454;48.9736;138.3718;169.058;1
2019-11-08T10:00:00.0/2019-11-08T11:00:00.0;454.6961;305.6736;222.986;82.6876;680.3214;201.323;35.0183;166.3047;106.8125;1
2019-11-08T11:00:00.0/2019-11-08T12:00:00.0;445.7274;300.4033;221.7576;78.6457;690.2349;208.9951;56.8972;152.0979;177.8488;1
2019-11-08T12:00:00.0/2019-11-08T13:00:00.0;384.5628;250.2588;179.303;70.9557;645.3448;173.408;40.8966;132.5114;145.825;1
2019-11-08T13:00:00.0/2019-11-08T14:00:00.0;275.3598;162.3632;104.7385;57.6247;520.9005;115.2389;22.0637;93.1752;109.7722;1
2019-11-08T14:00:00.0/2019-11-08T15:00:00.0;125.5495;57.6936;27.4705;30.2231;263.6082;45.5046;9.085;36.4195;82.4016;1
2019-11-08T15:00:00.0/2019-11-08T16:00:00.0;4.2511;1.1315;0.1096;1.0219;3.3374;0.4039;0;0.4039;0;1
2019-11-08T16:00:00.0/2019-11-08T17:00:00.0;0;0;0;0;0;0;0;0;0;1
2019-11-08T17:00:00.0/2019-11-08T18:00:00.0;0;0;0;0;0;0;0;0;0;1
2019-11-08T18:00:00.0/2019-11-08T19:00:00.0;0;0;0;0;0;0;0;0;0;1
2019-11-08T19:00:00.0/2019-11-08T20:00:00.0;0;0;0;0;0;0;0;0;0;1
2019-11-08T20:00:00.0/2019-11-08T21:00:00.0;0;0;0;0;0;0;0;0;0;1
2019-11-08T21:00:00.0/2019-11-08T22:00:00.0;0;0;0;0;0;0;0;0;0;1
2019-11-08T22:00:00.0/2019-11-08T23:00:00.0;0;0;0;0;0;0;0;0;0;1
2019-11-08T23:00:00.0/2019-11-09T00:00:00.0;0;0;0;0;0;0;0;0;0;1
2019-11-09T00:00:00.0/2019-11-09T01:00:00.0;0;0;0;0;0;0;0;0;0;1
2019-11-09T01:00:00.0/2019-11-09T02:00:00.0;0;0;0;0;0;0;0;0;0;1
2019-11-09T02:00:00.0/2019-11-09T03:00:00.0;0;0;0;0;0;0;0;0;0;1
2019-11-09T03:00:00.0/2019-11-09T04:00:00.0;0;0;0;0;0;0;0;0;0;1
2019-11-09T04:00:00.0/2019-11-09T05:00:00.0;0;0;0;0;0;0;0;0;0;1
2019-11-09T05:00:00.0/2019-11-09T06:00:00.0;0;0;0;0;0;0;0;0;0;1
2019-11-09T06:00:00.0/2019-11-09T07:00:00.0;24.5958;7.5775;1.23;6.3476;24.1331;5.5967;0;5.5967;0;1
2019-11-09T07:00:00.0/2019-11-09T08:00:00.0;173.9315;81.7178;35.9062;45.8116;266.3856;35.9757;1.8184;34.1573;19.8089;1
2019-11-09T08:00:00.0/2019-11-09T09:00:00.0;310.8653;180.6244;108.2188;72.4056;478.2505;76.0839;0;76.0839;0;1
2019-11-09T09:00:00.0/2019-11-09T10:00:00.0;404.4508;255.9958;171.1496;84.8462;586.4718;73.4345;0;73.4345;0;1
2019-11-09T10:00:00.0/2019-11-09T11:00:00.0;448.2976;292.0806;202.1119;89.9687;625.7614;53.2551;0;53.2551;0;1
2019-11-09T11:00:00.0/2019-11-09T12:00:00.0;439.406;284.8799;196.8666;88.0134;621.7527;56.6922;0;56.6922;0;1
2019-11-09T12:00:00.0/2019-11-09T13:00:00.0;378.3709;235.8672;157.4967;78.3705;576.5258;80.5285;0;80.5285;0;1
2019-11-09T13:00:00.0/2019-11-09T14:00:00.0;269.3413;152.106;92.09;60.016;468.2687;96.8373;4.3418;92.4956;21.5538;1
2019-11-09T14:00:00.0/2019-11-09T15:00:00.0;119.7365;52.357;23.1248;29.2321;228.485;36.9196;0.3203;36.5992;2.3584;1
2019-11-09T15:00:00.0/2019-11-09T16:00:00.0;3.1367;0.7797;0.0488;0.7309;1.1535;0.2076;0;0.2076;0;1
2019-11-09T16:00:00.0/2019-11-09T17:00:00.0;0;0;0;0;0;0;0;0;0;1
2019-11-09T17:00:00.0/2019-11-09T18:00:00.0;0;0;0;0;0;0;0;0;0;1
2019-11-09T18:00:00.0/2019-11-09T19:00:00.0;0;0;0;0;0;0;0;0;0;1
2019-11-09T19:00:00.0/2019-11-09T20:00:00.0;0;0;0;0;0;0;0;0;0;1
2019-11-09T20:00:00.0/2019-11-09T21:00:00.0;0;0;0;0;0;0;0;0;0;1
2019-11-09T21:00:00.0/2019-11-09T22:00:00.0;0;0;0;0;0;0;0;0;0;1
2019-11-09T22:00:00.0/2019-11-09T23:00:00.0;0;0;0;0;0;0;0;0;0;1
2019-11-09T23:00:00.0/2019-11-10T00:00:00.0;0;0;0;0;0;0;0;0;0;1
2019-11-10T00:00:00.0/2019-11-10T01:00:00.0;0;0;0;0;0;0;0;0;0;1
2019-11-10T01:00:00.0/2019-11-10T02:00:00.0;0;0;0;0;0;0;0;0;0;1
2019-11-10T02:00:00.0/2019-11-10T03:00:00.0;0;0;0;0;0;0;0;0;0;1
2019-11-10T03:00:00.0/2019-11-10T04:00:00.0;0;0;0;0;0;0;0;0;0;1
2019-11-10T04:00:00.0/2019-11-10T05:00:00.0;0;0;0;0;0;0;0;0;0;1
2019-11-10T05:00:00.0/2019-11-10T06:00:00.0;0;0;0;0;0;0;0;0;0;1
2019-11-10T06:00:00.0/2019-11-10T07:00:00.0;21.4998;6.9146;1.6064;5.3082;34.0022;5.0158;0.0287;4.9871;0.4695;1
2019-11-10T07:00:00.0/2019-11-10T08:00:00.0;167.7012;82.2813;42.2298;40.0516;327.4789;56.3265;10.9663;45.3601;91.2313;1
2019-11-10T08:00:00.0/2019-11-10T09:00:00.0;304.549;182.7587;119.3124;63.4463;539.2855;155.9382;100.1466;55.7916;441.5879;1
2019-11-10T09:00:00.0/2019-11-10T10:00:00.0;398.106;256.8979;179.5264;77.3716;625.7941;239.6242;176.0631;63.561;613.5767;1
2019-11-10T10:00:00.0/2019-11-10T11:00:00.0;441.9841;289.4102;201.4749;87.9353;633.0968;271.739;199.2708;72.4682;626.1607;1
2019-11-10T11:00:00.0/2019-11-10T12:00:00.0;433.1819;278.2247;186.3739;91.8508;597.1149;260.9327;184.6491;76.2836;591.59;1
2019-11-10T12:00:00.0/2019-11-10T13:00:00.0;372.2886;226.6706;141.8712;84.7994;527.6307;208.4042;135.6933;72.711;503.5954;1
2019-11-10T13:00:00.0/2019-11-10T14:00:00.0;263.4435;142.7911;78.1002;64.6909;404.7498;128.1553;70.1404;58.0149;362.8641;1
2019-11-10T14:00:00.0/2019-11-10T15:00:00.0;114.0536;46.775;17.3237;29.4514;175.4746;39.7707;10.3842;29.3865;90.0138;1
2019-11-10T15:00:00.0/2019-11-10T16:00:00.0;2.1929;0.5156;0.0197;0.4959;0;0.1216;0;0.1216;0;1
2019-11-10T16:00:00.0/2019-11-10T17:00:00.0;0;0;0;0;0;0;0;0;0;1
2019-11-10T17:00:00.0/2019-11-10T18:00:00.0;0;0;0;0;0;0;0;0;0;1
2019-11-10T18:00:00.0/2019-11-10T19:00:00.0;0;0;0;0;0;0;0;0;0;1
2019-11-10T19:00:00.0/2019-11-10T20:00:00.0;0;0;0;0;0;0;0;0;0;1
2019-11-10T20:00:00.0/2019-11-10T21:00:00.0;0;0;0;0;0;0;0;0;0;1
2019-11-10T21:00:00.0/2019-11-10T22:00:00.0;0;0;0;0;0;0;0;0;0;1
2019-11-10T22:00:00.0/2019-11-10T23:00:00.0;0;0;0;0;0;0;0;0;0;1
2019-11-10T23:00:00.0/2019-11-11T00:00:00.0;0;0;0;0;0;0;0;0;0;1
2019-11-11T00:00:00.0/2019-11-11T01:00:00.0;0;0;0;0;0;0;0;0;0;1
2019-11-11T01:00:00.0/2019-11-11T02:00:00.0;0;0;0;0;0;0;0;0;0;1
2019-11-11T02:00:00.0/2019-11-11T03:00:00.0;0;0;0;0;0;0;0;0;0;1
2019-11-11T03:00:00.0/2019-11-11T04:00:00.0;0;0;0;0;0;0;0;0;0;1
2019-11-11T04:00:00.0/2019-11-11T05:00:00.0;0;0;0;0;0;0;0;0;0;1
2019-11-11T05:00:00.0/2019-11-11T06:00:00.0;0;0;0;0;0;0;0;0;0;1
2019-11-11T06:00:00.0/2019-11-11T07:00:00.0;18.6296;6.1736;1.6689;4.5047;37.6582;4.3734;0.0518;4.3216;0.9219;1
2019-11-11T07:00:00.0/2019-11-11T08:00:00.0;161.5285;81.3907;44.3285;37.0623;358.1758;35.2883;4.1143;31.1739;48.5222;1
2019-11-11T08:00:00.0/2019-11-11T09:00:00.0;298.2987;181.7875;120.8303;60.9572;558.4822;30.8205;0;30.8205;0;1
2019-11-11T09:00:00.0/2019-11-11T10:00:00.0;391.8376;253.4856;175.4014;78.0842;621.8839;36.9491;0;36.9491;0;1
2019-11-11T10:00:00.0/2019-11-11T11:00:00.0;435.759;281.7481;188.6396;93.1085;601.6035;61.3351;0;61.3351;0;1
2019-11-11T11:00:00.0/2019-11-11T12:00:00.0;427.0586;266.6212;166.8028;99.8184;542.1636;69.1729;0;69.1729;0;1
2019-11-11T12:00:00.0/2019-11-11T13:00:00.0;366.319;215.9828;125.8469;90.1359;476.1616;76.8463;0;76.8463;0;1
2019-11-11T13:00:00.0/2019-11-11T14:00:00.0;257.6694;136.7494;71.1842;65.5652;377.9182;90.6236;18.9649;71.6587;115.7693;1
2019-11-11T14:00:00.0/2019-11-11T15:00:00.0;108.5035;44.4672;16.4168;28.0504;173.6193;37.5692;9.5605;28.0086;85.8155;1
2019-11-11T15:00:00.0/2019-11-11T16:00:00.0;1.4291;0.3394;0.013;0.3264;0;0.0604;0;0.0604;0;1
2019-11-11T16:00:00.0/2019-11-11T17:00:00.0;0;0;0;0;0;0;0;0;0;1
2019-11-11T17:00:00.0/2019-11-11T18:00:00.0;0;0;0;0;0;0;0;0;0;1
2019-11-11T18:00:00.0/2019-11-11T19:00:00.0;0;0;0;0;0;0;0;0;0;1
2019-11-11T19:00:00.0/2019-11-11T20:00:00.0;0;0;0;0;0;0;0;0;0;1
2019-11-11T20:00:00.0/2019-11-11T21:00:00.0;0;0;0;0;0;0;0;0;0;1
2019-11-11T21:00:00.0/2019-11-11T22:00:00.0;0;0;0;0;0;0;0;0;0;1
2019-11-11T22:00:00.0/2019-11-11T23:00:00.0;0;0;0;0;0;0;0;0;0;1
2019-11-11T23:00:00.0/2019-11-12T00:00:00.0;0;0;0;0;0;0;0;0;0;1
2019-11-12T00:00:00.0/2019-11-12T01:00:00.0;0;0;0;0;0;0;0;0;0;1
2019-11-12T01:00:00.0/2019-11-12T02:00:00.0;0;0;0;0;0;0;0;0;0;1
2019-11-12T02:00:00.0/2019-11-12T03:00:00.0;0;0;0;0;0;0;0;0;0;1
2019-11-12T03:00:00.0/2019-11-12T04:00:00.0;0;0;0;0;0;0;0;0;0;1
2019-11-12T04:00:00.0/2019-11-12T05:00:00.0;0;0;0;0;0;0;0;0;0;1
2019-11-12T05:00:00.0/2019-11-12T06:00:00.0;0;0;0;0;0;0;0;0;0;1
2019-11-12T06:00:00.0/2019-11-12T07:00:00.0;15.9822;4.9691;1.0558;3.9132;25.1955;3.4035;0;3.4035;0;1
2019-11-12T07:00:00.0/2019-11-12T08:00:00.0;155.4162;75.7823;39.6309;36.1514;328.425;47.4312;11.1191;36.3122;107.1023;1
2019-11-12T08:00:00.0/2019-11-12T09:00:00.0;292.1175;175.7356;117.8389;57.8967;555.4437;33.4532;0;33.4532;0;1
2019-11-12T09:00:00.0/2019-11-12T10:00:00.0;385.649;251.0215;181.098;69.9235;652.0665;197.6615;123.3971;74.2644;433.4906;1
2019-11-12T10:00:00.0/2019-11-12T11:00:00.0;429.6254;286.4496;208.3212;78.1284;673.9951;268.3557;204.981;63.3747;663.1782;1
2019-11-12T11:00:00.0/2019-11-12T12:00:00.0;421.0392;278.6376;198.2463;80.3913;654.2058;260.6284;195.4652;65.1633;645.0293;1
2019-11-12T12:00:00.0/2019-11-12T13:00:00.0;360.4654;228.432;154.6363;73.7957;594.7294;211.5724;151.1876;60.3848;581.2219;1
2019-11-12T13:00:00.0/2019-11-12T14:00:00.0;252.0221;143.4244;86.86;56.5644;471.5464;129.8035;81.1403;48.6632;438.5191;1
2019-11-12T14:00:00.0/2019-11-12T15:00:00.0;103.0891;44.6664;19.2392;25.4272;209.4995;37.5672;12.4217;25.1455;116.8654;1
2019-11-12T15:00:00.0/2019-11-12T16:00:00.0;0.8336;0.1966;0.0076;0.189;0;0.0208;0;0.0208;0;1
2019-11-12T16:00:00.0/2019-11-12T17:00:00.0;0;0;0;0;0;0;0;0;0;1
2019-11-12T17:00:00.0/2019-11-12T18:00:00.0;0;0;0;0;0;0;0;0;0;1
2019-11-12T18:00:00.0/2019-11-12T19:00:00.0;0;0;0;0;0;0;0;0;0;1
2019-11-12T19:00:00.0/2019-11-12T20:00:00.0;0;0;0;0;0;0;0;0;0;1
2019-11-12T20:00:00.0/2019-11-12T21:00:00.0;0;0;0;0;0;0;0;0;0;1
2019-11-12T21:00:00.0/2019-11-12T22:00:00.0;0;0;0;0;0;0;0;0;0;1
2019-11-12T22:00:00.0/2019-11-12T23:00:00.0;0;0;0;0;0;0;0;0;0;1
2019-11-12T23:00:00.0/2019-11-13T00:00:00.0;0;0;0;0;0;0;0;0;0;1
2019-11-13T00:00:00.0/2019-11-13T01:00:00.0;0;0;0;0;0;0;0;0;0;1
2019-11-13T01:00:00.0/2019-11-13T02:00:00.0;0;0;0;0;0;0;0;0;0;1
2019-11-13T02:00:00.0/2019-11-13T03:00:00.0;0;0;0;0;0;0;0;0;0;1
2019-11-13T03:00:00.0/2019-11-13T04:00:00.0;0;0;0;0;0;0;0;0;0;1
2019-11-13T04:00:00.0/2019-11-13T05:00:00.0;0;0;0;0;0;0;0;0;0;1
2019-11-13T05:00:00.0/2019-11-13T06:00:00.0;0;0;0;0;0;0;0;0;0;1
2019-11-13T06:00:00.0/2019-11-13T07:00:00.0;13.5547;4.124;0.7788;3.3452;19.726;2.7042;0;2.7042;0;1
2019-11-13T07:00:00.0/2019-11-13T08:00:00.0;149.367;71.6157;35.6137;36.002;305.3309;63.0395;28.3783;34.6611;227.3237;1
2019-11-13T08:00:00.0/2019-11-13T09:00:00.0;286.0081;169.2031;107.8597;61.3434;519.5546;151.903;97.3731;54.5299;471.8735;1
2019-11-13T09:00:00.0/2019-11-13T10:00:00.0;379.5431;242.9839;167.2619;75.722;612.0721;169.8322;51.1364;118.6957;193.7291;1
2019-11-13T10:00:00.0/2019-11-13T11:00:00.0;423.5866;277.5017;193.5698;83.9319;635.4838;172.1926;21.5232;150.6694;70.2712;1
2019-11-13T11:00:00.0/2019-11-13T12:00:00.0;415.127;268.6933;183.1071;85.5862;613.079;231.67;139.6277;92.0423;470.3763;1
2019-11-13T12:00:00.0/2019-11-13T13:00:00.0;354.731;219.2808;141.9552;77.3256;555.0286;180.7887;95.0457;85.743;360.9999;1
2019-11-13T13:00:00.0/2019-11-13T14:00:00.0;246.5046;136.6926;78.9323;57.7602;437.8668;102.4482;29.8381;72.6101;181.1825;1
2019-11-13T14:00:00.0/2019-11-13T15:00:00.0;97.8131;41.138;16.5256;24.6124;184.4608;34.451;10.0357;24.4153;96.0787;1
2019-11-13T15:00:00.0/2019-11-13T16:00:00.0;0.4249;0.0974;0.0049;0.0925;0;0.0002;0;0.0002;0;1
2019-11-13T16:00:00.0/2019-11-13T17:00:00.0;0;0;0;0;0;0;0;0;0;1
2019-11-13T17:00:00.0/2019-11-13T18:00:00.0;0;0;0;0;0;0;0;0;0;1
2019-11-13T18:00:00.0/2019-11-13T19:00:00.0;0;0;0;0;0;0;0;0;0;1
2019-11-13T19:00:00.0/2019-11-13T20:00:00.0;0;0;0;0;0;0;0;0;0;1
2019-11-13T20:00:00.0/2019-11-13T21:00:00.0;0;0;0;0;0;0;0;0;0;1
2019-11-13T21:00:00.0/2019-11-13T22:00:00.0;0;0;0;0;0;0;0;0;0;1
2019-11-13T22:00:00.0/2019-11-13T23:00:00.0;0;0;0;0;0;0;0;0;0;1
2019-11-13T23:00:00.0/2019-11-14T00:00:00.0;0;0;0;0;0;0;0;0;0;1
2019-11-14T00:00:00.0/2019-11-14T01:00:00.0;0;0;0;0;0;0;0;0;0;1
2019-11-14T01:00:00.0/2019-11-14T02:00:00.0;0;0;0;0;0;0;0;0;0;1
2019-11-14T02:00:00.0/2019-11-14T03:00:00.0;0;0;0;0;0;0;0;0;0;1
2019-11-14T03:00:00.0/2019-11-14T04:00:00.0;0;0;0;0;0;0;0;0;0;1
2019-11-14T04:00:00.0/2019-11-14T05:00:00.0;0;0;0;0;0;0;0;0;0;1
2019-11-14T05:00:00.0/2019-11-14T06:00:00.0;0;0;0;0;0;0;0;0;0;1
2019-11-14T06:00:00.0/2019-11-14T07:00:00.0;11.3435;3.283;0.4974;2.7857;13.4501;2.0135;0;2.0135;0;1
2019-11-14T07:00:00.0/2019-11-14T08:00:00.0;143.3835;66.0502;30.4757;35.5744;268.6217;58.0213;23.2505;34.7708;188.4005;1
2019-11-14T08:00:00.0/2019-11-14T09:00:00.0;279.9737;162.1339;100.5165;61.6174;493.8813;148.1829;95.8052;52.3777;469.7938;1
2019-11-14T09:00:00.0/2019-11-14T10:00:00.0;373.523;237.2281;163.5842;73.6439;608.1214;220.4849;159.9825;60.5024;594.6293;1
2019-11-14T10:00:00.0/2019-11-14T11:00:00.0;417.6459;274.4467;196.9601;77.4865;656.0121;256.7079;193.4568;63.2511;644.3428;1
2019-11-14T11:00:00.0/2019-11-14T12:00:00.0;409.3253;268.6411;193.6662;74.9749;658.1099;250.8484;189.6475;61.2009;644.4213;1
2019-11-14T12:00:00.0/2019-11-14T13:00:00.0;349.1188;219.9898;152.7475;67.2423;606.9703;203.3227;147.8842;55.4385;587.4127;1
2019-11-14T13:00:00.0/2019-11-14T14:00:00.0;241.1198;135.9183;83.9448;51.9735;476.0217;122.6639;77.4602;45.2037;436.9783;1
2019-11-14T14:00:00.0/2019-11-14T15:00:00.0;92.6783;39.399;17.0018;22.3972;195.7254;32.815;10.4472;22.3678;103.6253;1
2019-11-14T15:00:00.0/2019-11-14T16:00:00.0;0.1462;0.0332;0.0028;0.0304;0;0;0;0;0;1
2019-11-14T16:00:00.0/2019-11-14T17:00:00.0;0;0;0;0;0;0;0;0;0;1
2019-11-14T17:00:00.0/2019-11-14T18:00:00.0;0;0;0;0;0;0;0;0;0;1
2019-11-14T18:00:00.0/2019-11-14T19:00:00.0;0;0;0;0;0;0;0;0;0;1
2019-11-14T19:00:00.0/2019-11-14T20:00:00.0;0;0;0;0;0;0;0;0;0;1
2019-11-14T20:00:00.0/2019-11-14T21:00:00.0;0;0;0;0;0;0;0;0;0;1
2019-11-14T21:00:00.0/2019-11-14T22:00:00.0;0;0;0;0;0;0;0;0;0;1
2019-11-14T22:00:00.0/2019-11-14T23:00:00.0;0;0;0;0;0;0;0;0;0;1
2019-11-14T23:00:00.0/2019-11-15T00:00:00.0;0;0;0;0;0;0;0;0;0;1
2019-11-15T00:00:00.0/2019-11-15T01:00:00.0;0;0;0;0;0;0;0;0;0;1
2019-11-15T01:00:00.0/2019-11-15T02:00:00.0;0;0;0;0;0;0;0;0;0;1
2019-11-15T02:00:00.0/2019-11-15T03:00:00.0;0;0;0;0;0;0;0;0;0;1
2019-11-15T03:00:00.0/2019-11-15T04:00:00.0;0;0;0;0;0;0;0;0;0;1
2019-11-15T04:00:00.0/2019-11-15T05:00:00.0;0;0;0;0;0;0;0;0;0;1
2019-11-15T05:00:00.0/2019-11-15T06:00:00.0;0;0;0;0;0;0;0;0;0;1
2019-11-15T06:00:00.0/2019-11-15T07:00:00.0;9.3448;2.6629;0.3575;2.3054;10.2112;1.5082;0;1.5082;0;1
2019-11-15T07:00:00.0/2019-11-15T08:00:00.0;137.4685;62.5093;28.0432;34.4661;256.0517;38.2298;4.5532;33.6766;49.3434;1
2019-11-15T08:00:00.0/2019-11-15T09:00:00.0;274.0171;156.4281;94.0608;62.3673;472.4693;21.4259;0;21.4259;0;1
2019-11-15T09:00:00.0/2019-11-15T10:00:00.0;367.592;230.0521;153.7552;76.2969;580.9764;30.9721;0;30.9721;0;1
2019-11-15T10:00:00.0/2019-11-15T11:00:00.0;411.8063;266.7332;185.9911;80.7421;628.5311;52.1551;0;52.1551;0;1
2019-11-15T11:00:00.0/2019-11-15T12:00:00.0;403.6371;260.7094;182.5492;78.1601;629.3326;64.9067;0;64.9067;0;1
2019-11-15T12:00:00.0/2019-11-15T13:00:00.0;343.6319;212.1733;142.3504;69.8229;574.681;38.2767;0;38.2767;0;1
2019-11-15T13:00:00.0/2019-11-15T14:00:00.0;235.8706;129.1215;75.5164;53.6051;436.7999;61.6624;1.9538;59.7086;14.7195;1
2019-11-15T14:00:00.0/2019-11-15T15:00:00.0;87.6871;35.7279;13.6893;22.0386;159.5727;27.8813;4.1069;23.7744;42.9216;1
2019-11-15T15:00:00.0/2019-11-15T16:00:00.0;0;0;0;0;0;0;0;0;0;1
2019-11-15T16:00:00.0/2019-11-15T17:00:00.0;0;0;0;0;0;0;0;0;0;1
2019-11-15T17:00:00.0/2019-11-15T18:00:00.0;0;0;0;0;0;0;0;0;0;1
2019-11-15T18:00:00.0/2019-11-15T19:00:00.0;0;0;0;0;0;0;0;0;0;1
2019-11-15T19:00:00.0/2019-11-15T20:00:00.0;0;0;0;0;0;0;0;0;0;1
2019-11-15T20:00:00.0/2019-11-15T21:00:00.0;0;0;0;0;0;0;0;0;0;1
2019-11-15T21:00:00.0/2019-11-15T22:00:00.0;0;0;0;0;0;0;0;0;0;1
2019-11-15T22:00:00.0/2019-11-15T23:00:00.0;0;0;0;0;0;0;0;0;0;1
2019-11-15T23:00:00.0/2019-11-16T00:00:00.0;0;0;0;0;0;0;0;0;0;1
2019-11-16T00:00:00.0/2019-11-16T01:00:00.0;0;0;0;0;0;0;0;0;0;1
2019-11-16T01:00:00.0/2019-11-16T02:00:00.0;0;0;0;0;0;0;0;0;0;1
2019-11-16T02:00:00.0/2019-11-16T03:00:00.0;0;0;0;0;0;0;0;0;0;1
2019-11-16T03:00:00.0/2019-11-16T04:00:00.0;0;0;0;0;0;0;0;0;0;1
2019-11-16T04:00:00.0/2019-11-16T05:00:00.0;0;0;0;0;0;0;0;0;0;1
2019-11-16T05:00:00.0/2019-11-16T06:00:00.0;0;0;0;0;0;0;0;0;0;1
2019-11-16T06:00:00.0/2019-11-16T07:00:00.0;7.5544;1.934;0.1272;1.8068;3.9452;0.9452;0;0.9452;0;1
2019-11-16T07:00:00.0/2019-11-16T08:00:00.0;131.6249;54.3453;19.6224;34.7229;182.3625;32.8159;1.2435;31.5724;13.8442;1
2019-11-16T08:00:00.0/2019-11-16T09:00:00.0;268.1414;141.9968;74.8301;67.1667;383.2391;18.2864;0;18.2864;0;1
2019-11-16T09:00:00.0/2019-11-16T10:00:00.0;361.7532;206.4395;115.1266;91.3129;443.3388;22.6476;0;22.6476;0;1
2019-11-16T10:00:00.0/2019-11-16T11:00:00.0;406.0711;230.2435;119.6454;110.5981;410.4677;39.1609;0;39.1609;0;1
2019-11-16T11:00:00.0/2019-11-16T12:00:00.0;398.0656;215.0511;99.6097;115.4414;347.8738;48.4586;0;48.4586;0;1
2019-11-16T12:00:00.0/2019-11-16T13:00:00.0;338.2733;172.603;74.0419;98.5612;304.5356;48.3893;0;48.3893;0;1
2019-11-16T13:00:00.0/2019-11-16T14:00:00.0;230.7599;108.9921;45.5148;63.4773;271.4438;48.5073;0;48.5073;0;1
2019-11-16T14:00:00.0/2019-11-16T15:00:00.0;82.8538;31.368;10.3536;21.0145;129.095;19.0017;0;19.0017;0;1
2019-11-16T15:00:00.0/2019-11-16T16:00:00.0;0;0;0;0;0;0;0;0;0;1
2019-11-16T16:00:00.0/2019-11-16T17:00:00.0;0;0;0;0;0;0;0;0;0;1
2019-11-16T17:00:00.0/2019-11-16T18:00:00.0;0;0;0;0;0;0;0;0;0;1
2019-11-16T18:00:00.0/2019-11-16T19:00:00.0;0;0;0;0;0;0;0;0;0;1
2019-11-16T19:00:00.0/2019-11-16T20:00:00.0;0;0;0;0;0;0;0;0;0;1
2019-11-16T20:00:00.0/2019-11-16T21:00:00.0;0;0;0;0;0;0;0;0;0;1
2019-11-16T21:00:00.0/2019-11-16T22:00:00.0;0;0;0;0;0;0;0;0;0;1
2019-11-16T22:00:00.0/2019-11-16T23:00:00.0;0;0;0;0;0;0;0;0;0;1
2019-11-16T23:00:00.0/2019-11-17T00:00:00.0;0;0;0;0;0;0;0;0;0;1
2019-11-17T00:00:00.0/2019-11-17T01:00:00.0;0;0;0;0;0;0;0;0;0;1
2019-11-17T01:00:00.0/2019-11-17T02:00:00.0;0;0;0;0;0;0;0;0;0;1
2019-11-17T02:00:00.0/2019-11-17T03:00:00.0;0;0;0;0;0;0;0;0;0;1
2019-11-17T03:00:00.0/2019-11-17T04:00:00.0;0;0;0;0;0;0;0;0;0;1
2019-11-17T04:00:00.0/2019-11-17T05:00:00.0;0;0;0;0;0;0;0;0;0;1
2019-11-17T05:00:00.0/2019-11-17T06:00:00.0;0;0;0;0;0;0;0;0;0;1
2019-11-17T06:00:00.0/2019-11-17T07:00:00.0;5.9677;1.6629;0.2285;1.4344;6.7013;0.7186;0;0.7186;0;1
2019-11-17T07:00:00.0/2019-11-17T08:00:00.0;125.8546;58.2343;28.5232;29.7111;281;35.0783;4.7199;30.3584;54.7435;1
2019-11-17T08:00:00.0/2019-11-17T09:00:00.0;262.3488;152.7796;98.0047;54.7749;514.7491;38.8644;0;38.8644;0;1
2019-11-17T09:00:00.0/2019-11-17T10:00:00.0;356.0088;223.7309;153.2953;70.4356;599.348;92.8008;0.6235;92.1773;2.3023;1
2019-11-17T10:00:00.0/2019-11-17T11:00:00.0;400.4426;254.875;173.516;81.359;603.6751;104.7426;0.792;103.9506;2.817;1
2019-11-17T11:00:00.0/2019-11-17T12:00:00.0;392.613;243.8102;159.0109;84.7993;563.7244;91.0087;0;91.0087;0;1
2019-11-17T12:00:00.0/2019-11-17T13:00:00.0;333.045;192.9481;113.5361;79.412;472.2983;88.0173;0;88.0173;0;1
2019-11-17T13:00:00.0/2019-11-17T14:00:00.0;225.7892;111.8841;51.5891;60.295;308.3421;63.3299;0;63.3299;0;1
2019-11-17T14:00:00.0/2019-11-17T15:00:00.0;78.2591;27.714;6.47;21.2441;77.3514;19.9352;0;19.9352;0;1
2019-11-17T15:00:00.0/2019-11-17T16:00:00.0;0;0;0;0;0;0;0;0;0;1
2019-11-17T16:00:00.0/2019-11-17T17:00:00.0;0;0;0;0;0;0;0;0;0;1
2019-11-17T17:00:00.0/2019-11-17T18:00:00.0;0;0;0;0;0;0;0;0;0;1
2019-11-17T18:00:00.0/2019-11-17T19:00:00.0;0;0;0;0;0;0;0;0;0;1
2019-11-17T19:00:00.0/2019-11-17T20:00:00.0;0;0;0;0;0;0;0;0;0;1
2019-11-17T20:00:00.0/2019-11-17T21:00:00.0;0;0;0;0;0;0;0;0;0;1
2019-11-17T21:00:00.0/2019-11-17T22:00:00.0;0;0;0;0;0;0;0;0;0;1
2019-11-17T22:00:00.0/2019-11-17T23:00:00.0;0;0;0;0;0;0;0;0;0;1
2019-11-17T23:00:00.0/2019-11-18T00:00:00.0;0;0;0;0;0;0;0;0;0;1
2019-11-18T00:00:00.0/2019-11-18T01:00:00.0;0;0;0;0;0;0;0;0;0;1
2019-11-18T01:00:00.0/2019-11-18T02:00:00.0;0;0;0;0;0;0;0;0;0;1
2019-11-18T02:00:00.0/2019-11-18T03:00:00.0;0;0;0;0;0;0;0;0;0;1
2019-11-18T03:00:00.0/2019-11-18T04:00:00.0;0;0;0;0;0;0;0;0;0;1
2019-11-18T04:00:00.0/2019-11-18T05:00:00.0;0;0;0;0;0;0;0;0;0;1
2019-11-18T05:00:00.0/2019-11-18T06:00:00.0;0;0;0;0;0;0;0;0;0;1
2019-11-18T06:00:00.0/2019-11-18T07:00:00.0;4.5799;1.0785;0.0295;1.049;0.9403;0.3852;0;0.3852;0;1
2019-11-18T07:00:00.0/2019-11-18T08:00:00.0;120.1622;47.1507;15.2926;31.8581;148.7339;37.4729;2.7726;34.7002;25.4852;1
2019-11-18T08:00:00.0/2019-11-18T09:00:00.0;256.644;134.1927;71.5273;62.6653;381.2757;113.785;51.476;62.3089;263.5641;1
2019-11-18T09:00:00.0/2019-11-18T10:00:00.0;350.3638;203.0852;121.6905;81.3947;483.6379;145.1235;37.0186;108.1049;154.7516;1
2019-11-18T10:00:00.0/2019-11-18T11:00:00.0;394.9257;233.0026;135.8443;97.1582;479.4575;92.2319;0;92.2319;0;1
2019-11-18T11:00:00.0/2019-11-18T12:00:00.0;387.2843;222.6934;120.8415;101.8519;434.334;111.5629;10.9743;100.5886;40.9733;1
2019-11-18T12:00:00.0/2019-11-18T13:00:00.0;327.952;177.0699;87.6878;89.3821;371.3215;129.586;24.2891;105.297;98.413;1
2019-11-18T13:00:00.0/2019-11-18T14:00:00.0;220.9634;104.4178;43.8267;60.5911;269.1671;64.6851;0;64.6851;0;1
2019-11-18T14:00:00.0/2019-11-18T15:00:00.0;73.9474;25.7551;6.306;19.4491;79.5706;19.5229;0;19.5229;0;1
2019-11-18T15:00:00.0/2019-11-18T16:00:00.0;0;0;0;0;0;0;0;0;0;1
2019-11-18T16:00:00.0/2019-11-18T17:00:00.0;0;0;0;0;0;0;0;0;0;1
2019-11-18T17:00:00.0/2019-11-18T18:00:00.0;0;0;0;0;0;0;0;0;0;1
2019-11-18T18:00:00.0/2019-11-18T19:00:00.0;0;0;0;0;0;0;0;0;0;1
2019-11-18T19:00:00.0/2019-11-18T20:00:00.0;0;0;0;0;0;0;0;0;0;1
2019-11-18T20:00:00.0/2019-11-18T21:00:00.0;0;0;0;0;0;0;0;0;0;1
2019-11-18T21:00:00.0/2019-11-18T22:00:00.0;0;0;0;0;0;0;0;0;0;1
2019-11-18T22:00:00.0/2019-11-18T23:00:00.0;0;0;0;0;0;0;0;0;0;1
2019-11-18T23:00:00.0/2019-11-19T00:00:00.0;0;0;0;0;0;0;0;0;0;1
2019-11-19T00:00:00.0/2019-11-19T01:00:00.0;0;0;0;0;0;0;0;0;0;1
2019-11-19T01:00:00.0/2019-11-19T02:00:00.0;0;0;0;0;0;0;0;0;0;1
2019-11-19T02:00:00.0/2019-11-19T03:00:00.0;0;0;0;0;0;0;0;0;0;1
2019-11-19T03:00:00.0/2019-11-19T04:00:00.0;0;0;0;0;0;0;0;0;0;1
2019-11-19T04:00:00.0/2019-11-19T05:00:00.0;0;0;0;0;0;0;0;0;0;1
2019-11-19T05:00:00.0/2019-11-19T06:00:00.0;0;0;0;0;0;0;0;0;0;1
2019-11-19T06:00:00.0/2019-11-19T07:00:00.0;3.3858;0.8616;0.0731;0.7885;1.6105;0.3105;0;0.3105;0;1
2019-11-19T07:00:00.0/2019-11-19T08:00:00.0;114.5496;50.8358;24.6183;26.2176;258.2692;37.8653;10.8422;27.0231;109.3555;1
2019-11-19T08:00:00.0/2019-11-19T09:00:00.0;251.0293;143.4973;94.2591;49.2382;516.8038;27.5023;0.7312;26.7711;5.1462;1
2019-11-19T09:00:00.0/2019-11-19T10:00:00.0;344.8204;216.0711;154.7813;61.2898;624.8688;24.0509;0;24.0509;0;1
2019-11-19T10:00:00.0/2019-11-19T11:00:00.0;389.5227;251.1991;182.3859;68.8132;652.7636;90.5922;0;90.5922;0;1
2019-11-19T11:00:00.0/2019-11-19T12:00:00.0;382.0816;244.2932;173.5397;70.7535;632.8986;76.7169;0;76.7169;0;1
2019-11-19T12:00:00.0/2019-11-19T13:00:00.0;322.996;196.6822;131.8737;64.8085;567.2493;66.9479;0;66.9479;0;1
2019-11-19T13:00:00.0/2019-11-19T14:00:00.0;216.284;116.2107;67.7166;48.494;426.5365;60.5019;0;60.5019;0;1
2019-11-19T14:00:00.0/2019-11-19T15:00:00.0;69.8601;27.5575;10.3389;17.2185;135.8129;18.5323;0;18.5323;0;1
2019-11-19T15:00:00.0/2019-11-19T16:00:00.0;0;0;0;0;0;0;0;0;0;1
2019-11-19T16:00:00.0/2019-11-19T17:00:00.0;0;0;0;0;0;0;0;0;0;1
2019-11-19T17:00:00.0/2019-11-19T18:00:00.0;0;0;0;0;0;0;0;0;0;1
2019-11-19T18:00:00.0/2019-11-19T19:00:00.0;0;0;0;0;0;0;0;0;0;1
2019-11-19T19:00:00.0/2019-11-19T20:00:00.0;0;0;0;0;0;0;0;0;0;1
2019-11-19T20:00:00.0/2019-11-19T21:00:00.0;0;0;0;0;0;0;0;0;0;1
2019-11-19T21:00:00.0/2019-11-19T22:00:00.0;0;0;0;0;0;0;0;0;0;1
2019-11-19T22:00:00.0/2019-11-19T23:00:00.0;0;0;0;0;0;0;0;0;0;1
2019-11-19T23:00:00.0/2019-11-20T00:00:00.0;0;0;0;0;0;0;0;0;0;1
2019-11-20T00:00:00.0/2019-11-20T01:00:00.0;0;0;0;0;0;0;0;0;0;1
2019-11-20T01:00:00.0/2019-11-20T02:00:00.0;0;0;0;0;0;0;0;0;0;1
2019-11-20T02:00:00.0/2019-11-20T03:00:00.0;0;0;0;0;0;0;0;0;0;1
2019-11-20T03:00:00.0/2019-11-20T04:00:00.0;0;0;0;0;0;0;0;0;0;1
2019-11-20T04:00:00.0/2019-11-20T05:00:00.0;0;0;0;0;0;0;0;0;0;1
2019-11-20T05:00:00.0/2019-11-20T06:00:00.0;0;0;0;0;0;0;0;0;0;1
2019-11-20T06:00:00.0/2019-11-20T07:00:00.0;2.3794;0.5591;0.0124;0.5467;0;0.1564;0;0.1564;0;1
2019-11-20T07:00:00.0/2019-11-20T08:00:00.0;109.0201;43.5188;14.7797;28.7392;157.3923;32.0801;3.6906;28.3895;37.8553;1
2019-11-20T08:00:00.0/2019-11-20T09:00:00.0;245.5078;127.8042;64.5205;63.2837;360.8365;24.6786;0;24.6786;0;1
2019-11-20T09:00:00.0/2019-11-20T10:00:00.0;339.3819;188.8158;95.0017;93.8141;391.4926;21.0301;0;21.0301;0;1
2019-11-20T10:00:00.0/2019-11-20T11:00:00.0;384.2368;208.9785;90.0466;118.9318;327.138;23.9054;0;23.9054;0;1
2019-11-20T11:00:00.0/2019-11-20T12:00:00.0;377.0079;191.2646;65.5101;125.7545;241.747;26.6166;0;26.6166;0;1
2019-11-20T12:00:00.0/2019-11-20T13:00:00.0;318.1799;147.483;41.9483;105.5347;182.8279;35.7786;0;35.7786;0;1
2019-11-20T13:00:00.0/2019-11-20T14:00:00.0;211.7535;84.8791;19.2807;65.5984;123.0722;22.7512;0;22.7512;0;1
2019-11-20T14:00:00.0/2019-11-20T15:00:00.0;66.0401;19.8318;2.2306;17.6012;29.4058;9.1251;0;9.1251;0;1
2019-11-20T15:00:00.0/2019-11-20T16:00:00.0;0;0;0;0;0;0;0;0;0;1
2019-11-20T16:00:00.0/2019-11-20T17:00:00.0;0;0;0;0;0;0;0;0;0;1
2019-11-20T17:00:00.0/2019-11-20T18:00:00.0;0;0;0;0;0;0;0;0;0;1
2019-11-20T18:00:00.0/2019-11-20T19:00:00.0;0;0;0;0;0;0;0;0;0;1
2019-11-20T19:00:00.0/2019-11-20T20:00:00.0;0;0;0;0;0;0;0;0;0;1
2019-11-20T20:00:00.0/2019-11-20T21:00:00.0;0;0;0;0;0;0;0;0;0;1
2019-11-20T21:00:00.0/2019-11-20T22:00:00.0;0;0;0;0;0;0;0;0;0;1
2019-11-20T22:00:00.0/2019-11-20T23:00:00.0;0;0;0;0;0;0;0;0;0;1
2019-11-20T23:00:00.0/2019-11-21T00:00:00.0;0;0;0;0;0;0;0;0;0;1
2019-11-21T00:00:00.0/2019-11-21T01:00:00.0;0;0;0;0;0;0;0;0;0;1
2019-11-21T01:00:00.0/2019-11-21T02:00:00.0;0;0;0;0;0;0;0;0;0;1
2019-11-21T02:00:00.0/2019-11-21T03:00:00.0;0;0;0;0;0;0;0;0;0;1
2019-11-21T03:00:00.0/2019-11-21T04:00:00.0;0;0;0;0;0;0;0;0;0;1
2019-11-21T04:00:00.0/2019-11-21T05:00:00.0;0;0;0;0;0;0;0;0;0;1
2019-11-21T05:00:00.0/2019-11-21T06:00:00.0;0;0;0;0;0;0;0;0;0;1
2019-11-21T06:00:00.0/2019-11-21T07:00:00.0;1.5846;0.3624;0.004;0.3584;0;0.0719;0;0.0719;0;1
2019-11-21T07:00:00.0/2019-11-21T08:00:00.0;103.5766;40.4172;12.8259;27.5913;138.1167;29.5255;2.5737;26.9519;27.0452;1
2019-11-21T08:00:00.0/2019-11-21T09:00:00.0;240.0828;125.7742;65.7139;60.0603;374.3263;23.6664;0;23.6664;0;1
2019-11-21T09:00:00.0/2019-11-21T10:00:00.0;334.0514;198.1729;122.9045;75.2684;511.6822;21.1642;0;21.1642;0;1
2019-11-21T10:00:00.0/2019-11-21T11:00:00.0;379.0711;235.7176;156.2458;79.4717;574.9396;28.8341;0;28.8341;0;1
2019-11-21T11:00:00.0/2019-11-21T12:00:00.0;372.0662;232.0062;156.2541;75.7521;585.8547;37.4683;0;37.4683;0;1
2019-11-21T12:00:00.0/2019-11-21T13:00:00.0;313.5064;186.7071;120.5644;66.1427;534.5212;96.3928;1.1243;95.2685;5.3964;1
2019-11-21T13:00:00.0/2019-11-21T14:00:00.0;207.3743;108.0719;59.8009;48.271;391.9287;74.5022;5.5162;68.9859;45.2243;1
2019-11-21T14:00:00.0/2019-11-21T15:00:00.0;62.4452;23.7012;8.0072;15.694;110.5276;18.841;2.6304;16.2106;30.8021;1
2019-11-21T15:00:00.0/2019-11-21T16:00:00.0;0;0;0;0;0;0;0;0;0;1
2019-11-21T16:00:00.0/2019-11-21T17:00:00.0;0;0;0;0;0;0;0;0;0;1
2019-11-21T17:00:00.0/2019-11-21T18:00:00.0;0;0;0;0;0;0;0;0;0;1
2019-11-21T18:00:00.0/2019-11-21T19:00:00.0;0;0;0;0;0;0;0;0;0;1
2019-11-21T19:00:00.0/2019-11-21T20:00:00.0;0;0;0;0;0;0;0;0;0;1
2019-11-21T20:00:00.0/2019-11-21T21:00:00.0;0;0;0;0;0;0;0;0;0;1
2019-11-21T21:00:00.0/2019-11-21T22:00:00.0;0;0;0;0;0;0;0;0;0;1
2019-11-21T22:00:00.0/2019-11-21T23:00:00.0;0;0;0;0;0;0;0;0;0;1
2019-11-21T23:00:00.0/2019-11-22T00:00:00.0;0;0;0;0;0;0;0;0;0;1
2019-11-22T00:00:00.0/2019-11-22T01:00:00.0;0;0;0;0;0;0;0;0;0;1
2019-11-22T01:00:00.0/2019-11-22T02:00:00.0;0;0;0;0;0;0;0;0;0;1
2019-11-22T02:00:00.0/2019-11-22T03:00:00.0;0;0;0;0;0;0;0;0;0;1
2019-11-22T03:00:00.0/2019-11-22T04:00:00.0;0;0;0;0;0;0;0;0;0;1
2019-11-22T04:00:00.0/2019-11-22T05:00:00.0;0;0;0;0;0;0;0;0;0;1
2019-11-22T05:00:00.0/2019-11-22T06:00:00.0;0;0;0;0;0;0;0;0;0;1
2019-11-22T06:00:00.0/2019-11-22T07:00:00.0;0.9425;0.2114;0.0033;0.2082;0;0.0236;0;0.0236;0;1
2019-11-22T07:00:00.0/2019-11-22T08:00:00.0;98.2222;38.535;13.1872;25.3478;147.9749;29.178;3.3106;25.8674;35.0839;1
2019-11-22T08:00:00.0/2019-11-22T09:00:00.0;234.7573;122.743;65.7266;57.0164;383.5738;38.197;0.565;37.632;4.2137;1
2019-11-22T09:00:00.0/2019-11-22T10:00:00.0;328.8322;191.1276;115.4425;75.6851;489.2048;20.599;0;20.599;0;1
2019-11-22T10:00:00.0/2019-11-22T11:00:00.0;374.0286;222.6478;135.0544;87.5934;504.0396;32.7189;0;32.7189;0;1
2019-11-22T11:00:00.0/2019-11-22T12:00:00.0;367.2593;213.5422;122.7162;90.826;465.922;32.5996;0;32.5996;0;1
2019-11-22T12:00:00.0/2019-11-22T13:00:00.0;308.9781;167.7873;87.3275;80.4598;392.4913;43.5438;0;43.5438;0;1
2019-11-22T13:00:00.0/2019-11-22T14:00:00.0;203.1488;94.5447;39.3566;55.1881;261.2011;44.7846;0;44.7846;0;1
2019-11-22T14:00:00.0/2019-11-22T15:00:00.0;59.0593;19.7801;4.2081;15.572;58.7127;14.628;0;14.628;0;1
2019-11-22T15:00:00.0/2019-11-22T16:00:00.0;0;0;0;0;0;0;0;0;0;1
2019-11-22T16:00:00.0/2019-11-22T17:00:00.0;0;0;0;0;0;0;0;0;0;1
2019-11-22T17:00:00.0/2019-11-22T18:00:00.0;0;0;0;0;0;0;0;0;0;1
2019-11-22T18:00:00.0/2019-11-22T19:00:00.0;0;0;0;0;0;0;0;0;0;1
2019-11-22T19:00:00.0/2019-11-22T20:00:00.0;0;0;0;0;0;0;0;0;0;1
2019-11-22T20:00:00.0/2019-11-22T21:00:00.0;0;0;0;0;0;0;0;0;0;1
2019-11-22T21:00:00.0/2019-11-22T22:00:00.0;0;0;0;0;0;0;0;0;0;1
2019-11-22T22:00:00.0/2019-11-22T23:00:00.0;0;0;0;0;0;0;0;0;0;1
2019-11-22T23:00:00.0/2019-11-23T00:00:00.0;0;0;0;0;0;0;0;0;0;1
2019-11-23T00:00:00.0/2019-11-23T01:00:00.0;0;0;0;0;0;0;0;0;0;1
2019-11-23T01:00:00.0/2019-11-23T02:00:00.0;0;0;0;0;0;0;0;0;0;1
2019-11-23T02:00:00.0/2019-11-23T03:00:00.0;0;0;0;0;0;0;0;0;0;1
2019-11-23T03:00:00.0/2019-11-23T04:00:00.0;0;0;0;0;0;0;0;0;0;1
2019-11-23T04:00:00.0/2019-11-23T05:00:00.0;0;0;0;0;0;0;0;0;0;1
2019-11-23T05:00:00.0/2019-11-23T06:00:00.0;0;0;0;0;0;0;0;0;0;1
2019-11-23T06:00:00.0/2019-11-23T07:00:00.0;0.4694;0.1066;0.0038;0.1028;0;0.0028;0;0.0028;0;1
2019-11-23T07:00:00.0/2019-11-23T08:00:00.0;92.9601;38.1281;15.1992;22.9289;178.41;27.3476;4.1542;23.1934;47.2197;1
2019-11-23T08:00:00.0/2019-11-23T09:00:00.0;229.5347;125.2611;74.1413;51.1197;443.2055;23.501;0;23.501;0;1
2019-11-23T09:00:00.0/2019-11-23T10:00:00.0;323.7274;195.2294;127.7759;67.4535;550.3874;20.7283;0;20.7283;0;1
2019-11-23T10:00:00.0/2019-11-23T11:00:00.0;369.1126;226.8176;148.0815;78.736;560.2485;29.4996;0;29.4996;0;1
2019-11-23T11:00:00.0/2019-11-23T12:00:00.0;362.5901;217.032;134.3504;82.6816;516.8514;44.6539;0;44.6539;0;1
2019-11-23T12:00:00.0/2019-11-23T13:00:00.0;304.5975;169.6732;94.924;74.7493;432.8574;101.6696;26.5034;75.1662;131.1735;1
2019-11-23T13:00:00.0/2019-11-23T14:00:00.0;199.0791;94.543;42.4722;52.0708;287.5505;84.2477;34.9639;49.2838;231.7454;1
2019-11-23T14:00:00.0/2019-11-23T15:00:00.0;55.9095;18.9564;4.4401;14.5163;64.2264;15.0716;0.8071;14.2645;9.2527;1
2019-11-23T15:00:00.0/2019-11-23T16:00:00.0;0;0;0;0;0;0;0;0;0;1
2019-11-23T16:00:00.0/2019-11-23T17:00:00.0;0;0;0;0;0;0;0;0;0;1
2019-11-23T17:00:00.0/2019-11-23T18:00:00.0;0;0;0;0;0;0;0;0;0;1
2019-11-23T18:00:00.0/2019-11-23T19:00:00.0;0;0;0;0;0;0;0;0;0;1
2019-11-23T19:00:00.0/2019-11-23T20:00:00.0;0;0;0;0;0;0;0;0;0;1
2019-11-23T20:00:00.0/2019-11-23T21:00:00.0;0;0;0;0;0;0;0;0;0;1
2019-11-23T21:00:00.0/2019-11-23T22:00:00.0;0;0;0;0;0;0;0;0;0;1
2019-11-23T22:00:00.0/2019-11-23T23:00:00.0;0;0;0;0;0;0;0;0;0;1
2019-11-23T23:00:00.0/2019-11-24T00:00:00.0;0;0;0;0;0;0;0;0;0;1
2019-11-24T00:00:00.0/2019-11-24T01:00:00.0;0;0;0;0;0;0;0;0;0;1
2019-11-24T01:00:00.0/2019-11-24T02:00:00.0;0;0;0;0;0;0;0;0;0;1
2019-11-24T02:00:00.0/2019-11-24T03:00:00.0;0;0;0;0;0;0;0;0;0;1
2019-11-24T03:00:00.0/2019-11-24T04:00:00.0;0;0;0;0;0;0;0;0;0;1
2019-11-24T04:00:00.0/2019-11-24T05:00:00.0;0;0;0;0;0;0;0;0;0;1
2019-11-24T05:00:00.0/2019-11-24T06:00:00.0;0;0;0;0;0;0;0;0;0;1
2019-11-24T06:00:00.0/2019-11-24T07:00:00.0;0.1579;0.0351;0.0022;0.0329;0;0;0;0;0;1
2019-11-24T07:00:00.0/2019-11-24T08:00:00.0;87.7935;35.1427;12.9586;22.1841;157.1008;24.9536;2.7936;22.16;32.8693;1
2019-11-24T08:00:00.0/2019-11-24T09:00:00.0;224.4181;119.356;66.0831;53.273;403.8722;32.4861;0;32.4861;0;1
2019-11-24T09:00:00.0/2019-11-24T10:00:00.0;318.7404;190.4583;120.7543;69.704;527.6089;48.2732;0;48.2732;0;1
2019-11-24T10:00:00.0/2019-11-24T11:00:00.0;364.3259;227.3064;151.5049;75.8014;580.7526;97.9007;0;97.9007;0;1
2019-11-24T11:00:00.0/2019-11-24T12:00:00.0;358.0616;222.8692;148.7172;74.152;579.9604;90.9209;0;90.9209;0;1
2019-11-24T12:00:00.0/2019-11-24T13:00:00.0;300.3673;177.3272;111.8726;65.4546;517.9417;66.4952;0;66.4952;0;1
2019-11-24T13:00:00.0/2019-11-24T14:00:00.0;195.1673;99.6338;52.8178;46.816;366.5993;44.7661;0;44.7661;0;1
2019-11-24T14:00:00.0/2019-11-24T15:00:00.0;52.964;19.4722;6.0713;13.4009;91.3662;13.6635;0;13.6635;0;1
2019-11-24T15:00:00.0/2019-11-24T16:00:00.0;0;0;0;0;0;0;0;0;0;1
2019-11-24T16:00:00.0/2019-11-24T17:00:00.0;0;0;0;0;0;0;0;0;0;1
2019-11-24T17:00:00.0/2019-11-24T18:00:00.0;0;0;0;0;0;0;0;0;0;1
2019-11-24T18:00:00.0/2019-11-24T19:00:00.0;0;0;0;0;0;0;0;0;0;1
2019-11-24T19:00:00.0/2019-11-24T20:00:00.0;0;0;0;0;0;0;0;0;0;1
2019-11-24T20:00:00.0/2019-11-24T21:00:00.0;0;0;0;0;0;0;0;0;0;1
2019-11-24T21:00:00.0/2019-11-24T22:00:00.0;0;0;0;0;0;0;0;0;0;1
2019-11-24T22:00:00.0/2019-11-24T23:00:00.0;0;0;0;0;0;0;0;0;0;1
2019-11-24T23:00:00.0/2019-11-25T00:00:00.0;0;0;0;0;0;0;0;0;0;1
2019-11-25T00:00:00.0/2019-11-25T01:00:00.0;0;0;0;0;0;0;0;0;0;1
2019-11-25T01:00:00.0/2019-11-25T02:00:00.0;0;0;0;0;0;0;0;0;0;1
2019-11-25T02:00:00.0/2019-11-25T03:00:00.0;0;0;0;0;0;0;0;0;0;1
2019-11-25T03:00:00.0/2019-11-25T04:00:00.0;0;0;0;0;0;0;0;0;0;1
2019-11-25T04:00:00.0/2019-11-25T05:00:00.0;0;0;0;0;0;0;0;0;0;1
2019-11-25T05:00:00.0/2019-11-25T06:00:00.0;0;0;0;0;0;0;0;0;0;1
2019-11-25T06:00:00.0/2019-11-25T07:00:00.0;0;0;0;0;0;0;0;0;0;1
2019-11-25T07:00:00.0/2019-11-25T08:00:00.0;82.7256;33.0755;11.91;21.1655;148.7925;23.2502;2.2889;20.9613;27.9006;1
2019-11-25T08:00:00.0/2019-11-25T09:00:00.0;219.4109;116.5907;63.9027;52.688;399.215;22.1424;0;22.1424;0;1
2019-11-25T09:00:00.0/2019-11-25T10:00:00.0;313.8741;186.8941;116.8997;69.9943;519.0211;20.1265;0;20.1265;0;1
2019-11-25T10:00:00.0/2019-11-25T11:00:00.0;359.6717;222.3119;144.4769;77.835;561.2272;25.02;0;25.02;0;1
2019-11-25T11:00:00.0/2019-11-25T12:00:00.0;353.6762;216.6416;138.953;77.6886;548.6939;35.938;0;35.938;0;1
2019-11-25T12:00:00.0/2019-11-25T13:00:00.0;296.2897;171.0674;102.1466;68.9207;479.352;56.0974;0;56.0974;0;1
2019-11-25T13:00:00.0/2019-11-25T14:00:00.0;191.4155;94.895;46.4121;48.483;327.313;65.5454;3.8741;61.6713;34.3069;1
2019-11-25T14:00:00.0/2019-11-25T15:00:00.0;50.2162;17.8281;4.7237;13.1045;72.3065;13.9355;0.7777;13.1578;9.6892;1
2019-11-25T15:00:00.0/2019-11-25T16:00:00.0;0;0;0;0;0;0;0;0;0;1
2019-11-25T16:00:00.0/2019-11-25T17:00:00.0;0;0;0;0;0;0;0;0;0;1
2019-11-25T17:00:00.0/2019-11-25T18:00:00.0;0;0;0;0;0;0;0;0;0;1
2019-11-25T18:00:00.0/2019-11-25T19:00:00.0;0;0;0;0;0;0;0;0;0;1
2019-11-25T19:00:00.0/2019-11-25T20:00:00.0;0;0;0;0;0;0;0;0;0;1
2019-11-25T20:00:00.0/2019-11-25T21:00:00.0;0;0;0;0;0;0;0;0;0;1
2019-11-25T21:00:00.0/2019-11-25T22:00:00.0;0;0;0;0;0;0;0;0;0;1
2019-11-25T22:00:00.0/2019-11-25T23:00:00.0;0;0;0;0;0;0;0;0;0;1
2019-11-25T23:00:00.0/2019-11-26T00:00:00.0;0;0;0;0;0;0;0;0;0;1
2019-11-26T00:00:00.0/2019-11-26T01:00:00.0;0;0;0;0;0;0;0;0;0;1
2019-11-26T01:00:00.0/2019-11-26T02:00:00.0;0;0;0;0;0;0;0;0;0;1
2019-11-26T02:00:00.0/2019-11-26T03:00:00.0;0;0;0;0;0;0;0;0;0;1
2019-11-26T03:00:00.0/2019-11-26T04:00:00.0;0;0;0;0;0;0;0;0;0;1
2019-11-26T04:00:00.0/2019-11-26T05:00:00.0;0;0;0;0;0;0;0;0;0;1
2019-11-26T05:00:00.0/2019-11-26T06:00:00.0;0;0;0;0;0;0;0;0;0;1
2019-11-26T06:00:00.0/2019-11-26T07:00:00.0;0;0;0;0;0;0;0;0;0;1
2019-11-26T07:00:00.0/2019-11-26T08:00:00.0;77.7768;26.8747;5.7964;21.0783;72.2855;18.6486;0;18.6486;0;1
2019-11-26T08:00:00.0/2019-11-26T09:00:00.0;214.5162;100.1788;40.2406;59.9382;255.2953;29.8103;0;29.8103;0;1
2019-11-26T09:00:00.0/2019-11-26T10:00:00.0;309.1318;167.2392;85.0771;82.1621;382.6351;35.3139;0;35.3139;0;1
2019-11-26T10:00:00.0/2019-11-26T11:00:00.0;355.1527;205.3607;117.5677;87.793;462.4517;26.4358;0;26.4358;0;1
2019-11-26T11:00:00.0/2019-11-26T12:00:00.0;349.4368;204.4818;123.1528;81.329;492.6655;25.5769;0;25.5769;0;1
2019-11-26T12:00:00.0/2019-11-26T13:00:00.0;292.367;162.5387;92.9701;69.5685;441.9753;47.4566;0;47.4566;0;1
2019-11-26T13:00:00.0/2019-11-26T14:00:00.0;187.8255;88.96;40.1965;48.7635;287.6159;46.9598;0;46.9598;0;1
2019-11-26T14:00:00.0/2019-11-26T15:00:00.0;47.6386;16.0517;3.5836;12.4681;55.8788;11.3074;0;11.3074;0;1
2019-11-26T15:00:00.0/2019-11-26T16:00:00.0;0;0;0;0;0;0;0;0;0;1
2019-11-26T16:00:00.0/2019-11-26T17:00:00.0;0;0;0;0;0;0;0;0;0;1
2019-11-26T17:00:00.0/2019-11-26T18:00:00.0;0;0;0;0;0;0;0;0;0;1
2019-11-26T18:00:00.0/2019-11-26T19:00:00.0;0;0;0;0;0;0;0;0;0;1
2019-11-26T19:00:00.0/2019-11-26T20:00:00.0;0;0;0;0;0;0;0;0;0;1
2019-11-26T20:00:00.0/2019-11-26T21:00:00.0;0;0;0;0;0;0;0;0;0;1
2019-11-26T21:00:00.0/2019-11-26T22:00:00.0;0;0;0;0;0;0;0;0;0;1
2019-11-26T22:00:00.0/2019-11-26T23:00:00.0;0;0;0;0;0;0;0;0;0;1
2019-11-26T23:00:00.0/2019-11-27T00:00:00.0;0;0;0;0;0;0;0;0;0;1
2019-11-27T00:00:00.0/2019-11-27T01:00:00.0;0;0;0;0;0;0;0;0;0;1
2019-11-27T01:00:00.0/2019-11-27T02:00:00.0;0;0;0;0;0;0;0;0;0;1
2019-11-27T02:00:00.0/2019-11-27T03:00:00.0;0;0;0;0;0;0;0;0;0;1
2019-11-27T03:00:00.0/2019-11-27T04:00:00.0;0;0;0;0;0;0;0;0;0;1
2019-11-27T04:00:00.0/2019-11-27T05:00:00.0;0;0;0;0;0;0;0;0;0;1
2019-11-27T05:00:00.0/2019-11-27T06:00:00.0;0;0;0;0;0;0;0;0;0;1
2019-11-27T06:00:00.0/2019-11-27T07:00:00.0;0;0;0;0;0;0;0;0;0;1
2019-11-27T07:00:00.0/2019-11-27T08:00:00.0;73.0525;27.8558;8.915;18.9408;116.5345;19.8653;0.9221;18.9432;11.846;1
2019-11-27T08:00:00.0/2019-11-27T09:00:00.0;209.7372;108.7462;58.0552;50.691;377.8008;58.8223;0.4406;58.3817;2.3676;1
2019-11-27T09:00:00.0/2019-11-27T10:00:00.0;304.5165;178.4439;110.9702;67.4737;508.177;85.482;0.2936;85.1884;1.5256;1
2019-11-27T10:00:00.0/2019-11-27T11:00:00.0;350.7721;212.8293;136.9922;75.8371;546.0563;69.4745;0;69.4745;0;1
2019-11-27T11:00:00.0/2019-11-27T12:00:00.0;345.3459;206.8196;130.4917;76.3279;528.0235;41.2285;0;41.2285;0;1
2019-11-27T12:00:00.0/2019-11-27T13:00:00.0;288.6015;162.4177;95.4147;67.003;460.0764;66.6743;0;66.6743;0;1
2019-11-27T13:00:00.0/2019-11-27T14:00:00.0;184.3992;88.9513;43.2035;45.7478;316.1196;58.7862;1.4197;57.3664;13.6758;1
2019-11-27T14:00:00.0/2019-11-27T15:00:00.0;45.269;15.5888;4.0688;11.52;65.6899;11.8869;0.2521;11.6348;3.2442;1
2019-11-27T15:00:00.0/2019-11-27T16:00:00.0;0;0;0;0;0;0;0;0;0;1
2019-11-27T16:00:00.0/2019-11-27T17:00:00.0;0;0;0;0;0;0;0;0;0;1
2019-11-27T17:00:00.0/2019-11-27T18:00:00.0;0;0;0;0;0;0;0;0;0;1
2019-11-27T18:00:00.0/2019-11-27T19:00:00.0;0;0;0;0;0;0;0;0;0;1
2019-11-27T19:00:00.0/2019-11-27T20:00:00.0;0;0;0;0;0;0;0;0;0;1
2019-11-27T20:00:00.0/2019-11-27T21:00:00.0;0;0;0;0;0;0;0;0;0;1
2019-11-27T21:00:00.0/2019-11-27T22:00:00.0;0;0;0;0;0;0;0;0;0;1
2019-11-27T22:00:00.0/2019-11-27T23:00:00.0;0;0;0;0;0;0;0;0;0;1
2019-11-27T23:00:00.0/2019-11-28T00:00:00.0;0;0;0;0;0;0;0;0;0;1
2019-11-28T00:00:00.0/2019-11-28T01:00:00.0;0;0;0;0;0;0;0;0;0;1
2019-11-28T01:00:00.0/2019-11-28T02:00:00.0;0;0;0;0;0;0;0;0;0;1
2019-11-28T02:00:00.0/2019-11-28T03:00:00.0;0;0;0;0;0;0;0;0;0;1
2019-11-28T03:00:00.0/2019-11-28T04:00:00.0;0;0;0;0;0;0;0;0;0;1
2019-11-28T04:00:00.0/2019-11-28T05:00:00.0;0;0;0;0;0;0;0;0;0;1
2019-11-28T05:00:00.0/2019-11-28T06:00:00.0;0;0;0;0;0;0;0;0;0;1
2019-11-28T06:00:00.0/2019-11-28T07:00:00.0;0;0;0;0;0;0;0;0;0;1
2019-11-28T07:00:00.0/2019-11-28T08:00:00.0;68.5647;26.2072;8.7793;17.4278;119.397;21.4347;3.8729;17.5619;44.4321;1
2019-11-28T08:00:00.0/2019-11-28T09:00:00.0;205.0772;105.7151;56.7153;48.9998;378.185;50.2732;3.1179;47.1553;26.2048;1
2019-11-28T09:00:00.0/2019-11-28T10:00:00.0;300.0314;175.2826;109.4309;65.8517;508.4051;75.6399;0;75.6399;0;1
2019-11-28T10:00:00.0/2019-11-28T11:00:00.0;346.5324;211.9735;139.7136;72.2598;563.8239;55.7931;0;55.7931;0;1
2019-11-28T11:00:00.0/2019-11-28T12:00:00.0;341.4059;208.3855;137.3509;71.0346;562.5322;94.4842;0;94.4842;0;1
2019-11-28T12:00:00.0/2019-11-28T13:00:00.0;284.9953;165.302;103.6259;61.6762;506.5271;69.1902;0;69.1902;0;1
2019-11-28T13:00:00.0/2019-11-28T14:00:00.0;181.1382;91.1635;48.8798;42.2837;365.633;66.9984;9.9123;57.0861;84.4846;1
2019-11-28T14:00:00.0/2019-11-28T15:00:00.0;43.074;15.5679;4.9523;10.6156;83.0779;11.9587;0.9853;10.9734;13.4439;1
2019-11-28T15:00:00.0/2019-11-28T16:00:00.0;0;0;0;0;0;0;0;0;0;1
2019-11-28T16:00:00.0/2019-11-28T17:00:00.0;0;0;0;0;0;0;0;0;0;1
2019-11-28T17:00:00.0/2019-11-28T18:00:00.0;0;0;0;0;0;0;0;0;0;1
2019-11-28T18:00:00.0/2019-11-28T19:00:00.0;0;0;0;0;0;0;0;0;0;1
2019-11-28T19:00:00.0/2019-11-28T20:00:00.0;0;0;0;0;0;0;0;0;0;1
2019-11-28T20:00:00.0/2019-11-28T21:00:00.0;0;0;0;0;0;0;0;0;0;1
2019-11-28T21:00:00.0/2019-11-28T22:00:00.0;0;0;0;0;0;0;0;0;0;1
2019-11-28T22:00:00.0/2019-11-28T23:00:00.0;0;0;0;0;0;0;0;0;0;1
2019-11-28T23:00:00.0/2019-11-29T00:00:00.0;0;0;0;0;0;0;0;0;0;1
2019-11-29T00:00:00.0/2019-11-29T01:00:00.0;0;0;0;0;0;0;0;0;0;1
2019-11-29T01:00:00.0/2019-11-29T02:00:00.0;0;0;0;0;0;0;0;0;0;1
2019-11-29T02:00:00.0/2019-11-29T03:00:00.0;0;0;0;0;0;0;0;0;0;1
2019-11-29T03:00:00.0/2019-11-29T04:00:00.0;0;0;0;0;0;0;0;0;0;1
2019-11-29T04:00:00.0/2019-11-29T05:00:00.0;0;0;0;0;0;0;0;0;0;1
2019-11-29T05:00:00.0/2019-11-29T06:00:00.0;0;0;0;0;0;0;0;0;0;1
2019-11-29T06:00:00.0/2019-11-29T07:00:00.0;0;0;0;0;0;0;0;0;0;1
2019-11-29T07:00:00.0/2019-11-29T08:00:00.0;64.3328;26.6622;11.5177;15.1445;163.307;21.8327;6.333;15.4996;77.6395;1
2019-11-29T08:00:00.0/2019-11-29T09:00:00.0;200.5392;112.8481;74.4039;38.4441;507.5875;35.232;4.7723;30.4597;42.6612;1
2019-11-29T09:00:00.0/2019-11-29T10:00:00.0;295.6793;184.8811;135.0229;49.8582;638.134;25.0803;0;25.0803;0;1
2019-11-29T10:00:00.0/2019-11-29T11:00:00.0;342.4365;218.6586;158.8808;59.7778;649.291;43.6535;0;43.6535;0;1
2019-11-29T11:00:00.0/2019-11-29T12:00:00.0;337.6193;211.1494;146.6901;64.4593;607.4305;48.3924;0;48.3924;0;1
2019-11-29T12:00:00.0/2019-11-29T13:00:00.0;281.5504;166.1675;107.5377;58.6297;532.4102;67.3647;0.0095;67.3552;0.0546;1
2019-11-29T13:00:00.0/2019-11-29T14:00:00.0;178.0441;91.7625;51.4022;40.3603;391.6496;40.2945;0;40.2945;0;1
2019-11-29T14:00:00.0/2019-11-29T15:00:00.0;41.0463;15.305;5.2858;10.0192;91.5558;8.8731;0;8.8731;0;1
2019-11-29T15:00:00.0/2019-11-29T16:00:00.0;0;0;0;0;0;0;0;0;0;1
2019-11-29T16:00:00.0/2019-11-29T17:00:00.0;0;0;0;0;0;0;0;0;0;1
2019-11-29T17:00:00.0/2019-11-29T18:00:00.0;0;0;0;0;0;0;0;0;0;1
2019-11-29T18:00:00.0/2019-11-29T19:00:00.0;0;0;0;0;0;0;0;0;0;1
2019-11-29T19:00:00.0/2019-11-29T20:00:00.0;0;0;0;0;0;0;0;0;0;1
2019-11-29T20:00:00.0/2019-11-29T21:00:00.0;0;0;0;0;0;0;0;0;0;1
2019-11-29T21:00:00.0/2019-11-29T22:00:00.0;0;0;0;0;0;0;0;0;0;1
2019-11-29T22:00:00.0/2019-11-29T23:00:00.0;0;0;0;0;0;0;0;0;0;1
2019-11-29T23:00:00.0/2019-11-30T00:00:00.0;0;0;0;0;0;0;0;0;0;1
2019-11-30T00:00:00.0/2019-11-30T01:00:00.0;0;0;0;0;0;0;0;0;0;1
2019-11-30T01:00:00.0/2019-11-30T02:00:00.0;0;0;0;0;0;0;0;0;0;1
2019-11-30T02:00:00.0/2019-11-30T03:00:00.0;0;0;0;0;0;0;0;0;0;1
2019-11-30T03:00:00.0/2019-11-30T04:00:00.0;0;0;0;0;0;0;0;0;0;1
2019-11-30T04:00:00.0/2019-11-30T05:00:00.0;0;0;0;0;0;0;0;0;0;1
2019-11-30T05:00:00.0/2019-11-30T06:00:00.0;0;0;0;0;0;0;0;0;0;1
2019-11-30T06:00:00.0/2019-11-30T07:00:00.0;0;0;0;0;0;0;0;0;0;1
2019-11-30T07:00:00.0/2019-11-30T08:00:00.0;60.3148;25.6461;10.8021;14.844;159.4148;21.0065;6.0556;14.9509;76.8024;1
2019-11-30T08:00:00.0/2019-11-30T09:00:00.0;196.1263;110.7825;67.7325;43.0499;473.7361;94.3015;53.7661;40.5355;381.4566;1
2019-11-30T09:00:00.0/2019-11-30T10:00:00.0;291.4632;184.2822;126.344;57.9382;605.0128;134.9719;59.4073;75.5646;287.7054;1
2019-11-30T10:00:00.0/2019-11-30T11:00:00.0;338.487;222.8094;158.2372;64.5722;654.2344;178.3872;102.2789;76.1083;421.9862;1
2019-11-30T11:00:00.0/2019-11-30T12:00:00.0;333.9885;219.2859;154.2181;65.0678;646.0405;181.9353;113.5715;68.3637;477.3384;1
2019-11-30T12:00:00.0/2019-11-30T13:00:00.0;278.2686;174.3573;116.4522;57.9051;583.5001;152.3773;100.9966;51.3807;501.1812;1
2019-11-30T13:00:00.0/2019-11-30T14:00:00.0;175.1183;95.9956;55.2372;40.7585;427.5237;79.4086;38.5926;40.816;303.0199;1
2019-11-30T14:00:00.0/2019-11-30T15:00:00.0;39.2018;15.5045;5.2756;10.2289;92.3195;12.0335;1.8063;10.2272;26.2916;1
2019-11-30T15:00:00.0/2019-11-30T16:00:00.0;0;0;0;0;0;0;0;0;0;1
2019-11-30T16:00:00.0/2019-11-30T17:00:00.0;0;0;0;0;0;0;0;0;0;1
2019-11-30T17:00:00.0/2019-11-30T18:00:00.0;0;0;0;0;0;0;0;0;0;1
2019-11-30T18:00:00.0/2019-11-30T19:00:00.0;0;0;0;0;0;0;0;0;0;1
2019-11-30T19:00:00.0/2019-11-30T20:00:00.0;0;0;0;0;0;0;0;0;0;1
2019-11-30T20:00:00.0/2019-11-30T21:00:00.0;0;0;0;0;0;0;0;0;0;1
2019-11-30T21:00:00.0/2019-11-30T22:00:00.0;0;0;0;0;0;0;0;0;0;1
2019-11-30T22:00:00.0/2019-11-30T23:00:00.0;0;0;0;0;0;0;0;0;0;1
2019-11-30T23:00:00.0/2019-12-01T00:00:00.0;0;0;0;0;0;0;0;0;0;1
2019-12-01T00:00:00.0/2019-12-01T01:00:00.0;0;0;0;0;0;0;0;0;0;1
2019-12-01T01:00:00.0/2019-12-01T02:00:00.0;0;0;0;0;0;0;0;0;0;1
2019-12-01T02:00:00.0/2019-12-01T03:00:00.0;0;0;0;0;0;0;0;0;0;1
2019-12-01T03:00:00.0/2019-12-01T04:00:00.0;0;0;0;0;0;0;0;0;0;1
2019-12-01T04:00:00.0/2019-12-01T05:00:00.0;0;0;0;0;0;0;0;0;0;1
2019-12-01T05:00:00.0/2019-12-01T06:00:00.0;0;0;0;0;0;0;0;0;0;1
2019-12-01T06:00:00.0/2019-12-01T07:00:00.0;0;0;0;0;0;0;0;0;0;1
2019-12-01T07:00:00.0/2019-12-01T08:00:00.0;56.5134;24.1948;10.5636;13.6312;162.3786;19.5647;5.727;13.8377;75.6058;1
2019-12-01T08:00:00.0/2019-12-01T09:00:00.0;191.8414;108.9302;68.6278;40.3024;490.5539;31.9153;4.4505;27.4649;42.2294;1
2019-12-01T09:00:00.0/2019-12-01T10:00:00.0;287.3858;181.3808;126.0741;55.3068;612.9892;20.9447;0;20.9447;0;1
2019-12-01T10:00:00.0/2019-12-01T11:00:00.0;334.6865;217.3295;152.7355;64.5939;638.9759;35.7373;0;35.7373;0;1
2019-12-01T11:00:00.0/2019-12-01T12:00:00.0;330.5155;211.5062;143.7125;67.7937;608.3571;69.501;0;69.501;0;1
2019-12-01T12:00:00.0/2019-12-01T13:00:00.0;275.1519;166.8833;106.9534;59.9299;542.3896;115.4356;39.3766;76.059;214.24;1
2019-12-01T13:00:00.0/2019-12-01T14:00:00.0;172.3624;91.6404;51.7727;39.8677;408.0735;81.0137;45.2426;35.7711;350.4702;1
2019-12-01T14:00:00.0/2019-12-01T15:00:00.0;37.4935;14.5298;5.2214;9.3084;94.8085;11.163;1.6082;9.5548;23.9694;1
2019-12-01T15:00:00.0/2019-12-01T16:00:00.0;0;0;0;0;0;0;0;0;0;1
2019-12-01T16:00:00.0/2019-12-01T17:00:00.0;0;0;0;0;0;0;0;0;0;1
2019-12-01T17:00:00.0/2019-12-01T18:00:00.0;0;0;0;0;0;0;0;0;0;1
2019-12-01T18:00:00.0/2019-12-01T19:00:00.0;0;0;0;0;0;0;0;0;0;1
2019-12-01T19:00:00.0/2019-12-01T20:00:00.0;0;0;0;0;0;0;0;0;0;1
2019-12-01T20:00:00.0/2019-12-01T21:00:00.0;0;0;0;0;0;0;0;0;0;1
2019-12-01T21:00:00.0/2019-12-01T22:00:00.0;0;0;0;0;0;0;0;0;0;1
2019-12-01T22:00:00.0/2019-12-01T23:00:00.0;0;0;0;0;0;0;0;0;0;1
2019-12-01T23:00:00.0/2019-12-02T00:00:00.0;0;0;0;0;0;0;0;0;0;1
2019-12-02T00:00:00.0/2019-12-02T01:00:00.0;0;0;0;0;0;0;0;0;0;1
2019-12-02T01:00:00.0/2019-12-02T02:00:00.0;0;0;0;0;0;0;0;0;0;1
2019-12-02T02:00:00.0/2019-12-02T03:00:00.0;0;0;0;0;0;0;0;0;0;1
2019-12-02T03:00:00.0/2019-12-02T04:00:00.0;0;0;0;0;0;0;0;0;0;1
2019-12-02T04:00:00.0/2019-12-02T05:00:00.0;0;0;0;0;0;0;0;0;0;1
2019-12-02T05:00:00.0/2019-12-02T06:00:00.0;0;0;0;0;0;0;0;0;0;1
2019-12-02T06:00:00.0/2019-12-02T07:00:00.0;0;0;0;0;0;0;0;0;0;1
2019-12-02T07:00:00.0/2019-12-02T08:00:00.0;52.9558;22.1331;9.4565;12.6765;148.7357;17.8329;4.8113;13.0216;64.9276;1
2019-12-02T08:00:00.0/2019-12-02T09:00:00.0;187.6876;106.0296;67.1052;38.9244;489.2831;38.4559;3.9161;34.5397;38.412;1
2019-12-02T09:00:00.0/2019-12-02T10:00:00.0;283.45;180.3387;128.565;51.7737;633.4367;139.3358;85.9084;53.4273;408.3639;1
2019-12-02T10:00:00.0/2019-12-02T11:00:00.0;331.0374;218.9859;161.7011;57.2848;684.0187;169.9192;93.9257;75.9935;399.119;1
2019-12-02T11:00:00.0/2019-12-02T12:00:00.0;327.2026;215.7912;158.4624;57.3288;678.0471;131.5316;29.5325;101.9991;127.827;1
2019-12-02T12:00:00.0/2019-12-02T13:00:00.0;272.2019;171.1075;119.684;51.4236;613.3394;125.91;54.0796;71.8304;281.7355;1
2019-12-02T13:00:00.0/2019-12-02T14:00:00.0;169.7775;92.954;56.1345;36.8195;447.9988;81.102;47.6883;33.4137;377.1584;1
2019-12-02T14:00:00.0/2019-12-02T15:00:00.0;35.9327;14.0919;5.1597;8.9322;94.7252;10.7912;1.6677;9.1235;25.4396;1
2019-12-02T15:00:00.0/2019-12-02T16:00:00.0;0;0;0;0;0;0;0;0;0;1
2019-12-02T16:00:00.0/2019-12-02T17:00:00.0;0;0;0;0;0;0;0;0;0;1
2019-12-02T17:00:00.0/2019-12-02T18:00:00.0;0;0;0;0;0;0;0;0;0;1
2019-12-02T18:00:00.0/2019-12-02T19:00:00.0;0;0;0;0;0;0;0;0;0;1
2019-12-02T19:00:00.0/2019-12-02T20:00:00.0;0;0;0;0;0;0;0;0;0;1
2019-12-02T20:00:00.0/2019-12-02T21:00:00.0;0;0;0;0;0;0;0;0;0;1
2019-12-02T21:00:00.0/2019-12-02T22:00:00.0;0;0;0;0;0;0;0;0;0;1
2019-12-02T22:00:00.0/2019-12-02T23:00:00.0;0;0;0;0;0;0;0;0;0;1
2019-12-02T23:00:00.0/2019-12-03T00:00:00.0;0;0;0;0;0;0;0;0;0;1
2019-12-03T00:00:00.0/2019-12-03T01:00:00.0;0;0;0;0;0;0;0;0;0;1
2019-12-03T01:00:00.0/2019-12-03T02:00:00.0;0;0;0;0;0;0;0;0;0;1
2019-12-03T02:00:00.0/2019-12-03T03:00:00.0;0;0;0;0;0;0;0;0;0;1
2019-12-03T03:00:00.0/2019-12-03T04:00:00.0;0;0;0;0;0;0;0;0;0;1
2019-12-03T04:00:00.0/2019-12-03T05:00:00.0;0;0;0;0;0;0;0;0;0;1
2019-12-03T05:00:00.0/2019-12-03T06:00:00.0;0;0;0;0;0;0;0;0;0;1
2019-12-03T06:00:00.0/2019-12-03T07:00:00.0;0;0;0;0;0;0;0;0;0;1
2019-12-03T07:00:00.0/2019-12-03T08:00:00.0;49.5844;20.9546;9.5611;11.3935;156.0261;16.8701;4.9642;11.9059;69.4872;1
2019-12-03T08:00:00.0/2019-12-03T09:00:00.0;183.6675;103.2483;67.0579;36.1904;500.5081;90.4574;58.1777;32.2798;433.2737;1
2019-12-03T09:00:00.0/2019-12-03T10:00:00.0;279.6584;175.0046;125.3453;49.6593;626.5273;129.4224;46.7775;82.6449;242.7853;1
2019-12-03T10:00:00.0/2019-12-03T11:00:00.0;327.5421;211.1974;153.8008;57.3966;657.8373;144.2746;31.0324;113.2422;132.4848;1
2019-12-03T11:00:00.0/2019-12-03T12:00:00.0;324.0517;206.3115;146.5367;59.7748;633.1419;157.824;67.5052;90.3187;292.184;1
2019-12-03T12:00:00.0/2019-12-03T13:00:00.0;269.4202;161.7666;107.3649;54.4017;555.6754;109.26;14.5339;94.7261;71.483;1
2019-12-03T13:00:00.0/2019-12-03T14:00:00.0;167.3649;86.4286;48.3837;38.0449;390.1705;54.8741;1.2383;53.6358;13.7539;1
2019-12-03T14:00:00.0/2019-12-03T15:00:00.0;34.5115;12.592;3.9376;8.6544;72.9074;9.2539;0.278;8.9759;4.2015;1
2019-12-03T15:00:00.0/2019-12-03T16:00:00.0;0;0;0;0;0;0;0;0;0;1
2019-12-03T16:00:00.0/2019-12-03T17:00:00.0;0;0;0;0;0;0;0;0;0;1
2019-12-03T17:00:00.0/2019-12-03T18:00:00.0;0;0;0;0;0;0;0;0;0;1
2019-12-03T18:00:00.0/2019-12-03T19:00:00.0;0;0;0;0;0;0;0;0;0;1
2019-12-03T19:00:00.0/2019-12-03T20:00:00.0;0;0;0;0;0;0;0;0;0;1
2019-12-03T20:00:00.0/2019-12-03T21:00:00.0;0;0;0;0;0;0;0;0;0;1
2019-12-03T21:00:00.0/2019-12-03T22:00:00.0;0;0;0;0;0;0;0;0;0;1
2019-12-03T22:00:00.0/2019-12-03T23:00:00.0;0;0;0;0;0;0;0;0;0;1
2019-12-03T23:00:00.0/2019-12-04T00:00:00.0;0;0;0;0;0;0;0;0;0;1
2019-12-04T00:00:00.0/2019-12-04T01:00:00.0;0;0;0;0;0;0;0;0;0;1
2019-12-04T01:00:00.0/2019-12-04T02:00:00.0;0;0;0;0;0;0;0;0;0;1
2019-12-04T02:00:00.0/2019-12-04T03:00:00.0;0;0;0;0;0;0;0;0;0;1
2019-12-04T03:00:00.0/2019-12-04T04:00:00.0;0;0;0;0;0;0;0;0;0;1
2019-12-04T04:00:00.0/2019-12-04T05:00:00.0;0;0;0;0;0;0;0;0;0;1
2019-12-04T05:00:00.0/2019-12-04T06:00:00.0;0;0;0;0;0;0;0;0;0;1
2019-12-04T06:00:00.0/2019-12-04T07:00:00.0;0;0;0;0;0;0;0;0;0;1
2019-12-04T07:00:00.0/2019-12-04T08:00:00.0;46.44;16.8036;4.5037;12.2998;74.1054;13.2865;1.0577;12.2289;14.1399;1
2019-12-04T08:00:00.0/2019-12-04T09:00:00.0;179.784;88.7774;42.0914;46.686;317.7618;25.6865;0.496;25.1905;5.6162;1
2019-12-04T09:00:00.0/2019-12-04T10:00:00.0;276.0134;158.2271;92.3004;65.9267;466.0461;17.5679;0;17.5679;0;1
2019-12-04T10:00:00.0/2019-12-04T11:00:00.0;324.2029;197.7674;126.7112;71.0562;547.4281;60.55;3.6899;56.8601;16.0598;1
2019-12-04T11:00:00.0/2019-12-04T12:00:00.0;321.0648;197.4483;130.1909;67.2574;568.2063;25.3729;0;25.3729;0;1
2019-12-04T12:00:00.0/2019-12-04T13:00:00.0;266.8084;155.8488;97.9117;57.9371;511.5741;31.3663;0;31.3663;0;1
2019-12-04T13:00:00.0/2019-12-04T14:00:00.0;165.1257;82.2765;42.4127;39.8637;345.354;28.9269;0;28.9269;0;1
2019-12-04T14:00:00.0/2019-12-04T15:00:00.0;33.2223;11.7251;3.1952;8.5299;60.85;7.5807;0;7.5807;0;1
2019-12-04T15:00:00.0/2019-12-04T16:00:00.0;0;0;0;0;0;0;0;0;0;1
2019-12-04T16:00:00.0/2019-12-04T17:00:00.0;0;0;0;0;0;0;0;0;0;1
2019-12-04T17:00:00.0/2019-12-04T18:00:00.0;0;0;0;0;0;0;0;0;0;1
2019-12-04T18:00:00.0/2019-12-04T19:00:00.0;0;0;0;0;0;0;0;0;0;1
2019-12-04T19:00:00.0/2019-12-04T20:00:00.0;0;0;0;0;0;0;0;0;0;1
2019-12-04T20:00:00.0/2019-12-04T21:00:00.0;0;0;0;0;0;0;0;0;0;1
2019-12-04T21:00:00.0/2019-12-04T22:00:00.0;0;0;0;0;0;0;0;0;0;1
2019-12-04T22:00:00.0/2019-12-04T23:00:00.0;0;0;0;0;0;0;0;0;0;1
2019-12-04T23:00:00.0/2019-12-05T00:00:00.0;0;0;0;0;0;0;0;0;0;1
2019-12-05T00:00:00.0/2019-12-05T01:00:00.0;0;0;0;0;0;0;0;0;0;1
2019-12-05T01:00:00.0/2019-12-05T02:00:00.0;0;0;0;0;0;0;0;0;0;1
2019-12-05T02:00:00.0/2019-12-05T03:00:00.0;0;0;0;0;0;0;0;0;0;1
2019-12-05T03:00:00.0/2019-12-05T04:00:00.0;0;0;0;0;0;0;0;0;0;1
2019-12-05T04:00:00.0/2019-12-05T05:00:00.0;0;0;0;0;0;0;0;0;0;1
2019-12-05T05:00:00.0/2019-12-05T06:00:00.0;0;0;0;0;0;0;0;0;0;1
2019-12-05T06:00:00.0/2019-12-05T07:00:00.0;0;0;0;0;0;0;0;0;0;1
2019-12-05T07:00:00.0/2019-12-05T08:00:00.0;43.4687;15.2493;3.8885;11.3608;65.3439;12.0553;0.8069;11.2484;10.907;1
2019-12-05T08:00:00.0/2019-12-05T09:00:00.0;176.0395;86.4054;41.9579;44.4476;321.8246;70.1815;25.5964;44.5851;199.6603;1
2019-12-05T09:00:00.0/2019-12-05T10:00:00.0;272.5175;157.8761;96.8658;61.0103;495.2134;116.4848;43.9074;72.5774;221.9687;1
2019-12-05T10:00:00.0/2019-12-05T11:00:00.0;321.0219;200.0451;136.6366;63.4084;596.2056;179.079;123.9311;55.1479;539.6111;1
2019-12-05T11:00:00.0/2019-12-05T12:00:00.0;318.2437;202.8183;146.2973;56.521;644.5816;186.466;141.2554;45.2106;622.2896;1
2019-12-05T12:00:00.0/2019-12-05T13:00:00.0;264.3679;162.5872;114.9467;47.6405;606.9518;147.7085;108.9875;38.7211;575.1011;1
2019-12-05T13:00:00.0/2019-12-05T14:00:00.0;163.0608;87.2298;53.2445;33.9853;442.4218;76.8619;45.8917;30.9702;374.1944;1
2019-12-05T14:00:00.0/2019-12-05T15:00:00.0;32.0961;12.3689;4.7354;7.6336;92.9704;9.3125;1.3184;7.994;21.2747;1
2019-12-05T15:00:00.0/2019-12-05T16:00:00.0;0;0;0;0;0;0;0;0;0;1
2019-12-05T16:00:00.0/2019-12-05T17:00:00.0;0;0;0;0;0;0;0;0;0;1
2019-12-05T17:00:00.0/2019-12-05T18:00:00.0;0;0;0;0;0;0;0;0;0;1
2019-12-05T18:00:00.0/2019-12-05T19:00:00.0;0;0;0;0;0;0;0;0;0;1
2019-12-05T19:00:00.0/2019-12-05T20:00:00.0;0;0;0;0;0;0;0;0;0;1
2019-12-05T20:00:00.0/2019-12-05T21:00:00.0;0;0;0;0;0;0;0;0;0;1
2019-12-05T21:00:00.0/2019-12-05T22:00:00.0;0;0;0;0;0;0;0;0;0;1
2019-12-05T22:00:00.0/2019-12-05T23:00:00.0;0;0;0;0;0;0;0;0;0;1
2019-12-05T23:00:00.0/2019-12-06T00:00:00.0;0;0;0;0;0;0;0;0;0;1
2019-12-06T00:00:00.0/2019-12-06T01:00:00.0;0;0;0;0;0;0;0;0;0;1
2019-12-06T01:00:00.0/2019-12-06T02:00:00.0;0;0;0;0;0;0;0;0;0;1
2019-12-06T02:00:00.0/2019-12-06T03:00:00.0;0;0;0;0;0;0;0;0;0;1
2019-12-06T03:00:00.0/2019-12-06T04:00:00.0;0;0;0;0;0;0;0;0;0;1
2019-12-06T04:00:00.0/2019-12-06T05:00:00.0;0;0;0;0;0;0;0;0;0;1
2019-12-06T05:00:00.0/2019-12-06T06:00:00.0;0;0;0;0;0;0;0;0;0;1
2019-12-06T06:00:00.0/2019-12-06T07:00:00.0;0;0;0;0;0;0;0;0;0;1
2019-12-06T07:00:00.0/2019-12-06T08:00:00.0;40.7133;14.1709;4.0107;10.1602;69.1784;11.0686;0.801;10.2676;11.3255;1
2019-12-06T08:00:00.0/2019-12-06T09:00:00.0;172.4367;85.3211;46.4119;38.9092;363.3681;24.1008;0.4643;23.6365;5.5915;1
2019-12-06T09:00:00.0/2019-12-06T10:00:00.0;269.1732;155.1857;102.6188;52.5669;532.146;16.6395;0;16.6395;0;1
2019-12-06T10:00:00.0/2019-12-06T11:00:00.0;318.0011;193.2699;136.3545;56.9154;601.006;22.7086;0;22.7086;0;1
2019-12-06T11:00:00.0/2019-12-06T12:00:00.0;315.59;192.3091;137.4521;54.857;610.5785;43.8131;0;43.8131;0;1
2019-12-06T12:00:00.0/2019-12-06T13:00:00.0;262.1001;152.3082;104.6903;47.6179;557.7644;69.9517;0;69.9517;0;1
2019-12-06T13:00:00.0/2019-12-06T14:00:00.0;161.1714;81.0793;48.0734;33.0059;403.4193;55.4562;1.8954;53.5607;21.2469;1
2019-12-06T14:00:00.0/2019-12-06T15:00:00.0;31.0673;11.0751;3.9014;7.1737;76.7245;8.034;0.2362;7.7978;3.745;1
2019-12-06T15:00:00.0/2019-12-06T16:00:00.0;0;0;0;0;0;0;0;0;0;1
2019-12-06T16:00:00.0/2019-12-06T17:00:00.0;0;0;0;0;0;0;0;0;0;1
2019-12-06T17:00:00.0/2019-12-06T18:00:00.0;0;0;0;0;0;0;0;0;0;1
2019-12-06T18:00:00.0/2019-12-06T19:00:00.0;0;0;0;0;0;0;0;0;0;1
2019-12-06T19:00:00.0/2019-12-06T20:00:00.0;0;0;0;0;0;0;0;0;0;1
2019-12-06T20:00:00.0/2019-12-06T21:00:00.0;0;0;0;0;0;0;0;0;0;1
2019-12-06T21:00:00.0/2019-12-06T22:00:00.0;0;0;0;0;0;0;0;0;0;1
2019-12-06T22:00:00.0/2019-12-06T23:00:00.0;0;0;0;0;0;0;0;0;0;1
2019-12-06T23:00:00.0/2019-12-07T00:00:00.0;0;0;0;0;0;0;0;0;0;1
2019-12-07T00:00:00.0/2019-12-07T01:00:00.0;0;0;0;0;0;0;0;0;0;1
2019-12-07T01:00:00.0/2019-12-07T02:00:00.0;0;0;0;0;0;0;0;0;0;1
2019-12-07T02:00:00.0/2019-12-07T03:00:00.0;0;0;0;0;0;0;0;0;0;1
2019-12-07T03:00:00.0/2019-12-07T04:00:00.0;0;0;0;0;0;0;0;0;0;1
2019-12-07T04:00:00.0/2019-12-07T05:00:00.0;0;0;0;0;0;0;0;0;0;1
2019-12-07T05:00:00.0/2019-12-07T06:00:00.0;0;0;0;0;0;0;0;0;0;1
2019-12-07T06:00:00.0/2019-12-07T07:00:00.0;0;0;0;0;0;0;0;0;0;1
2019-12-07T07:00:00.0/2019-12-07T08:00:00.0;38.1344;13.9847;4.921;9.0636;89.1019;10.961;1.4155;9.5455;21.1726;1
2019-12-07T08:00:00.0/2019-12-07T09:00:00.0;168.9779;87.7403;52.4681;35.2722;420.9907;34.8194;2.9209;31.8985;32.7211;1
2019-12-07T09:00:00.0/2019-12-07T10:00:00.0;265.9824;159.8299;110.8373;48.9926;582.2831;32.6653;2.9832;29.6821;14.1323;1
2019-12-07T10:00:00.0/2019-12-07T11:00:00.0;315.1426;199.8074;144.039;55.7684;640.8764;147.3656;80.4416;66.924;355.5317;1
2019-12-07T11:00:00.0/2019-12-07T12:00:00.0;313.1055;199.7742;142.9521;56.8221;640.14;170.0049;108.1108;61.8942;482.5536;1
2019-12-07T12:00:00.0/2019-12-07T13:00:00.0;260.0061;157.5327;105.514;52.0187;566.0739;109.6408;28.774;80.8669;149.2578;1
2019-12-07T13:00:00.0/2019-12-07T14:00:00.0;159.4581;82.0241;44.8455;37.1787;377.2878;64.8461;21.2815;43.5646;189.7161;1
2019-12-07T14:00:00.0/2019-12-07T15:00:00.0;30.186;10.7088;2.9745;7.7343;58.5413;8.0074;0.4082;7.5993;6.4703;1
2019-12-07T15:00:00.0/2019-12-07T16:00:00.0;0;0;0;0;0;0;0;0;0;1
2019-12-07T16:00:00.0/2019-12-07T17:00:00.0;0;0;0;0;0;0;0;0;0;1
2019-12-07T17:00:00.0/2019-12-07T18:00:00.0;0;0;0;0;0;0;0;0;0;1
2019-12-07T18:00:00.0/2019-12-07T19:00:00.0;0;0;0;0;0;0;0;0;0;1
2019-12-07T19:00:00.0/2019-12-07T20:00:00.0;0;0;0;0;0;0;0;0;0;1
2019-12-07T20:00:00.0/2019-12-07T21:00:00.0;0;0;0;0;0;0;0;0;0;1
2019-12-07T21:00:00.0/2019-12-07T22:00:00.0;0;0;0;0;0;0;0;0;0;1
2019-12-07T22:00:00.0/2019-12-07T23:00:00.0;0;0;0;0;0;0;0;0;0;1
2019-12-07T23:00:00.0/2019-12-08T00:00:00.0;0;0;0;0;0;0;0;0;0;1
2019-12-08T00:00:00.0/2019-12-08T01:00:00.0;0;0;0;0;0;0;0;0;0;1
2019-12-08T01:00:00.0/2019-12-08T02:00:00.0;0;0;0;0;0;0;0;0;0;1
2019-12-08T02:00:00.0/2019-12-08T03:00:00.0;0;0;0;0;0;0;0;0;0;1
2019-12-08T03:00:00.0/2019-12-08T04:00:00.0;0;0;0;0;0;0;0;0;0;1
2019-12-08T04:00:00.0/2019-12-08T05:00:00.0;0;0;0;0;0;0;0;0;0;1
2019-12-08T05:00:00.0/2019-12-08T06:00:00.0;0;0;0;0;0;0;0;0;0;1
2019-12-08T06:00:00.0/2019-12-08T07:00:00.0;0;0;0;0;0;0;0;0;0;1
2019-12-08T07:00:00.0/2019-12-08T08:00:00.0;35.7156;11.6076;1.9842;9.6233;36.1024;8.8684;0;8.8684;0;1
2019-12-08T08:00:00.0/2019-12-08T09:00:00.0;165.6655;75.2495;28.8284;46.4211;233.145;32.8108;0;32.8108;0;1
2019-12-08T09:00:00.0/2019-12-08T10:00:00.0;262.9475;142.9832;75.5588;67.4244;399.4738;45.437;0;45.437;0;1
2019-12-08T10:00:00.0/2019-12-08T11:00:00.0;312.4482;184.8634;115.572;69.2914;518.3658;29.8624;0;29.8624;0;1
2019-12-08T11:00:00.0/2019-12-08T12:00:00.0;310.7917;188.8521;129.6951;59.157;585.7969;21.5029;0;21.5029;0;1
2019-12-08T12:00:00.0/2019-12-08T13:00:00.0;258.0872;151.4446;103.7251;47.7195;561.2752;52.6647;0.1815;52.4832;1.161;1
2019-12-08T13:00:00.0/2019-12-08T14:00:00.0;157.9218;79.9692;46.2755;33.6937;395.1491;58.395;5.3092;53.0858;53.4364;1
2019-12-08T14:00:00.0/2019-12-08T15:00:00.0;29.3961;10.5016;3.3921;7.1095;68.1275;7.6813;0.2806;7.4007;4.5304;1
2019-12-08T15:00:00.0/2019-12-08T16:00:00.0;0;0;0;0;0;0;0;0;0;1
2019-12-08T16:00:00.0/2019-12-08T17:00:00.0;0;0;0;0;0;0;0;0;0;1
2019-12-08T17:00:00.0/2019-12-08T18:00:00.0;0;0;0;0;0;0;0;0;0;1
2019-12-08T18:00:00.0/2019-12-08T19:00:00.0;0;0;0;0;0;0;0;0;0;1
2019-12-08T19:00:00.0/2019-12-08T20:00:00.0;0;0;0;0;0;0;0;0;0;1
2019-12-08T20:00:00.0/2019-12-08T21:00:00.0;0;0;0;0;0;0;0;0;0;1
2019-12-08T21:00:00.0/2019-12-08T22:00:00.0;0;0;0;0;0;0;0;0;0;1
2019-12-08T22:00:00.0/2019-12-08T23:00:00.0;0;0;0;0;0;0;0;0;0;1
2019-12-08T23:00:00.0/2019-12-09T00:00:00.0;0;0;0;0;0;0;0;0;0;1
2019-12-09T00:00:00.0/2019-12-09T01:00:00.0;0;0;0;0;0;0;0;0;0;1
2019-12-09T01:00:00.0/2019-12-09T02:00:00.0;0;0;0;0;0;0;0;0;0;1
2019-12-09T02:00:00.0/2019-12-09T03:00:00.0;0;0;0;0;0;0;0;0;0;1
2019-12-09T03:00:00.0/2019-12-09T04:00:00.0;0;0;0;0;0;0;0;0;0;1
2019-12-09T04:00:00.0/2019-12-09T05:00:00.0;0;0;0;0;0;0;0;0;0;1
2019-12-09T05:00:00.0/2019-12-09T06:00:00.0;0;0;0;0;0;0;0;0;0;1
2019-12-09T06:00:00.0/2019-12-09T07:00:00.0;0;0;0;0;0;0;0;0;0;1
2019-12-09T07:00:00.0/2019-12-09T08:00:00.0;33.4866;11.845;2.9633;8.8817;55.9261;9.1626;0.4786;8.684;7.2856;1
2019-12-09T08:00:00.0/2019-12-09T09:00:00.0;162.5017;82.209;41.477;40.7319;343.0226;55.772;11.8223;43.9497;107.1276;1
2019-12-09T09:00:00.0/2019-12-09T10:00:00.0;260.0704;153.3528;94.3697;58.983;506.941;127.1025;73.6146;53.4879;389.6921;1
2019-12-09T10:00:00.0/2019-12-09T11:00:00.0;309.9196;191.5908;123.9963;67.5945;561.2997;151.9393;77.0065;74.9329;350.1212;1
2019-12-09T11:00:00.0/2019-12-09T12:00:00.0;308.6499;189.5987;121.0303;68.5684;549.9463;156.8193;88.0199;68.7994;400.5099;1
2019-12-09T12:00:00.0/2019-12-09T13:00:00.0;256.3445;148.8947;89.3797;59.5149;487.0946;96.2378;16.7953;79.4424;88.0823;1
2019-12-09T13:00:00.0/2019-12-09T14:00:00.0;156.5632;78.0643;39.3864;38.6779;338.4046;63.7148;24.1361;39.5786;211.1722;1
2019-12-09T14:00:00.0/2019-12-09T15:00:00.0;28.7494;10.0412;2.625;7.4162;52.8442;7.4253;0.2386;7.1867;3.8335;1
2019-12-09T15:00:00.0/2019-12-09T16:00:00.0;0;0;0;0;0;0;0;0;0;1
2019-12-09T16:00:00.0/2019-12-09T17:00:00.0;0;0;0;0;0;0;0;0;0;1
2019-12-09T17:00:00.0/2019-12-09T18:00:00.0;0;0;0;0;0;0;0;0;0;1
2019-12-09T18:00:00.0/2019-12-09T19:00:00.0;0;0;0;0;0;0;0;0;0;1
2019-12-09T19:00:00.0/2019-12-09T20:00:00.0;0;0;0;0;0;0;0;0;0;1
2019-12-09T20:00:00.0/2019-12-09T21:00:00.0;0;0;0;0;0;0;0;0;0;1
2019-12-09T21:00:00.0/2019-12-09T22:00:00.0;0;0;0;0;0;0;0;0;0;1
2019-12-09T22:00:00.0/2019-12-09T23:00:00.0;0;0;0;0;0;0;0;0;0;1
2019-12-09T23:00:00.0/2019-12-10T00:00:00.0;0;0;0;0;0;0;0;0;0;1
2019-12-10T00:00:00.0/2019-12-10T01:00:00.0;0;0;0;0;0;0;0;0;0;1
2019-12-10T01:00:00.0/2019-12-10T02:00:00.0;0;0;0;0;0;0;0;0;0;1
2019-12-10T02:00:00.0/2019-12-10T03:00:00.0;0;0;0;0;0;0;0;0;0;1
2019-12-10T03:00:00.0/2019-12-10T04:00:00.0;0;0;0;0;0;0;0;0;0;1
2019-12-10T04:00:00.0/2019-12-10T05:00:00.0;0;0;0;0;0;0;0;0;0;1
2019-12-10T05:00:00.0/2019-12-10T06:00:00.0;0;0;0;0;0;0;0;0;0;1
2019-12-10T06:00:00.0/2019-12-10T07:00:00.0;0;0;0;0;0;0;0;0;0;1
2019-12-10T07:00:00.0/2019-12-10T08:00:00.0;31.4164;12.8108;5.5297;7.2811;111.4097;9.8897;2.0995;7.7903;35.6519;1
2019-12-10T08:00:00.0/2019-12-10T09:00:00.0;159.4885;89.9815;58.5634;31.4181;499.658;79.6372;52.4952;27.142;441.5415;1
2019-12-10T09:00:00.0/2019-12-10T10:00:00.0;257.3531;165.4132;121.7779;43.6353;661.8702;146.8345;110.2921;36.5424;601.5884;1
2019-12-10T10:00:00.0/2019-12-10T11:00:00.0;307.5586;206.0076;157.5641;48.4435;718.9029;186.0019;147.5347;38.4672;672.3931;1
2019-12-10T11:00:00.0/2019-12-10T12:00:00.0;306.6816;204.9263;156.7186;48.2076;717.0571;185.5979;149.9252;35.6727;685.9786;1
2019-12-10T12:00:00.0/2019-12-10T13:00:00.0;254.7789;161.2799;116.4937;44.7863;638.3782;143.2165;104.9357;38.2808;571.5929;1
2019-12-10T13:00:00.0/2019-12-10T14:00:00.0;155.3829;83.7546;50.0568;33.6977;433.1602;71.6487;39.3728;32.276;337.5742;1
2019-12-10T14:00:00.0/2019-12-10T15:00:00.0;28.2091;10.521;3.375;7.146;69.2982;7.8271;0.6579;7.1692;11.0443;1
2019-12-10T15:00:00.0/2019-12-10T16:00:00.0;0;0;0;0;0;0;0;0;0;1
2019-12-10T16:00:00.0/2019-12-10T17:00:00.0;0;0;0;0;0;0;0;0;0;1
2019-12-10T17:00:00.0/2019-12-10T18:00:00.0;0;0;0;0;0;0;0;0;0;1
2019-12-10T18:00:00.0/2019-12-10T19:00:00.0;0;0;0;0;0;0;0;0;0;1
2019-12-10T19:00:00.0/2019-12-10T20:00:00.0;0;0;0;0;0;0;0;0;0;1
2019-12-10T20:00:00.0/2019-12-10T21:00:00.0;0;0;0;0;0;0;0;0;0;1
2019-12-10T21:00:00.0/2019-12-10T22:00:00.0;0;0;0;0;0;0;0;0;0;1
2019-12-10T22:00:00.0/2019-12-10T23:00:00.0;0;0;0;0;0;0;0;0;0;1
2019-12-10T23:00:00.0/2019-12-11T00:00:00.0;0;0;0;0;0;0;0;0;0;1
2019-12-11T00:00:00.0/2019-12-11T01:00:00.0;0;0;0;0;0;0;0;0;0;1
2019-12-11T01:00:00.0/2019-12-11T02:00:00.0;0;0;0;0;0;0;0;0;0;1
2019-12-11T02:00:00.0/2019-12-11T03:00:00.0;0;0;0;0;0;0;0;0;0;1
2019-12-11T03:00:00.0/2019-12-11T04:00:00.0;0;0;0;0;0;0;0;0;0;1
2019-12-11T04:00:00.0/2019-12-11T05:00:00.0;0;0;0;0;0;0;0;0;0;1
2019-12-11T05:00:00.0/2019-12-11T06:00:00.0;0;0;0;0;0;0;0;0;0;1
2019-12-11T06:00:00.0/2019-12-11T07:00:00.0;0;0;0;0;0;0;0;0;0;1
2019-12-11T07:00:00.0/2019-12-11T08:00:00.0;29.4994;9.9779;2.7416;7.2362;54.8718;7.5827;0.2916;7.291;4.6752;1
2019-12-11T08:00:00.0/2019-12-11T09:00:00.0;156.6281;75.8916;39.9971;35.8945;343.4944;42.6537;5.3176;37.3361;58.6996;1
2019-12-11T09:00:00.0/2019-12-11T10:00:00.0;254.7973;143.3879;89.1493;54.2386;489.4295;62.3073;0;62.3073;0;1
2019-12-11T10:00:00.0/2019-12-11T11:00:00.0;305.3666;179.2645;114.4304;64.8341;526.0409;31.9865;0;31.9865;0;1
2019-12-11T11:00:00.0/2019-12-11T12:00:00.0;304.888;176.7355;109.4475;67.288;503.5969;40.5291;0;40.5291;0;1
2019-12-11T12:00:00.0/2019-12-11T13:00:00.0;253.3912;138.1603;79.3931;58.7672;437.7877;78.1844;0;78.1844;0;1
2019-12-11T13:00:00.0/2019-12-11T14:00:00.0;154.3814;71.9107;34.0919;37.8187;296.1404;42.0293;0;42.0293;0;1
2019-12-11T14:00:00.0/2019-12-11T15:00:00.0;27.7533;9.0417;2.1104;6.9313;43.331;6.4317;0;6.4317;0;1
2019-12-11T15:00:00.0/2019-12-11T16:00:00.0;0;0;0;0;0;0;0;0;0;1
2019-12-11T16:00:00.0/2019-12-11T17:00:00.0;0;0;0;0;0;0;0;0;0;1
2019-12-11T17:00:00.0/2019-12-11T18:00:00.0;0;0;0;0;0;0;0;0;0;1
2019-12-11T18:00:00.0/2019-12-11T19:00:00.0;0;0;0;0;0;0;0;0;0;1
2019-12-11T19:00:00.0/2019-12-11T20:00:00.0;0;0;0;0;0;0;0;0;0;1
2019-12-11T20:00:00.0/2019-12-11T21:00:00.0;0;0;0;0;0;0;0;0;0;1
2019-12-11T21:00:00.0/2019-12-11T22:00:00.0;0;0;0;0;0;0;0;0;0;1
2019-12-11T22:00:00.0/2019-12-11T23:00:00.0;0;0;0;0;0;0;0;0;0;1
2019-12-11T23:00:00.0/2019-12-12T00:00:00.0;0;0;0;0;0;0;0;0;0;1
2019-12-12T00:00:00.0/2019-12-12T01:00:00.0;0;0;0;0;0;0;0;0;0;1
2019-12-12T01:00:00.0/2019-12-12T02:00:00.0;0;0;0;0;0;0;0;0;0;1
2019-12-12T02:00:00.0/2019-12-12T03:00:00.0;0;0;0;0;0;0;0;0;0;1
2019-12-12T03:00:00.0/2019-12-12T04:00:00.0;0;0;0;0;0;0;0;0;0;1
2019-12-12T04:00:00.0/2019-12-12T05:00:00.0;0;0;0;0;0;0;0;0;0;1
2019-12-12T05:00:00.0/2019-12-12T06:00:00.0;0;0;0;0;0;0;0;0;0;1
2019-12-12T06:00:00.0/2019-12-12T07:00:00.0;0;0;0;0;0;0;0;0;0;1
2019-12-12T07:00:00.0/2019-12-12T08:00:00.0;27.7297;10.2408;4.0562;6.1846;84.9147;7.6988;0.9733;6.7255;16.9272;1
2019-12-12T08:00:00.0/2019-12-12T09:00:00.0;153.9224;80.1888;49.7453;30.4435;438.2366;36.3221;8.3115;28.0107;95.7538;1
2019-12-12T09:00:00.0/2019-12-12T10:00:00.0;252.4049;151.2817;105.5609;45.7208;585.343;44.7996;0;44.7996;0;1
2019-12-12T10:00:00.0/2019-12-12T11:00:00.0;303.3452;190.0278;135.4105;54.6173;626.7705;77.6886;0.1945;77.4941;0.8757;1
2019-12-12T11:00:00.0/2019-12-12T12:00:00.0;303.2702;188.9436;131.24;57.7036;607.3408;121.9237;21.9767;99.9471;102.8132;1
2019-12-12T12:00:00.0/2019-12-12T13:00:00.0;252.1824;146.5926;92.7567;53.8359;512.8317;72.0298;6.4103;65.6195;32.3343;1
2019-12-12T13:00:00.0/2019-12-12T14:00:00.0;153.5592;73.4352;35.9092;37.526;311.2581;46.1443;0.0691;46.0752;0.7372;1
2019-12-12T14:00:00.0/2019-12-12T15:00:00.0;27.434;8.8266;1.9539;6.8727;40.1769;6.115;0;6.115;0;1
2019-12-12T15:00:00.0/2019-12-12T16:00:00.0;0;0;0;0;0;0;0;0;0;1
2019-12-12T16:00:00.0/2019-12-12T17:00:00.0;0;0;0;0;0;0;0;0;0;1
2019-12-12T17:00:00.0/2019-12-12T18:00:00.0;0;0;0;0;0;0;0;0;0;1
2019-12-12T18:00:00.0/2019-12-12T19:00:00.0;0;0;0;0;0;0;0;0;0;1
2019-12-12T19:00:00.0/2019-12-12T20:00:00.0;0;0;0;0;0;0;0;0;0;1
2019-12-12T20:00:00.0/2019-12-12T21:00:00.0;0;0;0;0;0;0;0;0;0;1
2019-12-12T21:00:00.0/2019-12-12T22:00:00.0;0;0;0;0;0;0;0;0;0;1
2019-12-12T22:00:00.0/2019-12-12T23:00:00.0;0;0;0;0;0;0;0;0;0;1
2019-12-12T23:00:00.0/2019-12-13T00:00:00.0;0;0;0;0;0;0;0;0;0;1
2019-12-13T00:00:00.0/2019-12-13T01:00:00.0;0;0;0;0;0;0;0;0;0;1
2019-12-13T01:00:00.0/2019-12-13T02:00:00.0;0;0;0;0;0;0;0;0;0;1
2019-12-13T02:00:00.0/2019-12-13T03:00:00.0;0;0;0;0;0;0;0;0;0;1
2019-12-13T03:00:00.0/2019-12-13T04:00:00.0;0;0;0;0;0;0;0;0;0;1
2019-12-13T04:00:00.0/2019-12-13T05:00:00.0;0;0;0;0;0;0;0;0;0;1
2019-12-13T05:00:00.0/2019-12-13T06:00:00.0;0;0;0;0;0;0;0;0;0;1
2019-12-13T06:00:00.0/2019-12-13T07:00:00.0;0;0;0;0;0;0;0;0;0;1
2019-12-13T07:00:00.0/2019-12-13T08:00:00.0;26.0808;8.6396;2.2296;6.41;47.3197;6.4106;0.112;6.2986;1.8702;1
2019-12-13T08:00:00.0/2019-12-13T09:00:00.0;151.3733;72.5758;36.5999;35.9759;323.8379;61.5413;25.1332;36.4082;219.5047;1
2019-12-13T09:00:00.0/2019-12-13T10:00:00.0;250.1776;141.4752;86.5186;54.9565;483.3364;118.2708;63.1855;55.0853;347.5422;1
2019-12-13T10:00:00.0/2019-12-13T11:00:00.0;301.4958;179.554;115.55;64.004;538.1465;164.6622;111.0624;53.5998;517.2173;1
2019-12-13T11:00:00.0/2019-12-13T12:00:00.0;301.8293;178.4788;113.4864;64.9924;527.8112;125.795;56.3383;69.4567;257.5307;1
2019-12-13T12:00:00.0/2019-12-13T13:00:00.0;251.1531;140.0992;83.9593;56.1399;467.4196;39.7329;0;39.7329;0;1
2019-12-13T13:00:00.0/2019-12-13T14:00:00.0;152.9167;72.9425;36.8273;36.1152;324.1067;27.549;0;27.549;0;1
2019-12-13T14:00:00.0/2019-12-13T15:00:00.0;27.2185;9.0895;2.4742;6.6154;51.8665;5.0978;0;5.0978;0;1
2019-12-13T15:00:00.0/2019-12-13T16:00:00.0;0;0;0;0;0;0;0;0;0;1
2019-12-13T16:00:00.0/2019-12-13T17:00:00.0;0;0;0;0;0;0;0;0;0;1
2019-12-13T17:00:00.0/2019-12-13T18:00:00.0;0;0;0;0;0;0;0;0;0;1
2019-12-13T18:00:00.0/2019-12-13T19:00:00.0;0;0;0;0;0;0;0;0;0;1
2019-12-13T19:00:00.0/2019-12-13T20:00:00.0;0;0;0;0;0;0;0;0;0;1
2019-12-13T20:00:00.0/2019-12-13T21:00:00.0;0;0;0;0;0;0;0;0;0;1
2019-12-13T21:00:00.0/2019-12-13T22:00:00.0;0;0;0;0;0;0;0;0;0;1
2019-12-13T22:00:00.0/2019-12-13T23:00:00.0;0;0;0;0;0;0;0;0;0;1
2019-12-13T23:00:00.0/2019-12-14T00:00:00.0;0;0;0;0;0;0;0;0;0;1
2019-12-14T00:00:00.0/2019-12-14T01:00:00.0;0;0;0;0;0;0;0;0;0;1
2019-12-14T01:00:00.0/2019-12-14T02:00:00.0;0;0;0;0;0;0;0;0;0;1
2019-12-14T02:00:00.0/2019-12-14T03:00:00.0;0;0;0;0;0;0;0;0;0;1
2019-12-14T03:00:00.0/2019-12-14T04:00:00.0;0;0;0;0;0;0;0;0;0;1
2019-12-14T04:00:00.0/2019-12-14T05:00:00.0;0;0;0;0;0;0;0;0;0;1
2019-12-14T05:00:00.0/2019-12-14T06:00:00.0;0;0;0;0;0;0;0;0;0;1
2019-12-14T06:00:00.0/2019-12-14T07:00:00.0;0;0;0;0;0;0;0;0;0;1
2019-12-14T07:00:00.0/2019-12-14T08:00:00.0;24.5874;8.411;2.4584;5.9526;53.4961;6.2107;0.2206;5.9901;3.86;1
2019-12-14T08:00:00.0/2019-12-14T09:00:00.0;148.9827;74.2113;40.5176;33.6937;364.8248;35.4782;4.4994;30.9788;55.5798;1
2019-12-14T09:00:00.0/2019-12-14T10:00:00.0;248.1169;145.3466;94.1153;51.2314;530.4741;32.8069;0;32.8069;0;1
2019-12-14T10:00:00.0/2019-12-14T11:00:00.0;299.8195;184.8798;124.6774;60.2025;584.0403;68.5441;0;68.5441;0;1
2019-12-14T11:00:00.0/2019-12-14T12:00:00.0;300.5663;184.767;122.5363;62.2307;572.4306;43.2787;0;43.2787;0;1
2019-12-14T12:00:00.0/2019-12-14T13:00:00.0;250.3038;145.2977;90.0566;55.2411;502.9066;30.4777;0;30.4777;0;1
2019-12-14T13:00:00.0/2019-12-14T14:00:00.0;152.454;75.1472;38.5257;36.6215;339.2525;25.7117;0;25.7117;0;1
2019-12-14T14:00:00.0/2019-12-14T15:00:00.0;27.1068;9.2194;2.4046;6.8148;50.0711;5.4368;0;5.4368;0;1
2019-12-14T15:00:00.0/2019-12-14T16:00:00.0;0;0;0;0;0;0;0;0;0;1
2019-12-14T16:00:00.0/2019-12-14T17:00:00.0;0;0;0;0;0;0;0;0;0;1
2019-12-14T17:00:00.0/2019-12-14T18:00:00.0;0;0;0;0;0;0;0;0;0;1
2019-12-14T18:00:00.0/2019-12-14T19:00:00.0;0;0;0;0;0;0;0;0;0;1
2019-12-14T19:00:00.0/2019-12-14T20:00:00.0;0;0;0;0;0;0;0;0;0;1
2019-12-14T20:00:00.0/2019-12-14T21:00:00.0;0;0;0;0;0;0;0;0;0;1
2019-12-14T21:00:00.0/2019-12-14T22:00:00.0;0;0;0;0;0;0;0;0;0;1
2019-12-14T22:00:00.0/2019-12-14T23:00:00.0;0;0;0;0;0;0;0;0;0;1
2019-12-14T23:00:00.0/2019-12-15T00:00:00.0;0;0;0;0;0;0;0;0;0;1
2019-12-15T00:00:00.0/2019-12-15T01:00:00.0;0;0;0;0;0;0;0;0;0;1
2019-12-15T01:00:00.0/2019-12-15T02:00:00.0;0;0;0;0;0;0;0;0;0;1
2019-12-15T02:00:00.0/2019-12-15T03:00:00.0;0;0;0;0;0;0;0;0;0;1
2019-12-15T03:00:00.0/2019-12-15T04:00:00.0;0;0;0;0;0;0;0;0;0;1
2019-12-15T04:00:00.0/2019-12-15T05:00:00.0;0;0;0;0;0;0;0;0;0;1
2019-12-15T05:00:00.0/2019-12-15T06:00:00.0;0;0;0;0;0;0;0;0;0;1
2019-12-15T06:00:00.0/2019-12-15T07:00:00.0;0;0;0;0;0;0;0;0;0;1
2019-12-15T07:00:00.0/2019-12-15T08:00:00.0;23.2433;7.8226;2.0613;5.7613;45.651;5.711;0.0951;5.6159;1.681;1
2019-12-15T08:00:00.0/2019-12-15T09:00:00.0;146.7522;71.3593;36.7603;34.599;335.5971;38.7206;5.0178;33.7028;59.6711;1
2019-12-15T09:00:00.0/2019-12-15T10:00:00.0;246.2243;141.9445;90.056;51.8885;510.5589;16.5593;0;16.5593;0;1
2019-12-15T10:00:00.0/2019-12-15T11:00:00.0;298.3178;184.5151;126.9482;57.5669;597.5488;32.654;0;32.654;0;1
2019-12-15T11:00:00.0/2019-12-15T12:00:00.0;299.4819;188.2917;131.9127;56.3789;618.8549;114.2955;49.0567;65.2387;235.1502;1
2019-12-15T12:00:00.0/2019-12-15T13:00:00.0;249.6352;149.9968;99.065;50.9319;554.4156;128.4526;79.6972;48.7554;446.7725;1
2019-12-15T13:00:00.0/2019-12-15T14:00:00.0;152.1713;77.3916;40.9162;36.4754;359.6618;67.7907;33.9126;33.878;288.8872;1
2019-12-15T14:00:00.0/2019-12-15T15:00:00.0;27.0989;9.4001;2.3059;7.0942;47.461;6.9047;0.1706;6.7341;2.823;1
2019-12-15T15:00:00.0/2019-12-15T16:00:00.0;0;0;0;0;0;0;0;0;0;1
2019-12-15T16:00:00.0/2019-12-15T17:00:00.0;0;0;0;0;0;0;0;0;0;1
2019-12-15T17:00:00.0/2019-12-15T18:00:00.0;0;0;0;0;0;0;0;0;0;1
2019-12-15T18:00:00.0/2019-12-15T19:00:00.0;0;0;0;0;0;0;0;0;0;1
2019-12-15T19:00:00.0/2019-12-15T20:00:00.0;0;0;0;0;0;0;0;0;0;1
2019-12-15T20:00:00.0/2019-12-15T21:00:00.0;0;0;0;0;0;0;0;0;0;1
2019-12-15T21:00:00.0/2019-12-15T22:00:00.0;0;0;0;0;0;0;0;0;0;1
2019-12-15T22:00:00.0/2019-12-15T23:00:00.0;0;0;0;0;0;0;0;0;0;1
2019-12-15T23:00:00.0/2019-12-16T00:00:00.0;0;0;0;0;0;0;0;0;0;1
2019-12-16T00:00:00.0/2019-12-16T01:00:00.0;0;0;0;0;0;0;0;0;0;1
2019-12-16T01:00:00.0/2019-12-16T02:00:00.0;0;0;0;0;0;0;0;0;0;1
2019-12-16T02:00:00.0/2019-12-16T03:00:00.0;0;0;0;0;0;0;0;0;0;1
2019-12-16T03:00:00.0/2019-12-16T04:00:00.0;0;0;0;0;0;0;0;0;0;1
2019-12-16T04:00:00.0/2019-12-16T05:00:00.0;0;0;0;0;0;0;0;0;0;1
2019-12-16T05:00:00.0/2019-12-16T06:00:00.0;0;0;0;0;0;0;0;0;0;1
2019-12-16T06:00:00.0/2019-12-16T07:00:00.0;0;0;0;0;0;0;0;0;0;1
2019-12-16T07:00:00.0/2019-12-16T08:00:00.0;22.0007;7.4739;1.9586;5.5154;43.9599;5.4871;0.0975;5.3895;1.7727;1
2019-12-16T08:00:00.0/2019-12-16T09:00:00.0;144.6837;72.5683;39.061;33.5073;360.109;52.1193;8.4475;43.6718;92.4135;1
2019-12-16T09:00:00.0/2019-12-16T10:00:00.0;244.5014;145.007;95.6989;49.3081;546.9997;68.5574;0;68.5574;0;1
2019-12-16T10:00:00.0/2019-12-16T11:00:00.0;296.9917;185.934;131.2975;54.6365;621.0048;123.2305;27.193;96.0374;126.6894;1
2019-12-16T11:00:00.0/2019-12-16T12:00:00.0;298.5771;186.9505;133.6086;53.3419;628.7333;125.2878;18.7905;106.4973;88.2943;1
2019-12-16T12:00:00.0/2019-12-16T13:00:00.0;249.1476;148.2744;101.8586;46.4158;572.1334;97.9194;7.358;90.5614;40.5604;1
2019-12-16T13:00:00.0/2019-12-16T14:00:00.0;152.0687;77.8432;46.0929;31.7503;409.9163;59.039;12.0158;47.0232;118.8115;1
2019-12-16T14:00:00.0/2019-12-16T15:00:00.0;27.1946;9.7099;3.4054;6.3046;71.9797;7.0523;0.4667;6.5856;7.9801;1
2019-12-16T15:00:00.0/2019-12-16T16:00:00.0;0;0;0;0;0;0;0;0;0;1
2019-12-16T16:00:00.0/2019-12-16T17:00:00.0;0;0;0;0;0;0;0;0;0;1
2019-12-16T17:00:00.0/2019-12-16T18:00:00.0;0;0;0;0;0;0;0;0;0;1
2019-12-16T18:00:00.0/2019-12-16T19:00:00.0;0;0;0;0;0;0;0;0;0;1
2019-12-16T19:00:00.0/2019-12-16T20:00:00.0;0;0;0;0;0;0;0;0;0;1
2019-12-16T20:00:00.0/2019-12-16T21:00:00.0;0;0;0;0;0;0;0;0;0;1
2019-12-16T21:00:00.0/2019-12-16T22:00:00.0;0;0;0;0;0;0;0;0;0;1
2019-12-16T22:00:00.0/2019-12-16T23:00:00.0;0;0;0;0;0;0;0;0;0;1
2019-12-16T23:00:00.0/2019-12-17T00:00:00.0;0;0;0;0;0;0;0;0;0;1
2019-12-17T00:00:00.0/2019-12-17T01:00:00.0;0;0;0;0;0;0;0;0;0;1
2019-12-17T01:00:00.0/2019-12-17T02:00:00.0;0;0;0;0;0;0;0;0;0;1
2019-12-17T02:00:00.0/2019-12-17T03:00:00.0;0;0;0;0;0;0;0;0;0;1
2019-12-17T03:00:00.0/2019-12-17T04:00:00.0;0;0;0;0;0;0;0;0;0;1
2019-12-17T04:00:00.0/2019-12-17T05:00:00.0;0;0;0;0;0;0;0;0;0;1
2019-12-17T05:00:00.0/2019-12-17T06:00:00.0;0;0;0;0;0;0;0;0;0;1
2019-12-17T06:00:00.0/2019-12-17T07:00:00.0;0;0;0;0;0;0;0;0;0;1
2019-12-17T07:00:00.0/2019-12-17T08:00:00.0;20.8728;5.7272;0.5126;5.2146;11.7595;4.0196;0;4.0196;0;1
2019-12-17T08:00:00.0/2019-12-17T09:00:00.0;142.7774;56.4052;16.2366;40.1686;148.483;33.5312;0;33.5312;0;1
2019-12-17T09:00:00.0/2019-12-17T10:00:00.0;242.948;117.6866;49.2566;68.43;282.0758;52.432;0;52.432;0;1
2019-12-17T10:00:00.0/2019-12-17T11:00:00.0;295.8409;156.1223;75.2865;80.8358;357.3564;109.2355;16.1817;93.0538;75.4958;1
2019-12-17T11:00:00.0/2019-12-17T12:00:00.0;297.851;158.7959;78.4413;80.3546;370.0512;133.5509;51.2118;82.3391;243.2398;1
2019-12-17T12:00:00.0/2019-12-17T13:00:00.0;248.8399;125.4777;58.4199;67.0578;328.3495;110.4653;46.5733;63.8921;258.4968;1
2019-12-17T13:00:00.0/2019-12-17T14:00:00.0;152.1446;65.0818;24.3957;40.6861;214.4242;55.6797;13.5538;42.1259;113.1742;1
2019-12-17T14:00:00.0/2019-12-17T15:00:00.0;27.3929;8.2292;1.3649;6.8643;28.222;5.9192;0;5.9192;0;1
2019-12-17T15:00:00.0/2019-12-17T16:00:00.0;0;0;0;0;0;0;0;0;0;1
2019-12-17T16:00:00.0/2019-12-17T17:00:00.0;0;0;0;0;0;0;0;0;0;1
2019-12-17T17:00:00.0/2019-12-17T18:00:00.0;0;0;0;0;0;0;0;0;0;1
2019-12-17T18:00:00.0/2019-12-17T19:00:00.0;0;0;0;0;0;0;0;0;0;1
2019-12-17T19:00:00.0/2019-12-17T20:00:00.0;0;0;0;0;0;0;0;0;0;1
2019-12-17T20:00:00.0/2019-12-17T21:00:00.0;0;0;0;0;0;0;0;0;0;1
2019-12-17T21:00:00.0/2019-12-17T22:00:00.0;0;0;0;0;0;0;0;0;0;1
2019-12-17T22:00:00.0/2019-12-17T23:00:00.0;0;0;0;0;0;0;0;0;0;1
2019-12-17T23:00:00.0/2019-12-18T00:00:00.0;0;0;0;0;0;0;0;0;0;1
2019-12-18T00:00:00.0/2019-12-18T01:00:00.0;0;0;0;0;0;0;0;0;0;1
2019-12-18T01:00:00.0/2019-12-18T02:00:00.0;0;0;0;0;0;0;0;0;0;1
2019-12-18T02:00:00.0/2019-12-18T03:00:00.0;0;0;0;0;0;0;0;0;0;1
2019-12-18T03:00:00.0/2019-12-18T04:00:00.0;0;0;0;0;0;0;0;0;0;1
2019-12-18T04:00:00.0/2019-12-18T05:00:00.0;0;0;0;0;0;0;0;0;0;1
2019-12-18T05:00:00.0/2019-12-18T06:00:00.0;0;0;0;0;0;0;0;0;0;1
2019-12-18T06:00:00.0/2019-12-18T07:00:00.0;0;0;0;0;0;0;0;0;0;1
2019-12-18T07:00:00.0/2019-12-18T08:00:00.0;19.854;6.5326;1.7174;4.8152;40.679;4.6832;0.0317;4.6514;0.5977;1
2019-12-18T08:00:00.0/2019-12-18T09:00:00.0;141.0376;69.3344;37.2566;32.0778;351.9938;58.8052;25.6172;33.1881;238.8948;1
2019-12-18T09:00:00.0/2019-12-18T10:00:00.0;241.5683;141.4883;92.6165;48.8718;535.8005;109.3651;43.9356;65.4295;251.6043;1
2019-12-18T10:00:00.0/2019-12-18T11:00:00.0;294.869;183.4188;128.3503;55.0686;611.6187;115.8191;21.5119;94.3071;103.8694;1
2019-12-18T11:00:00.0/2019-12-18T12:00:00.0;297.307;185.7896;131.1987;54.5909;620.2445;110.8331;22.0372;88.7958;103.3091;1
2019-12-18T12:00:00.0/2019-12-18T13:00:00.0;248.715;147.0453;97.9664;49.0789;550.7224;117.8138;64.8374;52.9764;374.7096;1
2019-12-18T13:00:00.0/2019-12-18T14:00:00.0;152.4016;75.9198;41.3321;34.5877;364.1429;66.4966;33.5576;32.939;286.3374;1
2019-12-18T14:00:00.0/2019-12-18T15:00:00.0;27.7262;9.4;2.6235;6.7765;53.987;6.9409;0.2058;6.7351;3.3939;1
2019-12-18T15:00:00.0/2019-12-18T16:00:00.0;0;0;0;0;0;0;0;0;0;1
2019-12-18T16:00:00.0/2019-12-18T17:00:00.0;0;0;0;0;0;0;0;0;0;1
2019-12-18T17:00:00.0/2019-12-18T18:00:00.0;0;0;0;0;0;0;0;0;0;1
2019-12-18T18:00:00.0/2019-12-18T19:00:00.0;0;0;0;0;0;0;0;0;0;1
2019-12-18T19:00:00.0/2019-12-18T20:00:00.0;0;0;0;0;0;0;0;0;0;1
2019-12-18T20:00:00.0/2019-12-18T21:00:00.0;0;0;0;0;0;0;0;0;0;1
2019-12-18T21:00:00.0/2019-12-18T22:00:00.0;0;0;0;0;0;0;0;0;0;1
2019-12-18T22:00:00.0/2019-12-18T23:00:00.0;0;0;0;0;0;0;0;0;0;1
2019-12-18T23:00:00.0/2019-12-19T00:00:00.0;0;0;0;0;0;0;0;0;0;1
2019-12-19T00:00:00.0/2019-12-19T01:00:00.0;0;0;0;0;0;0;0;0;0;1
2019-12-19T01:00:00.0/2019-12-19T02:00:00.0;0;0;0;0;0;0;0;0;0;1
2019-12-19T02:00:00.0/2019-12-19T03:00:00.0;0;0;0;0;0;0;0;0;0;1
2019-12-19T03:00:00.0/2019-12-19T04:00:00.0;0;0;0;0;0;0;0;0;0;1
2019-12-19T04:00:00.0/2019-12-19T05:00:00.0;0;0;0;0;0;0;0;0;0;1
2019-12-19T05:00:00.0/2019-12-19T06:00:00.0;0;0;0;0;0;0;0;0;0;1
2019-12-19T06:00:00.0/2019-12-19T07:00:00.0;0;0;0;0;0;0;0;0;0;1
2019-12-19T07:00:00.0/2019-12-19T08:00:00.0;18.9366;5.9306;1.2953;4.6354;31.1231;4.1699;0;4.1699;0;1
2019-12-19T08:00:00.0/2019-12-19T09:00:00.0;139.4645;64.8513;31.8125;33.0389;302.4073;28.3233;1.6905;26.6328;22.9218;1
2019-12-19T09:00:00.0/2019-12-19T10:00:00.0;240.3622;132.6284;79.0042;53.6242;459.9413;26.5095;0;26.5095;0;1
2019-12-19T10:00:00.0/2019-12-19T11:00:00.0;294.0755;170.629;105.5951;65.034;504.7897;67.5267;0;67.5267;0;1
2019-12-19T11:00:00.0/2019-12-19T12:00:00.0;296.9442;170.3878;102.3157;68.0721;484.1381;68.04;0;68.04;0;1
2019-12-19T12:00:00.0/2019-12-19T13:00:00.0;248.7716;133.2493;72.8547;60.3947;409.2957;55.7195;0;55.7195;0;1
2019-12-19T13:00:00.0/2019-12-19T14:00:00.0;152.838;68.587;29.2748;39.3123;255.583;47.1214;1.416;45.7055;13.9581;1
2019-12-19T14:00:00.0/2019-12-19T15:00:00.0;28.1441;8.7104;1.5801;7.1302;32.2797;6.2619;0;6.2619;0;1
2019-12-19T15:00:00.0/2019-12-19T16:00:00.0;0;0;0;0;0;0;0;0;0;1
2019-12-19T16:00:00.0/2019-12-19T17:00:00.0;0;0;0;0;0;0;0;0;0;1
2019-12-19T17:00:00.0/2019-12-19T18:00:00.0;0;0;0;0;0;0;0;0;0;1
2019-12-19T18:00:00.0/2019-12-19T19:00:00.0;0;0;0;0;0;0;0;0;0;1
2019-12-19T19:00:00.0/2019-12-19T20:00:00.0;0;0;0;0;0;0;0;0;0;1
2019-12-19T20:00:00.0/2019-12-19T21:00:00.0;0;0;0;0;0;0;0;0;0;1
2019-12-19T21:00:00.0/2019-12-19T22:00:00.0;0;0;0;0;0;0;0;0;0;1
2019-12-19T22:00:00.0/2019-12-19T23:00:00.0;0;0;0;0;0;0;0;0;0;1
2019-12-19T23:00:00.0/2019-12-20T00:00:00.0;0;0;0;0;0;0;0;0;0;1
2019-12-20T00:00:00.0/2019-12-20T01:00:00.0;0;0;0;0;0;0;0;0;0;1
2019-12-20T01:00:00.0/2019-12-20T02:00:00.0;0;0;0;0;0;0;0;0;0;1
2019-12-20T02:00:00.0/2019-12-20T03:00:00.0;0;0;0;0;0;0;0;0;0;1
2019-12-20T03:00:00.0/2019-12-20T04:00:00.0;0;0;0;0;0;0;0;0;0;1
2019-12-20T04:00:00.0/2019-12-20T05:00:00.0;0;0;0;0;0;0;0;0;0;1
2019-12-20T05:00:00.0/2019-12-20T06:00:00.0;0;0;0;0;0;0;0;0;0;1
2019-12-20T06:00:00.0/2019-12-20T07:00:00.0;0;0;0;0;0;0;0;0;0;1
2019-12-20T07:00:00.0/2019-12-20T08:00:00.0;18.1433;5.5089;1.0313;4.4776;24.951;3.8749;0;3.8749;0;1
2019-12-20T08:00:00.0/2019-12-20T09:00:00.0;138.0596;63.501;30.5383;32.9627;290.585;27.325;1.1474;26.1775;15.6867;1
2019-12-20T09:00:00.0/2019-12-20T10:00:00.0;239.3307;133.5596;82.1643;51.3953;479.6419;14.2697;0;14.2697;0;1
2019-12-20T10:00:00.0/2019-12-20T11:00:00.0;293.4613;174.7721;115.2044;59.5676;551.7677;31.4494;0;31.4494;0;1
2019-12-20T11:00:00.0/2019-12-20T12:00:00.0;296.7629;177.4351;117.3145;60.1206;555.7482;72.5655;0;72.5655;0;1
2019-12-20T12:00:00.0/2019-12-20T13:00:00.0;249.0096;141.4695;88.9198;52.5497;500.0145;63.2042;0;63.2042;0;1
2019-12-20T13:00:00.0/2019-12-20T14:00:00.0;153.4533;74.8539;39.9209;34.933;351.614;36.218;0;36.218;0;1
2019-12-20T14:00:00.0/2019-12-20T15:00:00.0;28.6673;9.8215;2.9438;6.8777;60.7873;5.7219;0;5.7219;0;1
2019-12-20T15:00:00.0/2019-12-20T16:00:00.0;0;0;0;0;0;0;0;0;0;1
2019-12-20T16:00:00.0/2019-12-20T17:00:00.0;0;0;0;0;0;0;0;0;0;1
2019-12-20T17:00:00.0/2019-12-20T18:00:00.0;0;0;0;0;0;0;0;0;0;1
2019-12-20T18:00:00.0/2019-12-20T19:00:00.0;0;0;0;0;0;0;0;0;0;1
2019-12-20T19:00:00.0/2019-12-20T20:00:00.0;0;0;0;0;0;0;0;0;0;1
2019-12-20T20:00:00.0/2019-12-20T21:00:00.0;0;0;0;0;0;0;0;0;0;1
2019-12-20T21:00:00.0/2019-12-20T22:00:00.0;0;0;0;0;0;0;0;0;0;1
2019-12-20T22:00:00.0/2019-12-20T23:00:00.0;0;0;0;0;0;0;0;0;0;1
2019-12-20T23:00:00.0/2019-12-21T00:00:00.0;0;0;0;0;0;0;0;0;0;1
2019-12-21T00:00:00.0/2019-12-21T01:00:00.0;0;0;0;0;0;0;0;0;0;1
2019-12-21T01:00:00.0/2019-12-21T02:00:00.0;0;0;0;0;0;0;0;0;0;1
2019-12-21T02:00:00.0/2019-12-21T03:00:00.0;0;0;0;0;0;0;0;0;0;1
2019-12-21T03:00:00.0/2019-12-21T04:00:00.0;0;0;0;0;0;0;0;0;0;1
2019-12-21T04:00:00.0/2019-12-21T05:00:00.0;0;0;0;0;0;0;0;0;0;1
2019-12-21T05:00:00.0/2019-12-21T06:00:00.0;0;0;0;0;0;0;0;0;0;1
2019-12-21T06:00:00.0/2019-12-21T07:00:00.0;0;0;0;0;0;0;0;0;0;1
2019-12-21T07:00:00.0/2019-12-21T08:00:00.0;17.4252;5.4483;1.2872;4.1611;32.1457;3.7928;0;3.7928;0;1
2019-12-21T08:00:00.0/2019-12-21T09:00:00.0;136.8243;65.2247;34.4693;30.7554;332.7454;31.9372;2.0139;29.9233;27.897;1
2019-12-21T09:00:00.0/2019-12-21T10:00:00.0;238.4749;137.753;90.9354;46.8176;532.7529;76.3699;2.0445;74.3254;11.4767;1
2019-12-21T10:00:00.0/2019-12-21T11:00:00.0;293.0269;181.103;129.0021;52.1009;618.7667;101.2357;2.1828;99.0529;10.2994;1
2019-12-21T11:00:00.0/2019-12-21T12:00:00.0;296.7633;185.3254;134.7686;50.5569;638.6642;69.9009;0;69.9009;0;1
2019-12-21T12:00:00.0/2019-12-21T13:00:00.0;249.4288;149.4674;105.5939;43.8735;593.3449;35.344;0;35.344;0;1
2019-12-21T13:00:00.0/2019-12-21T14:00:00.0;154.2469;80.6479;50.4258;30.2221;445.2905;32.4122;0;32.4122;0;1
2019-12-21T14:00:00.0/2019-12-21T15:00:00.0;29.3299;10.9798;4.5442;6.4356;93.6438;7.1531;0;7.1531;0;1
2019-12-21T15:00:00.0/2019-12-21T16:00:00.0;0;0;0;0;0;0;0;0;0;1
2019-12-21T16:00:00.0/2019-12-21T17:00:00.0;0;0;0;0;0;0;0;0;0;1
2019-12-21T17:00:00.0/2019-12-21T18:00:00.0;0;0;0;0;0;0;0;0;0;1
2019-12-21T18:00:00.0/2019-12-21T19:00:00.0;0;0;0;0;0;0;0;0;0;1
2019-12-21T19:00:00.0/2019-12-21T20:00:00.0;0;0;0;0;0;0;0;0;0;1
2019-12-21T20:00:00.0/2019-12-21T21:00:00.0;0;0;0;0;0;0;0;0;0;1
2019-12-21T21:00:00.0/2019-12-21T22:00:00.0;0;0;0;0;0;0;0;0;0;1
2019-12-21T22:00:00.0/2019-12-21T23:00:00.0;0;0;0;0;0;0;0;0;0;1
2019-12-21T23:00:00.0/2019-12-22T00:00:00.0;0;0;0;0;0;0;0;0;0;1
2019-12-22T00:00:00.0/2019-12-22T01:00:00.0;0;0;0;0;0;0;0;0;0;1
2019-12-22T01:00:00.0/2019-12-22T02:00:00.0;0;0;0;0;0;0;0;0;0;1
2019-12-22T02:00:00.0/2019-12-22T03:00:00.0;0;0;0;0;0;0;0;0;0;1
2019-12-22T03:00:00.0/2019-12-22T04:00:00.0;0;0;0;0;0;0;0;0;0;1
2019-12-22T04:00:00.0/2019-12-22T05:00:00.0;0;0;0;0;0;0;0;0;0;1
2019-12-22T05:00:00.0/2019-12-22T06:00:00.0;0;0;0;0;0;0;0;0;0;1
2019-12-22T06:00:00.0/2019-12-22T07:00:00.0;0;0;0;0;0;0;0;0;0;1
2019-12-22T07:00:00.0/2019-12-22T08:00:00.0;16.8143;5.4774;1.4977;3.9797;37.3786;3.8026;0.0017;3.8009;0.0348;1
2019-12-22T08:00:00.0/2019-12-22T09:00:00.0;135.7601;65.294;34.3925;30.9016;337.4748;44.1403;5.2127;38.9276;62.6245;1
2019-12-22T09:00:00.0/2019-12-22T10:00:00.0;237.796;135.6533;85.2462;50.4071;501.5154;74.9097;0.1044;74.8053;0.5396;1
2019-12-22T10:00:00.0/2019-12-22T11:00:00.0;292.773;176.4756;116.2509;60.2247;558.3585;112.8967;7.15;105.7467;34.5177;1
2019-12-22T11:00:00.0/2019-12-22T12:00:00.0;296.9456;178.3032;115.8932;62.4101;548.7579;84.1198;0;84.1198;0;1
2019-12-22T12:00:00.0/2019-12-22T13:00:00.0;250.0288;141.6232;85.9831;55.6401;481.3282;77.3439;0;77.3439;0;1
2019-12-22T13:00:00.0/2019-12-22T14:00:00.0;155.218;74.7397;37.1937;37.546;322.7345;49.4032;1.2626;48.1406;14.4466;1
2019-12-22T14:00:00.0/2019-12-22T15:00:00.0;30.0835;10.0573;2.5726;7.4847;51.7783;7.3481;0.0044;7.3437;0.0674;1
2019-12-22T15:00:00.0/2019-12-22T16:00:00.0;0;0;0;0;0;0;0;0;0;1
2019-12-22T16:00:00.0/2019-12-22T17:00:00.0;0;0;0;0;0;0;0;0;0;1
2019-12-22T17:00:00.0/2019-12-22T18:00:00.0;0;0;0;0;0;0;0;0;0;1
2019-12-22T18:00:00.0/2019-12-22T19:00:00.0;0;0;0;0;0;0;0;0;0;1
2019-12-22T19:00:00.0/2019-12-22T20:00:00.0;0;0;0;0;0;0;0;0;0;1
2019-12-22T20:00:00.0/2019-12-22T21:00:00.0;0;0;0;0;0;0;0;0;0;1
2019-12-22T21:00:00.0/2019-12-22T22:00:00.0;0;0;0;0;0;0;0;0;0;1
2019-12-22T22:00:00.0/2019-12-22T23:00:00.0;0;0;0;0;0;0;0;0;0;1
2019-12-22T23:00:00.0/2019-12-23T00:00:00.0;0;0;0;0;0;0;0;0;0;1
2019-12-23T00:00:00.0/2019-12-23T01:00:00.0;0;0;0;0;0;0;0;0;0;1
2019-12-23T01:00:00.0/2019-12-23T02:00:00.0;0;0;0;0;0;0;0;0;0;1
2019-12-23T02:00:00.0/2019-12-23T03:00:00.0;0;0;0;0;0;0;0;0;0;1
2019-12-23T03:00:00.0/2019-12-23T04:00:00.0;0;0;0;0;0;0;0;0;0;1
2019-12-23T04:00:00.0/2019-12-23T05:00:00.0;0;0;0;0;0;0;0;0;0;1
2019-12-23T05:00:00.0/2019-12-23T06:00:00.0;0;0;0;0;0;0;0;0;0;1
2019-12-23T06:00:00.0/2019-12-23T07:00:00.0;0;0;0;0;0;0;0;0;0;1
2019-12-23T07:00:00.0/2019-12-23T08:00:00.0;16.2764;4.6929;0.7446;3.9483;19.0839;3.1759;0;3.1759;0;1
2019-12-23T08:00:00.0/2019-12-23T09:00:00.0;134.8682;59.3293;25.9867;33.3426;251.8832;25.73;0.3923;25.3377;5.5357;1
2019-12-23T09:00:00.0/2019-12-23T10:00:00.0;237.2946;126.4309;69.2053;57.2256;408.2729;26.8713;0;26.8713;0;1
2019-12-23T10:00:00.0/2019-12-23T11:00:00.0;292.7;164.783;91.485;73.2981;439.7401;77.7886;0;77.7886;0;1
2019-12-23T11:00:00.0/2019-12-23T12:00:00.0;297.3097;165.4096;85.6546;79.755;404.9112;81.8026;0;81.8026;0;1
2019-12-23T12:00:00.0/2019-12-23T13:00:00.0;250.8092;130.927;61.5443;69.3827;343.7836;66.088;0.4332;65.6548;2.6681;1
2019-12-23T13:00:00.0/2019-12-23T14:00:00.0;156.3657;69.7213;27.2594;42.4619;234.9679;46.5805;0.0642;46.5163;0.4317;1
2019-12-23T14:00:00.0/2019-12-23T15:00:00.0;30.9804;9.7114;1.8872;7.8242;37.5502;6.3041;0;6.3041;0;1
2019-12-23T15:00:00.0/2019-12-23T16:00:00.0;0;0;0;0;0;0;0;0;0;1
2019-12-23T16:00:00.0/2019-12-23T17:00:00.0;0;0;0;0;0;0;0;0;0;1
2019-12-23T17:00:00.0/2019-12-23T18:00:00.0;0;0;0;0;0;0;0;0;0;1
2019-12-23T18:00:00.0/2019-12-23T19:00:00.0;0;0;0;0;0;0;0;0;0;1
2019-12-23T19:00:00.0/2019-12-23T20:00:00.0;0;0;0;0;0;0;0;0;0;1
2019-12-23T20:00:00.0/2019-12-23T21:00:00.0;0;0;0;0;0;0;0;0;0;1
2019-12-23T21:00:00.0/2019-12-23T22:00:00.0;0;0;0;0;0;0;0;0;0;1
2019-12-23T22:00:00.0/2019-12-23T23:00:00.0;0;0;0;0;0;0;0;0;0;1
2019-12-23T23:00:00.0/2019-12-24T00:00:00.0;0;0;0;0;0;0;0;0;0;1
2019-12-24T00:00:00.0/2019-12-24T01:00:00.0;0;0;0;0;0;0;0;0;0;1
2019-12-24T01:00:00.0/2019-12-24T02:00:00.0;0;0;0;0;0;0;0;0;0;1
2019-12-24T02:00:00.0/2019-12-24T03:00:00.0;0;0;0;0;0;0;0;0;0;1
2019-12-24T03:00:00.0/2019-12-24T04:00:00.0;0;0;0;0;0;0;0;0;0;1
2019-12-24T04:00:00.0/2019-12-24T05:00:00.0;0;0;0;0;0;0;0;0;0;1
2019-12-24T05:00:00.0/2019-12-24T06:00:00.0;0;0;0;0;0;0;0;0;0;1
2019-12-24T06:00:00.0/2019-12-24T07:00:00.0;0;0;0;0;0;0;0;0;0;1
2019-12-24T07:00:00.0/2019-12-24T08:00:00.0;15.8399;4.9564;1.0171;3.9393;25.6047;3.3958;0;3.3958;0;1
2019-12-24T08:00:00.0/2019-12-24T09:00:00.0;134.1498;62.8477;29.5233;33.3244;290.6885;27.2857;1.2356;26.0501;17.6005;1
2019-12-24T09:00:00.0/2019-12-24T10:00:00.0;236.9717;134.5602;81.4115;53.1486;479.19;61.4663;15.1955;46.2707;81.0857;1
2019-12-24T10:00:00.0/2019-12-24T11:00:00.0;292.8082;179.362;121.2406;58.1214;582.0105;122.551;39.7384;82.8126;195.0591;1
2019-12-24T11:00:00.0/2019-12-24T12:00:00.0;297.8554;185.2236;130.2856;54.938;615.4539;90.9289;0;90.9289;0;1
2019-12-24T12:00:00.0/2019-12-24T13:00:00.0;251.7693;149.5215;101.2404;48.281;563.0973;71.6729;0;71.6729;0;1
2019-12-24T13:00:00.0/2019-12-24T14:00:00.0;157.6891;80.171;45.3336;34.8374;389.2159;50.2409;2.869;47.3719;29.6063;1
2019-12-24T14:00:00.0/2019-12-24T15:00:00.0;31.973;11.3997;3.646;7.7536;71.9617;7.4002;0.0617;7.3385;0.9251;1
2019-12-24T15:00:00.0/2019-12-24T16:00:00.0;0;0;0;0;0;0;0;0;0;1
2019-12-24T16:00:00.0/2019-12-24T17:00:00.0;0;0;0;0;0;0;0;0;0;1
2019-12-24T17:00:00.0/2019-12-24T18:00:00.0;0;0;0;0;0;0;0;0;0;1
2019-12-24T18:00:00.0/2019-12-24T19:00:00.0;0;0;0;0;0;0;0;0;0;1
2019-12-24T19:00:00.0/2019-12-24T20:00:00.0;0;0;0;0;0;0;0;0;0;1
2019-12-24T20:00:00.0/2019-12-24T21:00:00.0;0;0;0;0;0;0;0;0;0;1
2019-12-24T21:00:00.0/2019-12-24T22:00:00.0;0;0;0;0;0;0;0;0;0;1
2019-12-24T22:00:00.0/2019-12-24T23:00:00.0;0;0;0;0;0;0;0;0;0;1
2019-12-24T23:00:00.0/2019-12-25T00:00:00.0;0;0;0;0;0;0;0;0;0;1
2019-12-25T00:00:00.0/2019-12-25T01:00:00.0;0;0;0;0;0;0;0;0;0;1
2019-12-25T01:00:00.0/2019-12-25T02:00:00.0;0;0;0;0;0;0;0;0;0;1
2019-12-25T02:00:00.0/2019-12-25T03:00:00.0;0;0;0;0;0;0;0;0;0;1
2019-12-25T03:00:00.0/2019-12-25T04:00:00.0;0;0;0;0;0;0;0;0;0;1
2019-12-25T04:00:00.0/2019-12-25T05:00:00.0;0;0;0;0;0;0;0;0;0;1
2019-12-25T05:00:00.0/2019-12-25T06:00:00.0;0;0;0;0;0;0;0;0;0;1
2019-12-25T06:00:00.0/2019-12-25T07:00:00.0;0;0;0;0;0;0;0;0;0;1
2019-12-25T07:00:00.0/2019-12-25T08:00:00.0;15.4625;4.7632;0.9397;3.8235;24.3275;3.2034;0;3.2034;0;1
2019-12-25T08:00:00.0/2019-12-25T09:00:00.0;133.606;62.4906;30.7451;31.7455;302.0189;29.5251;1.1962;28.3288;17.0694;1
2019-12-25T09:00:00.0/2019-12-25T10:00:00.0;236.8279;132.353;79.1504;53.2026;468.2169;68.8585;1.254;67.6046;6.896;1
2019-12-25T10:00:00.0/2019-12-25T11:00:00.0;293.0978;171.7881;104.7079;67.0803;502.6952;78.2133;0.09;78.1234;0.4481;1
2019-12-25T11:00:00.0/2019-12-25T12:00:00.0;298.5825;172.624;99.8622;72.7618;470.2557;61.6986;0;61.6986;0;1
2019-12-25T12:00:00.0/2019-12-25T13:00:00.0;252.9085;138.0324;74.242;63.7903;411.7327;73.6239;0;73.6239;0;1
2019-12-25T13:00:00.0/2019-12-25T14:00:00.0;159.1869;75.517;35.2425;40.2745;300.7864;39.6588;0;39.6588;0;1
2019-12-25T14:00:00.0/2019-12-25T15:00:00.0;33.1236;11.2663;2.9887;8.2777;58.2926;7.4378;0;7.4378;0;1
2019-12-25T15:00:00.0/2019-12-25T16:00:00.0;0;0;0;0;0;0;0;0;0;1
2019-12-25T16:00:00.0/2019-12-25T17:00:00.0;0;0;0;0;0;0;0;0;0;1
2019-12-25T17:00:00.0/2019-12-25T18:00:00.0;0;0;0;0;0;0;0;0;0;1
2019-12-25T18:00:00.0/2019-12-25T19:00:00.0;0;0;0;0;0;0;0;0;0;1
2019-12-25T19:00:00.0/2019-12-25T20:00:00.0;0;0;0;0;0;0;0;0;0;1
2019-12-25T20:00:00.0/2019-12-25T21:00:00.0;0;0;0;0;0;0;0;0;0;1
2019-12-25T21:00:00.0/2019-12-25T22:00:00.0;0;0;0;0;0;0;0;0;0;1
2019-12-25T22:00:00.0/2019-12-25T23:00:00.0;0;0;0;0;0;0;0;0;0;1
2019-12-25T23:00:00.0/2019-12-26T00:00:00.0;0;0;0;0;0;0;0;0;0;1
2019-12-26T00:00:00.0/2019-12-26T01:00:00.0;0;0;0;0;0;0;0;0;0;1
2019-12-26T01:00:00.0/2019-12-26T02:00:00.0;0;0;0;0;0;0;0;0;0;1
2019-12-26T02:00:00.0/2019-12-26T03:00:00.0;0;0;0;0;0;0;0;0;0;1
2019-12-26T03:00:00.0/2019-12-26T04:00:00.0;0;0;0;0;0;0;0;0;0;1
2019-12-26T04:00:00.0/2019-12-26T05:00:00.0;0;0;0;0;0;0;0;0;0;1
2019-12-26T05:00:00.0/2019-12-26T06:00:00.0;0;0;0;0;0;0;0;0;0;1
2019-12-26T06:00:00.0/2019-12-26T07:00:00.0;0;0;0;0;0;0;0;0;0;1
2019-12-26T07:00:00.0/2019-12-26T08:00:00.0;15.1914;5.0093;1.5335;3.4758;39.9715;3.4065;0.0129;3.3935;0.2754;1
2019-12-26T08:00:00.0/2019-12-26T09:00:00.0;133.2379;66.8679;39.9701;26.8979;398.1342;30.8665;3.716;27.1505;51.8602;1
2019-12-26T09:00:00.0/2019-12-26T10:00:00.0;236.8639;141.4382;99.7169;41.7212;589.5427;19.8582;0;19.8582;0;1
2019-12-26T10:00:00.0/2019-12-26T11:00:00.0;293.569;184.9624;135.6033;49.3591;649.7958;43.6796;0;43.6796;0;1
2019-12-26T11:00:00.0/2019-12-26T12:00:00.0;299.4907;188.8877;137.7808;51.1069;647.2368;50.2352;0;50.2352;0;1
2019-12-26T12:00:00.0/2019-12-26T13:00:00.0;254.2258;152.9043;106.4492;46.4551;587.091;28.5114;0;28.5114;0;1
2019-12-26T13:00:00.0/2019-12-26T14:00:00.0;160.858;84.1504;51.1399;33.0105;433.6324;26.7708;0;26.7708;0;1
2019-12-26T14:00:00.0/2019-12-26T15:00:00.0;34.4027;12.8571;5.0339;7.8232;98.0849;7.1628;0;7.1628;0;1
2019-12-26T15:00:00.0/2019-12-26T16:00:00.0;0;0;0;0;0;0;0;0;0;1
2019-12-26T16:00:00.0/2019-12-26T17:00:00.0;0;0;0;0;0;0;0;0;0;1
2019-12-26T17:00:00.0/2019-12-26T18:00:00.0;0;0;0;0;0;0;0;0;0;1
2019-12-26T18:00:00.0/2019-12-26T19:00:00.0;0;0;0;0;0;0;0;0;0;1
2019-12-26T19:00:00.0/2019-12-26T20:00:00.0;0;0;0;0;0;0;0;0;0;1
2019-12-26T20:00:00.0/2019-12-26T21:00:00.0;0;0;0;0;0;0;0;0;0;1
2019-12-26T21:00:00.0/2019-12-26T22:00:00.0;0;0;0;0;0;0;0;0;0;1
2019-12-26T22:00:00.0/2019-12-26T23:00:00.0;0;0;0;0;0;0;0;0;0;1
2019-12-26T23:00:00.0/2019-12-27T00:00:00.0;0;0;0;0;0;0;0;0;0;1
2019-12-27T00:00:00.0/2019-12-27T01:00:00.0;0;0;0;0;0;0;0;0;0;1
2019-12-27T01:00:00.0/2019-12-27T02:00:00.0;0;0;0;0;0;0;0;0;0;1
2019-12-27T02:00:00.0/2019-12-27T03:00:00.0;0;0;0;0;0;0;0;0;0;1
2019-12-27T03:00:00.0/2019-12-27T04:00:00.0;0;0;0;0;0;0;0;0;0;1
2019-12-27T04:00:00.0/2019-12-27T05:00:00.0;0;0;0;0;0;0;0;0;0;1
2019-12-27T05:00:00.0/2019-12-27T06:00:00.0;0;0;0;0;0;0;0;0;0;1
2019-12-27T06:00:00.0/2019-12-27T07:00:00.0;0;0;0;0;0;0;0;0;0;1
2019-12-27T07:00:00.0/2019-12-27T08:00:00.0;14.9952;4.9116;1.4425;3.4692;37.8991;3.3371;0.0043;3.3328;0.0914;1
2019-12-27T08:00:00.0/2019-12-27T09:00:00.0;133.0465;66.1341;38.1033;28.0309;379.9691;29.4554;3.0919;26.3635;44.0789;1
2019-12-27T09:00:00.0/2019-12-27T10:00:00.0;237.08;141.3586;97.928;43.4306;577.7357;23.3394;0;23.3394;0;1
2019-12-27T10:00:00.0/2019-12-27T11:00:00.0;294.2217;186.9685;137.8401;49.1284;658.939;55.7983;0;55.7983;0;1
2019-12-27T11:00:00.0/2019-12-27T12:00:00.0;300.5793;192.7829;143.9221;48.8609;673.8007;136.3644;65.4451;70.9193;310.5098;1
2019-12-27T12:00:00.0/2019-12-27T13:00:00.0;255.7203;157.7686;114.2644;43.5042;626.9362;132.9357;87.7322;45.2035;470.076;1
2019-12-27T13:00:00.0/2019-12-27T14:00:00.0;162.7008;88.4224;57.2613;31.1611;482.1454;43.9799;1.063;42.9169;7.0199;1
2019-12-27T14:00:00.0/2019-12-27T15:00:00.0;35.8172;14.1582;6.3636;7.7946;121.5573;9.2151;0;9.2151;0;1
2019-12-27T15:00:00.0/2019-12-27T16:00:00.0;0;0;0;0;0;0;0;0;0;1
2019-12-27T16:00:00.0/2019-12-27T17:00:00.0;0;0;0;0;0;0;0;0;0;1
2019-12-27T17:00:00.0/2019-12-27T18:00:00.0;0;0;0;0;0;0;0;0;0;1
2019-12-27T18:00:00.0/2019-12-27T19:00:00.0;0;0;0;0;0;0;0;0;0;1
2019-12-27T19:00:00.0/2019-12-27T20:00:00.0;0;0;0;0;0;0;0;0;0;1
2019-12-27T20:00:00.0/2019-12-27T21:00:00.0;0;0;0;0;0;0;0;0;0;1
2019-12-27T21:00:00.0/2019-12-27T22:00:00.0;0;0;0;0;0;0;0;0;0;1
2019-12-27T22:00:00.0/2019-12-27T23:00:00.0;0;0;0;0;0;0;0;0;0;1
2019-12-27T23:00:00.0/2019-12-28T00:00:00.0;0;0;0;0;0;0;0;0;0;1
2019-12-28T00:00:00.0/2019-12-28T01:00:00.0;0;0;0;0;0;0;0;0;0;1
2019-12-28T01:00:00.0/2019-12-28T02:00:00.0;0;0;0;0;0;0;0;0;0;1
2019-12-28T02:00:00.0/2019-12-28T03:00:00.0;0;0;0;0;0;0;0;0;0;1
2019-12-28T03:00:00.0/2019-12-28T04:00:00.0;0;0;0;0;0;0;0;0;0;1
2019-12-28T04:00:00.0/2019-12-28T05:00:00.0;0;0;0;0;0;0;0;0;0;1
2019-12-28T05:00:00.0/2019-12-28T06:00:00.0;0;0;0;0;0;0;0;0;0;1
2019-12-28T06:00:00.0/2019-12-28T07:00:00.0;0;0;0;0;0;0;0;0;0;1
2019-12-28T07:00:00.0/2019-12-28T08:00:00.0;14.8743;5.6042;2.4107;3.1935;63.9199;3.8175;0.2898;3.5277;6.6128;1
2019-12-28T08:00:00.0/2019-12-28T09:00:00.0;133.0325;72.682;48.381;24.301;488.8686;50.2664;12.6237;37.6427;153.1611;1
2019-12-28T09:00:00.0/2019-12-28T10:00:00.0;237.4768;150.7657;113.1956;37.5702;668.1292;84.0363;2.2363;81.8;11.7073;1
2019-12-28T10:00:00.0/2019-12-28T11:00:00.0;295.0558;196.081;151.7525;44.3285;723.6912;127.6451;18.3698;109.2753;88.0537;1
2019-12-28T11:00:00.0/2019-12-28T12:00:00.0;301.8478;200.4246;154.0948;46.3298;718.3571;125.3587;10.2607;115.0981;47.7791;1
2019-12-28T12:00:00.0/2019-12-28T13:00:00.0;257.3908;163.7409;121.2795;42.4613;661.2479;106.2197;9.8709;96.3488;53.3287;1
2019-12-28T13:00:00.0/2019-12-28T14:00:00.0;164.7139;92.6634;61.8928;30.7706;515.9312;66.0505;9.4853;56.5651;93.8577;1
2019-12-28T14:00:00.0/2019-12-28T15:00:00.0;37.3742;15.5081;7.4565;8.0516;140.7883;11.7943;2.5294;9.2649;41.2636;1
2019-12-28T15:00:00.0/2019-12-28T16:00:00.0;0;0;0;0;0;0;0;0;0;1
2019-12-28T16:00:00.0/2019-12-28T17:00:00.0;0;0;0;0;0;0;0;0;0;1
2019-12-28T17:00:00.0/2019-12-28T18:00:00.0;0;0;0;0;0;0;0;0;0;1
2019-12-28T18:00:00.0/2019-12-28T19:00:00.0;0;0;0;0;0;0;0;0;0;1
2019-12-28T19:00:00.0/2019-12-28T20:00:00.0;0;0;0;0;0;0;0;0;0;1
2019-12-28T20:00:00.0/2019-12-28T21:00:00.0;0;0;0;0;0;0;0;0;0;1
2019-12-28T21:00:00.0/2019-12-28T22:00:00.0;0;0;0;0;0;0;0;0;0;1
2019-12-28T22:00:00.0/2019-12-28T23:00:00.0;0;0;0;0;0;0;0;0;0;1
2019-12-28T23:00:00.0/2019-12-29T00:00:00.0;0;0;0;0;0;0;0;0;0;1
2019-12-29T00:00:00.0/2019-12-29T01:00:00.0;0;0;0;0;0;0;0;0;0;1
2019-12-29T01:00:00.0/2019-12-29T02:00:00.0;0;0;0;0;0;0;0;0;0;1
2019-12-29T02:00:00.0/2019-12-29T03:00:00.0;0;0;0;0;0;0;0;0;0;1
2019-12-29T03:00:00.0/2019-12-29T04:00:00.0;0;0;0;0;0;0;0;0;0;1
2019-12-29T04:00:00.0/2019-12-29T05:00:00.0;0;0;0;0;0;0;0;0;0;1
2019-12-29T05:00:00.0/2019-12-29T06:00:00.0;0;0;0;0;0;0;0;0;0;1
2019-12-29T06:00:00.0/2019-12-29T07:00:00.0;0;0;0;0;0;0;0;0;0;1
2019-12-29T07:00:00.0/2019-12-29T08:00:00.0;14.8293;5.0392;1.8096;3.2296;46.3558;3.4038;0.0538;3.35;1.1764;1
2019-12-29T08:00:00.0/2019-12-29T09:00:00.0;133.1965;67.054;41.2637;25.7903;414.072;38.0656;5.7465;32.3191;76.7256;1
2019-12-29T09:00:00.0/2019-12-29T10:00:00.0;238.0543;140.9427;99.5772;41.3655;586.1282;70.2186;0;70.2186;0;1
2019-12-29T10:00:00.0/2019-12-29T11:00:00.0;296.071;184.3936;134.2959;50.0977;638.2863;105.0946;1.6909;103.4037;8.1643;1
2019-12-29T11:00:00.0/2019-12-29T12:00:00.0;303.2954;188.7107;135.7581;52.9526;629.8536;84.0108;0;84.0108;0;1
2019-12-29T12:00:00.0/2019-12-29T13:00:00.0;259.2363;153.5361;104.5624;48.9736;565.6034;93.5882;5.9291;87.6591;33.6182;1
2019-12-29T13:00:00.0/2019-12-29T14:00:00.0;166.8957;85.9008;50.3506;35.5502;411.6794;64.1079;12.3326;51.7753;115.1528;1
2019-12-29T14:00:00.0/2019-12-29T15:00:00.0;39.0803;14.3724;5.1759;9.1965;93.9191;11.0239;1.3948;9.6291;20.7502;1
2019-12-29T15:00:00.0/2019-12-29T16:00:00.0;0;0;0;0;0;0;0;0;0;1
2019-12-29T16:00:00.0/2019-12-29T17:00:00.0;0;0;0;0;0;0;0;0;0;1
2019-12-29T17:00:00.0/2019-12-29T18:00:00.0;0;0;0;0;0;0;0;0;0;1
2019-12-29T18:00:00.0/2019-12-29T19:00:00.0;0;0;0;0;0;0;0;0;0;1
2019-12-29T19:00:00.0/2019-12-29T20:00:00.0;0;0;0;0;0;0;0;0;0;1
2019-12-29T20:00:00.0/2019-12-29T21:00:00.0;0;0;0;0;0;0;0;0;0;1
2019-12-29T21:00:00.0/2019-12-29T22:00:00.0;0;0;0;0;0;0;0;0;0;1
2019-12-29T22:00:00.0/2019-12-29T23:00:00.0;0;0;0;0;0;0;0;0;0;1
2019-12-29T23:00:00.0/2019-12-30T00:00:00.0;0;0;0;0;0;0;0;0;0;1
2019-12-30T00:00:00.0/2019-12-30T01:00:00.0;0;0;0;0;0;0;0;0;0;1
2019-12-30T01:00:00.0/2019-12-30T02:00:00.0;0;0;0;0;0;0;0;0;0;1
2019-12-30T02:00:00.0/2019-12-30T03:00:00.0;0;0;0;0;0;0;0;0;0;1
2019-12-30T03:00:00.0/2019-12-30T04:00:00.0;0;0;0;0;0;0;0;0;0;1
2019-12-30T04:00:00.0/2019-12-30T05:00:00.0;0;0;0;0;0;0;0;0;0;1
2019-12-30T05:00:00.0/2019-12-30T06:00:00.0;0;0;0;0;0;0;0;0;0;1
2019-12-30T06:00:00.0/2019-12-30T07:00:00.0;0;0;0;0;0;0;0;0;0;1
2019-12-30T07:00:00.0/2019-12-30T08:00:00.0;14.8604;4.0333;0.2479;3.7854;6.3329;2.6213;0;2.6213;0;1
2019-12-30T08:00:00.0/2019-12-30T09:00:00.0;133.5393;53.6674;14.529;39.1383;137.6156;37.368;0;37.368;0;1
2019-12-30T09:00:00.0/2019-12-30T10:00:00.0;238.8127;123.5076;56.9773;66.5303;330.5134;65.7608;0;65.7608;0;1
2019-12-30T10:00:00.0/2019-12-30T11:00:00.0;297.267;174.807;104.9244;69.8826;495.5584;50.501;0;50.501;0;1
2019-12-30T11:00:00.0/2019-12-30T12:00:00.0;304.9213;190.3006;132.2818;58.0188;611.188;106.64;42.2816;64.3584;198.106;1
2019-12-30T12:00:00.0/2019-12-30T13:00:00.0;261.2552;160.9345;115.5768;45.3577;620.7162;113.136;37.2227;75.9133;190.5453;1
2019-12-30T13:00:00.0/2019-12-30T14:00:00.0;169.2445;91.8263;58.2461;33.5802;471.9143;63.5137;16.6511;46.8627;140.7027;1
2019-12-30T14:00:00.0/2019-12-30T15:00:00.0;40.9422;16.2814;6.9574;9.324;125.3062;11.9865;1.7335;10.253;27.055;1
2019-12-30T15:00:00.0/2019-12-30T16:00:00.0;0;0;0;0;0;0;0;0;0;1
2019-12-30T16:00:00.0/2019-12-30T17:00:00.0;0;0;0;0;0;0;0;0;0;1
2019-12-30T17:00:00.0/2019-12-30T18:00:00.0;0;0;0;0;0;0;0;0;0;1
2019-12-30T18:00:00.0/2019-12-30T19:00:00.0;0;0;0;0;0;0;0;0;0;1
2019-12-30T19:00:00.0/2019-12-30T20:00:00.0;0;0;0;0;0;0;0;0;0;1
2019-12-30T20:00:00.0/2019-12-30T21:00:00.0;0;0;0;0;0;0;0;0;0;1
2019-12-30T21:00:00.0/2019-12-30T22:00:00.0;0;0;0;0;0;0;0;0;0;1
2019-12-30T22:00:00.0/2019-12-30T23:00:00.0;0;0;0;0;0;0;0;0;0;1
2019-12-30T23:00:00.0/2019-12-31T00:00:00.0;0;0;0;0;0;0;0;0;0;1
2019-12-31T00:00:00.0/2019-12-31T01:00:00.0;0;0;0;0;0;0;0;0;0;1
2019-12-31T01:00:00.0/2019-12-31T02:00:00.0;0;0;0;0;0;0;0;0;0;1
2019-12-31T02:00:00.0/2019-12-31T03:00:00.0;0;0;0;0;0;0;0;0;0;1
2019-12-31T03:00:00.0/2019-12-31T04:00:00.0;0;0;0;0;0;0;0;0;0;1
2019-12-31T04:00:00.0/2019-12-31T05:00:00.0;0;0;0;0;0;0;0;0;0;1
2019-12-31T05:00:00.0/2019-12-31T06:00:00.0;0;0;0;0;0;0;0;0;0;1
2019-12-31T06:00:00.0/2019-12-31T07:00:00.0;0;0;0;0;0;0;0;0;0;1
2019-12-31T07:00:00.0/2019-12-31T08:00:00.0;14.968;4.9373;1.0769;3.8604;27.9908;3.3811;0;3.3811;0;1
2019-12-31T08:00:00.0/2019-12-31T09:00:00.0;134.0612;67.5095;35.8099;31.6996;351.2222;56.2364;24.2482;31.9883;233.5553;1
2019-12-31T09:00:00.0/2019-12-31T10:00:00.0;239.7519;143.9878;92.6537;51.3341;541.4258;118.8289;67.2046;51.6243;389.7759;1
2019-12-31T10:00:00.0/2019-12-31T11:00:00.0;298.6432;188.5079;124.6026;63.9053;587.2544;153.713;86.1467;67.5663;404.098;1
2019-12-31T11:00:00.0/2019-12-31T12:00:00.0;306.7244;192.6136;122.9786;69.635;564.141;172.7386;113.9893;58.7493;522.3522;1
2019-12-31T12:00:00.0/2019-12-31T13:00:00.0;263.4464;157.7971;94.9073;62.8897;505.7153;132.052;67.7172;64.3347;357.8666;1
2019-12-31T13:00:00.0/2019-12-31T14:00:00.0;171.7585;90.7658;48.1082;42.6576;383.5783;71.9069;22.4494;49.4575;185.9475;1
2019-12-31T14:00:00.0/2019-12-31T15:00:00.0;42.9662;16.5739;5.3815;11.1924;92.7045;12.947;1.7086;11.2383;24.4294;1
2019-12-31T15:00:00.0/2019-12-31T16:00:00.0;0;0;0;0;0;0;0;0;0;1
2019-12-31T16:00:00.0/2019-12-31T17:00:00.0;0;0;0;0;0;0;0;0;0;1
2019-12-31T17:00:00.0/2019-12-31T18:00:00.0;0;0;0;0;0;0;0;0;0;1
2019-12-31T18:00:00.0/2019-12-31T19:00:00.0;0;0;0;0;0;0;0;0;0;1
2019-12-31T19:00:00.0/2019-12-31T20:00:00.0;0;0;0;0;0;0;0;0;0;1
2019-12-31T20:00:00.0/2019-12-31T21:00:00.0;0;0;0;0;0;0;0;0;0;1
2019-12-31T21:00:00.0/2019-12-31T22:00:00.0;0;0;0;0;0;0;0;0;0;1
2019-12-31T22:00:00.0/2019-12-31T23:00:00.0;0;0;0;0;0;0;0;0;0;1
2019-12-31T23:00:00.0/2020-01-01T00:00:00.0;0;0;0;0;0;0;0;0;0;1
