# Modern-Era Retrospective Analysis for Research and Applications (MERRA), version 2;;;;;;;;;;
# Provider;National Aeronautics and Space Administration (NASA) / Goddard Space Flight Center;;;;;;;;;
# More information at;http://gmao.gsfc.nasa.gov/reanalysis/MERRA-2;;;;;;;;;
# Site latitude (positive means North);54.096;;;;;;;;;
# Site longitude (positive means East);13.383;;;;;;;;;
# Site altitude (m);19;;;;;;;;;
# Date beginning;01.01.2019;;;;;;;;;
# Date end;31.12.2019;;;;;;;;;
# Time reference (hour);UT;;;;;;;;;
# Summarization (period of integration);Hour (h);;;;;;;;;
# Date - Instant;The date or instant given for each value corresponds to the end of the summarization;;;;;;;;;
# Columns:;;;;;;;;;;
# Temperature (K);Temperature at 2 m above ground;;;;;;;;;
# Relative humidity (%);Relative humidity at 2 m above ground;;;;;;;;;
# Pressure (hPa);Pressure at ground level;;;;;;;;;
# Wind speed (m/s);Wind speed at 10 m above ground;;;;;;;;;
# Wind direction (deg);Wind direction at 10 m above ground (0 means from North, 90 from East...);;;;;;;;;
# Rainfall (kg/m2);Rainfall (= rain depth in mm);;;;;;;;;
# Snowfall (kg/m2);Snowfall;;;;;;;;;
# Snow depth (m);Snow depth;;;;;;;;;
# Short-wave irradiation (Wh/m2);Surface incoming shortwave irradiation (broadband);;;;;;;;;
# MERRA-2 meteorological data;;;;;;;;;;
Date;UT time;Temperature;Relative Humidity;Pressure;Wind speed;Wind direction;Rainfall;Snowfall;Snow depth;Short-wave irradiation
01.01.2019;01:00;279.59;89.89;1018.25;10.45;257.7;0.064372;0;0;0
01.01.2019;02:00;279.39;90.32;1017.01;10.77;256.06;0.040643;0;0;0
01.01.2019;03:00;279.39;90.51;1015.29;11.19;252.36;0.047076;0;0;0
01.01.2019;04:00;279.52;90.47;1013.43;11.99;249.64;0.099163;0;0;0
01.01.2019;05:00;279.66;90.16;1011.73;12.83;251.05;0.17383;0;0;0
01.01.2019;06:00;279.82;90.13;1010.22;13.19;255.04;0.372187;0;0;0
01.01.2019;07:00;280.01;90.47;1009.58;12.86;265.07;0.468462;0;0;0
01.01.2019;08:00;280.14;89.17;1009.5;12.3;277.83;0.203133;0;0;0.8006
01.01.2019;09:00;279.67;82.86;1009.25;12.76;284.53;0.06353;0;0;34.9956
01.01.2019;10:00;279.3;77.58;1008.66;13.29;281.14;0.01259;0;0;93.4322
01.01.2019;11:00;279.62;74.36;1007.72;14.27;280.43;0.015718;0;0;116.5194
01.01.2019;12:00;279.8;71.91;1006.96;15.02;284.1;0.020866;0;0;112.1805
01.01.2019;13:00;279.79;69.2;1006.43;15.55;287.87;0.019313;0;0;111.0367
01.01.2019;14:00;279.51;66.75;1006.03;15.74;290.35;0.015343;0;0;54.7741
01.01.2019;15:00;278.9;64.5;1005.75;15.61;292.01;0.00916;0;0;9.4045
01.01.2019;16:00;278.35;64.26;1005.34;15.07;292.84;0.006577;0;0;0
01.01.2019;17:00;278.04;64.81;1005.06;14.72;295.11;0.01308;0;0;0
01.01.2019;18:00;277.78;65.35;1004.99;14.38;297.45;0.008671;0;0;0
01.01.2019;19:00;277.43;67.9;1004.93;13.88;297.83;0.030386;0;0;0
01.01.2019;20:00;277.12;74.41;1004.97;13.25;299.19;0.152051;0;0;0
01.01.2019;21:00;277.32;78.7;1005.05;12.58;303.33;0.099178;0;0;0
01.01.2019;22:00;278.13;76.13;1005.55;12.69;314.36;0.007388;0;0;0
01.01.2019;23:00;278.75;70.1;1006.65;12.93;324.68;0.000795;0;0;0
01.01.2019;24:00:00;278.67;64.45;1008.03;13.28;327.89;0.000106;0;0;0
02.01.2019;01:00;278.08;62.84;1009.42;13.39;328.35;0.000341;0;0;0
02.01.2019;02:00;277.61;62.53;1010.55;13.33;330.37;0.008122;0;0;0
02.01.2019;03:00;277.21;62.31;1011.49;13.08;335.23;0.010444;0;0;0
02.01.2019;04:00;276.73;61.46;1012.38;12.77;342.15;0.018729;0;0;0
02.01.2019;05:00;276.34;60.65;1013.49;12.56;349.02;0.020999;0;0;0
02.01.2019;06:00;276.22;58.31;1014.92;12.4;353.34;0.014942;0;0;0
02.01.2019;07:00;276.22;55.73;1016.42;12.5;355.11;0.005469;0;0;0
02.01.2019;08:00;275.95;54.67;1018.05;12.44;355.73;0.000577;0;0;5.1769
02.01.2019;09:00;275.94;53.02;1019.42;12.34;355.74;0.00002;0;0;68.2929
02.01.2019;10:00;276.05;49.98;1020.63;12.44;355.7;0.000001;0;0;151.6097
02.01.2019;11:00;275.91;48.12;1021.67;12.44;355.42;0.000001;0;0;199.0942
02.01.2019;12:00;275.66;46.63;1022.4;12.34;355.56;0.000001;0;0;202.7123
02.01.2019;13:00;275.41;45.7;1023.15;12.3;355.71;0;0;0;166.1739
02.01.2019;14:00;275.13;48.01;1023.97;12.05;354.78;0.000001;0;0;95.0946
02.01.2019;15:00;274.67;54.42;1024.82;11.45;352.96;0.000004;0;0;16.4231
02.01.2019;16:00;274.39;59.89;1025.56;10.93;352.61;0.000011;0;0;0
02.01.2019;17:00;274.36;61.88;1026.14;10.49;354.42;0.000013;0;0;0
02.01.2019;18:00;274.26;62.57;1026.68;10;356.66;0.000008;0;0;0
02.01.2019;19:00;274.09;63.25;1027.21;9.35;358;0.000004;0;0;0
02.01.2019;20:00;273.72;66.39;1027.71;8.24;357.18;0.000002;0;0;0
02.01.2019;21:00;273.49;69.4;1028.03;7.64;355.38;0.000001;0;0;0
02.01.2019;22:00;273.3;72.74;1028.13;7.18;352.64;0.000001;0;0;0
02.01.2019;23:00;273.12;76.56;1028.16;6.73;348.07;0.000002;0;0;0
02.01.2019;24:00:00;273.05;79.5;1028.22;6.44;342.81;0.000003;0;0;0
03.01.2019;01:00;273.14;81.15;1028.34;6.49;337.99;0.000001;0;0;0
03.01.2019;02:00;273.36;81.97;1028.47;6.79;333.14;0.000016;0;0;0
03.01.2019;03:00;273.51;82.79;1028.44;7.1;328.4;0.00048;0;0;0
03.01.2019;04:00;273.87;82.48;1028.24;7.55;324.16;0.004023;0;0;0
03.01.2019;05:00;274.31;81.49;1028.13;8.09;322.76;0.011913;0;0.000001;0
03.01.2019;06:00;274.58;80.93;1028.26;8.2;325.76;0.014898;0;0;0
03.01.2019;07:00;274.79;80.6;1028.51;8.18;333.03;0.012174;0;0.000001;0
03.01.2019;08:00;275.13;79.55;1028.98;8.11;343.53;0.004693;0;0;5.3304
03.01.2019;09:00;275.53;78.2;1029.44;7.62;352.24;0.001896;0;0;59.2086
03.01.2019;10:00;276.08;75.17;1029.92;7.28;359.61;0.000232;0;0;133.2002
03.01.2019;11:00;276.48;70.04;1030.3;7.36;6.89;0.000109;0;0;174.431
03.01.2019;12:00;276.51;64.5;1030.39;7.11;11.57;0.000208;0;0;171.6098
03.01.2019;13:00;276.23;61.81;1030.46;6.5;13.12;0.000342;0;0;140.8059
03.01.2019;14:00;275.51;63.58;1030.87;5.51;12.78;0.000446;0;0;81.3996
03.01.2019;15:00;273.72;72.14;1031.49;4.51;11.98;0.00036;0;0;16.165
03.01.2019;16:00;272.9;74.72;1031.82;4.38;10.64;0.000134;0;0;0
03.01.2019;17:00;272.75;74.95;1031.91;4.25;11.28;0.000073;0;0;0
03.01.2019;18:00;272.31;75.93;1031.93;4.12;12.81;0.000083;0;0;0
03.01.2019;19:00;272.36;75.68;1031.86;3.77;13.68;0.000114;0;0;0
03.01.2019;20:00;272.55;75.25;1031.77;3.32;8.96;0.000318;0;0;0
03.01.2019;21:00;272.89;75.46;1032.01;3.07;359.54;0.002747;0.000035;0;0
03.01.2019;22:00;273.14;75.76;1031.77;2.63;345.13;0.002511;0.000071;0;0
03.01.2019;23:00;273.23;77.43;1031.26;2.41;318.84;0.00193;0.000021;0;0
03.01.2019;24:00:00;273;82.78;1030.64;2.78;291.17;0.00082;0.000004;0;0
04.01.2019;01:00;273.29;87.25;1029.89;3.35;273.88;0.000356;0.000003;0;0
04.01.2019;02:00;273.79;90.99;1029.21;4.25;266.64;0.000255;0.000032;0;0
04.01.2019;03:00;274.18;94.82;1028.22;5.59;261.05;0.000227;0.000271;0;0
04.01.2019;04:00;274.37;96.21;1027.07;6.36;257.59;0.001163;0.00352;0.000002;0
04.01.2019;05:00;274.82;96.04;1026.39;6.72;263.95;0.019433;0.001692;0.000001;0
04.01.2019;06:00;275.16;96.18;1025.64;6.75;265.67;0.0367;0.005702;0.000003;0
04.01.2019;07:00;275.43;95.74;1024.45;7.06;265.44;0.027164;0.000792;0.000001;0
04.01.2019;08:00;275.62;95.16;1023.68;7.38;270.87;0.051759;0.000319;0.000001;1.0606
04.01.2019;09:00;275.88;94.64;1022.9;7.19;272.8;0.072868;0;0;7.1569
04.01.2019;10:00;276.17;94.11;1022.11;7.15;275.07;0.056045;0;0;17.1268
04.01.2019;11:00;276.55;93.27;1021.19;7.02;279.03;0.031411;0;0;48.4607
04.01.2019;12:00;276.94;92.54;1020.2;6.76;285.71;0.015353;0;0;57.1143
04.01.2019;13:00;277.28;91.07;1019.57;7.07;300.16;0.01008;0;0;54.4836
04.01.2019;14:00;277.35;89.07;1019.37;7.18;312.69;0.007546;0;0;36.012
04.01.2019;15:00;276.84;91.23;1019.39;6.55;313.67;0.001498;0;0;11.7024
04.01.2019;16:00;275.92;96.79;1019.34;5.85;307.88;0.000178;0;0;0
04.01.2019;17:00;275.91;97.27;1019.17;6.08;300.87;0.001192;0;0;0
04.01.2019;18:00;276.23;96.44;1018.84;6.37;292.08;0.005356;0;0;0
04.01.2019;19:00;276.7;96.12;1018.45;6.68;285.84;0.017912;0;0;0
04.01.2019;20:00;277.29;96.02;1017.96;6.85;283.41;0.035533;0;0;0
04.01.2019;21:00;277.84;95.68;1017.14;6.97;283.07;0.035133;0;0;0
04.01.2019;22:00;278.18;95.52;1016.51;7.04;285.96;0.027289;0;0;0
04.01.2019;23:00;278.34;95.48;1015.97;7.05;290.7;0.02153;0;0;0
04.01.2019;24:00:00;278.4;95.56;1015.32;6.9;294.64;0.016374;0;0;0
05.01.2019;01:00;278.44;95.63;1014.71;6.66;298.4;0.018337;0;0;0
05.01.2019;02:00;278.48;95.59;1014.18;6.56;301.53;0.109482;0;0;0
05.01.2019;03:00;278.47;95.42;1013.77;6.46;305.12;0.194281;0;0;0
05.01.2019;04:00;278.44;95.27;1013.53;6.34;310.21;0.065942;0;0;0
05.01.2019;05:00;278.42;95.22;1013.38;6.26;316.13;0.010049;0;0;0
05.01.2019;06:00;278.35;95.32;1013.61;5.96;325.91;0.010623;0;0;0
05.01.2019;07:00;278.23;95.24;1014.32;5.5;336.5;0.023061;0;0;0
05.01.2019;08:00;278.09;94.86;1015.33;5.27;348.5;0.031692;0;0;3.6156
05.01.2019;09:00;278.09;93.74;1016.08;5.08;354.37;0.018978;0;0;38.197
05.01.2019;10:00;278.28;91.96;1016.72;5.09;358.46;0.005858;0;0;92.576
05.01.2019;11:00;278.63;89.85;1017.31;5.07;1.92;0.003971;0;0;151.9313
05.01.2019;12:00;278.96;87.22;1017.8;5.16;4.57;0.003827;0;0;169.2345
05.01.2019;13:00;278.96;86.15;1018.23;5.1;3.93;0.00334;0;0;132.0485
05.01.2019;14:00;278.51;87.94;1018.77;4.85;3.61;0.002237;0;0;79.3208
05.01.2019;15:00;277.13;93.83;1019.25;4.26;6.27;0.000389;0;0;16.1519
05.01.2019;16:00;276.06;97.25;1019.76;4.44;11.23;0.000268;0;0;0
05.01.2019;17:00;275.57;96.82;1020.29;4.54;15.48;0.00033;0;0;0
05.01.2019;18:00;275.07;95.69;1020.88;4.44;19.51;0.000279;0;0;0
05.01.2019;19:00;274.37;95.36;1021.26;4.25;22.49;0.000215;0;0;0
05.01.2019;20:00;273.76;95.02;1021.58;4.14;23.71;0.000202;0;0;0
05.01.2019;21:00;273.36;93.08;1021.94;4.1;22.69;0.000503;0;0;0
05.01.2019;22:00;273.03;91.94;1022.21;4.01;20.98;0.000875;0;0;0
05.01.2019;23:00;272.76;91.74;1022.45;3.95;18.89;0.001029;0;0;0
05.01.2019;24:00:00;272.57;92.22;1022.75;3.87;17.02;0.000874;0;0;0
06.01.2019;01:00;272.57;92.17;1023.04;3.74;15.09;0.001243;0;0;0
06.01.2019;02:00;272.65;91.81;1023.39;3.57;12.72;0.002106;0;0;0
06.01.2019;03:00;272.66;91.61;1023.67;3.45;10.21;0.002728;0;0;0
06.01.2019;04:00;272.66;91.45;1023.92;3.35;9.42;0.002072;0;0;0
06.01.2019;05:00;272.64;91.17;1024.07;3.21;9.03;0.001491;0;0;0
06.01.2019;06:00;272.61;90.88;1024.39;3.09;8.52;0.001247;0;0;0
06.01.2019;07:00;272.56;90.61;1024.92;3;8.36;0.001305;0;0;0
06.01.2019;08:00;272.67;89.46;1025.38;2.86;7.22;0.000927;0;0;8.375
06.01.2019;09:00;273.8;85.14;1025.58;2.49;5.04;0.000858;0;0;74.0998
06.01.2019;10:00;275.22;80.88;1025.81;2.42;0.8;0.000574;0;0;140.868
06.01.2019;11:00;275.82;74.86;1025.84;2.46;357.46;0.000538;0;0;156.6934
06.01.2019;12:00;276.05;72.48;1025.76;2.24;355.86;0.000483;0;0;158.8965
06.01.2019;13:00;276.01;73.39;1025.65;1.71;352.35;0.00047;0;0;134.1541
06.01.2019;14:00;275.38;78.77;1025.69;1.19;340.85;0.000424;0;0;73.0156
06.01.2019;15:00;274.75;77.22;1025.88;1.13;315.86;0.000379;0;0;14.5128
06.01.2019;16:00;274.27;79.63;1026.1;1.25;290.83;0.000751;0;0;0
06.01.2019;17:00;274.02;82.19;1026.3;1.49;271.93;0.001889;0;0;0
06.01.2019;18:00;273.73;85.31;1026.39;1.88;258.2;0.003087;0;0;0
06.01.2019;19:00;273.34;89.16;1026.34;2.28;247.84;0.003481;0;0;0
06.01.2019;20:00;273.01;92.54;1026.13;2.61;238.3;0.003239;0;0;0
06.01.2019;21:00;272.88;94.34;1025.87;2.91;230.41;0.002697;0;0;0
06.01.2019;22:00;272.81;95.69;1025.68;3.18;226.93;0.004748;0;0;0
06.01.2019;23:00;272.92;96.26;1025.65;3.31;227.83;0.011373;0;0;0
06.01.2019;24:00:00;273.24;96.25;1025.65;3.28;227.62;0.022315;0;0;0
07.01.2019;01:00;273.45;96.99;1025.58;3.22;223.79;0.021517;0;0;0
07.01.2019;02:00;273.52;98.55;1025.47;3.26;220.14;0.018029;0;0;0
07.01.2019;03:00;273.78;99.08;1025.25;3.36;222.47;0.022745;0;0;0
07.01.2019;04:00;274.17;99.31;1024.98;3.39;228.94;0.030401;0.000001;0;0
07.01.2019;05:00;274.46;100.12;1024.52;3.2;233.79;0.03486;0.000007;0;0
07.01.2019;06:00;274.7;100.94;1024.18;3.02;236.81;0.038618;0.000069;0;0
07.01.2019;07:00;274.92;101.32;1023.99;2.96;241.66;0.052167;0.000627;0;0
07.01.2019;08:00;275.19;101.08;1023.79;2.91;245.67;0.065057;0.001416;0;2.1654
07.01.2019;09:00;275.73;99.48;1023.51;2.89;250.63;0.085164;0;0;16.1321
07.01.2019;10:00;276.26;98.08;1023.2;2.96;255.02;0.091598;0;0;27.0451
07.01.2019;11:00;276.64;97.38;1022.75;3.2;256.69;0.090876;0;0;34.3167
07.01.2019;12:00;276.9;97.11;1021.92;3.62;259.21;0.097667;0;0;36.1191
07.01.2019;13:00;277.03;97.2;1021.14;3.92;260.78;0.077089;0;0;30.8936
07.01.2019;14:00;276.9;97.67;1020.4;4.06;259.34;0.052762;0;0;20.397
07.01.2019;15:00;276.46;98.37;1019.69;4.28;255.77;0.038117;0;0;6.0076
07.01.2019;16:00;275.95;99.09;1018.9;4.61;248.59;0.025399;0;0;0
07.01.2019;17:00;275.67;99.46;1017.78;4.87;234.03;0.016776;0;0;0
07.01.2019;18:00;276.04;97.63;1016.26;6.06;217.88;0.040509;0;0;0
07.01.2019;19:00;276.59;96.15;1014.48;7.5;211.01;0.16577;0;0;0
07.01.2019;20:00;277.2;94.96;1012.48;8.63;211.5;0.610496;0;0;0
07.01.2019;21:00;277.29;94.44;1010.28;8.94;208.75;1.263389;0;0;0
07.01.2019;22:00;277.11;93.85;1008.02;9.4;212.01;1.513018;0;0;0
07.01.2019;23:00;277.08;93.63;1006.09;9.27;222.22;1.26975;0;0;0
07.01.2019;24:00:00;277.36;93.69;1004.55;9.18;232.68;0.532061;0;0;0
08.01.2019;01:00;277.83;93.77;1003.12;8.69;240.94;0.119489;0;0.000001;0
08.01.2019;02:00;278.3;92.95;1001.81;8.65;249.97;0.037005;0;0;0
08.01.2019;03:00;278.2;92.74;1000.4;8.5;250.46;0.016869;0;0;0
08.01.2019;04:00;277.88;92.99;998.71;8.65;243.08;0.070946;0;0;0
08.01.2019;05:00;277.7;92.98;997.02;9.26;235.89;0.11015;0;0;0
08.01.2019;06:00;277.72;92.95;995.36;9.92;232.19;0.062083;0;0;0
08.01.2019;07:00;277.71;93.29;993.53;9.86;224.77;0.229565;0;0;0
08.01.2019;08:00;277.56;93.25;991.61;10;218.66;1.131071;0;0;2.6559
08.01.2019;09:00;277.46;92.79;989.95;9.59;224.2;1.310184;0;0;14.3
08.01.2019;10:00;277.8;92.8;988.92;8.89;244.9;0.504259;0;0;13.0755
08.01.2019;11:00;278.31;93.12;988.49;8.57;273.4;0.280833;0;0;14.1474
08.01.2019;12:00;278.31;93.06;988.67;9.25;294.29;0.340566;0;0;17.5931
08.01.2019;13:00;278.09;92.8;989.33;10.1;304.71;0.262423;0;0;17.943
08.01.2019;14:00;277.83;91.86;990.22;10.47;309.08;0.183569;0;0;13.3357
08.01.2019;15:00;277.39;89.44;991.03;10.62;310.58;0.146343;0;0;3.1159
08.01.2019;16:00;276.76;87.61;991.71;10.7;309.88;0.11319;0;0;0
08.01.2019;17:00;276.2;88.31;992.19;10.27;309.63;0.113384;0;0;0
08.01.2019;18:00;275.92;89.78;992.48;9.62;311.31;0.15963;0;0;0
08.01.2019;19:00;275.82;90.78;992.66;9.04;314.8;0.211402;0;0;0
08.01.2019;20:00;275.79;91.32;992.94;8.9;321.78;0.304446;0;0;0
08.01.2019;21:00;275.76;91.24;993.42;9.23;331.33;0.380641;0;0;0
08.01.2019;22:00;275.69;90.11;994.04;9.95;338.84;0.33183;0;0;0
08.01.2019;23:00;275.59;88.78;994.71;10.47;343.25;0.253947;0;0;0
08.01.2019;24:00:00;275.54;88.39;995.46;10.5;346.13;0.20605;0;0;0
09.01.2019;01:00;275.53;88.12;996.35;10.55;349.27;0.220801;0;0;0
09.01.2019;02:00;275.47;87.66;997.27;10.58;351.9;0.256028;0;0;0
09.01.2019;03:00;275.34;87.29;998.03;10.56;353.29;0.287727;0;0;0
09.01.2019;04:00;275.17;87.19;998.76;10.69;355.09;0.309554;0;0;0
09.01.2019;05:00;274.99;87.77;999.61;10.54;357.25;0.325279;0;0;0
09.01.2019;06:00;274.87;88.33;1000.51;10.34;0.28;0.322921;0;0;0
09.01.2019;07:00;274.84;88.42;1001.54;10.16;3.61;0.366703;0;0.000001;0
09.01.2019;08:00;274.82;88.59;1002.61;10.05;6.18;0.421652;0;0.000001;2.6282
09.01.2019;09:00;274.92;88.4;1003.71;10;7.57;0.454048;0;0;19.8268
09.01.2019;10:00;275.07;87.96;1004.84;10.09;8.7;0.470194;0;0;35.9768
09.01.2019;11:00;275.2;87.81;1005.78;10.15;10.08;0.483187;0;0;44.7938
09.01.2019;12:00;275.37;87.57;1006.61;10.16;11.84;0.470705;0;0;43.7302
09.01.2019;13:00;275.51;87.26;1007.47;10.16;14.25;0.426098;0;0;36.227
09.01.2019;14:00;275.63;86.84;1008.47;10.01;16.76;0.317534;0;0;21.9833
09.01.2019;15:00;275.68;86.35;1009.54;9.83;18.22;0.209253;0;0;5.3728
09.01.2019;16:00;275.65;85.43;1010.53;9.76;19.81;0.118222;0;0;0
09.01.2019;17:00;275.51;84.87;1011.59;9.61;21.21;0.082222;0;0;0
09.01.2019;18:00;275.29;84.61;1012.79;9.37;21.76;0.082854;0;0;0
09.01.2019;19:00;275.06;84.57;1013.91;8.93;22.1;0.05411;0;0;0
09.01.2019;20:00;274.85;84.77;1014.96;8.54;21.99;0.03647;0.000035;0;0
09.01.2019;21:00;274.71;84.77;1015.87;8.12;22.37;0.025768;0.000034;0;0
09.01.2019;22:00;274.58;84.93;1016.51;7.54;21.63;0.021444;0.000039;0;0
09.01.2019;23:00;274.39;85.6;1016.95;6.96;17.7;0.018084;0.000161;0;0
09.01.2019;24:00:00;274.19;86.16;1017.32;6.51;14.61;0.011497;0.000461;0;0
10.01.2019;01:00;273.91;86.67;1017.72;6.32;12.96;0.008489;0.000516;0;0
10.01.2019;02:00;273.47;88.08;1018.15;6.03;10.96;0.007344;0.000485;0;0
10.01.2019;03:00;273.12;89.29;1018.38;5.71;7.32;0.004187;0.00038;0;0
10.01.2019;04:00;272.93;89.9;1018.53;5.66;5.53;0.003451;0.000796;0;0
10.01.2019;05:00;272.87;90.08;1018.96;5.28;5.13;0.001471;0.002643;0.000002;0
10.01.2019;06:00;272.53;91.43;1019.45;4.76;4.36;0.001086;0.002482;0.000002;0
10.01.2019;07:00;272.41;91.48;1019.95;4.43;4.23;0.000697;0.001685;0.000001;0
10.01.2019;08:00;272.33;91.36;1020.34;4.01;3.6;0.001792;0.000519;0.000001;9.1546
10.01.2019;09:00;273.38;86.79;1020.59;3.91;1.77;0.00185;0.00045;0.000001;70.5737
10.01.2019;10:00;274.18;82.61;1021.01;4.17;359.25;0.002282;0.000799;0.000001;126.6333
10.01.2019;11:00;274.46;79.4;1021.15;3.97;355.92;0.005197;0.000342;0.000001;134.9707
10.01.2019;12:00;274.44;78.25;1020.96;3.62;348.38;0.00668;0.000113;0.000001;125.3612
10.01.2019;13:00;274.31;78.7;1020.76;3.36;340.53;0.006184;0.000113;0;96.8676
10.01.2019;14:00;274.07;80.72;1020.77;2.91;335.28;0.010414;0.00013;0.000001;59.2674
10.01.2019;15:00;273.41;84.97;1020.9;2.34;328.9;0.005435;0.00597;0.000004;11.5793
10.01.2019;16:00;272.98;86.74;1020.86;2.28;322.54;0.0015;0.006811;0.000004;0
10.01.2019;17:00;272.93;87.27;1020.81;2.18;315.78;0.001744;0.003002;0.000002;0
10.01.2019;18:00;272.88;87.37;1020.79;2.05;303.84;0.001782;0.000764;0.000001;0
10.01.2019;19:00;272.78;88.26;1020.75;2.04;285.63;0.002623;0.000213;0;0
10.01.2019;20:00;272.77;89.6;1020.62;2.36;269.75;0.013621;0.000352;0;0
10.01.2019;21:00;272.86;90.9;1020.44;2.79;262;0.041481;0.002222;0.000001;0
10.01.2019;22:00;273.01;91.93;1020.16;3.24;257.46;0.051341;0.009322;0.000005;0
10.01.2019;23:00;273.11;92.95;1019.64;3.87;251.94;0.046276;0.034802;0.000023;0
10.01.2019;24:00:00;273.2;93.34;1018.95;4.63;245.77;0.026011;0.069387;0.00014;0
11.01.2019;01:00;273.14;93.71;1018.21;5.18;239.47;0.028448;0.07012;0.000297;0
11.01.2019;02:00;273.03;93.97;1017.33;5.71;233.96;0.019363;0.070773;0.000464;0
11.01.2019;03:00;273.01;93.94;1016.26;6.25;229.53;0.00946;0.093809;0.000722;0
11.01.2019;04:00;273.13;93.77;1015.15;6.9;229.86;0.026828;0.092915;0.000964;0
11.01.2019;05:00;273.46;93.71;1014.09;7.19;234.57;0.048926;0.102824;0.001393;0
11.01.2019;06:00;274.05;93.58;1013.23;7.29;242.82;0.039025;0.105801;0.001859;0
11.01.2019;07:00;274.55;94.2;1012.53;6.85;247.57;0.059198;0.040887;0.002196;0
11.01.2019;08:00;274.91;94.89;1011.84;6.52;244.92;0.099911;0.012873;0.002262;0.2262
11.01.2019;09:00;275.27;95.15;1010.99;6.52;245.18;0.183957;0.006768;0.002273;2.7335
11.01.2019;10:00;275.94;95.25;1010.28;6.74;255.1;0.171732;0;0.002152;8.1902
11.01.2019;11:00;276.71;95.41;1009.64;6.79;266.48;0.133091;0;0.002042;18.2126
11.01.2019;12:00;277.37;95.28;1009;6.72;273.78;0.089647;0;0.001928;23.6847
11.01.2019;13:00;277.87;95.16;1008.31;6.81;279.71;0.059976;0;0.001781;21.6227
11.01.2019;14:00;278.13;94.47;1007.88;6.98;286.47;0.060861;0;0.001682;16.1392
11.01.2019;15:00;278.19;92.81;1007.58;7.28;295.93;0.043621;0;0.001591;5.9436
11.01.2019;16:00;278.05;91.57;1007.35;7.21;301.29;0.01692;0;0.001509;0
11.01.2019;17:00;277.71;91.43;1007.27;6.89;304.75;0.002994;0;0.001445;0
11.01.2019;18:00;276.9;94.16;1007.54;6.32;307.29;0.000533;0;0.001406;0
11.01.2019;19:00;276.35;96.1;1007.93;5.84;310.69;0.000675;0;0.001381;0
11.01.2019;20:00;276.34;95.38;1008.39;5.41;315.32;0.001959;0;0.001355;0
11.01.2019;21:00;276.3;94.79;1008.93;4.67;319.01;0.002814;0;0.001327;0
11.01.2019;22:00;276.18;94.88;1009.44;4.36;320.96;0.002447;0;0.001304;0
11.01.2019;23:00;276.05;95.11;1009.78;4.25;316.19;0.002537;0;0.001284;0
11.01.2019;24:00:00;275.85;95.67;1009.91;4.27;309.38;0.003071;0;0.001267;0
12.01.2019;01:00;275.68;96.05;1009.97;4.27;301.63;0.003954;0;0.001251;0
12.01.2019;02:00;275.66;95.6;1009.98;4.5;292.17;0.008148;0;0.001234;0
12.01.2019;03:00;275.63;95.54;1009.77;4.83;281.27;0.018827;0;0.001213;0
12.01.2019;04:00;275.72;95.07;1009.44;5.27;275.05;0.021461;0;0.001191;0
12.01.2019;05:00;275.74;94.83;1009.09;5.6;272.93;0.019945;0;0.001167;0
12.01.2019;06:00;275.75;94.46;1008.78;5.82;270.38;0.016423;0;0.001143;0
12.01.2019;07:00;275.81;94.3;1008.59;6.03;266.27;0.015849;0;0.001118;0
12.01.2019;08:00;275.85;94.42;1008.36;6.24;259.68;0.014432;0;0.001093;3.5859
12.01.2019;09:00;276.13;94.38;1007.53;6.41;254.04;0.054017;0;0.001063;20.5535
12.01.2019;10:00;276.62;94.26;1006.61;6.55;251.03;0.134491;0;0.001027;29.4962
12.01.2019;11:00;277.23;93.92;1005.64;7.06;251.41;0.180612;0;0.000982;38.119
12.01.2019;12:00;277.82;93.11;1004.55;8.05;254.41;0.125996;0;0.000926;46.5852
12.01.2019;13:00;278.02;92.62;1003.21;7.93;249.92;0.129268;0;0.000868;52.7214
12.01.2019;14:00;277.77;92.82;1001.67;7.77;239.48;0.446877;0;0.00082;32.8252
12.01.2019;15:00;277.4;93.35;1000.41;8.31;238.81;0.612771;0;0.000775;4.3288
12.01.2019;16:00;277.4;93.66;999.41;8.67;249.16;0.257449;0;0.000728;0
12.01.2019;17:00;277.77;93.82;998.75;8.4;259.15;0.087894;0;0.000683;0
12.01.2019;18:00;278.09;93.16;998.43;8.71;268.43;0.065179;0;0.00064;0
12.01.2019;19:00;277.95;93.17;998.09;8.32;269.18;0.044445;0;0.000602;0
12.01.2019;20:00;277.75;93.66;997.54;7.76;261.54;0.101539;0;0.000571;0
12.01.2019;21:00;277.65;93.64;996.79;7.66;255.74;0.616375;0;0.000543;0
12.01.2019;22:00;277.4;93.63;996.17;7.6;261.4;1.328439;0;0.000514;0
12.01.2019;23:00;277.1;93.7;996.11;7.82;276;0.656131;0;0.000487;0
12.01.2019;24:00:00;277.24;94.19;996.21;7.45;286.01;0.086375;0;0.000463;0
13.01.2019;01:00;277.73;93.85;996.38;7.46;290.89;0.092216;0;0.00044;0
13.01.2019;02:00;277.99;93.61;996.57;7.56;290.32;0.175437;0;0.000418;0
13.01.2019;03:00;278;93.83;996.62;7.54;287.41;0.170917;0;0.000397;0
13.01.2019;04:00;278;93.78;996.39;7.54;285.41;0.078035;0;0.000377;0
13.01.2019;05:00;278;93.82;995.97;7.36;281.32;0.0715;0;0.000359;0
13.01.2019;06:00;278.15;93.53;995.62;7.55;274.92;0.076244;0;0.00034;0
13.01.2019;07:00;278.36;92.94;994.92;7.98;267.58;0.038196;0;0.00032;0
13.01.2019;08:00;278.44;92.92;993.9;8.15;258.57;0.028041;0;0.000301;1.9439
13.01.2019;09:00;278.56;92.7;992.69;8.47;252.62;0.111873;0;0.000273;15.6345
13.01.2019;10:00;278.6;92.43;991.09;8.74;243.82;0.36419;0;0.000254;30.0204
13.01.2019;11:00;278.58;92.05;989.06;9.23;235.79;0.656688;0;0.000234;60.1552
13.01.2019;12:00;278.59;92.03;986.99;9.42;237.19;0.459948;0;0.000213;59.2419
13.01.2019;13:00;278.85;92.41;985.33;9.92;251.78;0.150762;0;0.000194;24.8697
13.01.2019;14:00;279.41;92.93;984.24;9.84;265.37;0.060892;0;0.000176;19.7471
13.01.2019;15:00;279.76;93.03;983.28;9.8;269.57;0.076391;0;0.00016;7.6047
13.01.2019;16:00;279.78;92.65;982.19;10.34;268.43;0.174177;0;0.000145;0
13.01.2019;17:00;279.62;92.51;981.04;11;269.76;0.243942;0;0.00013;0
13.01.2019;18:00;279.35;92.12;980.23;11.34;275.25;0.359251;0;0.000115;0
13.01.2019;19:00;278.98;91.43;979.89;11.33;281.19;0.255085;0;0.000101;0
13.01.2019;20:00;278.79;90.78;979.78;11.23;285.11;0.289906;0;0.00009;0
13.01.2019;21:00;278.69;90.13;979.84;11.14;289.03;0.141668;0;0.00008;0
13.01.2019;22:00;278.47;88.61;980.05;11.23;293.68;0.055574;0;0.000072;0
13.01.2019;23:00;278.04;86.38;980.67;11.58;299.04;0.008633;0;0.000042;0
13.01.2019;24:00:00;277.35;85.55;981.94;12.31;309.91;0.001221;0;0.000036;0
14.01.2019;01:00;276.71;80.05;983.86;12.65;320.48;0.001487;0;0.000002;0
14.01.2019;02:00;276.02;74.18;985.84;11.86;321.12;0.00007;0;0.000001;0
14.01.2019;03:00;275.74;74.56;987.36;11;314.88;0.000689;0;0;0
14.01.2019;04:00;275.58;76.9;988.45;11.3;310.15;0.004004;0;0;0
14.01.2019;05:00;275.04;75.39;989.45;11.87;309.15;0.005292;0;0;0
14.01.2019;06:00;274.36;71.67;990.42;11.98;310.41;0.005716;0;0;0
14.01.2019;07:00;273.94;68.61;991.47;12.02;311.97;0.00319;0.000012;0;0
14.01.2019;08:00;273.74;67.14;992.69;11.87;312.7;0.004006;0.000046;0;13.5446
14.01.2019;09:00;274.05;64.36;993.75;11.73;313.26;0.006211;0.000029;0;77.3608
14.01.2019;10:00;274.57;61.18;994.57;11.57;313.99;0.005477;0;0;133.4623
14.01.2019;11:00;274.85;55.89;995.29;12.13;316.5;0.00593;0;0;163.6581
14.01.2019;12:00;274.85;53.81;995.87;11.68;315.2;0.000896;0;0;141.5388
14.01.2019;13:00;274.95;54.5;996.34;11.29;309.77;0.00001;0;0;141.0607
14.01.2019;14:00;274.9;57.04;996.85;11.36;305.4;0.000002;0;0;106.5714
14.01.2019;15:00;274.48;60.69;997.6;11.48;304.29;0.000002;0;0;28.65
14.01.2019;16:00;274.17;64.87;998.45;11.81;304.5;0.000002;0;0;0.0001
14.01.2019;17:00;274.26;67.92;999.29;12.18;305.73;0.000004;0;0;0
14.01.2019;18:00;274.34;70.52;999.96;11.84;306.97;0.000004;0;0;0
14.01.2019;19:00;274.3;73.01;1000.58;11.07;306.36;0.000003;0;0;0
14.01.2019;20:00;274.24;74.97;1001.29;10.61;304.39;0.000002;0;0;0
14.01.2019;21:00;274.18;76.6;1001.92;10.37;303.54;0.000003;0;0;0
14.01.2019;22:00;274.11;77.88;1002.28;10.08;303.42;0.000005;0;0;0
14.01.2019;23:00;274.04;78.63;1002.62;10.08;303.03;0.000008;0;0;0
14.01.2019;24:00:00;274.02;79.08;1003.05;10.36;303.13;0.000015;0;0;0
15.01.2019;01:00;274.04;79.42;1003.5;10.47;302.65;0.000016;0;0;0
15.01.2019;02:00;274.08;80.39;1003.79;10.53;300.76;0.000065;0;0;0
15.01.2019;03:00;274.15;83.54;1003.92;10.08;297.02;0.01227;0.002954;0.00001;0
15.01.2019;04:00;274.34;87.8;1003.64;9.04;292.05;0.145118;0.011686;0.00005;0
15.01.2019;05:00;274.31;91.68;1003.31;8.16;285.37;0.348583;0.129531;0.000257;0
15.01.2019;06:00;274.3;93.07;1002.99;7.51;277.66;0.362584;0.306403;0.001581;0
15.01.2019;07:00;274.95;92.75;1002.87;8.12;280.44;0.418173;0.124452;0.002708;0
15.01.2019;08:00;276.2;92.04;1002.77;8.63;286.55;0.364151;0;0.002573;2.0354
15.01.2019;09:00;277.09;91.53;1002.7;8.64;287.62;0.34258;0;0.002311;10.6134
15.01.2019;10:00;277.36;92.28;1002.7;8.38;283.77;0.553313;0;0.002137;20.6973
15.01.2019;11:00;277.36;93.11;1002.45;7.75;274.38;0.806291;0;0.001994;27.4149
15.01.2019;12:00;277.31;93.31;1001.75;7.56;262.46;0.903763;0;0.001876;27.7988
15.01.2019;13:00;277.21;93.33;1000.62;8.23;251.47;0.891239;0;0.00177;20.7912
15.01.2019;14:00;277.3;93.06;999.42;9.82;252.35;0.650013;0;0.001653;12.9791
15.01.2019;15:00;278.09;91.8;998.99;12.17;267.97;0.406363;0;0.001484;2.0797
15.01.2019;16:00;278.57;92.59;998.9;11.56;273.31;0.101079;0;0.001299;0
15.01.2019;17:00;278.82;93.25;998.71;11.22;274.81;0.055685;0;0.00114;0
15.01.2019;18:00;279.07;93.38;998.74;11.31;277.99;0.04152;0;0.001002;0
15.01.2019;19:00;279.22;93.13;999.12;11.44;282.25;0.034038;0;0.000875;0
15.01.2019;20:00;279.21;92.16;999.73;11.56;285.71;0.027293;0;0.000764;0
15.01.2019;21:00;279.05;91.78;1000.29;11.07;286.23;0.014025;0;0.000672;0
15.01.2019;22:00;278.94;91.7;1000.77;10.61;286.11;0.031379;0;0.0006;0
15.01.2019;23:00;278.83;91.58;1001.12;9.77;285.5;0.117734;0;0.000543;0
15.01.2019;24:00:00;278.55;93.09;1001.31;8.57;281.79;0.234898;0;0.000505;0
16.01.2019;01:00;278.32;94.01;1001.54;7.61;277.51;0.421173;0;0.000478;0
16.01.2019;02:00;278.27;94.39;1001.74;6.92;273.51;0.628216;0;0.000456;0
16.01.2019;03:00;278.48;94.32;1001.7;7.02;270.84;0.662243;0;0.000435;0
16.01.2019;04:00;278.74;94.05;1001.74;7.67;269.59;0.473611;0;0.00041;0
16.01.2019;05:00;278.75;94.11;1001.76;8.21;267.46;0.196109;0;0.000384;0
16.01.2019;06:00;278.68;93.94;1001.73;8.57;262.96;0.071329;0;0.000358;0
16.01.2019;07:00;278.62;93.93;1001.72;8.41;258.65;0.032547;0;0.000334;0
16.01.2019;08:00;278.62;94.06;1001.84;8.18;253.55;0.020266;0;0.000314;4.1331
16.01.2019;09:00;278.78;93.78;1001.83;8;247.8;0.038636;0;0.000296;25.9729
16.01.2019;10:00;279.07;93.09;1001.67;8.29;243.91;0.064665;0;0.000276;38.0239
16.01.2019;11:00;279.28;92.63;1001.3;8.39;241.68;0.069002;0;0.000257;34.356
16.01.2019;12:00;279.42;92.27;1000.82;8.53;239.8;0.057093;0;0.000238;33.3612
16.01.2019;13:00;279.5;91.69;1000.29;8.56;238.82;0.03351;0;0.00022;30.7932
16.01.2019;14:00;279.43;91.29;999.73;8.68;236.41;0.042736;0;0.000203;22.7611
16.01.2019;15:00;279.19;90.99;999.26;9.03;236.21;0.050061;0;0.000188;10.3905
16.01.2019;16:00;278.89;90.48;998.86;9.21;236.24;0.03924;0;0.000175;0.0002
16.01.2019;17:00;278.73;89.41;998.37;9.29;234.19;0.050803;0;0.000118;0
16.01.2019;18:00;278.52;88.97;997.8;9.47;231.87;0.064422;0;0.000106;0
16.01.2019;19:00;278.25;88.75;997.39;9.7;229.89;0.060986;0;0.000099;0
16.01.2019;20:00;277.97;88.24;997.02;9.72;227.92;0.039028;0;0.000092;0
16.01.2019;21:00;277.72;87.69;996.42;9.65;225.55;0.077006;0;0.000087;0
16.01.2019;22:00;277.41;88.1;995.75;9.79;223.79;0.251944;0;0.000081;0
16.01.2019;23:00;277.02;89.19;994.81;9.75;222.89;0.367264;0;0.000077;0
16.01.2019;24:00:00;276.73;89.88;993.73;9.67;222.89;0.430852;0;0.000072;0
17.01.2019;01:00;276.59;89.92;992.74;9.49;224.62;0.32205;0;0.000069;0
17.01.2019;02:00;276.54;89.58;992.07;9.43;228.77;0.275979;0;0.000065;0
17.01.2019;03:00;276.44;89.82;991.54;9.3;234.6;0.297405;0;0.000062;0
17.01.2019;04:00;276.39;90.5;991.17;9.11;240.48;0.221062;0;0.00006;0
17.01.2019;05:00;276.5;90.93;991.21;9.05;244.83;0.131792;0;0.000057;0
17.01.2019;06:00;276.68;91.21;991.35;8.87;247.26;0.038247;0;0.000054;0
17.01.2019;07:00;276.82;91.4;991.58;8.86;247.24;0.003162;0;0.000052;0
17.01.2019;08:00;276.91;91.14;992.14;9.13;246.65;0.001507;0;0.000049;10.6073
17.01.2019;09:00;277.3;88.76;992.66;9.75;246.92;0.002109;0;0.000046;65.8649
17.01.2019;10:00;277.75;84.83;993.09;10.04;246.06;0.006585;0;0.000043;104.7801
17.01.2019;11:00;277.96;81.49;993.16;10.46;244.79;0.009602;0;0.000029;111.7193
17.01.2019;12:00;278.17;79.22;993.03;10.42;242.05;0.013638;0;0.000027;125.4571
17.01.2019;13:00;278.32;78.62;992.78;10.07;239.17;0.023971;0;0.000001;93.7311
17.01.2019;14:00;278.29;79.5;992.57;9.66;237.3;0.034997;0;0;61.2491
17.01.2019;15:00;277.98;81.87;992.57;9.08;237.32;0.044149;0;0;17.3977
17.01.2019;16:00;277.59;84.64;992.7;8.59;238.89;0.045158;0;0;0.0029
17.01.2019;17:00;277.13;87.7;992.93;7.97;243.41;0.066444;0;0;0
17.01.2019;18:00;276.64;90.8;993.38;6.96;251.89;0.130651;0;0;0
17.01.2019;19:00;276.26;92.01;993.96;6.02;272.6;0.167094;0;0.000001;0
17.01.2019;20:00;275.79;90.35;994.81;5.78;303.69;0.118929;0;0.000002;0
17.01.2019;21:00;274.96;86.48;996;6.74;329.42;0.04787;0.001038;0.000014;0
17.01.2019;22:00;273.91;82.16;997.38;7.23;339.95;0.011647;0.00295;0.000031;0
17.01.2019;23:00;273.02;80.03;998.76;7.08;341.87;0.001416;0.000908;0.000049;0
17.01.2019;24:00:00;272.43;80.57;1000.01;6.75;342.04;0.000401;0.000027;0.000056;0
18.01.2019;01:00;272.12;81.04;1001.45;6.5;342.54;0.00022;0.000106;0.000048;0
18.01.2019;02:00;271.91;80.89;1002.84;6.52;344.15;0.000508;0.000298;0.000011;0
18.01.2019;03:00;271.65;80.2;1004.13;6.57;345;0.001085;0.000054;0.000014;0
18.01.2019;04:00;271.19;79.46;1005.51;6.18;343.61;0.000151;0.000707;0.000035;0
18.01.2019;05:00;270.75;78.21;1006.79;5.51;338.74;0.000003;0.000096;0.000015;0
18.01.2019;06:00;270.46;77.4;1007.98;4.9;329.66;0;0.000003;0.000003;0
18.01.2019;07:00;270.44;77.95;1009.01;4.55;315.7;0.000004;0;0.000002;0
18.01.2019;08:00;270.96;78.38;1010.05;4.51;298.55;0.000013;0.000001;0.000003;22.9106
18.01.2019;09:00;272.74;74.53;1010.92;5.52;281.05;0.000088;0.000003;0.000004;110.1825
18.01.2019;10:00;273.78;73.46;1011.63;6.15;269.36;0.000203;0.000007;0.00001;188.1211
18.01.2019;11:00;274.64;70.25;1012.02;6.81;266.23;0.000619;0.000019;0.000028;223.4761
18.01.2019;12:00;275.08;69.17;1012.2;7.16;265.49;0.001566;0.000027;0.000039;211.4121
18.01.2019;13:00;275.23;70.99;1012.37;6.95;266.69;0.001568;0;0.000004;188.8379
18.01.2019;14:00;274.93;75.73;1012.63;5.9;268.05;0.001366;0;0.000002;123.5928
18.01.2019;15:00;273.34;86.46;1013.03;4.43;268.36;0.00053;0.000044;0.000003;36.3905
18.01.2019;16:00;271.98;96.08;1013.34;4.39;271.84;0.000294;0.000096;0.000004;0.0222
18.01.2019;17:00;271.86;97.47;1013.63;4.52;277.94;0.000244;0.000024;0.000005;0
18.01.2019;18:00;271.66;99.21;1014.02;4.47;281.73;0.000083;0.000327;0.000056;0
18.01.2019;19:00;271.6;99.69;1014.55;4.39;281.85;0.000009;0.000931;0.000007;0
18.01.2019;20:00;271.72;99.09;1015.09;4.39;279.26;0.000002;0.001348;0.000033;0
18.01.2019;21:00;271.96;97.97;1015.65;4.46;274.27;0.000001;0.00338;0.00004;0
18.01.2019;22:00;272.09;97.25;1016.11;4.8;267.98;0.000002;0.007614;0.000043;0
18.01.2019;23:00;272.21;97.76;1016.4;4.94;264.61;0.000042;0.004382;0.000043;0
18.01.2019;24:00:00;272.11;98.98;1016.58;4.93;261.85;0.000203;0.007446;0.000045;0
19.01.2019;01:00;272.21;98.17;1016.76;5.01;260.95;0.000712;0.009395;0.000062;0
19.01.2019;02:00;272.33;97.4;1016.95;4.81;260.13;0.003172;0.010049;0.000075;0
19.01.2019;03:00;272.53;96.47;1017.09;4.58;261.03;0.004514;0.01444;0.000079;0
19.01.2019;04:00;272.83;95.49;1017.17;4.4;263.81;0.003687;0.018815;0.000082;0
19.01.2019;05:00;272.91;95.53;1017.17;4.07;266.76;0.004612;0.021432;0.000084;0
19.01.2019;06:00;272.92;95.27;1017.25;3.72;268.26;0.005534;0.021864;0.000086;0
19.01.2019;07:00;272.89;95.26;1017.39;3.33;267.11;0.006068;0.021123;0.000087;0
19.01.2019;08:00;272.88;95.08;1017.74;3.17;263.22;0.006727;0.015117;0.000086;10.5801
19.01.2019;09:00;273.46;92.32;1017.94;3.71;256.25;0.005445;0.007597;0.000083;58.5143
19.01.2019;10:00;273.97;90.95;1018.13;3.81;250.52;0.00439;0.002597;0.000081;115.7866
19.01.2019;11:00;274.78;87.7;1018.2;3.93;250.19;0.005674;0.000367;0.000024;155.2226
19.01.2019;12:00;275.39;81.48;1018.01;4.02;253.47;0.01244;0;0.000003;178.2884
19.01.2019;13:00;275.34;80.14;1017.74;3.73;255.36;0.014989;0;0.000003;135.8073
19.01.2019;14:00;274.86;84.19;1017.56;2.75;256.61;0.018466;0;0.000003;74.9991
19.01.2019;15:00;273.7;88.9;1017.49;2.45;255.35;0.019709;0;0.000003;21.89
19.01.2019;16:00;273.06;90.33;1017.5;2.34;252.92;0.022674;0;0.000003;0.038
19.01.2019;17:00;272.99;90.24;1017.44;2.1;247.8;0.021698;0.000006;0.000003;0
19.01.2019;18:00;272.84;90.48;1017.5;1.96;238.7;0.014039;0.005632;0.000036;0
19.01.2019;19:00;272.61;91.37;1017.51;1.96;227.82;0.012033;0.006899;0.000051;0
19.01.2019;20:00;272.3;92.56;1017.51;2.05;219.35;0.009386;0.009377;0.000077;0
19.01.2019;21:00;272.01;93.82;1017.52;2.13;214.47;0.007739;0.004342;0.000073;0
19.01.2019;22:00;271.65;95.24;1017.58;2.18;212.23;0.00124;0.008056;0.000063;0
19.01.2019;23:00;271.42;95.53;1017.56;2.18;212.45;0.000943;0.006818;0.000059;0
19.01.2019;24:00:00;271.27;95.25;1017.39;2.13;214.66;0.000958;0.006313;0.000073;0
20.01.2019;01:00;271.31;94.01;1017.25;1.96;218.08;0.000915;0.007756;0.000078;0
20.01.2019;02:00;271.42;92.4;1017.2;1.74;222.5;0.000905;0.009111;0.000078;0
20.01.2019;03:00;271.42;91.47;1017.05;1.41;231.21;0.000948;0.008976;0.000078;0
20.01.2019;04:00;271.3;91.1;1016.95;1.11;248.47;0.000828;0.010063;0.000079;0
20.01.2019;05:00;271.14;90.82;1016.93;0.94;269.06;0.000563;0.011078;0.00008;0
20.01.2019;06:00;270.98;90.71;1016.98;0.81;282.77;0.00044;0.01012;0.00008;0
20.01.2019;07:00;270.83;90.74;1017.11;0.74;284.62;0.000319;0.00943;0.00008;0
20.01.2019;08:00;270.97;89.86;1017.5;0.76;277.08;0.000199;0.01182;0.000083;18.3561
20.01.2019;09:00;271.56;86.42;1017.88;0.92;272.17;0.000095;0.01563;0.000085;81.0107
20.01.2019;10:00;271.96;84.08;1018.08;1.1;267.2;0.000025;0.016573;0.000086;133.941
20.01.2019;11:00;272.33;82.47;1018.23;1.4;263.9;0.000001;0.014268;0.000084;173.8485
20.01.2019;12:00;272.6;81.5;1018.21;1.69;265.88;0;0.010801;0.000081;183.2437
20.01.2019;13:00;272.81;80.6;1018.15;2;272.14;0;0.007868;0.000061;158.5072
20.01.2019;14:00;272.74;80.92;1018.11;2.19;278.7;0;0.007165;0.000062;108.2038
20.01.2019;15:00;272.12;85;1018.28;1.98;282.77;0;0.007036;0.000068;33.4872
20.01.2019;16:00;271.45;88.59;1018.5;1.97;285.33;0;0.009415;0.000079;0.0921
20.01.2019;17:00;271.37;89.29;1018.72;2.07;285.73;0.000001;0.010777;0.00008;0
20.01.2019;18:00;271.28;89.88;1018.99;2.38;285.24;0.000001;0.010051;0.00008;0
20.01.2019;19:00;271.17;90.75;1019.41;2.6;283.06;0.000484;0.007307;0.000079;0
20.01.2019;20:00;271.13;91.15;1019.89;2.91;279.6;0.000803;0.008015;0.00008;0
20.01.2019;21:00;271.11;91.14;1020.37;3.3;274.2;0.000741;0.009753;0.000083;0
20.01.2019;22:00;271.06;90.92;1020.64;3.45;267.39;0.000651;0.012671;0.000087;0
20.01.2019;23:00;271.05;90.44;1020.74;3.6;261.55;0.000025;0.0147;0.000089;0
20.01.2019;24:00:00;270.97;90.22;1020.62;3.76;255.26;0.000077;0.013246;0.00009;0
21.01.2019;01:00;270.81;89.94;1020.53;3.97;249.85;0.000078;0.007795;0.000089;0
21.01.2019;02:00;270.52;90.3;1020.38;4.22;245.16;0.000063;0.006288;0.00009;0
21.01.2019;03:00;270.25;90.13;1020.21;4.53;242.16;0.000067;0.009714;0.000094;0
21.01.2019;04:00;269.99;89.67;1019.96;4.76;239.06;0.000041;0.011901;0.000096;0
21.01.2019;05:00;269.7;89.45;1019.62;4.93;234.11;0.000003;0.008423;0.000096;0
21.01.2019;06:00;269.61;88.31;1019.31;5.29;230.69;0;0.004297;0.000073;0
21.01.2019;07:00;269.73;86.52;1019.09;5.69;228.56;0;0.000563;0.000063;0
21.01.2019;08:00;270.1;84.08;1018.9;6.02;226.29;0;0.000002;0.000044;15.1457
21.01.2019;09:00;270.66;81.3;1018.48;6.37;224.79;0;0.000001;0.000013;56.1365
21.01.2019;10:00;271.34;77.91;1018.13;6.79;225.48;0;0.000041;0.00004;92.4649
21.01.2019;11:00;272.02;73.87;1017.65;7.26;227.11;0;0.003459;0.000045;117.6973
21.01.2019;12:00;272.55;70.88;1017;7.54;227.88;0;0.026581;0.000187;117.7512
21.01.2019;13:00;272.81;69.65;1016.25;7.62;228.93;0;0.049003;0.000477;88.8781
21.01.2019;14:00;272.8;71.13;1015.59;7.26;230.12;0.000111;0.049336;0.000794;48.3318
21.01.2019;15:00;272.59;73.88;1015.16;7.09;230.05;0.000357;0.039512;0.001033;17.5015
21.01.2019;16:00;272.37;75.95;1014.83;7.33;232.14;0.000525;0.029625;0.001158;0.0878
21.01.2019;17:00;272.23;78.37;1014.48;7.37;234.12;0.001777;0.048903;0.001301;0
21.01.2019;18:00;272.19;81;1014.14;7.14;236.33;0.025388;0.061932;0.00156;0
21.01.2019;19:00;272.25;83.37;1013.85;6.91;238.02;0.023594;0.081632;0.001866;0
21.01.2019;20:00;272.38;85.72;1013.69;6.56;241.32;0.006689;0.097664;0.002185;0
21.01.2019;21:00;272.44;88;1013.61;6.15;242.97;0.003355;0.079905;0.002383;0
21.01.2019;22:00;272.55;89.22;1013.41;5.84;246.08;0.006983;0.04573;0.00252;0
21.01.2019;23:00;272.57;90.14;1013.21;5.39;247.01;0.015375;0.03331;0.002643;0
21.01.2019;24:00:00;272.59;90.47;1012.99;5.11;247.59;0.017279;0.03322;0.002744;0
22.01.2019;01:00;272.62;90.86;1012.76;4.79;248.17;0.017619;0.031829;0.002837;0
22.01.2019;02:00;272.6;91.57;1012.49;4.42;247.69;0.014255;0.032876;0.002925;0
22.01.2019;03:00;272.5;92.29;1012.12;4.03;245.15;0.011018;0.033226;0.003017;0
22.01.2019;04:00;272.36;92.58;1011.78;3.71;241.04;0.008071;0.030152;0.003112;0
22.01.2019;05:00;272.2;92.49;1011.46;3.54;233.89;0.006594;0.02477;0.003191;0
22.01.2019;06:00;272.06;91.83;1011.23;3.62;226.62;0.003552;0.026342;0.003268;0
22.01.2019;07:00;271.87;91.22;1011.12;3.65;219.76;0.003377;0.022093;0.003336;0
22.01.2019;08:00;271.77;90.05;1011.18;3.82;212.25;0.004797;0.017239;0.003393;14.0992
22.01.2019;09:00;272.08;87.81;1011.16;3.99;204.39;0.000903;0.017137;0.003451;71.151
22.01.2019;10:00;272.77;85.19;1011.08;4.05;196.77;0.000945;0.010691;0.00348;132.4969
22.01.2019;11:00;273.67;82.21;1010.73;4.23;188.09;0.002018;0.002748;0.003453;184.4165
22.01.2019;12:00;274.27;79.21;1009.99;4.49;177.57;0.001684;0.00059;0.003386;221.689
22.01.2019;13:00;274.42;76.9;1009.12;4.79;167.74;0.000875;0.000038;0.002544;201.9721
22.01.2019;14:00;273.96;77.73;1008.34;4.85;160.35;0.00052;0.000007;0.002413;138.0424
22.01.2019;15:00;272.63;83.22;1007.84;4.38;155.11;0.000094;0.000078;0.002317;48.3609
22.01.2019;16:00;271.47;85.82;1007.51;4.98;153.32;0.000022;0.00002;0.002289;0.3265
22.01.2019;17:00;271.23;83.98;1007.29;5.85;153.55;0.000008;0.000003;0.002287;0
22.01.2019;18:00;270.77;84.73;1007.07;6.06;153.08;0.000004;0.000001;0.002288;0
22.01.2019;19:00;270.31;86.4;1006.89;6.18;152.69;0;0;0.002288;0
22.01.2019;20:00;269.89;88.37;1006.78;6.35;151.6;0;0;0.00229;0
22.01.2019;21:00;269.48;89.81;1006.63;6.55;150.17;0;0.000002;0.002306;0
22.01.2019;22:00;269.07;90.12;1006.3;6.68;149.12;0;0.000023;0.002424;0
22.01.2019;23:00;268.61;90.33;1005.92;6.72;148.75;0;0.000196;0.003092;0
22.01.2019;24:00:00;268.13;90.6;1005.45;6.69;148.52;0;0.00114;0.003311;0
23.01.2019;01:00;268;89.27;1005.04;6.8;149.37;0;0.000691;0.002857;0
23.01.2019;02:00;267.52;90.7;1004.67;6.37;148.99;0;0.0002;0.002941;0
23.01.2019;03:00;267.23;90.81;1004.45;6.41;146.51;0;0.001298;0.003319;0
23.01.2019;04:00;267.17;90.15;1004.37;6.58;144.79;0;0.000616;0.002949;0
23.01.2019;05:00;266.79;91.94;1004.32;6.27;142.1;0;0.000396;0.003083;0
23.01.2019;06:00;266.59;92.35;1004.4;6.32;139.76;0;0.001243;0.003328;0
23.01.2019;07:00;266.55;91.73;1004.59;6.45;138.37;0;0.001578;0.003332;0
23.01.2019;08:00;266.64;90.87;1004.92;6.49;136.58;0;0.001482;0.003338;28.4022
23.01.2019;09:00;267.42;86.41;1005.05;6.91;136.52;0;0.000273;0.002499;112.731
23.01.2019;10:00;268.42;80.66;1005.12;6.92;135.1;0;0.000021;0.002314;204.7756
23.01.2019;11:00;269.45;75.09;1005;6.78;132.8;0;0;0.002308;253.5734
23.01.2019;12:00;270.22;70.93;1004.74;6.54;129.19;0;0.000001;0.002303;256.95
23.01.2019;13:00;270.67;68.57;1004.53;6.31;125.36;0;0.000002;0.002303;215.5198
23.01.2019;14:00;270.75;68.34;1004.54;6.1;122.69;0;0.000004;0.002309;139.4701
23.01.2019;15:00;270.17;72.91;1004.82;5.17;121.22;0;0.000006;0.002314;47.5849
23.01.2019;16:00;269;80.12;1005.3;4.75;120.93;0;0.000006;0.002315;0.5248
23.01.2019;17:00;268.63;82.89;1005.71;5.05;121.57;0;0.000005;0.002311;0
23.01.2019;18:00;268.29;86.43;1006.11;5.13;122.53;0;0.000003;0.002303;0
23.01.2019;19:00;267.9;90.16;1006.61;5.05;124.13;0;0.000002;0.0023;0
23.01.2019;20:00;267.46;93.81;1007.16;4.84;125.9;0;0.000001;0.002301;0
23.01.2019;21:00;266.99;97.06;1007.76;4.58;127.36;0;0.000071;0.002604;0
23.01.2019;22:00;266.93;96.41;1008.4;4.47;128.8;0;0.000781;0.003321;0
23.01.2019;23:00;267;94.17;1008.94;4.5;129.45;0;0.002134;0.003326;0
23.01.2019;24:00:00;267;92.49;1009.26;4.5;129.13;0;0.002461;0.003333;0
24.01.2019;01:00;266.94;91.77;1009.46;4.4;128.64;0;0.002211;0.003337;0
24.01.2019;02:00;266.87;91.01;1009.61;4.27;127.74;0;0.002885;0.003342;0
24.01.2019;03:00;266.77;90.51;1009.88;3.98;126.85;0;0.003418;0.003346;0
24.01.2019;04:00;266.68;90.23;1010.3;3.66;125.14;0;0.002987;0.003351;0
24.01.2019;05:00;266.65;90.16;1010.62;3.46;121.97;0;0.002194;0.003354;0
24.01.2019;06:00;266.52;91.37;1010.93;3.47;119.51;0;0.002494;0.003358;0
24.01.2019;07:00;266.65;90.95;1011.21;4.07;117.96;0;0.002937;0.003362;0.0012
24.01.2019;08:00;266.96;89.59;1011.63;4.59;118.69;0;0.00145;0.003318;30.8562
24.01.2019;09:00;267.92;85.08;1011.93;4.95;121.69;0;0.00003;0.002351;124.3178
24.01.2019;10:00;268.96;79.39;1012.15;5.07;124.02;0;0;0.002322;216.3013
24.01.2019;11:00;269.89;73.21;1012.17;5.14;125.28;0;0;0.002317;265.6816
24.01.2019;12:00;270.44;69.4;1012.01;4.98;125.27;0;0.000001;0.002313;269.9266
24.01.2019;13:00;270.64;67.78;1011.91;4.83;125.02;0;0.000001;0.002308;230.3952
24.01.2019;14:00;270.55;67.98;1011.94;4.6;125.23;0;0.000008;0.002304;152.5355
24.01.2019;15:00;269.77;73.73;1012.15;3.62;125.76;0;0.000062;0.002303;54.2003
24.01.2019;16:00;268.3;81.3;1012.56;3.38;127.88;0;0.000252;0.00233;0.7191
24.01.2019;17:00;267.89;82.53;1012.97;3.49;132.37;0;0.0008;0.00309;0
24.01.2019;18:00;268.01;82.32;1013.31;3.51;137.47;0;0.003511;0.003345;0
24.01.2019;19:00;268.2;81.78;1013.53;3.62;142.26;0;0.007065;0.003356;0
24.01.2019;20:00;268.14;82.14;1013.79;3.6;146.49;0;0.008555;0.00337;0
24.01.2019;21:00;268.03;82.71;1013.96;3.37;150.15;0;0.010339;0.003388;0
24.01.2019;22:00;267.92;83.31;1014.14;3.01;153.46;0;0.012215;0.003412;0
24.01.2019;23:00;267.81;83.76;1014.17;2.67;156.11;0;0.01341;0.00344;0
24.01.2019;24:00:00;267.71;83.96;1014.02;2.39;158.29;0;0.01152;0.003466;0
25.01.2019;01:00;267.62;84;1013.87;2.13;160.72;0;0.009631;0.003488;0
25.01.2019;02:00;267.57;83.74;1013.69;1.87;164.24;0;0.008923;0.003508;0
25.01.2019;03:00;267.58;82.43;1013.47;1.6;170.74;0;0.00988;0.003533;0
25.01.2019;04:00;267.68;79.99;1013.41;1.36;180.55;0;0.010293;0.003561;0
25.01.2019;05:00;267.72;78.97;1013.39;1.23;191.38;0;0.008688;0.003587;0
25.01.2019;06:00;267.73;78.71;1013.34;1.18;203.52;0;0.008567;0.00361;0
25.01.2019;07:00;267.72;78.94;1013.27;1.2;212.95;0;0.008849;0.003632;0.0036
25.01.2019;08:00;267.94;80.7;1013.12;1.28;218.73;0;0.01078;0.003655;23.2193
25.01.2019;09:00;268.79;74.52;1012.98;1.84;233.65;0;0.013688;0.00368;84.3702
25.01.2019;10:00;269.42;69.56;1012.87;2.3;248.51;0;0.012559;0.003702;139.3741
25.01.2019;11:00;269.84;67.92;1012.46;2.51;248.82;0;0.011155;0.003716;166.6559
25.01.2019;12:00;270.12;67.17;1011.93;2.76;248.67;0;0.009366;0.003726;162.7249
25.01.2019;13:00;270.25;67.16;1011.61;3.1;249.82;0;0.012501;0.003742;133.2201
25.01.2019;14:00;270.22;68.41;1011.28;3.41;251.1;0;0.01798;0.003771;73.3573
25.01.2019;15:00;270.06;71.55;1011.02;3.33;250.6;0;0.013099;0.003803;22.4237
25.01.2019;16:00;269.79;76.59;1010.73;2.86;244.58;0;0.009665;0.003829;0.3749
25.01.2019;17:00;269.75;77.54;1010.2;2.94;234.65;0;0.00409;0.003844;0
25.01.2019;18:00;269.68;77.8;1009.65;3.22;223.1;0;0.003507;0.003858;0
25.01.2019;19:00;269.45;78.84;1009.22;3.55;215.58;0;0.002018;0.003869;0
25.01.2019;20:00;268.97;81.01;1008.66;3.79;209.67;0;0.000814;0.003826;0
25.01.2019;21:00;268.53;83.01;1008.04;4.13;203.91;0;0.000384;0.003446;0
25.01.2019;22:00;268.51;83.67;1007.13;4.54;197.04;0;0.000233;0.003319;0
25.01.2019;23:00;268.49;84.68;1006.07;4.67;189.66;0;0.001774;0.003888;0
25.01.2019;24:00:00;268.66;84.94;1004.87;4.9;181.53;0;0.015911;0.003934;0
26.01.2019;01:00;268.85;85.23;1003.7;5.05;171.56;0;0.093071;0.004157;0
26.01.2019;02:00;269.07;85.88;1002.52;5.19;162.11;0;0.257628;0.004966;0
26.01.2019;03:00;269.32;87.03;1001.4;5.21;159.15;0;0.414231;0.006699;0
26.01.2019;04:00;269.54;88.26;1000.42;5.04;160.5;0;0.423144;0.008806;0
26.01.2019;05:00;269.68;89.39;999.82;4.63;165.01;0;0.323728;0.010625;0
26.01.2019;06:00;269.61;90.82;999.38;3.82;166.59;0;0.189876;0.011836;0
26.01.2019;07:00;269.47;92.52;999.15;2.98;167.76;0;0.092627;0.012482;0.007
26.01.2019;08:00;269.69;92.34;999.15;2.43;168.22;0.000369;0.037946;0.012763;16.9397
26.01.2019;09:00;270.46;89.84;999.03;2.59;167.12;0.000827;0.015189;0.012868;47.238
26.01.2019;10:00;271.17;88.02;998.93;2.3;167.23;0.000659;0.017795;0.012942;70.3454
26.01.2019;11:00;271.96;86.52;998.86;1.92;175.79;0.00077;0.035068;0.013058;99.0977
26.01.2019;12:00;272.58;85.98;998.67;1.63;181.77;0.001425;0.051803;0.013247;102.1392
26.01.2019;13:00;272.92;86.66;998.43;1.43;180.72;0.001311;0.06443;0.013498;77.1161
26.01.2019;14:00;273.09;87.88;998.27;1.49;180.33;0.026476;0.061894;0.013793;43.6375
26.01.2019;15:00;273.1;91.05;998.18;1.48;176.74;0.022469;0.083297;0.01417;12.065
26.01.2019;16:00;273.06;92.89;998.08;1.79;175.23;0.016481;0.085092;0.014611;0.1679
26.01.2019;17:00;273.19;93.6;997.83;2.18;173.22;0.035427;0.045356;0.014966;0
26.01.2019;18:00;273.31;94.74;997.55;2.52;171.35;0.065349;0.012316;0.015115;0
26.01.2019;19:00;273.45;95.51;997.17;3.04;170.11;0.084172;0.008562;0.015222;0
26.01.2019;20:00;273.54;95.89;996.75;3.69;170.58;0.173064;0.005416;0.015315;0
26.01.2019;21:00;273.6;95.81;996.19;4.27;169.67;0.277315;0.006202;0.015406;0
26.01.2019;22:00;273.61;95.61;995.46;4.75;164.82;0.231369;0.136536;0.015761;0
26.01.2019;23:00;273.65;95.25;994.64;5.19;161.19;0.198468;0.252911;0.016906;0
26.01.2019;24:00:00;273.7;95.15;993.75;5.37;162.28;0.213341;0.200783;0.018107;0
27.01.2019;01:00;273.85;95.4;992.81;5.34;166.31;0.250226;0.042272;0.018595;0
27.01.2019;02:00;274.21;95.79;991.87;5.23;174.11;0.190345;0.009284;0.018624;0
27.01.2019;03:00;274.56;96.05;990.9;5.23;180.48;0.142414;0.003368;0.018449;0
27.01.2019;04:00;274.77;95.93;990.02;5.34;182.56;0.121635;0;0.018166;0
27.01.2019;05:00;274.83;95.67;989.2;5.53;182.02;0.142214;0;0.017822;0
27.01.2019;06:00;274.77;95.54;988.44;5.74;179.37;0.216898;0;0.017472;0
27.01.2019;07:00;274.61;95.47;987.85;5.81;174.22;0.275467;0;0.017154;0.0033
27.01.2019;08:00;274.5;95.06;987.47;6.04;169.22;0.278967;0;0.016866;6.1077
27.01.2019;09:00;274.59;94.35;986.91;6.34;167.78;0.207984;0;0.016524;25.4102
27.01.2019;10:00;274.87;93.53;986.21;6.48;166.05;0.109942;0;0.016088;57.5099
27.01.2019;11:00;275.49;92.21;985.45;6.57;166.34;0.096801;0;0.015511;105.7244
27.01.2019;12:00;275.98;91.42;984.68;6.53;172.1;0.146618;0;0.014844;104.0017
27.01.2019;13:00;275.97;92.31;984.13;5.96;176.57;0.278749;0;0.01424;66.7459
27.01.2019;14:00;275.78;93.59;983.72;5.41;178.83;0.262228;0;0.013768;41.4023
27.01.2019;15:00;275.39;95.11;983.48;5;183.02;0.183589;0;0.013453;19.318
27.01.2019;16:00;274.63;98.59;983.24;4.68;181.09;0.091599;0;0.013301;0.837
27.01.2019;17:00;274.54;98.27;983.09;5.32;181.11;0.038804;0;0.013206;0
27.01.2019;18:00;274.48;97.08;982.99;5.58;181.94;0.020745;0;0.013076;0
27.01.2019;19:00;274.15;96.54;982.94;5.67;179.85;0.041728;0.008426;0.012963;0
27.01.2019;20:00;273.99;96.15;982.94;5.67;179.64;0.108838;0.020093;0.012909;0
27.01.2019;21:00;273.91;95.95;983.03;5.6;180.12;0.193138;0.029321;0.012867;0
27.01.2019;22:00;273.91;95.67;983.11;5.58;181.86;0.2407;0.074491;0.012954;0
27.01.2019;23:00;273.96;95.57;983.38;5.53;186.57;0.240581;0.065785;0.013139;0
27.01.2019;24:00:00;273.94;95.62;983.62;5.24;192.5;0.209928;0.02333;0.01319;0
28.01.2019;01:00;273.87;96.04;983.83;4.75;198.38;0.14124;0.010806;0.013165;0
28.01.2019;02:00;273.79;96.37;984.08;4.32;205.21;0.074302;0.018222;0.013177;0
28.01.2019;03:00;273.82;96.53;984.42;4;214.88;0.069753;0.019887;0.013238;0
28.01.2019;04:00;274.03;96.57;984.87;4.02;229.82;0.12564;0.003249;0.013246;0
28.01.2019;05:00;274.11;96.93;985.29;4.24;241.5;0.11497;0.000068;0.01322;0
28.01.2019;06:00;274.09;96.92;985.82;4.39;245.09;0.037597;0.000275;0.013198;0
28.01.2019;07:00;273.95;96.66;986.42;4.48;243.24;0.009023;0.002384;0.013187;0.0387
28.01.2019;08:00;273.86;95.72;986.98;4.49;236.25;0.001865;0.009719;0.013193;13.7752
28.01.2019;09:00;274.03;94.89;987.5;4.44;226.45;0.001239;0.004204;0.01308;52.3515
28.01.2019;10:00;274.14;93.99;988.09;4.46;216.65;0.00356;0.00444;0.012849;86.4496
28.01.2019;11:00;274.56;92.2;988.47;4.54;212.5;0.007851;0;0.012502;116.6373
28.01.2019;12:00;275.17;89.64;988.55;4.09;209.29;0.004256;0;0.012083;154.9624
28.01.2019;13:00;275.86;86.62;988.72;3.54;202.71;0.003047;0;0.011657;181.528
28.01.2019;14:00;275.78;88.7;988.91;2.59;192.84;0.003924;0;0.011353;133.1426
28.01.2019;15:00;274.5;92.26;989.17;2.67;181.34;0.006698;0;0.011259;49.4728
28.01.2019;16:00;273.89;94.35;989.55;2.83;178.22;0.011114;0;0.01126;1.4958
28.01.2019;17:00;273.99;94.03;989.85;2.74;182.73;0.01188;0;0.011267;0
28.01.2019;18:00;274.05;93.99;990.08;2.52;191.15;0.010042;0;0.011274;0
28.01.2019;19:00;273.99;94.38;990.3;2.24;206.12;0.008169;0;0.011279;0
28.01.2019;20:00;273.79;95.53;990.55;2.01;230.16;0.009876;0;0.011285;0
28.01.2019;21:00;273.54;97.37;991;1.96;258.6;0.017466;0;0.011291;0
28.01.2019;22:00;273.45;98.51;991.55;2.17;283.2;0.041171;0;0.011303;0
28.01.2019;23:00;273.6;98.42;992.07;2.73;301.81;0.065853;0;0.011326;0
28.01.2019;24:00:00;273.83;97.1;992.56;3.82;312;0.069745;0.000275;0.011353;0
29.01.2019;01:00;273.93;94.99;993.12;5.36;314.97;0.06108;0.003994;0.011396;0
29.01.2019;02:00;273.75;92.59;993.72;6.46;313.96;0.049246;0.005768;0.011444;0
29.01.2019;03:00;273.37;90.08;994.33;6.86;311.32;0.014538;0.010954;0.011516;0
29.01.2019;04:00;272.95;87.92;994.97;6.51;306.53;0.011905;0.0031;0.011544;0
29.01.2019;05:00;272.71;86.41;995.57;6.36;300.93;0.006848;0.005253;0.011572;0
29.01.2019;06:00;272.48;85.91;996.33;6.24;295.14;0.004303;0.003472;0.011607;0
29.01.2019;07:00;272.05;86.6;997.11;6.05;289.41;0.00267;0.001208;0.011627;0.1501
29.01.2019;08:00;272;86.46;997.93;5.98;283.15;0.001071;0.000507;0.011639;44.462
29.01.2019;09:00;272.8;84.63;998.5;6.11;276.58;0.000399;0.000245;0.01164;145.4492
29.01.2019;10:00;273.84;81.92;998.97;6.11;274.23;0.000315;0.000304;0.011594;232.7022
29.01.2019;11:00;274.74;80.04;999.15;5.91;271.31;0.001224;0.000031;0.011353;265.0106
29.01.2019;12:00;275.39;80.18;999.21;5.73;266.52;0.00194;0;0.010933;267.6754
29.01.2019;13:00;275.66;81.52;999.37;5.48;262.69;0.003911;0;0.010527;196.3172
29.01.2019;14:00;275.47;84.71;999.57;4.82;258.53;0.008087;0;0.010262;123.1128
29.01.2019;15:00;274.39;91.07;999.87;4.03;254.58;0.008103;0;0.010181;54.0339
29.01.2019;16:00;273.07;97.97;1000.11;4.03;250.03;0.005924;0;0.010188;2.2186
29.01.2019;17:00;273.08;97.61;1000.26;4.17;245.82;0.007898;0;0.010197;0
29.01.2019;18:00;272.98;97.24;1000.45;4.24;241.95;0.00501;0;0.010207;0
29.01.2019;19:00;272.73;97.36;1000.6;4.22;238.55;0.005181;0;0.010216;0
29.01.2019;20:00;272.57;97.29;1000.79;4.13;235.05;0.004945;0.000011;0.010225;0
29.01.2019;21:00;272.2;98.55;1000.98;3.93;231.63;0.00355;0.00007;0.010233;0
29.01.2019;22:00;271.99;99.15;1001.1;3.74;228.92;0.002494;0.00025;0.01024;0
29.01.2019;23:00;271.96;98.58;1001.16;3.54;225.22;0.001365;0.001824;0.01025;0
29.01.2019;24:00:00;272.04;96.91;1001.16;3.32;218.71;0.000475;0.00577;0.01027;0
30.01.2019;01:00;272.02;95.44;1001.13;3.2;207.46;0.00014;0.009882;0.010306;0
30.01.2019;02:00;271.94;94.8;1001.01;2.96;191.44;0.00006;0.008363;0.010344;0
30.01.2019;03:00;271.76;94.8;1000.86;2.98;175.89;0.000121;0.008699;0.010379;0
30.01.2019;04:00;271.72;94.46;1000.8;3.3;164.78;0.000205;0.007335;0.010417;0
30.01.2019;05:00;271.66;94.6;1000.75;3.54;157.18;0.000247;0.008422;0.010451;0
30.01.2019;06:00;271.65;94.74;1000.77;3.84;150.8;0.000263;0.006068;0.010485;0
30.01.2019;07:00;271.64;95.28;1000.85;4.16;145.98;0.000159;0.004294;0.010509;0.2738
30.01.2019;08:00;272.01;94.14;1001.11;4.9;143.57;0.000098;0.002584;0.010527;35.8167
30.01.2019;09:00;273;90.53;1001.27;5.44;140.82;0.000861;0.000899;0.010522;111.4807
30.01.2019;10:00;274.08;86.27;1001.31;5.81;136.54;0.000916;0.000161;0.010411;181.7327
30.01.2019;11:00;275.1;80.31;1001.17;6.13;131.43;0.000761;0;0.010086;219.8846
30.01.2019;12:00;275.62;75.24;1000.81;6.69;129.22;0.000613;0;0.009672;234.2487
30.01.2019;13:00;275.64;71.99;1000.46;7.02;126.91;0.000097;0;0.009325;203.4149
30.01.2019;14:00;275.19;71.72;1000.16;6.98;122.56;0.00003;0;0.00915;133.1072
30.01.2019;15:00;274.34;73.73;999.96;6.84;117.82;0.000028;0;0.009105;53.5388
30.01.2019;16:00;273.43;76.54;999.86;6.91;113.41;0.00001;0;0.009101;2.8997
30.01.2019;17:00;273.16;76.59;999.72;7.58;111.63;0.000003;0.000001;0.009099;0
30.01.2019;18:00;272.94;76.65;999.61;8;111.87;0.000001;0;0.009093;0
30.01.2019;19:00;272.67;77.01;999.5;8.19;113.17;0.000001;0;0.009084;0
30.01.2019;20:00;272.38;78.06;999.43;8.17;114.12;0;0.000001;0.009077;0
30.01.2019;21:00;272.1;79.63;999.29;8.15;114.7;0;0.000001;0.009073;0
30.01.2019;22:00;271.74;82.47;999.14;8;115.97;0;0.000001;0.009071;0
30.01.2019;23:00;271.36;86.12;998.84;7.78;116.83;0;0.000002;0.009072;0
30.01.2019;24:00:00;271.11;89.29;998.53;7.62;118.71;0;0.000004;0.009076;0
31.01.2019;01:00;270.96;91.57;998.19;7.4;121.43;0;0.00006;0.009081;0
31.01.2019;02:00;270.87;92.55;997.92;7.19;124.51;0;0.000441;0.009087;0
31.01.2019;03:00;270.76;92.94;997.73;6.98;127.34;0;0.001322;0.009094;0
31.01.2019;04:00;270.63;92.98;997.7;6.9;130.04;0;0.002157;0.009106;0
31.01.2019;05:00;270.48;93.12;997.68;6.81;133.34;0;0.002207;0.009119;0
31.01.2019;06:00;270.27;93.32;997.89;6.6;136.1;0;0.002911;0.009134;0
31.01.2019;07:00;270.08;93.35;998.18;6.34;138.35;0.000001;0.003701;0.009152;0.4722
31.01.2019;08:00;270.21;92.29;998.54;6.16;141.43;0.000005;0.004148;0.009171;32.1804
31.01.2019;09:00;270.91;89.36;998.82;5.96;147.26;0.000018;0.004165;0.009186;93.7198
31.01.2019;10:00;271.91;85.61;999.05;5.65;152.74;0.000029;0.002586;0.00919;144.3549
31.01.2019;11:00;272.94;82.18;999.16;5.17;154.06;0.000035;0.001016;0.009171;191.9059
31.01.2019;12:00;273.93;79.56;999.22;4.77;154.96;0.000262;0.000609;0.009077;203.9731
31.01.2019;13:00;274.39;79.23;999.34;4.43;154.52;0.000784;0.000346;0.008917;167.3941
31.01.2019;14:00;274.47;81.09;999.54;3.83;153.09;0.001326;0;0.008812;108.9593
31.01.2019;15:00;273.69;86.86;999.72;3.04;149.29;0.001212;0;0.008789;49.0469
31.01.2019;16:00;272.53;91.11;999.81;3.36;145.4;0.001031;0;0.008791;3.3352
31.01.2019;17:00;272.01;94.35;999.81;3.67;142.57;0.000638;0;0.008795;0
31.01.2019;18:00;271.48;97.86;999.79;3.9;140.29;0.000307;0.000005;0.0088;0
31.01.2019;19:00;270.98;101.22;999.85;4.08;138.88;0.000312;0.00001;0.008806;0
31.01.2019;20:00;270.66;102.46;999.91;4.19;138.68;0.000373;0.000597;0.008813;0
31.01.2019;21:00;270.74;99.47;999.94;4.41;138.84;0.000293;0.005159;0.008829;0
31.01.2019;22:00;270.7;96.43;1000.01;4.64;138.26;0.000151;0.010156;0.008867;0
31.01.2019;23:00;270.52;95.24;999.94;4.48;135.63;0.000117;0.008144;0.008906;0
31.01.2019;24:00:00;270.46;94.68;999.67;4.2;129.36;0.000217;0.00424;0.008931;0
01.02.2019;01:00;270.5;94.29;999.38;4.14;119.44;0.000277;0.002556;0.008947;0
01.02.2019;02:00;270.55;94.25;998.92;4.4;110.43;0.000117;0.002584;0.008959;0
01.02.2019;03:00;270.57;94.57;998.6;4.7;105.4;0.000054;0.003719;0.008974;0
01.02.2019;04:00;270.53;94.82;998.44;5.03;105.95;0.000033;0.006284;0.008997;0
01.02.2019;05:00;270.49;94.78;998.22;5.29;108.28;0.000017;0.007711;0.00903;0
01.02.2019;06:00;270.4;94.73;997.99;5.51;110.4;0.000007;0.00971;0.009069;0
01.02.2019;07:00;270.31;94.71;997.72;5.77;111.6;0.000004;0.009684;0.009112;0.6849
01.02.2019;08:00;270.56;93.42;997.43;6.15;113.59;0.000001;0.006997;0.009147;41.4041
01.02.2019;09:00;271.22;90.53;997.2;6.4;117.33;0;0.003157;0.009165;115.6569
01.02.2019;10:00;272.43;85.04;997;6.95;124.24;0;0.00011;0.009153;230.1539
01.02.2019;11:00;273.35;80.3;996.76;6.95;126.54;0;0.000014;0.009109;238.2363
01.02.2019;12:00;274.11;76.48;996.41;6.93;126.32;0.000001;0.000001;0.009007;259.5493
01.02.2019;13:00;274.55;74.45;996.15;6.92;127.05;0.000031;0;0.008844;233.8722
01.02.2019;14:00;274.6;74.32;995.8;6.71;126.83;0.00029;0;0.00873;148.6861
01.02.2019;15:00;274.08;77.69;995.4;6.15;125.75;0.002601;0;0.008693;63.5075
01.02.2019;16:00;273.35;82.04;995.17;5.94;128.09;0.002674;0.000725;0.008693;4.0098
01.02.2019;17:00;272.96;84.78;995.48;5.59;133.9;0.003388;0.000365;0.0087;0
01.02.2019;18:00;272.73;87.07;995.3;5.21;129.16;0.000247;0.000095;0.008704;0
01.02.2019;19:00;272.61;89.18;994.98;5.03;122.92;0.000004;0.000396;0.00871;0
01.02.2019;20:00;272.44;91.39;994.94;4.72;121.61;0.000001;0.001846;0.008723;0
01.02.2019;21:00;272.3;93.15;995.16;4.43;123.04;0.000027;0.002521;0.008744;0
01.02.2019;22:00;272.27;93.85;995.48;4.13;124.95;0.000108;0.002023;0.008765;0
01.02.2019;23:00;272.07;95.18;995.37;3.53;120.94;0.000085;0.001502;0.008781;0
01.02.2019;24:00:00;272.03;95.62;995.01;3.19;111.76;0.000052;0.002179;0.008798;0
02.02.2019;01:00;272.17;95.2;994.63;3.3;99.93;0.000048;0.006243;0.008845;0
02.02.2019;02:00;272.37;94.71;994.42;3.71;91.35;0.000664;0.027904;0.008981;0
02.02.2019;03:00;272.6;94.72;994.21;4.04;86.63;0.003036;0.062905;0.009249;0
02.02.2019;04:00;272.76;95.44;994.08;3.99;80.99;0.012665;0.128759;0.009751;0
02.02.2019;05:00;272.92;95.93;993.77;3.9;71.57;0.030516;0.194175;0.010583;0
02.02.2019;06:00;272.99;96.68;993.66;3.72;58.59;0.095409;0.385917;0.012067;0
02.02.2019;07:00;273.12;96.86;993.74;4.13;48.02;0.128164;0.433669;0.014192;0.2848
02.02.2019;08:00;273.41;95.78;993.91;4.62;43.14;0.115116;0.733071;0.017271;12.1727
02.02.2019;09:00;273.69;94.78;993.92;4.88;40.98;0.140752;0.389544;0.020299;30.104
02.02.2019;10:00;273.92;94.12;993.89;4.82;38.16;0.230105;0.209648;0.021926;51.2177
02.02.2019;11:00;274.04;93.99;993.94;4.48;34.12;0.311044;0.149538;0.022512;65.467
02.02.2019;12:00;274.03;94.2;994.02;4.27;28.16;0.297924;0.052343;0.022557;60.2901
02.02.2019;13:00;274.06;94.34;994.05;4.16;22.68;0.241768;0.030059;0.022389;46.9275
02.02.2019;14:00;274.07;94.65;994.25;3.8;17.37;0.257791;0.102104;0.022404;28.9742
02.02.2019;15:00;273.99;95.2;994.64;3.2;11.02;0.334241;0.236616;0.0232;11.6249
02.02.2019;16:00;273.76;96.13;995;2.95;3.63;0.354687;0.395379;0.025004;0.8514
02.02.2019;17:00;273.61;96.28;995.45;2.97;352.52;0.304321;0.615239;0.027948;0
02.02.2019;18:00;273.52;96.05;996.05;3.3;336.89;0.224892;0.563726;0.031052;0
02.02.2019;19:00;273.56;95.66;996.73;4.02;323.66;0.157298;0.28008;0.033035;0
02.02.2019;20:00;273.56;95.61;997.65;4.6;314.25;0.084683;0.082332;0.033816;0
02.02.2019;21:00;273.59;95.71;998.64;4.93;309.08;0.03487;0.00479;0.033998;0
02.02.2019;22:00;273.59;95.9;999.68;5;304.68;0.004847;0.006519;0.034077;0
02.02.2019;23:00;273.61;95.85;1000.91;4.99;299.15;0.001751;0.007839;0.034163;0
02.02.2019;24:00:00;273.7;95.18;1001.91;5.12;298.71;0.002739;0.007188;0.034263;0
03.02.2019;01:00;273.84;94.14;1002.56;5.39;304.39;0.011685;0.003294;0.034346;0
03.02.2019;02:00;273.93;93.61;1003.11;5.3;305.61;0.018806;0.000663;0.034389;0
03.02.2019;03:00;273.94;93.42;1003.68;5.2;306.35;0.019831;0.00038;0.034418;0
03.02.2019;04:00;273.92;93.45;1004.46;4.86;306.66;0.019696;0.000426;0.034443;0
03.02.2019;05:00;273.92;93.4;1005.46;4.66;304.82;0.021891;0.000419;0.034466;0
03.02.2019;06:00;273.95;93.11;1006.46;4.73;305.13;0.021368;0.000395;0.034482;0
03.02.2019;07:00;273.95;92.84;1007.6;4.6;305.94;0.017552;0.000256;0.03449;0.7371
03.02.2019;08:00;274.16;91.6;1008.79;4.77;308.62;0.01041;0;0.034411;25.6833
03.02.2019;09:00;274.51;89.42;1009.6;5.04;315.86;0.007738;0;0.034071;60.2729
03.02.2019;10:00;274.71;88.01;1010.28;5.11;320.46;0.007182;0;0.033488;87.9078
03.02.2019;11:00;274.83;87.31;1010.77;5.22;322.51;0.006579;0;0.032738;109.0261
03.02.2019;12:00;274.89;86.13;1010.7;5.68;326.18;0.006697;0;0.031896;122.1404
03.02.2019;13:00;274.87;85.1;1010.99;5.73;326.87;0.007419;0;0.031099;113.8416
03.02.2019;14:00;274.71;85.51;1011.57;5.61;324.42;0.00652;0;0.030541;77.2315
03.02.2019;15:00;274.4;86.86;1012.26;5.59;322.03;0.005615;0;0.03032;34.7062
03.02.2019;16:00;273.9;88.43;1013.01;5.49;321.66;0.004939;0;0.030305;3.2863
03.02.2019;17:00;273.69;88.4;1013.84;5.58;323.61;0.007536;0.000007;0.030325;0
03.02.2019;18:00;273.69;87.79;1014.67;5.65;327.28;0.010973;0.000024;0.030342;0
03.02.2019;19:00;273.76;87.36;1015.35;5.89;330.81;0.005922;0.000038;0.030348;0
03.02.2019;20:00;273.65;88.01;1015.87;6.02;331.96;0.00301;0.00004;0.03035;0
03.02.2019;21:00;273.12;90.18;1016.65;5.44;332.52;0.001749;0.000033;0.030363;0
03.02.2019;22:00;272.4;92.39;1017.83;4.56;334.11;0.001579;0.000012;0.030385;0
03.02.2019;23:00;271.78;94.29;1018.79;4.01;332.3;0.000902;0.000088;0.030405;0
03.02.2019;24:00:00;271.38;95.75;1019.21;3.72;324.16;0.000338;0.000145;0.030422;0
04.02.2019;01:00;271.16;97.17;1019.62;3.68;312.05;0.00012;0.00039;0.030441;0
04.02.2019;02:00;270.89;100.01;1020.13;3.75;297.6;0.000112;0.000757;0.030465;0
04.02.2019;03:00;270.89;101.52;1020.67;3.81;284.26;0.00012;0.003708;0.030509;0
04.02.2019;04:00;271.64;97.8;1021.27;4.38;275.24;0.000044;0.018041;0.030602;0
04.02.2019;05:00;271.7;96.22;1021.86;4.6;269.65;0.000208;0.019197;0.030725;0
04.02.2019;06:00;271.5;95.91;1022.35;4.29;262.33;0.000531;0.014435;0.03083;0
04.02.2019;07:00;271.15;95.75;1022.74;4;249.72;0.000154;0.013408;0.030935;1.2311
04.02.2019;08:00;271.27;94.09;1023.08;4.42;235.84;0.000016;0.009409;0.031027;42.2576
04.02.2019;09:00;272.17;91.09;1023.32;4.96;225.04;0.000001;0.003883;0.031067;135.925
04.02.2019;10:00;273.33;87.08;1023.4;5.35;216.28;0.000012;0.000781;0.03097;250.4838
04.02.2019;11:00;274.69;81.72;1023.44;6;213.56;0;0.000105;0.030119;315.7825
04.02.2019;12:00;275.49;79.28;1023.27;6.52;211.96;0;0;0.028694;311.8953
04.02.2019;13:00;275.87;77.38;1023.24;6.82;212.38;0;0;0.027334;248.0481
04.02.2019;14:00;275.73;78.61;1023.08;6.62;208.55;0.000001;0;0.026413;148.0654
04.02.2019;15:00;275.22;81.94;1022.93;6.64;204.02;0.000002;0;0.02598;59.227
04.02.2019;16:00;274.46;86.43;1022.78;6.66;198.58;0.000004;0;0.025872;5.3071
04.02.2019;17:00;274.19;88.43;1022.46;7.25;194.38;0.000004;0;0.025849;0
04.02.2019;18:00;274;89.67;1022.1;7.6;191.67;0.000003;0;0.02583;0
04.02.2019;19:00;273.86;90.09;1021.67;7.81;189.91;0.000004;0;0.025815;0
04.02.2019;20:00;273.77;89.84;1021.43;7.9;190.2;0.000016;0;0.025799;0
04.02.2019;21:00;273.71;89.31;1021.32;7.98;191.5;0.000673;0;0.02578;0
04.02.2019;22:00;273.7;88.34;1021.15;8.02;193.18;0.007289;0.000001;0.025756;0
04.02.2019;23:00;273.69;87.39;1020.84;8;194.99;0.019143;0.000001;0.02573;0
04.02.2019;24:00:00;273.55;87.25;1020.37;7.94;197.35;0.0468;0.000324;0.025712;0
05.02.2019;01:00;273.4;87.32;1019.92;7.91;201.59;0.090526;0.005974;0.025721;0
05.02.2019;02:00;273.32;87.48;1019.46;7.72;204.67;0.060644;0.12681;0.025966;0
05.02.2019;03:00;273.41;87.25;1018.97;7.9;209.33;0.051794;0.208457;0.026697;0
05.02.2019;04:00;273.4;88.14;1018.68;7.77;215.18;0.022032;0.202557;0.027547;0
05.02.2019;05:00;273.63;88.29;1018.68;7.93;225.85;0.068057;0.042575;0.027994;0
05.02.2019;06:00;273.68;89.48;1018.8;7.6;229.38;0.025145;0.024255;0.028147;0
05.02.2019;07:00;273.66;90.87;1019.07;7.27;231.71;0.02372;0.002995;0.028187;1.4629
05.02.2019;08:00;274.11;90.22;1019.54;7.73;236.78;0.033709;0;0.028132;39.0562
05.02.2019;09:00;274.71;89.3;1019.7;7.9;240.59;0.030407;0;0.027636;89.4082
05.02.2019;10:00;275.22;89.14;1019.9;7.86;243.76;0.0317;0;0.026579;99.4507
05.02.2019;11:00;275.56;89.63;1020.11;7.81;244.98;0.036288;0;0.025309;85.3444
05.02.2019;12:00;275.89;89.67;1020.07;8.05;246.78;0.030668;0;0.023906;105.9993
05.02.2019;13:00;276.09;89.94;1020.02;8.07;247.57;0.029651;0;0.022514;98.3334
05.02.2019;14:00;276.1;90.71;1020.18;8.13;250.18;0.036902;0;0.021218;62.7186
05.02.2019;15:00;275.99;91.47;1020.46;8.15;253.17;0.041493;0;0.020114;31.7859
05.02.2019;16:00;275.76;92.35;1020.69;8.12;256.24;0.037313;0;0.01921;3.6528
05.02.2019;17:00;275.54;93.26;1020.94;8.06;258.27;0.034642;0;0.018473;0
05.02.2019;18:00;275.4;93.91;1021.24;8.05;259.62;0.03823;0;0.017817;0
05.02.2019;19:00;275.21;94.62;1021.5;7.93;261.5;0.045068;0;0.017239;0
05.02.2019;20:00;275.01;95.25;1021.71;7.77;263.11;0.046138;0;0.01676;0
05.02.2019;21:00;274.8;95.87;1022.08;7.56;265.09;0.031963;0;0.016395;0
05.02.2019;22:00;274.69;96.12;1022.47;7.43;266.93;0.013439;0;0.016105;0
05.02.2019;23:00;274.56;96.33;1022.77;7.16;267.34;0.007239;0;0.01585;0
05.02.2019;24:00:00;274.56;95.92;1023.04;7.01;267.66;0.011966;0.000013;0.015578;0
06.02.2019;01:00;274.52;95.88;1023.32;6.8;268.51;0.0155;0.000128;0.015278;0
06.02.2019;02:00;274.34;95.82;1023.59;6.43;268.8;0.017592;0.003975;0.015041;0
06.02.2019;03:00;273.9;95.98;1023.69;5.76;267.07;0.012752;0.010632;0.014957;0
06.02.2019;04:00;273.48;95.54;1023.73;4.93;260.27;0.007162;0.020881;0.01499;0
06.02.2019;05:00;273.1;95.38;1023.61;4.15;245.78;0.003818;0.016319;0.015057;0
06.02.2019;06:00;272.95;94.91;1023.4;3.94;228.87;0.001798;0.007662;0.015107;0
06.02.2019;07:00;272.92;94.66;1023.24;3.96;210.97;0.000688;0.002854;0.015129;1.2522
06.02.2019;08:00;273.25;94.02;1023.07;4.71;198.63;0.000161;0.001852;0.015139;36.1393
06.02.2019;09:00;274.2;91.61;1022.74;5.39;191.49;0.001746;0.000342;0.015014;100.2524
06.02.2019;10:00;275.21;88.15;1022.13;6.14;185.9;0.005419;0;0.014567;148.2544
06.02.2019;11:00;276.08;84.47;1021.35;6.9;183.24;0.007911;0;0.013876;177.9309
06.02.2019;12:00;276.6;82.03;1020.43;7.29;184.91;0.084237;0;0.013067;173.0421
06.02.2019;13:00;276.68;81.97;1019.53;7.11;188;0.367981;0;0.012329;116.7725
06.02.2019;14:00;276.31;84.15;1018.78;6.81;191.48;0.713281;0;0.011787;49.5518
06.02.2019;15:00;275.86;86.65;1018.03;6.88;194.69;0.736706;0;0.011401;17.7235
06.02.2019;16:00;275.55;88.33;1017.42;6.94;198.46;0.347838;0;0.011073;1.8812
06.02.2019;17:00;275.44;88.86;1017.03;6.96;203.6;0.131127;0;0.010756;0
06.02.2019;18:00;275.44;89.01;1016.75;6.82;213.74;0.067618;0;0.010453;0
06.02.2019;19:00;275.51;89.07;1016.57;6.76;224.26;0.040472;0;0.010153;0
06.02.2019;20:00;275.32;90.68;1016.3;5.94;225.81;0.099972;0;0.009904;0
06.02.2019;21:00;275.03;92.34;1016.11;5.18;221.71;0.36507;0;0.00973;0
06.02.2019;22:00;274.84;92.96;1015.87;4.76;219.21;0.786493;0;0.009603;0
06.02.2019;23:00;274.78;92.97;1015.62;4.53;219.91;1.126531;0;0.009505;0
06.02.2019;24:00:00;274.56;93.97;1015.15;4.12;218.31;0.853748;0;0.009432;0
07.02.2019;01:00;274.46;94.25;1014.5;3.8;218.51;0.557991;0;0.00937;0
07.02.2019;02:00;274.54;93.92;1013.91;3.63;217.16;0.334081;0;0.009298;0
07.02.2019;03:00;274.63;93.32;1013.3;3.62;211.54;0.13155;0;0.00922;0
07.02.2019;04:00;274.58;92.58;1012.57;3.87;202;0.035539;0;0.00915;0
07.02.2019;05:00;274.38;91.62;1011.66;4.61;189.43;0.007107;0;0.0091;0
07.02.2019;06:00;273.93;91.11;1010.91;5.46;183.48;0.003445;0.000001;0.009071;0
07.02.2019;07:00;273.49;90.47;1010.43;5.78;179.41;0.002258;0.000006;0.009061;1.7815
07.02.2019;08:00;273.45;88.42;1009.77;6.29;174.77;0.000455;0.000011;0.009055;23.08
07.02.2019;09:00;273.75;85.45;1008.8;6.76;173.01;0.00009;0.000006;0.009044;49.7428
07.02.2019;10:00;274.23;82.11;1007.96;7.2;173.41;0.000231;0;0.00901;68.4143
07.02.2019;11:00;274.92;78.16;1007.19;7.57;175.19;0.005838;0;0.008894;111.2813
07.02.2019;12:00;275.74;74.58;1006.38;7.64;178.75;0.064754;0;0.008609;158.0577
07.02.2019;13:00;276.19;73.63;1005.75;7.41;182.59;0.259408;0;0.008252;118.7624
07.02.2019;14:00;276.04;76.33;1005.39;7.11;185.66;0.422794;0;0.00795;71.7264
07.02.2019;15:00;275.58;80.88;1005.03;7.06;188.62;0.46686;0;0.007734;36.5004
07.02.2019;16:00;275.06;85.53;1004.82;7.05;192.9;0.310897;0;0.007581;4.02
07.02.2019;17:00;274.63;89.33;1004.84;6.91;198.55;0.076544;0;0.007493;0
07.02.2019;18:00;274.21;93.32;1004.88;6.69;206.18;0.011652;0;0.007448;0
07.02.2019;19:00;274.16;95.32;1004.97;6.79;209.17;0.001055;0;0.007427;0
07.02.2019;20:00;274.2;96.12;1005.06;7.11;206.67;0.001001;0;0.007408;0
07.02.2019;21:00;274.29;95.99;1005.17;7.66;203.2;0.001353;0;0.007353;0
07.02.2019;22:00;274.35;95.39;1005.25;8.35;204.25;0.001816;0;0.007254;0
07.02.2019;23:00;274.34;94.9;1005.45;8.79;209.78;0.002497;0;0.00714;0
07.02.2019;24:00:00;274.2;95.27;1005.75;8.62;211.78;0.004312;0;0.007051;0
08.02.2019;01:00;274.43;95.28;1006.23;8.64;219.11;0.011217;0;0.006959;0
08.02.2019;02:00;274.99;94.83;1006.73;8.67;227.34;0.020208;0;0.006804;0
08.02.2019;03:00;275.48;94.56;1007.2;8.62;232.44;0.022971;0;0.006567;0
08.02.2019;04:00;275.74;94.61;1007.6;8.24;231.65;0.022601;0;0.006328;0
08.02.2019;05:00;275.77;95.04;1007.94;7.71;229.3;0.01947;0;0.006104;0
08.02.2019;06:00;275.73;95.05;1008.38;7.58;227.08;0.013179;0;0.005911;0
08.02.2019;07:00;275.77;94.86;1008.91;7.72;226.61;0.006872;0;0.005712;2.3187
08.02.2019;08:00;276.05;93.84;1009.47;7.93;225.47;0.002729;0;0.005496;51.0413
08.02.2019;09:00;276.75;91.09;1009.67;8.02;222.13;0.000977;0;0.005207;146.6621
08.02.2019;10:00;277.62;86.94;1009.81;7.83;218.81;0.002108;0;0.004846;236.4199
08.02.2019;11:00;278.28;81.59;1009.71;8.37;219.64;0.001847;0;0.004433;258.0673
08.02.2019;12:00;278.86;77.98;1009.25;8.22;219.1;0.000758;0;0.004015;275.2798
08.02.2019;13:00;279.29;76.35;1008.82;7.66;216;0.003447;0;0.003648;255.496
08.02.2019;14:00;279.14;78.61;1008.46;6.84;209.33;0.012273;0;0.003375;168.448
08.02.2019;15:00;278.24;84.23;1008.04;6.48;201.41;0.019792;0;0.003197;67.2049
08.02.2019;16:00;277.22;89.59;1007.47;6.78;192.6;0.005255;0;0.003084;8.4009
08.02.2019;17:00;276.63;92.17;1006.89;7.51;187.47;0.003476;0;0.002988;0
08.02.2019;18:00;276.23;93.07;1006.3;7.97;185.72;0.021269;0;0.00289;0
08.02.2019;19:00;276.12;92.54;1006.01;8.32;186.8;0.111936;0;0.002782;0
08.02.2019;20:00;276.1;92.15;1005.49;8.49;185.68;0.064284;0;0.002668;0
08.02.2019;21:00;276.09;91.9;1004.85;8.61;184.09;0.045382;0;0.002552;0
08.02.2019;22:00;276.08;91.54;1004.22;8.58;183.52;0.024661;0;0.002442;0
08.02.2019;23:00;276.04;91.22;1003.35;8.65;182.78;0.005119;0;0.002341;0
08.02.2019;24:00:00;276;90.93;1002.3;8.78;181.74;0.001472;0;0.002246;0
09.02.2019;01:00;275.92;90.55;1001.12;8.9;180.61;0.000324;0;0.002156;0
09.02.2019;02:00;275.76;89.75;999.94;9.08;180.84;0.000141;0;0.002075;0
09.02.2019;03:00;275.53;88.35;998.8;8.98;180.53;0.000162;0;0.002011;0
09.02.2019;04:00;275.35;86.29;997.8;9.06;180.45;0.000259;0;0.001965;0
09.02.2019;05:00;275.09;85.44;996.9;8.97;179.47;0.011741;0;0.001935;0
09.02.2019;06:00;274.97;85.33;996.2;8.84;183.43;0.120922;0;0.001917;0
09.02.2019;07:00;275.31;85.7;995.95;9.46;195.54;0.695134;0;0.001881;2.9135
09.02.2019;08:00;274.96;90.58;996.14;9.31;204.14;1.255452;0.066085;0.002026;19.2977
09.02.2019;09:00;275.25;91.29;996.45;9.05;211.55;0.416607;0;0.002008;44.1223
09.02.2019;10:00;277.46;85.56;996.55;9.03;217.45;0.016834;0;0.001881;206.4065
09.02.2019;11:00;279.42;81.39;996.78;9.42;224.26;0.010279;0;0.001701;234.0653
09.02.2019;12:00;280.38;78.5;996.92;10.08;230.22;0.008792;0;0.001504;203.158
09.02.2019;13:00;281.07;70.93;996.94;10.7;232.75;0.006577;0;0.001313;234.6549
09.02.2019;14:00;281.18;66.5;996.9;10.79;231.16;0.011219;0;0.001152;179.6272
09.02.2019;15:00;280.77;68.29;996.89;10.58;226.44;0.032287;0;0.001033;91.8569
09.02.2019;16:00;280.1;73.02;997.04;10.86;224.22;0.118812;0;0.000937;8.194
09.02.2019;17:00;279.7;76.86;997.39;11.35;226.38;0.101308;0;0.000845;0
09.02.2019;18:00;279.31;79.92;997.75;11.41;229.42;0.030759;0;0.000759;0
09.02.2019;19:00;279.03;81.38;998.16;11.26;232.62;0.013634;0;0.000686;0
09.02.2019;20:00;278.76;81.92;998.76;11.01;235.12;0.002749;0;0.000626;0
09.02.2019;21:00;278.46;82.35;999.33;10.77;236.38;0.001315;0;0.000577;0
09.02.2019;22:00;278.3;82.54;999.8;10.56;236.96;0.000877;0;0.000525;0
09.02.2019;23:00;278.27;82.82;1000.26;10.42;237.14;0.000402;0;0.000482;0
09.02.2019;24:00:00;277.91;84.67;1000.55;10.15;237.23;0.000178;0;0.00045;0
10.02.2019;01:00;277.38;87.49;1000.9;9.43;236.82;0.000167;0;0.000426;0
10.02.2019;02:00;276.76;91.11;1001.06;8.28;233.46;0.000162;0;0.000412;0
10.02.2019;03:00;276.17;94.81;1001.02;7.49;225.12;0.000152;0;0.000384;0
10.02.2019;04:00;275.77;96.65;1000.82;7.3;214.83;0.000181;0;0.000362;0
10.02.2019;05:00;275.48;96.61;1000.42;7.27;206.69;0.000686;0;0.000355;0
10.02.2019;06:00;275.29;95.64;1000.05;7.12;201.93;0.002703;0;0.000346;0
10.02.2019;07:00;275.25;95.03;999.73;6.95;196.93;0.072401;0;0.000338;1.7758
10.02.2019;08:00;275.49;94.24;999.33;6.94;190.83;0.344419;0;0.000329;14.7798
10.02.2019;09:00;275.9;93.53;998.26;6.79;179.91;0.334307;0;0.000318;33.3537
10.02.2019;10:00;276.45;92.63;996.75;6.79;167.59;0.275963;0;0.000307;57.2673
10.02.2019;11:00;276.98;91.81;994.78;7;154.04;0.56658;0;0.000294;68.0967
10.02.2019;12:00;277.24;91.48;992.18;7.66;146.14;1.463566;0;0.000278;62.4277
10.02.2019;13:00;277.18;91.57;989.84;8.8;159.41;1.303255;0;0.00026;39.7093
10.02.2019;14:00;277.78;91.63;987.85;8.72;176.6;0.781593;0;0.00024;22.8763
10.02.2019;15:00;278.45;91.73;986.39;8.02;187.34;0.501723;0;0.000222;12.0292
10.02.2019;16:00;278.68;91.54;985.47;8.04;191.66;0.362286;0;0.000207;2.3205
10.02.2019;17:00;278.77;90.84;984.93;8.3;198.82;0.157631;0;0.000184;0
10.02.2019;18:00;278.78;90.88;984.44;7.59;205.87;0.146204;0;0.000172;0
10.02.2019;19:00;278.47;92.95;984.08;6.69;203.92;0.455363;0;0.000163;0
10.02.2019;20:00;278.19;94.36;984;6.65;206.46;0.948831;0;0.000156;0
10.02.2019;21:00;278.03;94.71;984.31;6.53;213.32;0.609031;0;0.000149;0
10.02.2019;22:00;277.77;95.47;984.66;6.17;221.71;0.101096;0;0.000143;0
10.02.2019;23:00;277.42;95.9;985.03;5.92;229.61;0.064437;0;0.000139;0
10.02.2019;24:00:00;277.15;95.26;985.42;5.49;243.03;0.110871;0;0.000166;0
11.02.2019;01:00;276.77;94.52;986.1;5.02;270.16;0.339889;0;0.000188;0
11.02.2019;02:00;276.2;94.28;987;6.16;298.98;0.566017;0.003372;0.000205;0
11.02.2019;03:00;275.89;93.7;988.32;7.96;311.06;0.552028;0;0.00021;0
11.02.2019;04:00;275.92;93.66;990;8.44;308.3;0.221675;0;0.000201;0
11.02.2019;05:00;275.88;94.51;991.53;8.09;300.1;0.038045;0;0.000193;0
11.02.2019;06:00;275.87;94.93;992.92;8.25;291.65;0.010159;0;0.000186;0
11.02.2019;07:00;276.2;92.97;994.25;9.04;289.74;0.013967;0;0.000178;5.2963
11.02.2019;08:00;276.69;89.45;995.43;9.5;290.11;0.009663;0;0.000168;61.8432
11.02.2019;09:00;277.14;87.12;996.49;10.04;294.91;0.017058;0;0.000155;119.4941
11.02.2019;10:00;277.08;85.7;997.78;10.47;301.44;0.036913;0;0.000141;129.7892
11.02.2019;11:00;277.02;82.69;999.27;10.65;303.83;0.045277;0;0.000128;152.5376
11.02.2019;12:00;277.27;78.02;1000.56;10.9;304.99;0.047205;0;0.000116;180.1559
11.02.2019;13:00;277.39;75.54;1001.92;11.11;308.72;0.054987;0;0.000105;143.9974
11.02.2019;14:00;277.35;73.96;1003.52;11.13;313.97;0.04009;0;0.000091;112.9131
11.02.2019;15:00;277.13;71.33;1005.27;11.25;318.7;0.011962;0;0.000047;82.4589
11.02.2019;16:00;276.57;71.56;1007.07;10.91;321.11;0.001686;0;0.00002;18.1789
11.02.2019;17:00;275.85;75.09;1008.68;10.14;320.66;0.000134;0;0.000019;0
11.02.2019;18:00;275.32;78.93;1010.13;9.42;317.57;0.000001;0;0.000019;0
11.02.2019;19:00;274.9;82;1011.32;8.62;313;0;0;0.000019;0
11.02.2019;20:00;274.3;86.15;1012.17;7.75;306.27;0;0;0.000019;0
11.02.2019;21:00;273.88;89.72;1013.06;7.7;299.68;0.000001;0;0.000019;0
11.02.2019;22:00;273.62;92.53;1013.88;8.12;295.75;0.000003;0.000027;0.00002;0
11.02.2019;23:00;273.54;94.21;1014.55;8.38;295;0.000005;0.000386;0.000035;0
11.02.2019;24:00:00;273.7;93.59;1014.96;8.64;295.73;0.000005;0.001726;0.00005;0
12.02.2019;01:00;273.99;91.7;1015.29;8.95;299.1;0.000004;0.001611;0.00005;0
12.02.2019;02:00;274.15;90.76;1015.69;8.86;302.08;0.000003;0.000271;0.000038;0
12.02.2019;03:00;274.04;91.17;1016.38;8.74;305.27;0.000002;0.000044;0.000022;0
12.02.2019;04:00;273.73;92.61;1017.1;8.21;306.74;0.000002;0.000303;0.000021;0
12.02.2019;05:00;273.53;93.63;1018.05;7.83;307.94;0.000001;0.000623;0.000021;0
12.02.2019;06:00;273.31;94.79;1018.92;7.29;308.46;0;0.000377;0.000032;0
12.02.2019;07:00;273.12;95.41;1019.86;6.76;308.58;0;0.000806;0.000049;10.07
12.02.2019;08:00;274;90;1020.74;6.79;309.98;0;0.00041;0.000037;91.1097
12.02.2019;09:00;275.26;82.17;1021.48;6.73;311.24;0;0;0.00002;227.5822
12.02.2019;10:00;276.44;71.16;1022.23;6.86;315.57;0;0;0.000019;319.2306
12.02.2019;11:00;277.2;63.45;1023.01;6.79;314.43;0;0;0.000018;371.3534
12.02.2019;12:00;277.65;58.83;1023.55;6.85;312.1;0;0;0.000017;377.7806
12.02.2019;13:00;277.76;56.59;1024.1;6.79;311.01;0;0;0.000015;336.471
12.02.2019;14:00;277.46;57.36;1024.62;6.43;308.92;0;0;0.000015;216.9012
12.02.2019;15:00;276.69;63.33;1025.19;5.37;304.75;0;0;0.000014;83.3058
12.02.2019;16:00;275.15;75.21;1025.71;4.17;298.62;0;0;0.000014;15.2685
12.02.2019;17:00;274.08;82.04;1026.07;4.01;291.01;0.000002;0;0.000014;0
12.02.2019;18:00;273.95;84.46;1026.24;4;282.3;0.000026;0;0.000014;0
12.02.2019;19:00;273.81;86.89;1026.33;4.05;272.36;0.000711;0;0.000014;0
12.02.2019;20:00;273.91;88.76;1026.48;4.28;262.67;0.009503;0;0.000014;0
12.02.2019;21:00;274.4;89.73;1026.46;4.69;252.98;0.034048;0;0.000014;0
12.02.2019;22:00;274.8;91.38;1026.22;5.05;243.16;0.057101;0;0.000014;0
12.02.2019;23:00;275.16;92.69;1025.86;5.64;237.89;0.061192;0;0.000014;0
12.02.2019;24:00:00;275.49;93.21;1025.45;6.5;241.17;0.03788;0;0.000013;0
13.02.2019;01:00;275.66;93.78;1024.91;7.02;246.98;0.006111;0;0.000013;0
13.02.2019;02:00;275.64;94.93;1024.19;7.41;248.28;0.006051;0;0.000013;0
13.02.2019;03:00;275.92;94.7;1023.79;8.14;256.77;0.02512;0;0.000012;0
13.02.2019;04:00;276.57;94.02;1023.79;9.23;269.27;0.051869;0;0.000011;0
13.02.2019;05:00;277.03;94.25;1023.65;9.32;272.46;0.042703;0;0.000011;0
13.02.2019;06:00;277.36;94.67;1023.41;9.23;271.63;0.031295;0;0.00001;0
13.02.2019;07:00;277.77;94.59;1023.72;9.29;274.97;0.042493;0;0.000009;1.7852
13.02.2019;08:00;278.14;94.36;1024.15;9.14;276.21;0.023206;0;0.000001;20.4565
13.02.2019;09:00;278.79;93.43;1024.37;9.6;277.15;0.006773;0;0;64.2135
13.02.2019;10:00;279.31;92.8;1024.76;9.28;275.71;0.006561;0;0;101.8407
13.02.2019;11:00;279.55;92.45;1025.1;8.72;271.22;0.007529;0;0;101.9838
13.02.2019;12:00;279.81;90.91;1025.2;9.4;273.72;0.006593;0;0;110.9212
13.02.2019;13:00;280.06;89.22;1025.34;9.33;276.81;0.005866;0;0;112.6677
13.02.2019;14:00;280.02;89.79;1025.59;8.93;277.49;0.008267;0;0;85.6765
13.02.2019;15:00;279.73;92.26;1025.92;8.49;276.8;0.01221;0;0;37.1763
13.02.2019;16:00;279.47;94.29;1026.21;7.91;275.75;0.016412;0;0;4.6774
13.02.2019;17:00;279.41;94.92;1026.63;7.47;273.97;0.020163;0;0;0
13.02.2019;18:00;279.44;94.87;1027.1;7.3;274.64;0.019928;0;0;0
13.02.2019;19:00;279.34;94.87;1027.46;6.9;273.83;0.019398;0;0;0
13.02.2019;20:00;279.18;94.86;1027.88;6.68;271.33;0.026327;0;0;0
13.02.2019;21:00;279.05;94.88;1028.31;6.59;271.23;0.037699;0;0;0
13.02.2019;22:00;279.05;94.35;1028.74;6.75;274.29;0.051566;0;0;0
13.02.2019;23:00;279.04;94;1029.1;6.87;278.95;0.061346;0;0;0
13.02.2019;24:00:00;278.94;93.95;1029.42;6.86;281.61;0.0688;0;0;0
14.02.2019;01:00;278.8;94.04;1029.58;6.79;281.51;0.046448;0;0;0
14.02.2019;02:00;278.64;94.3;1029.63;6.68;279.49;0.026683;0;0;0
14.02.2019;03:00;278.27;95.22;1029.75;6.29;277.44;0.012702;0;0;0
14.02.2019;04:00;277.96;95.75;1030.32;5.85;279.46;0.012634;0;0;0
14.02.2019;05:00;277.83;95.51;1030.87;5.56;281.64;0.012443;0;0;0
14.02.2019;06:00;277.65;95.56;1031.15;5.04;277.66;0.011077;0;0;0
14.02.2019;07:00;277.6;95.07;1031.52;4.78;271.32;0.01331;0;0;5.0601
14.02.2019;08:00;278;92.83;1031.9;5.11;268.63;0.013718;0;0;31.4775
14.02.2019;09:00;278.33;90.72;1032.03;5.14;265.68;0.015249;0;0;57.5163
14.02.2019;10:00;278.53;88.31;1032.1;5.3;264.88;0.017133;0;0;74.6572
14.02.2019;11:00;278.77;85.92;1032.13;5.29;263.67;0.015865;0;0;103.3521
14.02.2019;12:00;278.95;83.98;1031.94;5.2;264.39;0.01353;0;0;102.7639
14.02.2019;13:00;279.2;82.57;1031.63;5.01;265.14;0.009016;0;0;93.7892
14.02.2019;14:00;279.65;80.95;1031.28;4.63;266.53;0.004327;0;0;96.7676
14.02.2019;15:00;279.74;82.64;1030.94;3.59;266.47;0.002175;0;0;79.1189
14.02.2019;16:00;278.05;90.49;1030.69;3.14;263.58;0.001395;0;0;22.705
14.02.2019;17:00;276.67;98.16;1030.7;3.4;261.05;0.000631;0;0;0
14.02.2019;18:00;276.16;101;1030.93;3.64;261.51;0.000393;0;0;0
14.02.2019;19:00;275.71;102.85;1031.07;3.79;264.97;0.000451;0;0;0
14.02.2019;20:00;275.24;104.4;1031.25;3.86;269.45;0.000434;0;0;0
14.02.2019;21:00;274.74;106.16;1031.34;3.92;272.57;0.000325;0;0;0
14.02.2019;22:00;274.32;107.76;1031.26;4.08;276.32;0.00036;0;0;0
14.02.2019;23:00;273.97;109.3;1031.15;4.26;280.85;0.000978;0;0;0
14.02.2019;24:00:00;274.22;105.95;1031.19;4.36;286.05;0.007146;0;0;0
15.02.2019;01:00;274.9;98.02;1031.25;4.99;291.45;0.02765;0;0;0
15.02.2019;02:00;274.89;95.84;1031.25;4.64;295.95;0.042498;0;0;0
15.02.2019;03:00;274.96;95.73;1031.35;3.99;297.38;0.051499;0.0001;0;0
15.02.2019;04:00;275.12;96.01;1031.5;3.36;296.56;0.047416;0.00105;0;0
15.02.2019;05:00;274.88;97.65;1031.59;2.72;293.95;0.034745;0.00055;0;0
15.02.2019;06:00;274.66;98.3;1031.64;2.53;287.25;0.025003;0.000422;0;0
15.02.2019;07:00;274.52;96.97;1031.78;2.49;277.09;0.018171;0.000301;0;7.655
15.02.2019;08:00;274.92;92.2;1031.85;3.3;265.17;0.012737;0.000092;0;63.2991
15.02.2019;09:00;275.14;87.82;1031.83;3.65;259.22;0.002768;0.000693;0.000001;161.4886
15.02.2019;10:00;276.62;81.02;1031.7;3.68;254.64;0.000422;0;0;307.5374
15.02.2019;11:00;278.5;73.75;1031.52;3.53;252.95;0.000001;0;0;379.4496
15.02.2019;12:00;280.29;67.16;1031.09;3.41;254.03;0;0;0;388.4164
15.02.2019;13:00;281.67;62.55;1030.55;3.29;254.04;0;0;0;348.311
15.02.2019;14:00;282.33;61.89;1030.13;2.92;250.52;0;0;0;265.6723
15.02.2019;15:00;281.43;75.33;1029.66;2.21;240.58;0;0;0;152.0625
15.02.2019;16:00;279.19;76.7;1029.21;2.77;229.74;0;0;0;35.4478
15.02.2019;17:00;277.58;80.81;1028.91;3.25;223.01;0;0;0;0
15.02.2019;18:00;276.77;84.49;1028.65;3.64;219.68;0;0;0;0
15.02.2019;19:00;276.22;86.32;1028.24;3.92;218.33;0;0;0;0
15.02.2019;20:00;275.8;87.02;1027.88;4.09;217.71;0;0;0;0
15.02.2019;21:00;275.44;87.14;1027.54;4.19;217.07;0;0;0;0
15.02.2019;22:00;275.15;86.78;1027.23;4.27;217.29;0;0;0;0
15.02.2019;23:00;274.98;85.84;1026.79;4.36;217.92;0;0;0;0
15.02.2019;24:00:00;274.88;85.16;1026.24;4.43;218.46;0;0;0;0
16.02.2019;01:00;274.78;85.45;1025.64;4.51;218.97;0;0;0;0
16.02.2019;02:00;274.65;87.05;1024.99;4.61;219.3;0;0;0;0
16.02.2019;03:00;274.48;89.85;1024.42;4.78;219.55;0;0;0;0
16.02.2019;04:00;274.27;92.9;1023.96;4.98;219.17;0;0;0;0
16.02.2019;05:00;274.03;94.25;1023.45;5.2;219.03;0;0;0;0
16.02.2019;06:00;273.81;92.57;1022.95;5.37;219.82;0;0;0;0
16.02.2019;07:00;273.92;87.99;1022.61;5.74;219.51;0;0;0;20.5717
16.02.2019;08:00;275.32;79.31;1022.32;6.53;218.58;0;0;0;130.8795
16.02.2019;09:00;276.77;73.19;1021.97;6.19;216.72;0;0;0;249.3636
16.02.2019;10:00;278.8;67.44;1021.7;5.73;217;0;0;0;342.1446
16.02.2019;11:00;280.98;62.51;1021.44;5.59;220.23;0;0;0;392.1382
16.02.2019;12:00;282.95;56.4;1020.97;6.38;230.94;0;0;0;396.7458
16.02.2019;13:00;283.89;54.5;1020.54;6.71;236.97;0;0;0;356.2146
16.02.2019;14:00;283.99;55.89;1020.3;6.35;240.17;0;0;0;266.0229
16.02.2019;15:00;282.95;62.55;1020.11;5.55;239.77;0;0;0;147.654
16.02.2019;16:00;280.61;73.14;1020.01;5.14;239.85;0;0;0;35.1743
16.02.2019;17:00;279.2;78.36;1020.07;5.48;242.36;0;0;0;0
16.02.2019;18:00;278.77;80.01;1020.23;5.72;246.95;0;0;0;0
16.02.2019;19:00;278.23;82.61;1020.44;5.67;251.79;0;0;0;0
16.02.2019;20:00;277.66;85.64;1020.72;5.46;256.08;0;0;0;0
16.02.2019;21:00;277.13;89.18;1020.98;5.17;259.76;0.000001;0;0;0
16.02.2019;22:00;276.72;92.82;1021.16;4.98;263.88;0.000088;0;0;0
16.02.2019;23:00;276.44;96.01;1021.33;4.87;268.53;0.000799;0;0;0
16.02.2019;24:00:00;276.37;98.14;1021.49;4.8;272.98;0.001491;0;0;0
17.02.2019;01:00;276.44;99.65;1021.6;4.7;275.43;0.00152;0;0;0
17.02.2019;02:00;276.85;98.86;1021.56;4.5;274.31;0.001554;0;0;0
17.02.2019;03:00;277.02;99.3;1021.54;4.33;270.61;0.000862;0;0;0
17.02.2019;04:00;276.73;102.24;1021.56;4.09;266.04;0.000389;0;0;0
17.02.2019;05:00;276.39;104.72;1021.48;4.03;262.28;0.001442;0;0;0
17.02.2019;06:00;276.67;102.72;1021.5;4.13;261.2;0.008171;0;0;0
17.02.2019;07:00;277.3;98.72;1021.8;3.83;261.79;0.019073;0;0;8.8237
17.02.2019;08:00;278.3;93.63;1022.14;3.76;260.57;0.027704;0;0;33.9932
17.02.2019;09:00;279.01;90.95;1022.26;3.46;255.6;0.02841;0;0;59.8026
17.02.2019;10:00;279.57;89.04;1022.45;3.16;247.86;0.021887;0;0;79.9031
17.02.2019;11:00;280.12;87.33;1022.54;2.93;240.14;0.015121;0;0;101.2042
17.02.2019;12:00;280.86;84.66;1022.33;2.83;236.62;0.00856;0;0;125.9968
17.02.2019;13:00;281.87;79.8;1021.96;2.79;241.02;0.004125;0;0;167.6882
17.02.2019;14:00;282.3;77.42;1021.61;2.34;239.15;0.001682;0;0;162.6859
17.02.2019;15:00;282.04;82.76;1021.35;1.43;223.19;0.000592;0;0;107.4122
17.02.2019;16:00;280.67;83.76;1021.07;1.51;180.74;0.000311;0;0;30.2244
17.02.2019;17:00;278.86;92.29;1020.87;2.27;152.77;0.00035;0;0;0.0004
17.02.2019;18:00;277.74;98.56;1020.71;3.01;145.95;0.000325;0;0;0
17.02.2019;19:00;277.44;100;1020.58;3.49;145.97;0.000267;0;0;0
17.02.2019;20:00;277.31;100.7;1020.46;3.85;148.45;0.000171;0;0;0
17.02.2019;21:00;277.06;102.49;1020.39;4.22;151.43;0.000076;0;0;0
17.02.2019;22:00;276.76;104;1020.25;4.5;154.46;0.000132;0;0;0
17.02.2019;23:00;276.93;100.53;1019.95;5.04;157.29;0.001064;0;0;0
17.02.2019;24:00:00;276.76;97.93;1019.57;5.3;160.08;0.003725;0;0;0
18.02.2019;01:00;276.42;96.59;1019.16;5.21;164.6;0.005096;0;0;0
18.02.2019;02:00;276.12;96.38;1018.66;4.78;171.99;0.003724;0;0;0
18.02.2019;03:00;275.82;96.75;1018.34;4.37;181.66;0.003443;0;0;0
18.02.2019;04:00;275.79;96.16;1018.01;4.1;191.78;0.003936;0;0;0
18.02.2019;05:00;275.76;96.1;1017.71;3.75;201.1;0.00655;0;0;0
18.02.2019;06:00;275.68;95.22;1017.5;3.69;208.03;0.011091;0;0;0
18.02.2019;07:00;275.58;94.84;1017.54;3.6;208.91;0.011132;0;0;6.4858
18.02.2019;08:00;275.76;93.98;1017.61;3.65;207.63;0.007677;0;0;36.7066
18.02.2019;09:00;276.42;92.38;1017.49;3.68;207.54;0.003084;0;0;92.431
18.02.2019;10:00;277.99;86.95;1017.38;3.54;209.03;0.000669;0;0;230.8243
18.02.2019;11:00;280.43;76.27;1017.12;3.46;214.94;0.000093;0;0;363.5047
18.02.2019;12:00;282.45;68.71;1016.52;3.33;219.26;0.000017;0;0;393.6902
18.02.2019;13:00;283.85;64.65;1015.8;3.21;219;0.000004;0;0;353.3559
18.02.2019;14:00;284.53;64.34;1015.23;2.99;216.18;0.000001;0;0;272.7259
18.02.2019;15:00;283.7;76.09;1014.75;2.26;210.08;0.000001;0;0;160.7671
18.02.2019;16:00;281.19;80.17;1014.39;2.95;205.84;0.000003;0;0;43.1571
18.02.2019;17:00;279.29;85.84;1014.14;3.47;204.81;0.000005;0;0;0.0064
18.02.2019;18:00;278.49;88.14;1013.88;3.78;205.84;0.000003;0;0;0
18.02.2019;19:00;277.86;89.27;1013.56;3.96;207.05;0;0;0;0
18.02.2019;20:00;277.34;90.18;1013.21;4.03;207.06;0;0;0;0
18.02.2019;21:00;276.89;91.19;1012.75;4.1;206.17;0;0;0;0
18.02.2019;22:00;276.54;91.77;1012.22;4.21;206.88;0;0;0;0
18.02.2019;23:00;276.41;91.62;1011.61;4.3;210.44;0;0;0;0
18.02.2019;24:00:00;276.51;91.53;1010.97;4.35;216.82;0;0;0;0
19.02.2019;01:00;276.44;94.09;1010.26;4.43;225.48;0.000004;0;0;0
19.02.2019;02:00;276.13;98.97;1009.56;4.61;235.14;0.000356;0;0;0
19.02.2019;03:00;276.19;98.89;1009.11;5.05;243.85;0.004095;0;0;0
19.02.2019;04:00;276.26;96.13;1008.88;5.28;248.91;0.011731;0;0;0
19.02.2019;05:00;276.31;95.14;1008.84;5.14;251.56;0.006334;0;0;0
19.02.2019;06:00;276.33;94.99;1008.92;5.07;249.94;0.003749;0;0;0
19.02.2019;07:00;276.38;94.61;1009.14;5.24;245.54;0.011088;0;0;7.8022
19.02.2019;08:00;277.04;92.72;1009.33;5.64;244.57;0.135645;0;0;35.1682
19.02.2019;09:00;277.75;90.98;1009.4;6.25;246.21;0.270492;0;0;47.3484
19.02.2019;10:00;278.46;89.94;1009.54;6.91;248.43;0.110414;0;0;71.8809
19.02.2019;11:00;279.45;86.19;1009.56;7.68;248.41;0.011994;0;0;166.3108
19.02.2019;12:00;280.7;77.18;1009.15;8.71;253.09;0.000795;0;0;298.7445
19.02.2019;13:00;281.57;69.27;1008.75;9.51;258.05;0.005785;0;0;332.789
19.02.2019;14:00;281.66;68.38;1008.64;9.77;261.3;0.021848;0;0;243.8141
19.02.2019;15:00;280.93;74.07;1008.89;9.39;261.9;0.072078;0;0;90.4987
19.02.2019;16:00;279.92;81.55;1009.31;9.06;260.87;0.10002;0;0;26.7445
19.02.2019;17:00;279.26;86.16;1009.66;9.09;260.14;0.078429;0;0;0.0067
19.02.2019;18:00;279.07;87.52;1009.75;9.22;261.36;0.040714;0;0;0
19.02.2019;19:00;278.8;88.82;1009.86;9.14;264.39;0.011193;0;0;0
19.02.2019;20:00;278.36;90.85;1010.12;9.04;266.53;0.002511;0;0;0
19.02.2019;21:00;277.57;94.5;1010.39;8.21;262.06;0.001271;0;0;0
19.02.2019;22:00;277.23;95.16;1010.69;8.38;258.8;0.003708;0;0;0
19.02.2019;23:00;277.14;94.96;1010.99;8.51;258.1;0.009011;0;0;0
19.02.2019;24:00:00;277.26;94.29;1011.33;8.52;259.51;0.012643;0;0;0
20.02.2019;01:00;277.4;93.74;1011.67;8.45;261.33;0.014448;0;0;0
20.02.2019;02:00;277.37;93.73;1011.91;8.28;262.12;0.01571;0;0;0
20.02.2019;03:00;277.26;93.94;1012.2;8.06;262.32;0.021571;0;0;0
20.02.2019;04:00;277.35;93.46;1012.48;8.08;263.88;0.025815;0;0;0
20.02.2019;05:00;277.5;92.9;1012.88;8.07;267.17;0.020931;0;0;0
20.02.2019;06:00;277.69;92.12;1013.4;7.93;270.55;0.015578;0;0;0
20.02.2019;07:00;277.91;91.01;1014.07;7.55;273.54;0.012625;0;0;6.8764
20.02.2019;08:00;278.26;89.05;1014.63;7.52;275.67;0.007866;0;0;48.6176
20.02.2019;09:00;278.99;85.89;1015.1;7.38;274.69;0.004969;0;0;129.0947
20.02.2019;10:00;279.8;81.37;1015.68;7.49;275.24;0.005402;0;0;190.0514
20.02.2019;11:00;280.37;76.84;1016.22;7.54;277.58;0.009111;0;0;215.5183
20.02.2019;12:00;280.73;73.45;1016.63;7.53;279.41;0.006989;0;0;231.7563
20.02.2019;13:00;280.93;71.88;1016.89;7.24;279.06;0.005019;0;0;230.7334
20.02.2019;14:00;280.94;72.79;1017.14;6.8;278.6;0.004205;0;0;204.165
20.02.2019;15:00;280.62;76.76;1017.53;6.06;278.1;0.003384;0;0;140.9844
20.02.2019;16:00;279.65;84.8;1017.96;4.79;275.62;0.004798;0;0;32.2754
20.02.2019;17:00;278.85;90.75;1018.45;4.54;274.08;0.010719;0;0;0.0543
20.02.2019;18:00;278.8;91.7;1018.9;4.78;273.96;0.02212;0;0;0
20.02.2019;19:00;278.58;92.96;1019.17;4.14;271.67;0.038125;0;0;0
20.02.2019;20:00;278.37;93.65;1019.32;3.52;264.14;0.066328;0;0;0
20.02.2019;21:00;278.14;94.2;1019.43;3.3;252.66;0.117246;0;0;0
20.02.2019;22:00;278.15;93.26;1019.45;3.57;242.67;0.166612;0;0;0
20.02.2019;23:00;278.28;91.85;1019.41;4.12;237.24;0.190697;0;0;0
20.02.2019;24:00:00;278.36;90.67;1019.22;4.8;235.69;0.236388;0;0;0
21.02.2019;01:00;278.38;90.25;1018.98;5.37;237.14;0.325543;0;0;0
21.02.2019;02:00;278.4;90.62;1018.64;5.77;240.1;0.407312;0;0;0
21.02.2019;03:00;278.48;91.28;1018.31;6.09;243.05;0.408327;0;0;0
21.02.2019;04:00;278.54;91.79;1018.16;6.36;243.92;0.489061;0;0;0
21.02.2019;05:00;278.52;92.27;1018.06;6.56;243.89;0.690771;0;0;0
21.02.2019;06:00;278.4;92.89;1017.97;6.68;244.16;0.933814;0;0;0
21.02.2019;07:00;278.3;93.28;1018;6.77;244.43;0.966167;0;0;5.8304
21.02.2019;08:00;278.42;92.94;1018.04;6.82;244.63;0.640543;0;0;31.1849
21.02.2019;09:00;278.94;91.41;1017.9;6.88;245.18;0.18136;0;0;90.1223
21.02.2019;10:00;280.29;85.87;1017.65;7.51;253.01;0.014962;0;0;240.2621
21.02.2019;11:00;281.65;79.08;1017.46;8.12;262.59;0.002915;0;0;330.9062
21.02.2019;12:00;282.05;76.88;1017.4;8.36;270;0.085927;0;0;225.886
21.02.2019;13:00;281.43;80.88;1017.39;8.11;273.36;0.548273;0;0;83.4232
21.02.2019;14:00;280.64;86.36;1017.52;8.19;275.76;0.703391;0;0;56.3517
21.02.2019;15:00;280.18;89.64;1017.68;7.99;278.96;0.270422;0;0;37.1546
21.02.2019;16:00;279.84;91.61;1017.8;7.85;282.24;0.112325;0;0;10.0121
21.02.2019;17:00;279.54;92.99;1018.06;7.78;286.2;0.14679;0;0;0.0064
21.02.2019;18:00;279.35;93.5;1018.47;7.87;292.01;0.179549;0;0;0
21.02.2019;19:00;279.21;93.91;1018.83;7.61;298.82;0.205965;0;0;0
21.02.2019;20:00;279.12;94.23;1019.28;7.09;308.36;0.181161;0;0;0
21.02.2019;21:00;278.98;94.55;1019.92;6.39;322.91;0.147256;0;0;0
21.02.2019;22:00;278.75;94.47;1020.85;5.84;347.46;0.123347;0;0;0
21.02.2019;23:00;278.3;93.64;1022.11;6.03;19.84;0.084607;0;0;0
21.02.2019;24:00:00;277.51;91.44;1023.57;6.71;47.59;0.050199;0;0;0
22.02.2019;01:00;276.48;87.18;1025.18;7.43;65.04;0.02426;0;0;0
22.02.2019;02:00;275.67;83.57;1026.77;7.39;72.28;0.010364;0;0;0
22.02.2019;03:00;275.25;81.38;1028.32;7.12;75.34;0.003954;0;0;0
22.02.2019;04:00;274.88;80.7;1029.91;7;77.42;0.000323;0;0;0
22.02.2019;05:00;274.24;81.27;1031.33;6.8;80.05;0.000009;0;0;0
22.02.2019;06:00;273.69;81.79;1032.67;6.37;81.83;0;0;0;0
22.02.2019;07:00;273.63;79.94;1034.32;6.36;83.17;0;0;0;38.393
22.02.2019;08:00;274.59;71.7;1035.89;7.15;86.26;0;0;0;163.8541
22.02.2019;09:00;275.36;60.66;1037.21;8.09;90.32;0;0;0;288.398
22.02.2019;10:00;275.86;55.29;1038.28;7.99;92.56;0;0;0;383.8664
22.02.2019;11:00;276.15;52.18;1039.06;7.6;93.81;0;0;0;438.4247
22.02.2019;12:00;276.22;49.94;1039.62;7.07;93.84;0;0;0;445.4593
22.02.2019;13:00;276.13;48.52;1040.09;6.37;92.81;0;0;0;399.5774
22.02.2019;14:00;275.86;48.4;1040.41;5.66;91.48;0;0;0;310.4419
22.02.2019;15:00;275.3;50.41;1040.61;5.11;91.26;0;0;0;197.7593
22.02.2019;16:00;273.98;59.8;1040.71;4.01;92.03;0;0;0;67.8638
22.02.2019;17:00;271.94;71.25;1041.1;3.79;92.73;0;0;0;0.532
22.02.2019;18:00;271.51;73.01;1041.62;3.98;97.27;0;0;0;0
22.02.2019;19:00;271.19;74.74;1042.12;4.02;105.07;0;0;0;0
22.02.2019;20:00;270.96;76.27;1042.59;4.15;114.15;0;0;0;0
22.02.2019;21:00;270.96;77.02;1042.92;4.35;124.31;0;0;0;0
22.02.2019;22:00;270.93;77.43;1043.2;4.32;136.03;0;0;0;0
22.02.2019;23:00;270.74;77.37;1043.35;4.28;147.08;0;0;0;0
22.02.2019;24:00:00;270.5;76.86;1043.16;4.49;156.72;0;0;0;0
23.02.2019;01:00;270.37;76.15;1042.83;4.74;165.85;0;0;0;0
23.02.2019;02:00;270.13;77.2;1042.88;4.07;176.97;0;0;0;0
23.02.2019;03:00;270.23;77.11;1042.96;3.79;187.19;0;0;0;0
23.02.2019;04:00;270.17;77.35;1042.45;4.15;190.65;0;0;0;0
23.02.2019;05:00;269.97;78.79;1042.41;3.86;192.48;0;0;0;0
23.02.2019;06:00;269.84;80.08;1042.53;3.6;195.79;0;0;0;0.0001
23.02.2019;07:00;270.24;77.91;1042.66;4.15;196.14;0;0;0;41.1718
23.02.2019;08:00;271.47;71.19;1042.63;4.46;197.95;0;0;0;159.9626
23.02.2019;09:00;273.47;58.29;1042.34;4.82;204.02;0;0;0;277.5945
23.02.2019;10:00;275.05;50.54;1041.99;4.92;207.19;0;0;0;366.2673
23.02.2019;11:00;276.31;45.06;1041.65;4.86;207.42;0;0;0;399.4708
23.02.2019;12:00;277.23;41.64;1041.13;4.78;208.6;0;0;0;378.6633
23.02.2019;13:00;277.9;40.28;1040.6;4.47;211.19;0;0;0;359.9262
23.02.2019;14:00;278.21;40.81;1040.18;4;214.7;0;0;0;307.0962
23.02.2019;15:00;277.86;47.02;1039.83;3.21;216.61;0;0;0;194.5321
23.02.2019;16:00;275.7;65.91;1039.51;2.7;213.08;0;0;0;67.2117
23.02.2019;17:00;273.71;67.76;1039.37;3.27;210.56;0;0;0;0.8169
23.02.2019;18:00;273.22;67.64;1039.24;3.66;211.16;0;0;0;0
23.02.2019;19:00;272.93;67.92;1039.05;4.02;213.05;0;0;0;0
23.02.2019;20:00;272.79;68.83;1038.79;4.28;216.64;0;0;0;0
23.02.2019;21:00;272.6;70.22;1038.6;4.42;221.75;0;0;0;0
23.02.2019;22:00;272.38;71.86;1038.39;4.44;227.65;0;0;0;0
23.02.2019;23:00;272.24;73.1;1038.21;4.38;233.92;0;0;0;0
23.02.2019;24:00:00;272.17;74.24;1037.97;4.25;240.26;0;0;0;0
24.02.2019;01:00;272.45;74.15;1037.73;4.15;245.55;0;0;0;0
24.02.2019;02:00;272.52;74.75;1037.42;4.02;249.88;0;0;0;0
24.02.2019;03:00;272.21;76.83;1037.07;3.85;253.35;0;0;0;0
24.02.2019;04:00;271.93;78.52;1036.65;3.7;252.05;0;0;0;0
24.02.2019;05:00;271.88;78.86;1036.24;3.63;250.46;0;0;0;0
24.02.2019;06:00;272.01;78.47;1036.03;3.67;250.58;0;0;0;0.0037
24.02.2019;07:00;272.83;74.58;1036.15;4.18;252.45;0;0;0;34.7676
24.02.2019;08:00;274.01;69.29;1036.4;4.68;255.75;0;0;0;101.3188
24.02.2019;09:00;275.2;67.38;1036.58;4.19;256.79;0;0;0;194.3314
24.02.2019;10:00;277.08;63.91;1036.57;3.86;253.29;0;0;0;319.909
24.02.2019;11:00;279.4;59.03;1036.39;3.68;249.92;0;0;0;404.7848
24.02.2019;12:00;281.45;50.02;1036.11;4.09;255.91;0;0;0;429.4358
24.02.2019;13:00;282.66;43.51;1035.65;4.39;261.14;0;0;0;399.6411
24.02.2019;14:00;282.99;44.03;1035.34;4.4;266.49;0;0;0;317.3767
24.02.2019;15:00;282.22;56.14;1035.12;3.48;272.04;0;0;0;202.0632
24.02.2019;16:00;279.71;69.33;1035.04;3.56;275.44;0;0;0;71.4391
24.02.2019;17:00;277.55;74.31;1035.03;4.02;276.76;0;0;0;1.2466
24.02.2019;18:00;276.92;77.46;1035.15;4.27;282.57;0;0;0;0
24.02.2019;19:00;276.5;80.85;1035.35;4.4;291.28;0;0;0;0
24.02.2019;20:00;276.05;84.93;1035.45;4.38;297.21;0;0;0;0
24.02.2019;21:00;275.6;89.93;1035.52;4.27;301.09;0;0;0;0
24.02.2019;22:00;275.2;95.65;1035.5;4.14;303.96;0.000002;0;0;0
24.02.2019;23:00;274.84;101.67;1035.34;4.04;305.86;0.000182;0;0;0
24.02.2019;24:00:00;274.52;107.56;1035.17;3.98;309.17;0.000924;0;0;0
25.02.2019;01:00;274.26;112.55;1034.98;3.91;313.27;0.004373;0;0;0
25.02.2019;02:00;274.4;112.26;1034.7;3.76;314.49;0.009613;0;0;0
25.02.2019;03:00;275.47;101.6;1034.53;3.84;312.31;0.022683;0;0;0
25.02.2019;04:00;275.5;97.4;1034.49;3.99;307.23;0.03395;0;0;0
25.02.2019;05:00;275.33;96.38;1034.61;3.97;302.87;0.043085;0;0;0
25.02.2019;06:00;275.29;95.78;1034.8;4.05;300.86;0.058736;0;0;0.0023
25.02.2019;07:00;275.23;95.37;1035.02;4.06;295.08;0.068132;0.000201;0;9.4965
25.02.2019;08:00;275.17;93.74;1035.15;4.65;291.99;0.042977;0.000076;0;51.6148
25.02.2019;09:00;275.09;91.64;1035.21;5.09;293.68;0.026027;0;0;105.4011
25.02.2019;10:00;275.7;88.71;1035;5.25;290.93;0.005777;0;0;184.5539
25.02.2019;11:00;277.05;83.5;1034.47;5.44;286.67;0.000587;0;0;309.6789
25.02.2019;12:00;278.52;78.65;1033.95;5.69;288.85;0.000632;0;0;405.7755
25.02.2019;13:00;279.44;75.91;1033.32;5.92;291.6;0.000853;0;0;360.5046
25.02.2019;14:00;279.65;75.91;1032.81;6.08;291.88;0.000845;0;0;278.0491
25.02.2019;15:00;279.25;78.51;1032.57;6.13;292.63;0.000487;0;0;180.4483
25.02.2019;16:00;278.21;84.55;1032.59;5.86;292.63;0.000023;0;0;71.5223
25.02.2019;17:00;276.69;94.05;1032.55;5.44;292.62;0.000027;0;0;1.685
25.02.2019;18:00;276.29;97.36;1032.37;5.69;292.85;0.000263;0;0;0
25.02.2019;19:00;276.39;97.85;1032.16;5.88;294.37;0.001358;0;0;0
25.02.2019;20:00;276.73;97.61;1031.77;5.87;293.61;0.003602;0;0;0
25.02.2019;21:00;276.91;97.36;1031.22;5.82;290.05;0.009325;0;0;0
25.02.2019;22:00;276.88;96.53;1030.83;5.83;287.77;0.018656;0;0;0
25.02.2019;23:00;276.66;95.86;1030.65;5.83;290.04;0.026805;0;0;0
25.02.2019;24:00:00;276.41;95.57;1030.49;5.78;295.71;0.020548;0;0;0
26.02.2019;01:00;276.12;95.06;1030.2;5.75;295.72;0.012789;0;0;0
26.02.2019;02:00;275.99;94.99;1029.89;5.92;298.63;0.002768;0;0;0
26.02.2019;03:00;275.63;96.62;1029.82;5.6;300.84;0.001514;0;0;0
26.02.2019;04:00;275.69;95.85;1029.71;5.83;299.85;0.003073;0;0;0
26.02.2019;05:00;275.78;95.41;1029.81;5.78;304.05;0.005284;0;0;0
26.02.2019;06:00;275.86;95.52;1030.08;5.38;308.12;0.008303;0;0;0.0234
26.02.2019;07:00;275.92;95.08;1030.5;5.03;307.84;0.013124;0;0;13.3252
26.02.2019;08:00;276.32;94.12;1030.87;4.52;308.53;0.0125;0;0;44.2409
26.02.2019;09:00;277.04;92.77;1031.02;3.9;312.3;0.012151;0;0;85.5062
26.02.2019;10:00;277.84;91;1031.17;3.29;319.1;0.010025;0;0;149.2409
26.02.2019;11:00;278.44;89.59;1031.12;2.84;314.91;0.005856;0;0;195.2571
26.02.2019;12:00;279.14;87.53;1030.83;2.94;305.13;0.002326;0;0;247.5556
26.02.2019;13:00;280.04;84.31;1030.41;3.43;302.44;0.000783;0;0;301.1101
26.02.2019;14:00;280.53;82.97;1030.05;3.98;305.77;0.00073;0;0;279.2448
26.02.2019;15:00;280.18;84.9;1030.04;4.29;312.18;0.001083;0;0;170.0529
26.02.2019;16:00;278.78;91.8;1030.08;3.58;315.14;0.002088;0;0;59.9357
26.02.2019;17:00;276.75;102.85;1030.16;3.27;316.2;0.0036;0;0;1.722
26.02.2019;18:00;276.77;100.31;1030.25;3.02;315.9;0.007599;0;0;0
26.02.2019;19:00;277.12;96.45;1030.2;2.86;314.84;0.013018;0;0;0
26.02.2019;20:00;277.15;96.22;1030.13;2.38;307.29;0.019351;0;0;0
26.02.2019;21:00;277.01;97.54;1029.98;2.03;294.42;0.019923;0;0;0
26.02.2019;22:00;276.94;98.37;1029.71;1.94;280.82;0.017041;0;0;0
26.02.2019;23:00;276.93;98.78;1029.25;2.04;268.34;0.012631;0;0;0
26.02.2019;24:00:00;276.86;99;1028.79;2.3;258.8;0.00996;0;0;0
27.02.2019;01:00;276.4;100.72;1028.38;2.65;255.57;0.005077;0;0;0
27.02.2019;02:00;275.94;101.89;1027.87;3.19;254.45;0.002721;0;0;0
27.02.2019;03:00;275.86;99.68;1027.36;4.29;254.86;0.003823;0;0;0
27.02.2019;04:00;275.64;98.1;1026.87;4.82;254.88;0.002603;0;0;0
27.02.2019;05:00;275.23;98.35;1026.24;4.82;253.52;0.000698;0;0;0
27.02.2019;06:00;274.85;98.04;1025.59;5.3;251.94;0.001044;0;0;0.1193
27.02.2019;07:00;275.2;92.72;1025.26;5.93;252.43;0.00036;0;0;38.614
27.02.2019;08:00;276.26;84.81;1024.89;6.13;252.76;0.000005;0;0;183.272
27.02.2019;09:00;278.11;76.11;1024.38;5.8;251.82;0;0;0;316.7744
27.02.2019;10:00;280.47;66.94;1023.76;5.5;251.38;0;0;0;412.5398
27.02.2019;11:00;282.97;55.54;1023.02;5.87;259.13;0;0;0;464.2914
27.02.2019;12:00;284.63;47.92;1022.09;6.67;269.08;0;0;0;469.2376
27.02.2019;13:00;285.15;47.51;1020.99;6.81;271.31;0;0;0;415.8974
27.02.2019;14:00;284.95;49.34;1020.01;6.55;271.41;0;0;0;284.7825
27.02.2019;15:00;284.2;54.3;1019.19;5.64;269.12;0;0;0;189.9585
27.02.2019;16:00;282.18;64.94;1018.28;4.6;264.79;0;0;0;86.5078
27.02.2019;17:00;279.79;71.61;1017.4;4.67;260.21;0;0;0;3.3408
27.02.2019;18:00;279.14;70.84;1016.38;4.93;256.74;0;0;0;0
27.02.2019;19:00;278.82;69.58;1015.18;5.23;254.44;0;0;0;0
27.02.2019;20:00;278.63;69.21;1014.07;5.66;253.84;0;0;0;0
27.02.2019;21:00;278.44;70.38;1013.03;6.15;255.13;0;0;0;0
27.02.2019;22:00;278.13;73.22;1011.94;6.49;257.31;0;0;0;0
27.02.2019;23:00;277.78;76.9;1010.76;6.65;259.68;0;0;0;0
27.02.2019;24:00:00;277.44;80.82;1009.56;6.72;262.56;0;0;0;0
28.02.2019;01:00;277.32;83.96;1008.5;6.82;265.24;0;0;0;0
28.02.2019;02:00;277.18;86.97;1007.49;6.91;266.31;0;0;0;0
28.02.2019;03:00;277.09;89.26;1006.62;7.16;268.39;0.000001;0;0;0
28.02.2019;04:00;276.72;92.77;1006.13;7.23;272.37;0.000023;0;0;0
28.02.2019;05:00;276.18;96.68;1005.73;7.22;276.38;0.000984;0;0;0
28.02.2019;06:00;276.02;96.3;1005.44;7.43;280.33;0.010475;0;0;0.2553
28.02.2019;07:00;275.97;94.61;1005.66;7.33;284.62;0.026547;0;0;16.6062
28.02.2019;08:00;276.16;93.32;1006.01;7.37;291.25;0.028187;0;0;33.8097
28.02.2019;09:00;276.44;92.14;1006.38;7.5;296.89;0.017675;0;0;65.1167
28.02.2019;10:00;276.89;91.05;1006.93;7.2;298.41;0.015009;0;0;85.9815
28.02.2019;11:00;277.4;89.74;1007.41;6.93;299.17;0.012333;0;0;116.3491
28.02.2019;12:00;277.77;88.55;1007.7;6.62;298.16;0.008765;0;0;134.1116
28.02.2019;13:00;278.07;86.64;1007.85;6.44;298.19;0.004223;0;0;144.9279
28.02.2019;14:00;278.84;81.34;1007.97;6.12;299.72;0.000826;0;0;242.5881
28.02.2019;15:00;279.22;78.2;1007.83;5.52;298.3;0.00005;0;0;197.954
28.02.2019;16:00;278.31;83.57;1007.78;4.1;295.39;0.000013;0;0;85.4592
28.02.2019;17:00;275.87;98.06;1007.95;3.65;291.17;0.000009;0;0;4.1117
28.02.2019;18:00;275.22;103.18;1008.18;3.97;289.97;0.000008;0;0;0
28.02.2019;19:00;275.22;102.85;1008.4;4.35;290.53;0.000375;0;0;0
28.02.2019;20:00;275.49;99.24;1008.54;4.91;291.89;0.003291;0;0;0
28.02.2019;21:00;275.48;98.33;1008.74;4.75;294.91;0.003965;0;0;0
28.02.2019;22:00;275.17;100.59;1008.78;3.93;297.57;0.002064;0;0;0
28.02.2019;23:00;275.05;100.46;1008.63;3.68;295.19;0.003443;0;0;0
28.02.2019;24:00:00;275.07;99.87;1008.34;3.27;288.78;0.003915;0;0;0
01.03.2019;01:00;275.16;97.24;1008.06;3.29;279.49;0.012995;0.000153;0;0
01.03.2019;02:00;274.72;96.74;1007.84;3.31;271.33;0.023114;0.000474;0;0
01.03.2019;03:00;274.32;96.12;1007.63;3.25;263.75;0.009088;0.014814;0.000005;0
01.03.2019;04:00;274.31;95.23;1007.54;3.17;261.13;0.015324;0.00997;0.000002;0
01.03.2019;05:00;274.46;94.99;1007.41;3.09;265.34;0.038217;0;0;0
01.03.2019;06:00;274.58;95.15;1007.47;2.97;275.14;0.042069;0;0;0.0989
01.03.2019;07:00;274.88;94.64;1007.74;2.96;286.61;0.039752;0;0;11.9781
01.03.2019;08:00;275.41;92.76;1007.81;2.96;292.23;0.041754;0;0;47.4231
01.03.2019;09:00;276.07;89.58;1007.82;2.71;297.15;0.038401;0;0;111.8213
01.03.2019;10:00;276.67;86;1008.04;2.47;312.56;0.037264;0;0;155.1799
01.03.2019;11:00;277.17;83.44;1008.63;2.44;334.76;0.037109;0;0;219.3232
01.03.2019;12:00;277.57;81.56;1009.02;2.36;355.33;0.033459;0;0;272.6524
01.03.2019;13:00;278;78.63;1009.26;2.49;15.32;0.035158;0;0;298.6981
01.03.2019;14:00;278.08;76.93;1009.59;2.74;31.16;0.024458;0;0;258.2224
01.03.2019;15:00;277.84;76.52;1010.05;2.88;43.89;0.015892;0;0;177.7819
01.03.2019;16:00;276.97;82.24;1010.66;2.32;53.97;0.011322;0;0;75.6341
01.03.2019;17:00;274.93;91.99;1011.34;2.26;62.61;0.0091;0;0;4.1402
01.03.2019;18:00;274.24;95.45;1012.01;2.29;71.61;0.007466;0;0;0
01.03.2019;19:00;273.78;97.56;1012.62;2.24;81.91;0.005647;0;0;0
01.03.2019;20:00;273.4;99.08;1013.15;2.28;95.67;0.004539;0;0;0
01.03.2019;21:00;273.19;99.67;1013.62;2.4;111.4;0.003709;0;0;0
01.03.2019;22:00;273.01;99.9;1013.95;2.54;126.5;0.002758;0;0;0
01.03.2019;23:00;272.89;99.16;1014.09;2.69;139.77;0.00235;0.000118;0;0
01.03.2019;24:00:00;273.02;96.51;1014.07;3;152.05;0.002417;0.000836;0;0
02.03.2019;01:00;272.93;95.19;1013.85;3.29;163.23;0.000684;0.00289;0.000001;0
02.03.2019;02:00;272.4;96.86;1013.56;3.15;173.31;0.000494;0.004132;0.000002;0
02.03.2019;03:00;272.23;96.2;1013.29;3.32;180.79;0.000568;0.006505;0.000003;0
02.03.2019;04:00;272.13;95.69;1013;3.42;186.4;0.000736;0.010338;0.000005;0
02.03.2019;05:00;272.06;95.72;1012.79;3.2;191.56;0.000672;0.009253;0.000004;0
02.03.2019;06:00;272.05;96.44;1012.55;2.81;195.84;0.000686;0.00778;0.000004;0.8238
02.03.2019;07:00;272.87;93.71;1012.48;3.24;197.27;0.00083;0.006018;0.000003;51.2553
02.03.2019;08:00;274.29;89.7;1012.3;3.53;198.49;0.002377;0.00138;0;156.7113
02.03.2019;09:00;276.11;83.04;1012.08;3.8;210.23;0.012409;0;0;257.7462
02.03.2019;10:00;277.43;75.48;1011.91;4.07;225.86;0.034935;0;0;311.572
02.03.2019;11:00;278.12;71.08;1011.8;4.22;237.27;0.031684;0;0;316.1849
02.03.2019;12:00;278.58;68.45;1011.56;4.35;245.4;0.021007;0;0;335.0409
02.03.2019;13:00;278.92;66.24;1011.08;4.46;250.89;0.011284;0;0;320.1396
02.03.2019;14:00;279.05;65.3;1010.64;4.45;254.2;0.010509;0;0;264.3087
02.03.2019;15:00;278.71;67.47;1010.25;4.21;254.42;0.01252;0;0;126.341
02.03.2019;16:00;277.84;75.75;1009.89;3.02;247.22;0.007999;0;0;46.39
02.03.2019;17:00;276.56;82.87;1009.53;2.94;233.38;0.002597;0;0;3.3767
02.03.2019;18:00;276.07;83.74;1009.26;3.58;225.87;0.000831;0;0;0
02.03.2019;19:00;276.01;83;1009.11;4.37;224.45;0.00038;0;0;0
02.03.2019;20:00;275.85;83.36;1008.84;4.81;221.4;0.000081;0;0;0
02.03.2019;21:00;275.4;85.46;1008.41;4.92;216.32;0.000016;0;0;0
02.03.2019;22:00;274.4;90.41;1007.8;4.86;210.25;0.000045;0;0;0
02.03.2019;23:00;274.18;92.32;1006.95;5.35;207.93;0.000427;0;0;0
02.03.2019;24:00:00;274.4;92.93;1006.23;5.78;210.33;0.001067;0;0;0
03.03.2019;01:00;274.59;94.62;1005.38;6.01;209.71;0.001182;0;0;0
03.03.2019;02:00;274.94;95.62;1004.44;6.31;208.1;0.021336;0;0;0
03.03.2019;03:00;275.81;94.22;1003.73;6.98;212.52;0.124707;0;0;0
03.03.2019;04:00;276.93;94.13;1002.95;7.11;217.67;0.13954;0;0;0
03.03.2019;05:00;278.04;95.13;1001.85;7.18;220.64;0.306956;0;0;0
03.03.2019;06:00;278.3;96.16;1000.87;7.21;214.23;0.326023;0;0;0.3188
03.03.2019;07:00;278.5;95.01;1000.03;7.9;208.98;0.434855;0;0;32.0558
03.03.2019;08:00;278.95;93.01;999.48;8.37;211.07;0.510933;0;0;52.0334
03.03.2019;09:00;279.8;90.47;999.25;9;224.29;0.197415;0;0;66.1938
03.03.2019;10:00;280.85;87.91;999.31;9.83;240.51;0.03311;0;0;102.6841
03.03.2019;11:00;281.35;87.6;999.5;8.95;244.4;0.01648;0;0;124.213
03.03.2019;12:00;281.6;87.86;999.65;8.25;245.53;0.021527;0;0;118.59
03.03.2019;13:00;281.77;88.05;999.59;7.85;245.3;0.027023;0;0;106.5398
03.03.2019;14:00;281.68;88.85;999.22;7.28;243.69;0.068763;0;0;70.7272
03.03.2019;15:00;281.52;89.63;998.76;6.95;241.83;0.192786;0;0;49.2901
03.03.2019;16:00;281.09;91.45;998.36;6.5;239.04;0.550574;0;0;20.4878
03.03.2019;17:00;280.68;92.97;997.92;6.15;235.62;0.689634;0;0;1.4349
03.03.2019;18:00;280.42;93.83;997.41;5.61;230.71;0.640315;0;0;0
03.03.2019;19:00;280.21;94.89;996.68;5.23;222.31;0.637818;0;0;0
03.03.2019;20:00;280.11;95.41;996.01;4.94;214.92;0.754384;0;0;0
03.03.2019;21:00;280.3;95.19;995.51;5.33;212.6;0.891496;0;0;0
03.03.2019;22:00;280.76;94.56;994.9;6.36;220.34;0.515508;0;0;0
03.03.2019;23:00;281.33;93.41;994.3;7.86;228.58;0.278425;0;0;0
03.03.2019;24:00:00;281.34;93.37;993.72;8.31;230.79;0.160851;0;0;0
04.03.2019;01:00;281.14;92.71;993.1;8.59;230.3;0.116771;0;0;0
04.03.2019;02:00;280.89;92.2;992.2;8.29;223.93;0.147611;0;0;0
04.03.2019;03:00;280.73;92.22;991.39;8.24;216.56;0.530662;0;0;0
04.03.2019;04:00;280.8;90.94;990.29;8.59;214.21;0.100599;0;0;0
04.03.2019;05:00;280.27;92.42;989.41;7.94;210.34;0.000548;0;0;0
04.03.2019;06:00;280.09;92.6;988.67;7.75;204.26;0.001008;0;0;1.1289
04.03.2019;07:00;280.16;91.87;987.71;7.73;197.12;0.023806;0;0;23.8362
04.03.2019;08:00;280.53;90.36;986.84;7.99;194.34;0.246982;0;0;51.515
04.03.2019;09:00;281.07;88.92;985.61;8.33;195.74;0.246732;0;0;75.2009
04.03.2019;10:00;282.2;84.56;984.72;9.09;201.19;0.07905;0;0;212.5739
04.03.2019;11:00;283.31;78.47;983.54;9.66;209.37;0.024774;0;0;252.4464
04.03.2019;12:00;284.47;70.15;982.34;11.29;216.52;0.0805;0;0;363.3035
04.03.2019;13:00;284.51;65.22;981.64;12.65;226.27;0.159072;0;0;279.4538
04.03.2019;14:00;283.66;62.7;981.53;13.02;231.47;0.116477;0;0;182.227
04.03.2019;15:00;282.59;64.75;981.31;12.21;230.72;0.199261;0;0;145.0936
04.03.2019;16:00;281.12;76.43;981.4;11.75;229.71;0.318876;0;0;26.7617
04.03.2019;17:00;280.22;80.01;981.76;12.29;235.53;0.10488;0;0;3.6269
04.03.2019;18:00;279.52;77.25;982.3;13.1;239.61;0.050669;0;0;0
04.03.2019;19:00;279.17;79.23;982.54;13.98;241.86;0.107661;0;0;0
04.03.2019;20:00;279.18;80.47;982.9;14.94;245.63;0.113457;0;0;0
04.03.2019;21:00;279.23;79.37;983.45;15.72;249.23;0.096537;0;0;0
04.03.2019;22:00;279.19;77.42;984.04;16.2;252.22;0.13621;0;0;0
04.03.2019;23:00;279.13;76.35;984.63;16.43;254.57;0.195;0;0;0
04.03.2019;24:00:00;279.12;76.42;985.35;16.31;255.84;0.121708;0;0;0
05.03.2019;01:00;279.11;77.43;986.09;15.85;256.25;0.084422;0;0;0
05.03.2019;02:00;279;79.89;986.7;15.11;255.68;0.093109;0;0;0
05.03.2019;03:00;278.93;82.17;987.38;14.3;255.63;0.055856;0;0;0
05.03.2019;04:00;278.89;83.11;988.1;13.62;256.25;0.019863;0;0;0
05.03.2019;05:00;278.73;84.13;988.68;13.17;256.08;0.014056;0;0;0
05.03.2019;06:00;278.59;84.4;989.33;13.12;256.23;0.014258;0;0;1.4585
05.03.2019;07:00;278.65;83.17;990.21;13.18;256.79;0.015045;0;0;33.5182
05.03.2019;08:00;278.81;81.26;991.11;13.34;257.59;0.013437;0;0;84.2067
05.03.2019;09:00;279.21;78.14;992.01;13.4;259.11;0.013662;0;0;187.2023
05.03.2019;10:00;279.89;73.81;992.76;13.3;261.66;0.051536;0;0;299.3051
05.03.2019;11:00;280.43;70.45;993.57;12.93;263.61;0.073461;0;0;370.8011
05.03.2019;12:00;280.79;67.26;994.39;12.43;265.73;0.040924;0;0;376.9801
05.03.2019;13:00;280.9;65.46;995.06;11.87;267.48;0.022559;0;0;331.9513
05.03.2019;14:00;280.82;64.89;995.86;11.27;269.8;0.015439;0;0;262.3374
05.03.2019;15:00;280.5;66.07;996.81;10.51;272.29;0.01974;0;0;166.7337
05.03.2019;16:00;279.85;69.87;997.87;9.51;273.25;0.031504;0;0;68.0978
05.03.2019;17:00;279;75.48;998.92;8.7;272.99;0.039434;0;0;6.3038
05.03.2019;18:00;278.5;78.87;999.99;8.69;273.97;0.038525;0;0;0
05.03.2019;19:00;278.05;81.6;1001.02;8.58;275.63;0.031149;0;0;0
05.03.2019;20:00;277.34;86.36;1002.12;7.87;273.85;0.023104;0;0;0
05.03.2019;21:00;276.63;91.65;1003.36;7.15;269.94;0.013258;0;0;0
05.03.2019;22:00;276.18;95.47;1004.45;6.71;268.39;0.004971;0;0;0
05.03.2019;23:00;276.01;96.12;1005.32;6.23;267.89;0.003158;0;0;0
05.03.2019;24:00:00;276;94.99;1006.12;5.88;268.96;0.005557;0;0;0
06.03.2019;01:00;275.76;94.47;1006.74;5.06;265.5;0.012464;0;0;0
06.03.2019;02:00;275.38;94.34;1007.22;4.32;254.61;0.018587;0;0;0
06.03.2019;03:00;275.11;94.39;1007.6;4.15;239.18;0.022677;0;0;0
06.03.2019;04:00;275.03;94.48;1007.98;4.14;228.23;0.021582;0;0;0
06.03.2019;05:00;274.91;94.49;1008.15;3.81;216.92;0.010872;0;0;0
06.03.2019;06:00;274.86;94.33;1008.21;3.65;203.27;0.007177;0;0;1.022
06.03.2019;07:00;275.08;93.7;1008.23;4.18;190.41;0.003679;0;0;24.2298
06.03.2019;08:00;275.86;91.24;1008.16;4.84;184.37;0.00118;0;0;81.6747
06.03.2019;09:00;277.46;84.33;1007.89;5.56;180.32;0.000216;0;0;189.0789
06.03.2019;10:00;279.12;77.38;1007.47;5.97;176.43;0.000033;0;0;252.0618
06.03.2019;11:00;280.46;70.42;1006.87;6.74;177.04;0.000045;0;0;253.6619
06.03.2019;12:00;280.98;66.58;1006.18;7.28;178.48;0.002745;0;0;202.5267
06.03.2019;13:00;280.95;66.06;1005.42;7.47;177.2;0.026205;0;0;134.3976
06.03.2019;14:00;280.61;68.52;1004.49;7.49;172.2;0.061215;0;0;85.0905
06.03.2019;15:00;280.32;70.56;1003.56;7.63;167.03;0.066894;0;0;55.8693
06.03.2019;16:00;280.11;71.28;1002.54;7.73;161.56;0.042146;0;0;28.9737
06.03.2019;17:00;279.93;71.66;1001.65;8.2;158.86;0.048902;0;0;3.4195
06.03.2019;18:00;279.64;74.73;1000.88;8.25;157.69;0.163419;0;0;0
06.03.2019;19:00;279.33;79.05;1000.03;8.26;157.62;0.350581;0;0;0
06.03.2019;20:00;279.18;82.18;998.9;8.37;158.57;0.443267;0;0;0
06.03.2019;21:00;279.12;84.02;997.85;8.48;160.34;0.42489;0;0;0
06.03.2019;22:00;279.29;84.7;997;8.83;168.73;0.443224;0;0;0
06.03.2019;23:00;279.76;85.37;996.29;8.67;180.39;0.650699;0;0;0
06.03.2019;24:00:00;279.98;87.15;995.51;7.86;183.86;0.747708;0;0;0
07.03.2019;01:00;280.18;87.86;994.64;7.79;187.05;0.661822;0;0;0
07.03.2019;02:00;280.13;88.99;993.78;7.3;189.49;0.506394;0;0;0
07.03.2019;03:00;280.19;88.81;993.04;7.52;192.63;0.575358;0;0;0
07.03.2019;04:00;280.2;89.4;992.46;7.4;192.4;0.513789;0;0;0
07.03.2019;05:00;280.22;89.86;991.86;7.4;190.85;0.318174;0;0;0
07.03.2019;06:00;280.14;91.02;991.35;6.95;186.78;0.349963;0;0;0.4076
07.03.2019;07:00;280.39;90.23;990.91;7.15;184.87;0.381802;0;0;10.2274
07.03.2019;08:00;280.7;88.91;990.56;7.49;186.62;0.215341;0;0;33.0532
07.03.2019;09:00;281.63;83.58;990.25;8.14;194.45;0.045564;0;0;104.6347
07.03.2019;10:00;283.27;76.18;990.06;8.73;201.4;0.039559;0;0;182.2305
07.03.2019;11:00;284.12;73.94;989.72;8.33;200.55;0.028215;0;0;168.713
07.03.2019;12:00;285.96;65.42;989.1;9.63;204.29;0.003126;0;0;390.3638
07.03.2019;13:00;286.82;59.3;988.64;11.05;216;0.009093;0;0;400.3267
07.03.2019;14:00;286.31;57.24;988.84;12.35;230.63;0.006873;0;0;319.679
07.03.2019;15:00;284.66;58.05;990.01;12.92;242.29;0.001913;0;0;240.7399
07.03.2019;16:00;283.14;60.76;991.24;10.97;246.96;0.001085;0;0;102.6738
07.03.2019;17:00;281.76;66.07;992.39;8.91;244.09;0.00073;0;0;14.344
07.03.2019;18:00;280.68;71.27;993.38;7.88;237.46;0.000424;0;0;0
07.03.2019;19:00;280.01;74.9;993.88;7.31;227.53;0.000219;0;0;0
07.03.2019;20:00;279.8;76.48;994.01;7.59;216.68;0.000639;0;0;0
07.03.2019;21:00;279.5;79.42;994.05;7.76;207.54;0.001361;0;0;0
07.03.2019;22:00;279.25;82.46;993.99;8.2;204.94;0.000337;0;0;0
07.03.2019;23:00;279.06;85.04;993.69;8.56;204.77;0.000372;0;0;0
07.03.2019;24:00:00;278.8;87.12;993.27;8.84;203.96;0.000195;0;0;0
08.03.2019;01:00;278.44;88.67;992.62;9.3;201.56;0.00008;0;0;0
08.03.2019;02:00;278.17;89.06;991.65;9.98;199.33;0.007212;0;0;0
08.03.2019;03:00;278.12;88.45;990.5;10.7;199.82;0.222529;0;0;0
08.03.2019;04:00;278.29;87.8;989.67;11.27;203.67;0.534199;0;0;0
08.03.2019;05:00;278.72;87.12;989.32;11.25;211.18;0.35082;0;0;0
08.03.2019;06:00;279.16;86.57;989.4;11.86;223.7;0.154309;0;0;1.0583
08.03.2019;07:00;279.6;85.89;989.83;12.66;233.42;0.151615;0;0;25.6353
08.03.2019;08:00;279.85;85.48;990.34;12.82;237.11;0.375766;0;0;47.6754
08.03.2019;09:00;279.73;85.58;991.22;13.33;246.3;0.484088;0;0;74.999
08.03.2019;10:00;279.65;81.7;993.01;13.96;263.22;0.176491;0;0;129.7129
08.03.2019;11:00;280.1;69.51;995.33;14.76;274.69;0.023565;0;0;265.7817
08.03.2019;12:00;281.1;55.65;997.42;15.62;279.21;0.000532;0;0;475.5897
08.03.2019;13:00;281.34;49.55;999.27;15.54;281.98;0.00003;0;0;476.6625
08.03.2019;14:00;281.08;48.84;1000.88;14.58;282.94;0.000019;0;0;400.3987
08.03.2019;15:00;280.64;50.56;1002.36;13.38;281.79;0.000018;0;0;278.9554
08.03.2019;16:00;279.94;55.62;1003.84;12.17;279.28;0.000109;0;0;134.05
08.03.2019;17:00;279.05;63.02;1005.18;10.57;274.82;0.000404;0;0;14.2834
08.03.2019;18:00;278.38;68.68;1006.28;9.46;269.98;0.000216;0;0;0
08.03.2019;19:00;277.46;75.26;1006.95;8.1;264.72;0.0001;0;0;0
08.03.2019;20:00;276.66;80.99;1007.43;7.26;259.87;0.000087;0;0;0
08.03.2019;21:00;276.13;84.53;1007.88;6.65;256.9;0.000086;0;0;0
08.03.2019;22:00;275.86;86.12;1007.79;5.76;250.99;0.000155;0;0;0
08.03.2019;23:00;275.64;86.98;1007.2;5.16;240.23;0.000156;0;0;0
08.03.2019;24:00:00;275.88;85.54;1006.5;5.66;230.03;0.000058;0;0;0
09.03.2019;01:00;276.02;85.21;1005.74;5.99;219.13;0.00049;0;0;0
09.03.2019;02:00;276.24;85.32;1004.67;6.68;211.52;0.011523;0;0;0
09.03.2019;03:00;276.8;84.77;1003.41;7.46;210.96;0.056275;0;0;0
09.03.2019;04:00;276.97;87.71;1001.91;7.69;203.84;0.083226;0;0;0
09.03.2019;05:00;276.84;91.54;1000.15;7.78;190.99;0.180499;0;0;0
09.03.2019;06:00;276.89;92.94;998.28;8.67;183.57;0.602839;0;0;2.2549
09.03.2019;07:00;277.03;92.47;996.63;9.79;188.64;1.443392;0;0;17.0916
09.03.2019;08:00;277.23;90.57;995.6;11.21;213.29;0.99983;0;0;31.4784
09.03.2019;09:00;278.77;86.77;995.33;11.53;243.24;0.152746;0;0;69.3853
09.03.2019;10:00;280.6;75.27;995.84;13.32;261.49;0.058553;0;0;248.0388
09.03.2019;11:00;281.51;65.91;996.49;14.04;265.19;0.051897;0;0;361.6265
09.03.2019;12:00;281.96;61.16;996.91;14.01;264.96;0.033898;0;0;369.7303
09.03.2019;13:00;282.18;58.63;997.21;14.06;264.31;0.047635;0;0;369.459
09.03.2019;14:00;282.05;58.97;997.44;13.6;264.68;0.048624;0;0;294.7821
09.03.2019;15:00;281.58;61.09;997.42;12.5;264.93;0.039852;0;0;202.0604
09.03.2019;16:00;280.75;65.48;997.22;11.01;264.57;0.011789;0;0;101.4346
09.03.2019;17:00;279.62;72.17;997.11;9.72;262.1;0.00742;0;0;13.0885
09.03.2019;18:00;278.85;77.56;997.02;9.22;258.86;0.006842;0;0;0
09.03.2019;19:00;278.3;81.72;996.84;9.09;258.68;0.001441;0;0;0
09.03.2019;20:00;277.82;85.17;996.74;9.14;260.88;0.000003;0;0;0
09.03.2019;21:00;277.32;88.15;996.95;9.47;262.26;0;0;0;0
09.03.2019;22:00;276.88;89.62;997.51;9.98;262.49;0.000003;0;0;0
09.03.2019;23:00;276.64;89.21;998.05;10.62;259.31;0.00002;0;0;0
09.03.2019;24:00:00;276.59;90.11;998.45;11.59;255.33;0.000182;0;0;0
10.03.2019;01:00;276.88;90.03;998.78;12.85;255.5;0.011193;0;0;0
10.03.2019;02:00;277.46;86.36;998.73;13.59;260.09;0.037954;0;0;0
10.03.2019;03:00;277.88;80.74;998.73;13.96;265.88;0.037313;0;0;0
10.03.2019;04:00;277.93;78.24;999.05;13.74;268.21;0.032408;0;0;0
10.03.2019;05:00;277.76;79.31;999.44;13.26;269.32;0.028279;0;0;0
10.03.2019;06:00;277.51;81.76;999.76;12.15;269.94;0.014606;0;0;4.3328
10.03.2019;07:00;277.55;82.94;999.73;10.71;269.5;0.006248;0;0;62.6098
10.03.2019;08:00;278.02;81.84;999.54;9.47;266.51;0.002897;0;0;129.4857
10.03.2019;09:00;278.76;76.24;999.04;8.79;265.25;0.003464;0;0;219.1809
10.03.2019;10:00;279.84;66.25;998.55;8.19;266.87;0.002169;0;0;432.6759
10.03.2019;11:00;280.09;61.45;998.19;7.36;266.28;0.001553;0;0;335.248
10.03.2019;12:00;279.75;62.92;997.64;6.34;261.28;0.004335;0;0;168.6917
10.03.2019;13:00;279.52;65.94;996.91;5.43;257.14;0.010056;0;0;127.2916
10.03.2019;14:00;279.36;68.99;996.03;4.49;256.21;0.015043;0;0;108.201
10.03.2019;15:00;279;74.71;995.22;3.2;257.97;0.029548;0;0;71.273
10.03.2019;16:00;278.21;84.25;994.53;2.21;262.91;0.039275;0;0;33.1068
10.03.2019;17:00;277.26;87.74;994.26;2.42;275.1;0.024139;0;0;5.461
10.03.2019;18:00;276.82;88.59;994.42;3.05;290.4;0.00907;0;0;0
10.03.2019;19:00;276.9;87.87;994.97;4.36;297.7;0.010758;0;0;0
10.03.2019;20:00;276.89;88.1;995.69;5.59;299.21;0.010959;0;0;0
10.03.2019;21:00;276.63;89.17;996.55;5.97;300.11;0.010448;0;0;0
10.03.2019;22:00;276.43;88.81;997.63;6.3;303.72;0.008862;0;0;0
10.03.2019;23:00;275.92;89.13;998.8;5.97;305.83;0.004687;0;0;0
10.03.2019;24:00:00;275.02;90.53;999.88;5.37;305.12;0.000447;0;0;0
11.03.2019;01:00;274.27;91.31;1000.76;4.91;302.09;0.000143;0;0;0
11.03.2019;02:00;273.75;91.7;1001.42;4.44;296.65;0.000212;0;0;0
11.03.2019;03:00;273.58;91.5;1002.07;4.16;288.89;0.000439;0;0;0
11.03.2019;04:00;273.64;91.41;1002.59;3.86;275.76;0.001215;0;0;0
11.03.2019;05:00;273.86;91.82;1002.77;3.88;257;0.00599;0.000227;0;0
11.03.2019;06:00;274.32;92.04;1002.88;3.99;242.47;0.022002;0;0.000001;4.0123
11.03.2019;07:00;274.95;91.91;1002.95;4.26;236.03;0.041801;0.001177;0.000004;32.9478
11.03.2019;08:00;275.4;91.42;1002.92;4.56;237.69;0.063698;0.002553;0.000017;71.5112
11.03.2019;09:00;275.67;90.13;1002.92;4.81;246.72;0.079264;0;0;103.002
11.03.2019;10:00;275.99;88.22;1003.04;4.74;258.12;0.085654;0;0;130.2246
11.03.2019;11:00;276.46;85.55;1003.4;4.55;269.38;0.109878;0;0;174.938
11.03.2019;12:00;277.03;81.96;1003.78;4.27;279.22;0.118861;0;0;210.5267
11.03.2019;13:00;277.5;78.29;1004.24;3.87;289.31;0.071962;0;0;223.428
11.03.2019;14:00;277.73;76.61;1004.82;3.6;300.91;0.032377;0;0;197.3633
11.03.2019;15:00;277.79;76.37;1005.54;3.53;311.1;0.011304;0;0;153.3656
11.03.2019;16:00;277.52;79.47;1006.34;3.08;314.72;0.003324;0;0;87.9088
11.03.2019;17:00;275.74;88.64;1007.37;2.81;312.5;0.001201;0;0;20.0243
11.03.2019;18:00;274.65;93.66;1008.58;3.34;309.35;0.000514;0;0;0
11.03.2019;19:00;274.27;95.66;1009.56;3.77;307.46;0.000153;0;0;0
11.03.2019;20:00;273.93;96.83;1010.46;4.31;310.36;0.000032;0;0;0
11.03.2019;21:00;273.67;97.43;1011.46;4.71;313.29;0.000007;0;0;0
11.03.2019;22:00;273.29;97.91;1012.28;4.81;315.99;0.000015;0;0;0
11.03.2019;23:00;272.76;99.73;1012.89;4.57;316.05;0.000016;0.000027;0.000001;0
11.03.2019;24:00:00;272.33;103.23;1013.64;4.33;311.47;0.000011;0.000022;0.000003;0
12.03.2019;01:00;272.26;105.84;1014.29;4.17;302.48;0.000205;0.000144;0.000005;0
12.03.2019;02:00;273.35;100.16;1014.85;4.29;292;0.003679;0.00023;0.000009;0
12.03.2019;03:00;273.83;96.22;1015.27;4.8;282.08;0.00192;0.015557;0.00002;0
12.03.2019;04:00;273.88;94.65;1015.59;4.97;273.74;0.002161;0.006824;0.000017;0
12.03.2019;05:00;273.51;95.05;1015.64;4.92;263.91;0.000197;0.010728;0.00002;0
12.03.2019;06:00;273.25;95.35;1015.43;4.98;253.96;0.000002;0.007214;0.000019;7.6667
12.03.2019;07:00;273.48;93.36;1015.38;5.51;243.02;0.000005;0.00647;0.00002;72.7069
12.03.2019;08:00;274.44;89.63;1015.31;6.16;238.08;0.000563;0.002925;0.000019;170.9541
12.03.2019;09:00;276.12;83.23;1015.02;6.66;235.08;0.0024;0;0;313.3098
12.03.2019;10:00;277.43;78.97;1014.42;6.94;233.23;0.004661;0;0;309.7012
12.03.2019;11:00;278.18;75.68;1013.79;7.05;230.34;0.002988;0;0;282.2409
12.03.2019;12:00;279.22;69.58;1013.01;7.07;226.46;0.001524;0;0;345.541
12.03.2019;13:00;280.07;63.47;1011.89;6.95;220.85;0.000778;0;0;325.6994
12.03.2019;14:00;280.48;60.66;1010.62;6.99;213.89;0.00375;0;0;258.2991
12.03.2019;15:00;280.25;61.69;1009.38;7.04;206.44;0.022764;0;0;140.1763
12.03.2019;16:00;279.6;65.84;1008.18;6.87;198.69;0.074627;0;0;53.4178
12.03.2019;17:00;278.76;71.37;1007.05;7.1;190.74;0.136208;0;0;7.2863
12.03.2019;18:00;278.12;76.01;1005.82;7.26;179.25;0.095691;0;0;0
12.03.2019;19:00;277.88;77.09;1004.22;8.17;171.13;0.019947;0;0;0
12.03.2019;20:00;277.73;77.25;1002.47;8.82;168.18;0.009509;0;0;0
12.03.2019;21:00;277.71;76.14;1000.77;9.61;171.32;0.01205;0;0;0
12.03.2019;22:00;277.67;75.62;999.06;9.64;174.31;0.004325;0;0;0
12.03.2019;23:00;277.59;76.1;997.65;9.54;177.29;0.027247;0;0;0
12.03.2019;24:00:00;277.37;78.39;996.22;9.42;179.45;0.220103;0;0;0
13.03.2019;01:00;277.05;82;994.87;9.51;180.15;0.690464;0;0;0
13.03.2019;02:00;276.72;85.7;993.88;9.75;188.94;0.931139;0;0;0
13.03.2019;03:00;276.81;87.54;993.54;9.61;208.52;0.414348;0;0;0
13.03.2019;04:00;277.5;87.34;994.01;9.15;237.69;0.084131;0;0;0
13.03.2019;05:00;277.34;88.38;994.93;8.94;250.77;0.014064;0;0;0
13.03.2019;06:00;276.66;88.95;995.79;8.56;243.8;0.000467;0;0;12.923
13.03.2019;07:00;276.88;85.16;996.36;8.49;229.11;0.000051;0;0;126.9048
13.03.2019;08:00;278.08;79.26;996.52;9.54;218.18;0.001457;0;0;262.4731
13.03.2019;09:00;279.46;72.51;996.4;11.39;220.14;0.010237;0;0;332.5219
13.03.2019;10:00;280.42;66.61;996.19;12.05;222.74;0.008487;0;0;345.3188
13.03.2019;11:00;281.47;61.7;995.82;12.18;224.18;0.033283;0;0;441.1221
13.03.2019;12:00;281.99;60.37;995.45;12.08;223.74;0.072236;0;0;421.8194
13.03.2019;13:00;281.9;61.84;995.07;11.75;221.25;0.065121;0;0;301.9599
13.03.2019;14:00;281.7;63.5;994.68;11.46;217.85;0.027034;0;0;237.1538
13.03.2019;15:00;281.5;65.02;994.23;11.1;213.88;0.013642;0;0;166.4984
13.03.2019;16:00;281.04;67.83;993.81;10.96;209.74;0.015519;0;0;93.7147
13.03.2019;17:00;280.26;72.54;993.51;11.02;207.11;0.013431;0;0;18.2161
13.03.2019;18:00;279.64;76.69;993.09;11;205.31;0.024801;0;0;0
13.03.2019;19:00;279.24;80.11;992.46;10.78;203.65;0.069263;0;0;0
13.03.2019;20:00;278.91;83.96;991.99;10.56;204.43;0.136334;0;0;0
13.03.2019;21:00;278.63;87.51;991.8;10.22;210.65;0.105202;0;0;0
13.03.2019;22:00;278.45;89.77;991.57;9.77;215.69;0.216822;0;0;0
13.03.2019;23:00;278.3;90.95;991.26;9.58;220;0.430729;0;0;0
13.03.2019;24:00:00;278.31;91.23;991.08;9.48;231.52;0.572088;0;0;0
14.03.2019;01:00;278.34;91.02;991.34;9.53;252.2;0.315249;0;0;0
14.03.2019;02:00;278.12;89.76;991.95;10.05;270.34;0.179728;0;0;0
14.03.2019;03:00;277.67;88.7;992.87;10.31;278.18;0.095045;0;0;0
14.03.2019;04:00;277.32;87.58;994.09;10.61;279.6;0.049735;0;0;0
14.03.2019;05:00;277.13;86.49;995.03;10.37;277.91;0.020194;0;0;0
14.03.2019;06:00;277.06;87.14;995.58;9.45;272.81;0.007243;0;0;7.9656
14.03.2019;07:00;277.53;87.11;995.99;8.83;263.13;0.003357;0;0;79.3175
14.03.2019;08:00;278.4;84.18;995.99;8.58;251.82;0.009463;0;0;152.3269
14.03.2019;09:00;279.15;82.19;995.6;8.56;241.2;0.075192;0;0;181.765
14.03.2019;10:00;279.5;82.58;995;8.72;234.52;0.227971;0;0;175.8499
14.03.2019;11:00;279.75;81.28;994.15;8.94;232.27;0.284852;0;0;174.8028
14.03.2019;12:00;279.99;78.32;993.11;8.97;229.55;0.213484;0;0;178.9366
14.03.2019;13:00;280.12;75.96;991.82;8.72;223.32;0.103334;0;0;170.9991
14.03.2019;14:00;280;75.58;990.45;8.55;213.73;0.07861;0;0;147.5863
14.03.2019;15:00;279.41;79.37;989.18;8.19;201.36;0.137345;0;0;86.9142
14.03.2019;16:00;278.65;84.9;988.05;7.93;188.51;0.153021;0;0;36.2931
14.03.2019;17:00;278.08;88.59;987.33;7.78;180.3;0.143155;0;0;7.4618
14.03.2019;18:00;277.71;90.69;986.93;7.29;175.22;0.120523;0;0;0
14.03.2019;19:00;277.43;92.08;986.67;6.48;173.93;0.135289;0;0;0
14.03.2019;20:00;277.22;93.05;986.8;5.23;179.92;0.231224;0;0;0
14.03.2019;21:00;277.09;93.59;987.21;4.08;196.38;0.339441;0;0;0
14.03.2019;22:00;277;93.86;987.81;3.56;221.52;0.322121;0;0;0
14.03.2019;23:00;277.06;94;988.38;4.16;247.22;0.207664;0;0;0
14.03.2019;24:00:00;277.44;93.74;988.91;5.49;264.93;0.163508;0;0;0
15.03.2019;01:00;277.99;92.82;989.38;6.97;270.97;0.141478;0;0;0
15.03.2019;02:00;278.11;91.98;990;8.03;270.59;0.116461;0;0;0
15.03.2019;03:00;277.92;91.57;990.65;8.61;270.15;0.082548;0;0;0
15.03.2019;04:00;277.73;91.79;991.29;8.72;271.21;0.05452;0;0;0
15.03.2019;05:00;277.66;91.86;991.94;8.78;273.43;0.052515;0;0;0
15.03.2019;06:00;277.62;91.72;992.73;8.89;276.27;0.045742;0;0;7.3417
15.03.2019;07:00;277.88;90.32;993.5;8.99;278.21;0.039477;0;0;61.2877
15.03.2019;08:00;278.5;86.71;994.06;8.95;279.71;0.023167;0;0;146.9205
15.03.2019;09:00;279.49;78.85;994.42;8.96;280.56;0.024295;0;0;285.0425
15.03.2019;10:00;280.6;71.15;994.54;8.31;274.83;0.024347;0;0;403.5876
15.03.2019;11:00;281.19;66.98;994.18;7.61;263.04;0.022256;0;0;359.2685
15.03.2019;12:00;281.16;67.5;993.43;7.3;247.89;0.10303;0;0;232.387
15.03.2019;13:00;280.95;70.78;992.04;7.43;230.96;0.339012;0;0;191.2998
15.03.2019;14:00;280.54;75.06;990.17;8.09;214.54;0.904199;0;0;147.5725
15.03.2019;15:00;279.6;83.07;988.4;9.4;206.42;1.99446;0;0;85.6032
15.03.2019;16:00;279.42;87.64;986.87;10.35;216.44;0.778248;0;0;36.3219
15.03.2019;17:00;280.75;81.94;985.67;12.31;250.64;0.154047;0;0;9.2194
15.03.2019;18:00;280.62;76.51;986.21;14.96;266.89;0.080914;0;0;0
15.03.2019;19:00;279.95;76.14;986.86;14.96;270.49;0.057528;0;0;0
15.03.2019;20:00;279.5;76.59;987.33;15.02;272.16;0.085007;0;0;0
15.03.2019;21:00;279.15;77.56;987.97;15;273;0.066059;0;0;0
15.03.2019;22:00;278.97;78.13;988.73;15.13;274.25;0.04223;0;0;0
15.03.2019;23:00;278.73;78.87;989.57;15.02;276.81;0.041134;0;0;0
15.03.2019;24:00:00;278.54;79.91;990.6;14.69;280.23;0.045357;0;0;0
16.03.2019;01:00;278.42;80.98;991.88;14.29;283.61;0.040779;0;0;0
16.03.2019;02:00;278.3;82.17;993.13;13.66;286.61;0.050057;0;0;0
16.03.2019;03:00;278.18;83.67;994.58;12.72;289.81;0.052592;0;0;0
16.03.2019;04:00;278.04;85.43;995.9;11.5;289.58;0.040888;0;0;0
16.03.2019;05:00;277.96;86.65;997.11;10.57;286.21;0.030122;0;0;0
16.03.2019;06:00;277.82;87.81;998.1;9.73;281.78;0.026766;0;0;9.9937
16.03.2019;07:00;278.08;87.15;999;9.31;276.4;0.020767;0;0;76.5404
16.03.2019;08:00;278.81;84.1;999.67;9.26;272.5;0.026611;0;0;163.9032
16.03.2019;09:00;279.79;76.18;1000.55;9.93;276.79;0.018182;0;0;260.2088
16.03.2019;10:00;280.26;70.33;1000.7;9.32;275.05;0.007063;0;0;242.811
16.03.2019;11:00;280.57;66.47;1001.03;8.78;271.06;0.003599;0;0;248.3802
16.03.2019;12:00;280.66;64.87;1001.24;8.18;266.09;0.002196;0;0;225.0543
16.03.2019;13:00;280.63;64.83;1001.07;7.48;259.68;0.005242;0;0;197.2794
16.03.2019;14:00;280.38;66.6;1000.75;6.69;251.33;0.048283;0;0;153.2239
16.03.2019;15:00;279.73;71.94;1000.5;5.77;239.01;0.275408;0;0;94.4527
16.03.2019;16:00;278.59;81.28;1000.03;4.8;217.64;0.692923;0;0;37.2799
16.03.2019;17:00;277.58;88.32;999.28;4.95;191.24;1.007052;0;0;6.8975
16.03.2019;18:00;277.03;91.32;998.61;6.1;177.68;1.262141;0;0;0
16.03.2019;19:00;276.91;92.55;997.82;7;176.62;1.083078;0;0;0
16.03.2019;20:00;277.37;93.51;996.79;7.16;180.61;0.855111;0;0;0
16.03.2019;21:00;278.33;94.24;996.01;7.09;190.81;0.972359;0;0;0
16.03.2019;22:00;279.43;94.19;995.56;7.33;203.5;0.950225;0;0;0
16.03.2019;23:00;280.06;93.57;995.08;7.82;212.2;0.386098;0;0;0
16.03.2019;24:00:00;280.19;92.32;994.75;8.05;216.88;0.099152;0;0;0
17.03.2019;01:00;280.43;88.44;994.39;8.74;224.42;0.024425;0;0;0
17.03.2019;02:00;280.23;88.34;993.95;8.85;225.52;0.006486;0;0;0
17.03.2019;03:00;280.17;88.45;993.48;8.79;222.45;0.002227;0;0;0
17.03.2019;04:00;280.03;89.5;992.91;8.56;216.39;0.001398;0;0;0
17.03.2019;05:00;279.86;90.58;992.34;8.76;209.6;0.002256;0;0;0
17.03.2019;06:00;279.77;90.59;991.84;9.15;206.44;0.00368;0;0;13.2421
17.03.2019;07:00;280.03;88.44;991.46;9.53;206.45;0.003312;0;0;88.6334
17.03.2019;08:00;280.86;84.19;991.28;9.72;208.59;0.0084;0;0;187.8949
17.03.2019;09:00;281.96;78.8;991.13;10.1;213.81;0.052524;0;0;264.4048
17.03.2019;10:00;282.37;75.71;991.32;10.64;225.69;0.202044;0;0;234.7077
17.03.2019;11:00;282.3;75.97;991.78;10.48;238.44;0.313645;0;0;226.1174
17.03.2019;12:00;282.14;74.36;992.39;9.92;250.45;0.204828;0;0;228.2395
17.03.2019;13:00;282.01;70.11;992.97;9.2;257.95;0.070868;0;0;241.0874
17.03.2019;14:00;282.04;64.36;993.61;8.95;261.33;0.020682;0;0;244.1178
17.03.2019;15:00;281.86;60.93;994.39;8.81;261.49;0.006076;0;0;200.2141
17.03.2019;16:00;281.16;62.94;995.2;8.25;257.31;0.002529;0;0;103.7556
17.03.2019;17:00;280.06;68.85;995.91;7.32;249.79;0.002685;0;0;31.5739
17.03.2019;18:00;278.89;75.95;996.7;7;240.52;0.000993;0;0;0.0011
17.03.2019;19:00;278.28;80.51;997.37;7.49;234.48;0.000295;0;0;0
17.03.2019;20:00;277.74;84.31;997.8;7.98;232.42;0.00021;0;0;0
17.03.2019;21:00;277.21;86.83;998.08;8.25;231.86;0.000257;0;0;0
17.03.2019;22:00;276.79;87.9;998.19;8.74;233.04;0.000317;0;0;0
17.03.2019;23:00;276.47;88.49;998.38;9.3;232.95;0.000274;0;0;0
17.03.2019;24:00:00;276.16;89.53;998.47;9.67;229.84;0.001397;0;0;0
18.03.2019;01:00;275.97;89.99;998.41;10.03;227.55;0.002869;0;0;0
18.03.2019;02:00;275.94;89.83;998.28;10.42;228.41;0.002826;0;0;0
18.03.2019;03:00;275.91;90.55;998.21;10.57;229.81;0.004844;0;0;0
18.03.2019;04:00;275.97;90.84;998.38;10.63;230.58;0.011899;0;0;0
18.03.2019;05:00;276.09;90.56;998.62;10.65;231.6;0.018877;0;0;0
18.03.2019;06:00;276.36;89.82;998.96;10.79;232.37;0.02457;0;0;8.927
18.03.2019;07:00;276.91;88.05;999.44;11.31;234.35;0.033199;0;0;54.073
18.03.2019;08:00;277.65;85.28;999.84;11.97;237.72;0.057246;0;0;107.6746
18.03.2019;09:00;278.47;81.44;1000.23;12.28;242.22;0.113538;0;0;170.0529
18.03.2019;10:00;279.45;74.82;1000.67;12.51;249.41;0.168135;0;0;290.1158
18.03.2019;11:00;279.9;70.94;1001.25;12.36;255.13;0.141209;0;0;277.4868
18.03.2019;12:00;280.11;69.39;1001.79;12.17;259.23;0.174383;0;0;281.2842
18.03.2019;13:00;280.14;69.6;1002.32;11.92;262.66;0.168801;0;0;249.5522
18.03.2019;14:00;280.19;69.48;1002.97;11.72;266.86;0.190681;0;0;253.5877
18.03.2019;15:00;280.05;69.83;1003.74;11.27;271.56;0.171735;0;0;206.6381
18.03.2019;16:00;279.53;72.88;1004.71;10.12;273.82;0.140841;0;0;108.0009
18.03.2019;17:00;278.75;77.68;1005.84;9.06;274.01;0.092166;0;0;30.9973
18.03.2019;18:00;278.04;80.69;1007.13;8.54;276.06;0.029032;0;0;0.0078
18.03.2019;19:00;277.72;81.74;1008.44;8.11;278.78;0.019836;0;0;0
18.03.2019;20:00;277.48;82.97;1009.66;7.74;281.27;0.014005;0;0;0
18.03.2019;21:00;277.25;85.03;1010.81;7.38;283.58;0.007886;0;0;0
18.03.2019;22:00;277.02;87.18;1011.84;7.06;283.79;0.005455;0;0;0
18.03.2019;23:00;276.86;89.22;1012.65;6.83;284.59;0.002605;0;0;0
18.03.2019;24:00:00;276.63;91.48;1013.33;6.52;285.01;0.002292;0;0;0
19.03.2019;01:00;276.2;94.77;1013.93;6.1;282.54;0.000728;0;0;0
19.03.2019;02:00;275.78;96.42;1014.55;6.03;278.44;0.001309;0;0;0
19.03.2019;03:00;275.58;95.59;1015.26;6.09;276.54;0.0049;0;0;0
19.03.2019;04:00;275.51;94.93;1016.06;5.79;274.56;0.006619;0;0;0
19.03.2019;05:00;275.54;94.41;1016.71;5.68;274.26;0.00833;0;0;0
19.03.2019;06:00;275.58;93.88;1017.53;5.59;275.66;0.007051;0;0;8.6538
19.03.2019;07:00;275.99;92.05;1018.42;5.42;275.79;0.004465;0;0;65.197
19.03.2019;08:00;276.93;86.95;1019.26;5.4;278.75;0.003462;0;0;150.77
19.03.2019;09:00;278.33;77.44;1019.88;5.13;282.83;0.010566;0;0;338.2961
19.03.2019;10:00;279.54;69.67;1020.39;4.59;285.92;0.014294;0;0;479.1506
19.03.2019;11:00;280.23;65.35;1020.95;4.19;291.28;0.018025;0;0;482.1666
19.03.2019;12:00;280.48;63.46;1021.5;3.9;298.44;0.020968;0;0;448.0343
19.03.2019;13:00;280.52;61.61;1021.93;3.82;305.7;0.009259;0;0;412.9899
19.03.2019;14:00;280.5;59.68;1022.4;3.88;312.56;0.003235;0;0;362.397
19.03.2019;15:00;280.36;58.75;1022.91;3.98;318.21;0.000977;0;0;289.4382
19.03.2019;16:00;279.86;60.07;1023.43;3.83;321.17;0.000524;0;0;173.779
19.03.2019;17:00;278.09;73.72;1024.07;2.62;320.97;0.000138;0;0;51.8732
19.03.2019;18:00;276.09;78.98;1024.9;2.75;317.98;0.000016;0;0;0.0671
19.03.2019;19:00;275.47;79.37;1025.81;2.71;310.43;0.000002;0;0;0
19.03.2019;20:00;275.02;80.08;1026.5;2.66;298.07;0;0;0;0
19.03.2019;21:00;274.48;83.03;1026.99;2.75;280.59;0;0;0;0
19.03.2019;22:00;273.85;87.28;1027.22;3.14;266.1;0;0;0;0
19.03.2019;23:00;273.34;92.14;1027.32;3.58;258.25;0;0;0;0
19.03.2019;24:00:00;273.03;96.68;1027.34;3.87;252.87;0;0;0;0
20.03.2019;01:00;272.87;100.34;1027.43;4.1;249.77;0;0;0;0
20.03.2019;02:00;272.66;104.3;1027.54;4.31;250.35;0;0;0;0
20.03.2019;03:00;272.37;108.19;1027.74;4.39;250.89;0.000013;0;0;0
20.03.2019;04:00;272.78;104.98;1027.89;4.38;248.86;0.000161;0.00042;0;0
20.03.2019;05:00;273.3;98.66;1027.89;4.93;242.44;0.000022;0.009706;0.000004;0
20.03.2019;06:00;273.59;94.47;1027.94;5.27;233.34;0.000006;0.006422;0.000003;19.8097
20.03.2019;07:00;274.65;88.9;1028.05;5.71;225.53;0.000058;0.000023;0;124.3814
20.03.2019;08:00;276.09;82.23;1028.08;5.81;217.53;0.001365;0;0;217.3636
20.03.2019;09:00;278.07;72.61;1028.03;6.49;220.7;0.004137;0;0;214.712
20.03.2019;10:00;279.64;67.77;1027.83;6.82;222.45;0.013199;0;0;233.4033
20.03.2019;11:00;280.95;66.39;1027.74;7.13;227.14;0.037597;0;0;236.1214
20.03.2019;12:00;281.74;68.44;1027.63;7.54;234.71;0.059378;0;0;207.8208
20.03.2019;13:00;282.42;70.42;1027.52;7.88;242.58;0.073478;0;0;235.8831
20.03.2019;14:00;282.64;73.22;1027.16;7.76;248.81;0.038534;0;0;172.9607
20.03.2019;15:00;282.44;77.41;1027.07;7.39;254.81;0.062426;0;0;90.2114
20.03.2019;16:00;281.78;83.73;1027.36;6.95;261.87;0.106869;0;0;19.1412
20.03.2019;17:00;281.29;88.22;1027.27;6.94;263.57;0.060848;0;0;4.7281
20.03.2019;18:00;280.93;91.24;1027.53;6.63;267.54;0.043747;0;0;0.0184
20.03.2019;19:00;280.71;92.99;1028.24;6.18;276.15;0.060927;0;0;0
20.03.2019;20:00;280.54;93.99;1028.7;5.77;279.8;0.057086;0;0;0
20.03.2019;21:00;280.38;94.57;1028.9;5.45;280.32;0.035352;0;0;0
20.03.2019;22:00;280.22;94.95;1029.13;4.95;280.29;0.022587;0;0;0
20.03.2019;23:00;280.07;95.22;1029.17;4.54;276;0.013687;0;0;0
20.03.2019;24:00:00;279.8;96.16;1029.1;4.25;268.74;0.009483;0;0;0
21.03.2019;01:00;279.61;96.71;1029.1;4.29;267.08;0.010062;0;0;0
21.03.2019;02:00;279.42;97.31;1029.18;4.13;266.6;0.012408;0;0;0
21.03.2019;03:00;279.55;96.51;1029.25;4.2;262.82;0.012547;0;0;0
21.03.2019;04:00;279.73;95.82;1029.2;4.5;257.36;0.013572;0;0;0
21.03.2019;05:00;279.84;95.61;1029.17;4.9;252.16;0.017009;0;0;0
21.03.2019;06:00;280.02;95.36;1029.35;5.5;251.37;0.020619;0;0;11.0332
21.03.2019;07:00;280.61;93.79;1029.58;6.06;250.35;0.016339;0;0;55.3747
21.03.2019;08:00;281.53;91.08;1029.68;6.42;247.24;0.009146;0;0;122.7991
21.03.2019;09:00;282.78;85.76;1029.71;7.35;250.93;0.004387;0;0;227.3853
21.03.2019;10:00;283.9;79.22;1029.62;7.87;254.25;0.002515;0;0;345.1912
21.03.2019;11:00;284.79;74.42;1029.6;8.09;256.55;0.002741;0;0;409.239
21.03.2019;12:00;285.35;71.7;1029.45;8.11;258.97;0.005515;0;0;410.6328
21.03.2019;13:00;285.42;71.13;1029.12;8.03;261.19;0.005574;0;0;326.4378
21.03.2019;14:00;285.35;71.46;1028.83;7.93;263.39;0.004208;0;0;285.2912
21.03.2019;15:00;285.08;72.61;1028.65;7.59;265.92;0.00264;0;0;206.5228
21.03.2019;16:00;284.5;75.14;1028.52;7.06;268.21;0.000833;0;0;125.8589
21.03.2019;17:00;283.26;80.99;1028.63;6.18;270.16;0.000649;0;0;43.9268
21.03.2019;18:00;281.81;87.9;1029;5.71;272.35;0.000814;0;0;0.2873
21.03.2019;19:00;281.24;90.59;1029.37;5.87;273.15;0.001422;0;0;0
21.03.2019;20:00;280.9;92.23;1029.49;5.89;271.07;0.003743;0;0;0
21.03.2019;21:00;280.65;93.46;1029.39;5.85;268.82;0.00881;0;0;0
21.03.2019;22:00;280.48;94.3;1029.28;5.58;268.82;0.011352;0;0;0
21.03.2019;23:00;280.38;94.81;1029.3;5.51;274.05;0.012368;0;0;0
21.03.2019;24:00:00;280.22;95.2;1029.65;5.1;281.07;0.020161;0;0;0
22.03.2019;01:00;280.11;94.75;1030.07;4.85;288.44;0.024704;0;0;0
22.03.2019;02:00;279.91;94.66;1030.12;4.29;287.33;0.018238;0;0;0
22.03.2019;03:00;279.74;94.81;1030.31;4.15;288.39;0.018115;0;0;0
22.03.2019;04:00;279.66;94.61;1031.01;4.45;307.55;0.036465;0;0;0
22.03.2019;05:00;279.39;94.45;1031.54;4.05;331.67;0.032164;0;0;0
22.03.2019;06:00;279.22;93.8;1031.54;2.3;354.39;0.015946;0;0;11.464
22.03.2019;07:00;279.33;91.48;1031.6;0.64;52.96;0.012787;0;0;65.8186
22.03.2019;08:00;279.7;89.53;1031.8;1.32;183.65;0.011497;0;0;148.2932
22.03.2019;09:00;280.42;87.26;1031.84;2.12;205.49;0.009735;0;0;225.1736
22.03.2019;10:00;281.47;84.31;1031.81;2.01;214.55;0.009539;0;0;292.4386
22.03.2019;11:00;282.56;81.01;1031.51;1.73;205.55;0.012513;0;0;336.5874
22.03.2019;12:00;283.16;79.49;1031.12;1.59;191.25;0.014128;0;0;291.3768
22.03.2019;13:00;283.72;77.91;1030.74;1.45;176.17;0.013513;0;0;305.1815
22.03.2019;14:00;284.19;76.07;1030.11;1.62;159.36;0.013081;0;0;297.9959
22.03.2019;15:00;284.3;75.47;1029.43;2.2;152.68;0.009658;0;0;242.5692
22.03.2019;16:00;283.77;77.96;1028.81;2.87;151.27;0.007241;0;0;146.5135
22.03.2019;17:00;282.41;86.43;1028.32;2.8;150.3;0.005725;0;0;42.9536
22.03.2019;18:00;281.25;92.02;1027.97;3.21;155.81;0.004509;0;0;0.3794
22.03.2019;19:00;281.09;93.27;1027.61;4.09;164.39;0.004463;0;0;0
22.03.2019;20:00;280.56;96.07;1027.14;4.08;170.73;0.011687;0;0;0
22.03.2019;21:00;280.07;97.86;1026.75;4.03;175.38;0.014378;0;0;0
22.03.2019;22:00;279.97;97.12;1026.32;4.15;179.34;0.010366;0;0;0
22.03.2019;23:00;279.87;96.51;1025.74;4.31;182.11;0.009242;0;0;0
22.03.2019;24:00:00;279.77;95.78;1025.16;4.77;185.84;0.011021;0;0;0
23.03.2019;01:00;279.68;95.61;1024.56;5;191.17;0.014376;0;0;0
23.03.2019;02:00;279.51;95.6;1023.9;4.9;194.48;0.017809;0;0;0
23.03.2019;03:00;279.45;95.51;1023.3;4.81;198.65;0.01979;0;0;0
23.03.2019;04:00;279.3;95.77;1022.88;4.59;205.65;0.024527;0;0;0
23.03.2019;05:00;279.07;95.52;1022.7;4.33;216.75;0.031488;0;0;0.0002
23.03.2019;06:00;279;94.98;1022.81;4.1;231.5;0.035244;0;0;11.3609
23.03.2019;07:00;279.36;94.04;1022.98;3.96;247.14;0.039017;0;0;41.7441
23.03.2019;08:00;279.85;92.93;1023.02;4.18;267.75;0.03372;0;0;82.9732
23.03.2019;09:00;280.23;91.25;1023.17;4.59;284.09;0.019824;0;0;131.367
23.03.2019;10:00;281.32;85.25;1023.41;5.09;291.27;0.006786;0;0;325.004
23.03.2019;11:00;282.49;77.92;1023.63;5.44;289.63;0.004729;0;0;408.7543
23.03.2019;12:00;283;74.66;1023.89;6.25;289.68;0.006394;0;0;395.8128
23.03.2019;13:00;282.88;75.29;1024.2;6.91;292.55;0.006991;0;0;326.0758
23.03.2019;14:00;282.27;78.43;1024.58;7.09;295.92;0.004815;0;0;202.758
23.03.2019;15:00;282.15;77.81;1024.91;7.15;300.49;0.00186;0;0;185.2781
23.03.2019;16:00;282.3;72.61;1025.02;6.81;303.57;0.000216;0;0;176.5049
23.03.2019;17:00;281.42;74.17;1025.09;5.21;304.52;0.000014;0;0;63.6878
23.03.2019;18:00;279.41;82.67;1025.36;4.13;306.25;0;0;0;0.9649
23.03.2019;19:00;278.85;83.45;1025.85;4.49;310.33;0.000001;0;0;0
23.03.2019;20:00;278.64;83.14;1026.43;5.1;314.01;0.000001;0;0;0
23.03.2019;21:00;278.29;84.04;1026.95;5.18;315.77;0.000002;0;0;0
23.03.2019;22:00;278.15;83.78;1027.12;4.99;314.56;0.000002;0;0;0
23.03.2019;23:00;277.76;85.35;1027.13;4.63;309.71;0.000003;0;0;0
23.03.2019;24:00:00;277.29;87.34;1026.97;4.48;306.69;0.000003;0;0;0
24.03.2019;01:00;276.98;88.77;1026.75;4.31;305.77;0.000002;0;0;0
24.03.2019;02:00;276.88;89.84;1026.61;4.1;305.01;0.000001;0;0;0
24.03.2019;03:00;276.65;91.77;1026.49;3.84;303.56;0;0;0;0
24.03.2019;04:00;276.47;93.37;1026.35;3.69;302.87;0;0;0;0
24.03.2019;05:00;276.29;94.88;1026.15;3.49;301.84;0.000001;0;0;0.0026
24.03.2019;06:00;276.46;94.5;1025.96;3.41;299.74;0.000006;0;0;16.2139
24.03.2019;07:00;277.26;90.51;1025.73;3.89;295.28;0.000006;0;0;65.43
24.03.2019;08:00;278.08;84.46;1025.58;3.8;292.86;0.000001;0;0;129.2239
24.03.2019;09:00;278.95;76.29;1025.32;3.65;288.31;0.000003;0;0;187.8073
24.03.2019;10:00;279.61;70.7;1024.9;3.7;280.65;0.000016;0;0;231.3081
24.03.2019;11:00;280;67.57;1024.32;3.89;277.19;0.00004;0;0;234.3895
24.03.2019;12:00;280.2;65.37;1023.55;4.04;276.42;0.000031;0;0;221.0688
24.03.2019;13:00;280.64;62.49;1022.59;4.33;278.09;0.000005;0;0;314.3573
24.03.2019;14:00;281.32;58.59;1021.67;4.71;282.04;0.000001;0;0;432.3024
24.03.2019;15:00;281.43;56.7;1020.74;4.81;283.62;0;0;0;369.5709
24.03.2019;16:00;280.94;57.77;1019.93;4.66;282.42;0;0;0;227.1111
24.03.2019;17:00;279.3;69.68;1019.29;3.36;279.22;0;0;0;73.9062
24.03.2019;18:00;277.45;79.69;1018.79;3.17;274.2;0.000001;0;0;1.2952
24.03.2019;19:00;276.89;81.3;1018.25;3.45;267.23;0.000016;0;0;0
24.03.2019;20:00;276.4;82.94;1017.5;3.96;263.54;0.000069;0;0;0
24.03.2019;21:00;275.84;86.07;1016.63;4.45;261.63;0.000052;0;0;0
24.03.2019;22:00;275.48;90.35;1015.72;4.77;260;0.000097;0;0;0
24.03.2019;23:00;275.18;94.74;1014.7;4.95;255.9;0.000218;0;0;0
24.03.2019;24:00:00;274.96;97.78;1013.57;5.13;248.26;0.000662;0;0;0
25.03.2019;01:00;275.23;96.26;1012.36;5.5;238.01;0.00352;0;0;0
25.03.2019;02:00;275.45;93.99;1011.15;6.01;230.09;0.037784;0;0;0
25.03.2019;03:00;275.56;92.9;1009.83;6.22;220.8;0.273205;0;0;0
25.03.2019;04:00;275.4;92.97;1008.54;6.5;216.48;0.798416;0.186935;0.000303;0
25.03.2019;05:00;274.82;93.81;1007.44;6.8;221.44;0.855527;0.741016;0.002077;0.0104
25.03.2019;06:00;274.93;93.51;1006.88;6.85;242.3;0.72629;0.430075;0.005148;7.7337
25.03.2019;07:00;275.7;92.48;1006.83;6.61;265.34;0.326794;0.082811;0.006158;45.8362
25.03.2019;08:00;277.11;88.02;1006.99;6.57;286.32;0.127243;0;0.005915;139.4376
25.03.2019;09:00;278.46;79.49;1007.4;7.38;304.72;0.122791;0;0.005471;289.4772
25.03.2019;10:00;279.13;72.94;1008.02;7.69;314.61;0.115127;0;0.0049;366.7409
25.03.2019;11:00;279.54;68.96;1008.81;7.51;318.43;0.075364;0;0.00433;417.289
25.03.2019;12:00;279.8;66.74;1009.5;7.16;320.03;0.053234;0;0.003802;442.1827
25.03.2019;13:00;280.05;65.46;1010.17;6.88;321.2;0.019483;0;0.003339;430.9504
25.03.2019;14:00;280.23;65.49;1010.9;6.69;324.51;0.014441;0;0.002947;392.3545
25.03.2019;15:00;280.17;67.61;1011.82;6.6;331.77;0.012632;0;0.002638;305.3968
25.03.2019;16:00;279.78;71.66;1012.98;6.42;343.05;0.017273;0;0.002429;187.5367
25.03.2019;17:00;278.98;78.69;1014.2;5.25;352.57;0.004364;0;0.002319;56.2994
25.03.2019;18:00;277.5;87.94;1015.47;3.91;356.32;0.001178;0;0.00228;1.6952
25.03.2019;19:00;276.49;93.6;1016.6;3.68;352.27;0.000459;0;0.002266;0
25.03.2019;20:00;276.05;96.62;1017.51;3.85;339.96;0.000306;0;0.002262;0
25.03.2019;21:00;275.77;99.43;1018.26;4.27;328.79;0.000449;0;0.00226;0
25.03.2019;22:00;275.45;102.49;1018.79;4.45;319.54;0.000332;0;0.002261;0
25.03.2019;23:00;275.23;104.1;1019.02;4.64;310.28;0.000166;0;0.002262;0
25.03.2019;24:00:00;275.7;100.38;1019.18;5.47;299.57;0.000977;0;0.002258;0
26.03.2019;01:00;275.93;97.18;1019.21;6.12;289.95;0.004775;0;0.002226;0
26.03.2019;02:00;276.08;95.24;1018.97;6.6;280.22;0.002572;0;0.002173;0
26.03.2019;03:00;275.65;97.17;1018.62;6.67;270.66;0.004348;0;0.002133;0
26.03.2019;04:00;275.78;95.47;1018.29;7.86;268.34;0.008028;0;0.002085;0
26.03.2019;05:00;275.83;94.18;1018.06;8.45;272.7;0.015332;0;0.002005;0.0309
26.03.2019;06:00;276.22;91.92;1017.94;9.32;280.14;0.034177;0;0.001912;14.2365
26.03.2019;07:00;276.94;88.02;1017.86;9.94;286.07;0.033109;0;0.001788;80.2505
26.03.2019;08:00;278.02;80.78;1017.71;10.67;292.61;0.029646;0;0.001623;218.3548
26.03.2019;09:00;279.25;71.88;1017.56;10.97;299.35;0.015416;0;0.001403;422.5352
26.03.2019;10:00;280.09;65.39;1017.53;10.71;304.33;0.009205;0;0.001168;529.3522
26.03.2019;11:00;280.52;61.93;1017.71;10.12;307.89;0.004842;0;0.000962;555.2548
26.03.2019;12:00;280.74;60.23;1017.94;9.36;311.1;0.002195;0;0.000799;509.2503
26.03.2019;13:00;280.82;58.83;1018.24;8.76;313.25;0.001428;0;0.000678;432.0861
26.03.2019;14:00;280.72;58.01;1018.48;8.41;314.89;0.000812;0;0.000592;326.3751
26.03.2019;15:00;280.56;57.64;1019.04;8.13;318.73;0.000295;0;0.000531;237.6998
26.03.2019;16:00;280.08;59.4;1019.69;7.39;322.52;0.000047;0;0.000492;120.4554
26.03.2019;17:00;279.21;65.75;1020.3;5.85;323.42;0.000005;0;0.00047;36.7608
26.03.2019;18:00;278.04;75.01;1020.86;4.43;320.4;0.000006;0;0.000461;1.1404
26.03.2019;19:00;277.53;79.12;1021.41;4.12;317.71;0.000006;0;0.000456;0
26.03.2019;20:00;276.88;82.78;1021.95;3.79;314.85;0.000002;0;0.000452;0
26.03.2019;21:00;276.02;86.85;1022.51;3.66;310.7;0.000001;0;0.00045;0
26.03.2019;22:00;275.22;91.64;1023.03;3.66;304.59;0.000003;0;0.000449;0
26.03.2019;23:00;274.93;95.71;1023.52;3.76;298.19;0.000053;0;0.000449;0
26.03.2019;24:00:00;274.99;99.19;1023.81;3.88;292.05;0.000377;0;0.000449;0
27.03.2019;01:00;274.99;103.51;1023.75;4.21;286.6;0.003665;0;0.000449;0
27.03.2019;02:00;275.78;99.36;1023.71;4.79;283.24;0.014717;0;0.000446;0
27.03.2019;03:00;276.1;97.14;1023.89;5.31;283.28;0.02474;0;0.000439;0
27.03.2019;04:00;276.47;96.01;1024.23;5.27;282.08;0.027157;0;0.00043;0
27.03.2019;05:00;277;95.17;1024.55;5.3;282.55;0.027515;0;0.00042;0.0495
27.03.2019;06:00;277.57;94.12;1024.73;5.32;279.88;0.037651;0;0.000408;12.4389
27.03.2019;07:00;278.29;92.32;1024.82;5.59;273.69;0.056675;0;0.000392;42.6851
27.03.2019;08:00;278.89;90.47;1024.81;6.12;268.37;0.074265;0;0.000372;63.8618
27.03.2019;09:00;279.34;89.06;1024.76;6.66;265.36;0.104829;0;0.000349;78.5502
27.03.2019;10:00;279.6;88.68;1024.77;6.95;263.87;0.110106;0;0.000307;76.2709
27.03.2019;11:00;279.85;88.78;1024.87;7;263.1;0.113736;0;0.000277;81.2146
27.03.2019;12:00;280.02;89.25;1024.87;6.91;263.19;0.11317;0;0.000257;69.597
27.03.2019;13:00;280.21;89.71;1024.82;6.94;264.17;0.107825;0;0.000239;75.0951
27.03.2019;14:00;280.3;90.53;1024.7;6.92;266.44;0.106518;0;0.000222;60.0744
27.03.2019;15:00;280.33;91.56;1024.58;6.91;269.5;0.084723;0;0.000206;46.524
27.03.2019;16:00;280.36;92.59;1024.46;6.78;272.6;0.066977;0;0.000192;33.7743
27.03.2019;17:00;280.37;93.35;1024.46;6.81;276.24;0.07112;0;0.00018;13.0711
27.03.2019;18:00;280.35;94.12;1024.7;6.71;279.23;0.092186;0;0.000169;0.2979
27.03.2019;19:00;280.35;94.33;1025.08;6.59;282.3;0.114012;0;0.000158;0
27.03.2019;20:00;280.29;94.53;1025.44;6.36;286.07;0.148248;0;0.000149;0
27.03.2019;21:00;280.17;94.76;1025.74;6.06;289.87;0.146638;0;0.00014;0
27.03.2019;22:00;280.02;94.98;1025.97;5.79;293.69;0.119323;0;0.000133;0
27.03.2019;23:00;279.92;95.08;1026.07;5.79;299.18;0.076628;0;0.000126;0
27.03.2019;24:00:00;279.78;95.24;1026.05;5.43;300.5;0.069134;0;0.000119;0
28.03.2019;01:00;279.69;95.33;1026.14;5.32;303.24;0.065509;0;0.000093;0
28.03.2019;02:00;279.61;95.32;1026.43;5.23;306.1;0.062654;0;0.000073;0
28.03.2019;03:00;279.51;95.44;1026.84;4.88;305.83;0.063124;0;0.000069;0
28.03.2019;04:00;279.43;95.45;1027.21;4.52;301.82;0.060557;0;0.000066;0
28.03.2019;05:00;279.38;95.47;1027.67;4.38;299;0.051607;0;0.000063;0.0602
28.03.2019;06:00;279.39;95.31;1028.19;4.39;298.35;0.046377;0;0.00006;10.2379
28.03.2019;07:00;279.64;94.67;1028.68;4.58;302.87;0.044785;0;0.000058;36.5096
28.03.2019;08:00;279.95;94.09;1029.1;4.48;305.51;0.040077;0;0.000054;59.8323
28.03.2019;09:00;280.34;93.09;1029.37;4.13;303.18;0.03238;0;0.000051;87.4005
28.03.2019;10:00;280.78;91.58;1029.64;4.01;302.52;0.032553;0;0.000047;113.9964
28.03.2019;11:00;281.2;89.87;1029.91;3.94;303.24;0.041338;0;0.000044;130.1108
28.03.2019;12:00;281.51;87.87;1030.13;3.96;302.17;0.068598;0;0.00004;127.9883
28.03.2019;13:00;281.69;86.99;1030.25;4.11;299.06;0.070988;0;0.000027;120.2969
28.03.2019;14:00;281.75;87.24;1030.29;4.25;298.2;0.064062;0;0.000024;96.8458
28.03.2019;15:00;281.73;88.61;1030.21;4;297.74;0.049293;0;0.000005;74.1
28.03.2019;16:00;281.6;90.84;1030.13;3.41;291.25;0.034235;0;0;48.5513
28.03.2019;17:00;281.29;93.22;1030.11;2.92;281.37;0.027972;0;0;20.6929
28.03.2019;18:00;280.91;94.81;1030.35;2.87;276.4;0.02538;0;0;0.9904
28.03.2019;19:00;280.81;95.01;1030.68;3.29;273.59;0.019436;0;0;0
28.03.2019;20:00;280.72;95.06;1030.91;3.64;270.98;0.013828;0;0;0
28.03.2019;21:00;280.57;95.31;1030.99;4;270.8;0.011651;0;0;0
28.03.2019;22:00;280.49;95.29;1030.99;4.28;272.88;0.01015;0;0;0
28.03.2019;23:00;280.37;95.49;1030.91;4.47;276.12;0.010228;0;0;0
28.03.2019;24:00:00;280.37;95.16;1030.81;4.74;280.06;0.011354;0;0;0
29.03.2019;01:00;280.31;95.06;1030.75;4.75;282.59;0.012178;0;0;0
29.03.2019;02:00;280.22;94.94;1030.72;4.66;283.87;0.0128;0;0;0
29.03.2019;03:00;280.09;94.93;1030.74;4.55;284.53;0.012543;0;0;0
29.03.2019;04:00;279.98;94.87;1030.66;4.44;283.7;0.012783;0;0;0
29.03.2019;05:00;279.9;94.81;1030.54;4.27;280.6;0.013196;0;0;0.2377
29.03.2019;06:00;280.02;94.17;1030.37;4.2;273.85;0.010579;0;0;20.1622
29.03.2019;07:00;280.53;92.21;1030.18;4.35;264.42;0.00665;0;0;72.506
29.03.2019;08:00;281.3;89.68;1030.05;4.54;256.15;0.003614;0;0;152.4384
29.03.2019;09:00;282.63;80.62;1029.85;5.47;256.67;0.002301;0;0;251.2994
29.03.2019;10:00;283.52;72.26;1029.7;6.38;261.08;0.003453;0;0;290.9575
29.03.2019;11:00;283.91;69.47;1029.38;6.53;261.68;0.003252;0;0;286.6063
29.03.2019;12:00;284.47;67.7;1028.88;6.52;260.66;0.001819;0;0;360.6102
29.03.2019;13:00;285.09;65.87;1028.15;6.52;259.5;0.000691;0;0;406.7859
29.03.2019;14:00;285.47;64.95;1027.23;6.49;259.25;0.000304;0;0;419.0518
29.03.2019;15:00;285.46;65.51;1026.36;6.32;260.01;0.00019;0;0;328.5854
29.03.2019;16:00;285.14;67.55;1025.67;5.62;260.33;0.000116;0;0;194.4523
29.03.2019;17:00;283.83;77.6;1025.21;3.6;257.85;0.000045;0;0;83.1385
29.03.2019;18:00;281.45;86.56;1025.06;3.38;249.47;0.000021;0;0;5.312
29.03.2019;19:00;280.65;90.15;1025.1;3.5;242.68;0.000008;0;0;0
29.03.2019;20:00;280.25;92.54;1025.1;3.67;240.8;0.000003;0;0;0
29.03.2019;21:00;279.82;94.9;1025.04;3.83;242.33;0.000002;0;0;0
29.03.2019;22:00;279.24;98.02;1024.87;3.82;245.29;0.000001;0;0;0
29.03.2019;23:00;278.61;101.59;1024.61;3.7;248.69;0.000001;0;0;0
29.03.2019;24:00:00;278;105.16;1024.32;3.55;251.11;0.000007;0;0;0
30.03.2019;01:00;277.75;105.89;1023.93;3.42;251.79;0.000357;0;0;0
30.03.2019;02:00;277.99;102.3;1023.58;3.59;251.53;0.003044;0;0;0
30.03.2019;03:00;278.19;98.94;1023.14;3.65;250.51;0.007435;0;0;0
30.03.2019;04:00;278.3;97.18;1022.77;3.3;243.77;0.008506;0;0;0
30.03.2019;05:00;278.28;96.11;1022.33;3.26;231.53;0.010806;0;0;0.5754
30.03.2019;06:00;278.39;94.85;1022.05;3.43;218.87;0.009755;0;0;28.2143
30.03.2019;07:00;278.88;93.05;1021.84;3.77;210.87;0.006252;0;0;85.6048
30.03.2019;08:00;280.2;88.74;1021.73;4.12;208.92;0.001618;0;0;199.1942
30.03.2019;09:00;282.47;79.85;1021.49;4.35;208.07;0.000347;0;0;410.0839
30.03.2019;10:00;285.19;68.59;1021;4.85;213.6;0.000062;0;0;522.9318
30.03.2019;11:00;286.92;62.08;1020.18;5.22;221.1;0.000062;0;0;601.722
30.03.2019;12:00;287.9;58.5;1019.2;5.42;226.64;0.000003;0;0;619.4939
30.03.2019;13:00;288.42;56.22;1018.15;5.57;231.44;0;0;0;570.893
30.03.2019;14:00;288.65;54.76;1017.14;5.72;237.11;0.000002;0;0;489.9496
30.03.2019;15:00;288.49;54.52;1016.36;5.71;244.25;0.000034;0;0;341.7018
30.03.2019;16:00;287.75;58.93;1015.75;4.9;251.48;0.000138;0;0;175.603
30.03.2019;17:00;286.14;69.75;1015.44;3.86;256.61;0.000253;0;0;69.0765
30.03.2019;18:00;284.15;77.4;1015.43;3.89;261.46;0.000157;0;0;4.6155
30.03.2019;19:00;283.32;80.7;1015.59;4.08;268.37;0.000932;0;0;0
30.03.2019;20:00;282.58;84;1015.71;4.25;276.59;0.000282;0;0;0
30.03.2019;21:00;281.73;87.4;1015.83;4.58;284.92;0.0001;0;0;0
30.03.2019;22:00;280.96;90.24;1016.03;4.97;291.95;0.000029;0;0;0
30.03.2019;23:00;280.2;92.7;1016.2;5.1;295.71;0.000004;0;0;0
30.03.2019;24:00:00;279.44;94.32;1016.23;5.17;295.69;0.000005;0;0;0
31.03.2019;01:00;278.7;96.84;1016.2;5.24;293.62;0.000164;0;0;0
31.03.2019;02:00;278.36;97.92;1016.21;5.59;294.24;0.001752;0;0;0
31.03.2019;03:00;278.51;96.25;1016.36;6.12;297.83;0.006015;0;0;0
31.03.2019;04:00;278.66;94.87;1016.78;6.31;301.61;0.006663;0;0;0
31.03.2019;05:00;278.49;93.37;1017.26;6.18;301.82;0.003238;0;0;0.8887
31.03.2019;06:00;278.54;89.96;1017.85;6.25;298.2;0.000901;0;0;50.4787
31.03.2019;07:00;279.36;80.65;1018.5;6.78;296.82;0.000112;0;0;197.3841
31.03.2019;08:00;280.45;67.17;1019.17;8.05;304.18;0.000132;0;0;326.8285
31.03.2019;09:00;281.09;60.23;1019.83;8.4;308.19;0.000079;0;0;426.575
31.03.2019;10:00;281.68;53.68;1020.45;8.34;311.81;0.000028;0;0;563.8468
31.03.2019;11:00;282.07;46.58;1020.95;8.19;315.33;0.00001;0;0;654.8655
31.03.2019;12:00;282.21;41.69;1021.39;7.98;317.58;0.000005;0;0;681.8397
31.03.2019;13:00;282.14;40.01;1021.71;7.65;318.74;0.000003;0;0;644.8467
31.03.2019;14:00;281.93;39.98;1021.84;7.27;320.14;0.000002;0;0;558.0302
31.03.2019;15:00;281.58;40.84;1021.99;6.79;322.38;0.000001;0;0;431.6362
31.03.2019;16:00;281;43.04;1022.24;6.2;324.8;0.000001;0;0;278.5021
31.03.2019;17:00;279.84;51;1022.69;4.79;326.8;0;0;0;118.9242
31.03.2019;18:00;277.21;69.5;1023.32;3.63;328.79;0;0;0;9.2163
31.03.2019;19:00;276.16;75.07;1024.03;3.58;332.47;0;0;0;0
31.03.2019;20:00;275.63;77.8;1024.64;3.42;337.41;0;0;0;0
31.03.2019;21:00;275.24;79.66;1025.22;3.24;343.02;0;0;0;0
31.03.2019;22:00;274.95;81.43;1025.61;3.05;350.16;0;0;0;0
31.03.2019;23:00;274.74;82.36;1025.89;2.84;357.09;0;0;0;0
31.03.2019;24:00:00;274.52;82.62;1026.1;2.66;2.59;0;0;0;0
01.04.2019;01:00;274.23;82.7;1026.25;2.55;7.92;0;0;0;0
01.04.2019;02:00;274.01;82.21;1026.41;2.4;13.67;0;0;0;0
01.04.2019;03:00;273.91;81.12;1026.62;2.15;20.53;0;0;0;0
01.04.2019;04:00;273.84;79.36;1026.86;1.91;28.36;0;0;0;0
01.04.2019;05:00;273.71;77.93;1027.13;1.65;38.45;0;0;0;2.6171
01.04.2019;06:00;274.52;73.51;1027.47;1.37;50.38;0;0;0;89.5967
01.04.2019;07:00;276.42;65.47;1027.84;1.36;66.55;0;0;0;246.1362
01.04.2019;08:00;277.9;52.89;1028.11;1.6;81.95;0;0;0;402.6365
01.04.2019;09:00;278.95;47.01;1028.24;1.88;96.83;0;0;0;536.2385
01.04.2019;10:00;279.92;44.26;1028.22;2.25;103.84;0;0;0;635.3269
01.04.2019;11:00;280.82;42.58;1027.93;2.67;105.87;0;0;0;688.5239
01.04.2019;12:00;281.56;41.55;1027.44;3.12;106.79;0;0;0;693.3367
01.04.2019;13:00;282.07;41.19;1026.66;3.56;107.38;0;0;0;649.7031
01.04.2019;14:00;282.34;41.26;1025.79;3.99;107.69;0;0;0;560.657
01.04.2019;15:00;282.32;41.95;1024.98;4.41;107.73;0;0;0;433.9275
01.04.2019;16:00;281.96;43.88;1024.36;4.77;107.33;0;0;0;281.5753
01.04.2019;17:00;280.6;54.71;1023.8;4.16;101.28;0;0;0;122.9799
01.04.2019;18:00;277.98;69.28;1023.44;4.28;100.64;0;0;0;10.8588
01.04.2019;19:00;277.26;72.74;1023.25;4.74;109.49;0;0;0;0
01.04.2019;20:00;277.04;74.71;1022.92;5.05;120.82;0;0;0;0
01.04.2019;21:00;276.76;76;1022.62;5.65;132.44;0;0;0;0
01.04.2019;22:00;276.45;75.26;1022.36;6.3;139.69;0;0;0;0
01.04.2019;23:00;275.82;75.61;1022.14;6.28;141.04;0;0;0;0
01.04.2019;24:00:00;275.24;76.75;1021.69;6.17;138.59;0;0;0;0
02.04.2019;01:00;274.88;77.49;1021.13;6.29;136.17;0;0;0;0
02.04.2019;02:00;274.56;78.44;1020.56;6.46;133.66;0;0;0;0
02.04.2019;03:00;274.25;79.32;1020;6.68;131.49;0;0;0;0
02.04.2019;04:00;273.94;80.16;1019.33;6.88;130.34;0;0;0;0
02.04.2019;05:00;273.65;80.89;1018.59;7.03;129.55;0;0;0;3.4357
02.04.2019;06:00;274.17;77.91;1017.94;7.47;128.28;0;0;0;93.4584
02.04.2019;07:00;275.73;69.41;1017.29;7.96;128.49;0;0;0;249.8978
02.04.2019;08:00;278.15;54.86;1016.58;9.36;136.02;0;0;0;406.2079
02.04.2019;09:00;280.23;46.46;1015.69;9.73;137.74;0;0;0;539.2019
02.04.2019;10:00;281.94;42.45;1014.6;9.49;136.76;0;0;0;635.9089
02.04.2019;11:00;283.36;40.48;1013.43;9.08;136.39;0;0;0;686.8234
02.04.2019;12:00;284.5;39.86;1012.28;8.67;137.46;0;0;0;688.4711
02.04.2019;13:00;285.32;40.2;1011.14;8.32;139.45;0;0;0;640.3813
02.04.2019;14:00;285.82;41.17;1009.94;8.03;141.53;0;0;0;548.2885
02.04.2019;15:00;285.97;42.97;1008.93;7.69;142.9;0;0;0;419.4247
02.04.2019;16:00;285.63;46.56;1008.12;7.09;141.88;0;0;0;265.1008
02.04.2019;17:00;284.35;54.14;1007.64;6.18;137.97;0;0;0;104.2723
02.04.2019;18:00;282.5;63;1007.43;6.04;134.21;0;0;0;9.5678
02.04.2019;19:00;281.67;67.5;1007.23;6.57;129.21;0;0;0;0
02.04.2019;20:00;281.13;70.35;1006.88;7.09;127.31;0;0;0;0
02.04.2019;21:00;280.73;72.43;1006.47;7.21;129.21;0.000003;0;0;0
02.04.2019;22:00;280.64;73.93;1006.08;6.86;136.16;0.000014;0;0;0
02.04.2019;23:00;280.42;77.39;1005.56;6.21;139.65;0.000026;0;0;0
02.04.2019;24:00:00;280.11;81.25;1005.02;5.86;141.58;0.000021;0;0;0
03.04.2019;01:00;279.77;84.93;1004.47;5.72;144.82;0.000016;0;0;0
03.04.2019;02:00;279.44;87.9;1003.91;5.67;145.25;0.000025;0;0;0
03.04.2019;03:00;279.19;89.89;1003.59;5.66;145.16;0.000225;0;0;0
03.04.2019;04:00;278.99;91.56;1003.68;5.6;148.59;0.008899;0;0;0
03.04.2019;05:00;278.85;93.05;1004.03;5.06;155.56;0.029093;0;0;1.8182
03.04.2019;06:00;279.12;92.16;1004.29;4.64;152.72;0.001285;0;0;36.689
03.04.2019;07:00;279.92;89.2;1004.58;4.47;142.55;0.000116;0;0;91.3827
03.04.2019;08:00;280.96;84.39;1004.67;4.36;135.26;0.000017;0;0;158.9461
03.04.2019;09:00;282.32;78.05;1004.68;4.42;133.42;0.000005;0;0;241.3584
03.04.2019;10:00;283.8;71.03;1004.5;4.33;130.18;0.000002;0;0;322.8538
03.04.2019;11:00;285.22;64.41;1004.18;4.49;126.41;0.000001;0;0;360.1062
03.04.2019;12:00;286.42;59.01;1003.77;5.03;124.34;0.000003;0;0;372.6913
03.04.2019;13:00;287.36;55.49;1003.37;5.48;124.72;0.000001;0;0;350.8397
03.04.2019;14:00;288.01;54;1002.83;5.6;125.64;0.000002;0;0;298.9368
03.04.2019;15:00;288.29;55.94;1002.31;5.2;124.19;0.000005;0;0;246.2131
03.04.2019;16:00;287.77;62.3;1001.85;4.72;122.48;0.000005;0;0;164.5912
03.04.2019;17:00;286.26;69.08;1001.52;4.67;121.45;0.000008;0;0;72.1444
03.04.2019;18:00;284.76;73.54;1001.44;5.13;119.47;0.000017;0;0;8.1214
03.04.2019;19:00;284.28;74.37;1001.51;6.03;118.68;0.000033;0;0;0
03.04.2019;20:00;283.77;76.34;1001.48;6.35;117.78;0.000048;0;0;0
03.04.2019;21:00;283.2;79.04;1001.22;6.35;117.86;0.000204;0;0;0
03.04.2019;22:00;283.01;80.03;1000.94;6.47;124.12;0.000028;0;0;0
03.04.2019;23:00;282.99;80.91;1000.62;6.24;130.08;0.000005;0;0;0
03.04.2019;24:00:00;282.52;83.87;1000.32;6.13;129.47;0.000001;0;0;0
04.04.2019;01:00;282.07;85.42;1000.04;6.32;127.38;0;0;0;0
04.04.2019;02:00;281.5;86.67;999.61;6.48;123.04;0;0;0;0
04.04.2019;03:00;281;87.42;999.24;6.56;120.39;0;0;0;0
04.04.2019;04:00;280.6;88.96;999.04;6.35;118.36;0;0;0;0
04.04.2019;05:00;280.34;90.97;998.9;6.26;117.83;0;0;0;3.9127
04.04.2019;06:00;280.77;89.77;998.92;6.46;118;0.000006;0;0;70.4318
04.04.2019;07:00;281.98;84.65;999.04;6.41;118.24;0;0;0;206.1048
04.04.2019;08:00;283.9;75.87;999.11;6.62;124.01;0;0;0;369.884
04.04.2019;09:00;285.7;66.93;999.21;6.78;125.46;0;0;0;504.1325
04.04.2019;10:00;287.09;59.67;999.24;7;126.09;0;0;0;601.0803
04.04.2019;11:00;288.2;55.26;999.18;6.97;125.73;0;0;0;652.147
04.04.2019;12:00;289.09;52.43;999.04;6.83;125.07;0;0;0;658.8855
04.04.2019;13:00;289.73;50.68;998.72;6.55;124.11;0;0;0;615.457
04.04.2019;14:00;290.09;50;998.35;6.14;122.61;0;0;0;530.13
04.04.2019;15:00;290.12;50.61;998.1;5.65;119.86;0;0;0;409.5854
04.04.2019;16:00;289.62;55.78;998.06;4.67;113.85;0.000002;0;0;264.8929
04.04.2019;17:00;287.91;67.85;998.26;3.91;108.8;0.000013;0;0;116.9047
04.04.2019;18:00;285.69;72.34;998.64;4.46;111.44;0.000047;0;0;13.4847
04.04.2019;19:00;285.11;72.65;999.25;5.09;116.84;0.000146;0;0;0
04.04.2019;20:00;284.83;73.1;999.82;5.58;121.7;0.000046;0;0;0
04.04.2019;21:00;284.66;73.75;1000.27;5.84;124.73;0.000456;0;0;0
04.04.2019;22:00;284.39;74.97;1000.58;5.93;126.26;0.000332;0;0;0
04.04.2019;23:00;283.78;77.55;1000.84;5.78;127.08;0.000071;0;0;0
04.04.2019;24:00:00;282.94;81.04;1001.22;5.36;127.9;0.000007;0;0;0
05.04.2019;01:00;282.18;83.83;1001.61;4.94;128.72;0.000003;0;0;0
05.04.2019;02:00;281.53;86.09;1001.88;4.61;127.13;0.000002;0;0;0
05.04.2019;03:00;280.97;88.17;1002.13;4.43;124.59;0.000001;0;0;0
05.04.2019;04:00;280.42;90.85;1002.49;4.24;120.66;0.000001;0;0;0
05.04.2019;05:00;279.96;93.67;1002.87;4.21;115.21;0.000001;0;0;5.4306
05.04.2019;06:00;280.97;88.34;1003.31;4.95;108.29;0.000001;0;0;90.7578
05.04.2019;07:00;282.27;82.41;1003.79;5.16;99.73;0.000013;0;0;234.255
05.04.2019;08:00;284.21;73.37;1004.17;5.45;97.89;0.000001;0;0;379.0778
05.04.2019;09:00;286.21;63.67;1004.37;6.32;104.86;0.000004;0;0;496.9464
05.04.2019;10:00;287.56;59.58;1004.51;6.79;110.35;0.000006;0;0;581.6529
05.04.2019;11:00;288.53;57.79;1004.57;6.75;115.67;0.000004;0;0;640.7596
05.04.2019;12:00;289.3;56.56;1004.59;6.43;121.35;0.000308;0;0;649.9386
05.04.2019;13:00;289.77;56.08;1004.46;5.92;125.66;0.002006;0;0;608.1388
05.04.2019;14:00;289.89;56.47;1004.35;5.41;128.81;0.003383;0;0;526.5731
05.04.2019;15:00;289.58;58.01;1004.48;4.88;130.72;0.001927;0;0;402.4988
05.04.2019;16:00;288.88;61.32;1004.74;4.18;130.04;0.000067;0;0;259.9593
05.04.2019;17:00;287.39;75.3;1005.06;2.66;116.86;0.000254;0;0;116.7597
05.04.2019;18:00;285.34;78.59;1005.45;2.68;106.42;0.000611;0;0;14.4097
05.04.2019;19:00;284.14;80.47;1005.9;3.06;96.65;0.000158;0;0;0
05.04.2019;20:00;283.26;84.02;1006.21;3.38;98.83;0.000047;0;0;0
05.04.2019;21:00;282.75;86.14;1006.39;3.55;108.24;0.000017;0;0;0
05.04.2019;22:00;282.43;87.23;1006.57;3.62;117.32;0.000004;0;0;0
05.04.2019;23:00;282.3;87.45;1006.72;3.54;122.66;0.00184;0;0;0
05.04.2019;24:00:00;282.04;87.99;1006.88;3.49;124.33;0.001383;0;0;0
06.04.2019;01:00;281.75;88.84;1007.06;3.47;124.66;0.000476;0;0;0
06.04.2019;02:00;281.52;89.74;1007.2;3.37;125.34;0.00071;0;0;0
06.04.2019;03:00;281.35;90.73;1007.36;3.21;125.68;0.00067;0;0;0
06.04.2019;04:00;281.17;91.78;1007.51;3.11;123.8;0.001006;0;0;0
06.04.2019;05:00;281.03;92.45;1007.75;3.25;119.02;0.001971;0;0;3.634
06.04.2019;06:00;281.62;88.78;1008.01;4.22;114.03;0.001258;0;0;48.5796
06.04.2019;07:00;282.28;84.93;1008.3;4.48;108.62;0.000684;0;0;125.3119
06.04.2019;08:00;283.51;78.43;1008.46;4.5;103.88;0.000306;0;0;233.897
06.04.2019;09:00;285.09;70.35;1008.44;4.74;98.94;0.000078;0;0;377.8792
06.04.2019;10:00;286.81;63.52;1008.33;5.03;96.46;0.000012;0;0;525.9459
06.04.2019;11:00;288.42;57.23;1008.18;5.28;97.83;0.000002;0;0;611.3074
06.04.2019;12:00;289.66;52.48;1007.97;5.23;99.8;0;0;0;642.5452
06.04.2019;13:00;290.42;49.61;1007.71;5;98.4;0;0;0;605.4386
06.04.2019;14:00;290.68;48.27;1007.49;4.85;93.38;0;0;0;522.8577
06.04.2019;15:00;290.42;48.94;1007.41;4.79;87.09;0;0;0;400.5181
06.04.2019;16:00;289.37;54.89;1007.41;4.63;79.65;0;0;0;257.3919
06.04.2019;17:00;287.37;65.13;1007.59;4.37;76.91;0;0;0;118.4981
06.04.2019;18:00;285.05;72.69;1007.9;4.35;81.8;0;0;0;17.1437
06.04.2019;19:00;283.98;75.2;1008.23;4.57;90.07;0;0;0;0
06.04.2019;20:00;283.5;76.38;1008.32;4.61;99.84;0;0;0;0
06.04.2019;21:00;282.91;78.15;1008.25;4.46;108.46;0;0;0;0
06.04.2019;22:00;282.15;80.51;1008.16;4.1;113.96;0;0;0;0
06.04.2019;23:00;281.39;82.65;1008.03;3.73;117.79;0;0;0;0
06.04.2019;24:00:00;280.73;84.24;1007.79;3.47;120.82;0;0;0;0
07.04.2019;01:00;280.16;85.63;1007.55;3.27;121.76;0;0;0;0
07.04.2019;02:00;279.65;87.04;1007.39;3.05;120.72;0;0;0;0
07.04.2019;03:00;279.22;89.02;1007.29;2.81;118.04;0;0;0;0
07.04.2019;04:00;278.82;91.4;1007.29;2.6;115.79;0;0;0;0
07.04.2019;05:00;278.51;93.58;1007.49;2.42;114.28;0;0;0;8.4129
07.04.2019;06:00;279.89;88.27;1007.72;2.07;111.59;0;0;0;105.8034
07.04.2019;07:00;281.55;79.13;1008;2.33;103.61;0;0;0;255.172
07.04.2019;08:00;283.11;75.04;1008.17;1.98;87.65;0;0;0;402.6171
07.04.2019;09:00;285.73;61.92;1008.22;2.48;79.27;0;0;0;528.3535
07.04.2019;10:00;287.66;51.05;1008.21;3.06;78.87;0;0;0;622.3811
07.04.2019;11:00;288.54;47.76;1008.09;3.03;75.07;0;0;0;673.3068
07.04.2019;12:00;289.04;46.19;1007.96;2.94;68.92;0;0;0;678.4187
07.04.2019;13:00;289.23;45.65;1007.88;2.89;61.34;0;0;0;637.1355
07.04.2019;14:00;289.11;45.84;1007.73;2.97;53.78;0;0;0;551.9229
07.04.2019;15:00;288.67;46.75;1007.64;3.1;48.25;0;0;0;430.8543
07.04.2019;16:00;287.77;49.74;1007.64;3.22;46.7;0;0;0;286.5276
07.04.2019;17:00;285.86;62.53;1007.73;2.82;49.74;0;0;0;136.7336
07.04.2019;18:00;282.87;76.74;1008.05;2.61;56.93;0;0;0;20.5698
07.04.2019;19:00;281.19;81.18;1008.53;2.71;65.51;0;0;0;0
07.04.2019;20:00;280.4;82.77;1008.83;2.63;74.99;0;0;0;0
07.04.2019;21:00;279.82;83.58;1009.07;2.52;84.55;0.000001;0;0;0
07.04.2019;22:00;279.44;83.32;1009.23;2.32;91.83;0.000015;0;0;0
07.04.2019;23:00;279.33;81.73;1009.15;2;94.12;0.00003;0;0;0
07.04.2019;24:00:00;279.41;79.72;1009.02;1.62;88;0.000058;0;0;0
08.04.2019;01:00;279.39;80.06;1008.85;1.32;69.4;0.000158;0;0;0
08.04.2019;02:00;279.09;83.36;1008.75;1.35;44.19;0.00044;0;0;0
08.04.2019;03:00;278.59;88.4;1008.77;1.64;27.38;0.000271;0;0;0
08.04.2019;04:00;278.1;93.81;1008.93;1.96;21.27;0.00042;0;0;0
08.04.2019;05:00;277.88;97.62;1009.09;2.2;21.21;0.000652;0;0;6.8487
08.04.2019;06:00;279.34;91.57;1009.33;2.68;24.2;0.00084;0;0;66.6429
08.04.2019;07:00;280.43;86.99;1009.58;3.15;27.71;0.000778;0;0;156.5172
08.04.2019;08:00;281.82;76.73;1009.9;3.57;32.34;0.001103;0;0;268.6636
08.04.2019;09:00;282.89;69.91;1010.19;4.21;38.67;0.000446;0;0;381.5833
08.04.2019;10:00;283.71;64.56;1010.52;4.79;43.09;0.000696;0;0;506.9095
08.04.2019;11:00;284.16;62.32;1010.84;5.33;43.87;0.000966;0;0;583.1276
08.04.2019;12:00;284.11;62.96;1011.2;5.94;43.85;0.00083;0;0;598.186
08.04.2019;13:00;283.71;64.3;1011.47;6.46;45;0.000635;0;0;566.1943
08.04.2019;14:00;282.97;66.21;1011.71;6.85;47.17;0.000808;0;0;482.2379
08.04.2019;15:00;282.01;68.35;1011.94;7.09;50.52;0.000352;0;0;356.1306
08.04.2019;16:00;281.21;69.77;1012.2;7.1;54.41;0.000031;0;0;267.7885
08.04.2019;17:00;280.28;72.67;1012.47;6.85;57.56;0.000016;0;0;145.524
08.04.2019;18:00;278.93;79.61;1012.86;5.93;59.32;0.000013;0;0;24.6041
08.04.2019;19:00;277.78;86.35;1013.43;5.52;60.02;0.000025;0;0;0
08.04.2019;20:00;277.3;88;1013.79;5.68;61.55;0.000047;0;0;0
08.04.2019;21:00;276.94;87.94;1014.05;5.82;63.5;0.000075;0;0;0
08.04.2019;22:00;276.56;88.29;1014.27;5.75;65.01;0.000104;0;0;0
08.04.2019;23:00;276.15;89.91;1014.45;5.39;66.29;0.000139;0;0;0
08.04.2019;24:00:00;275.71;92.63;1014.59;4.87;67.68;0.000188;0;0;0
09.04.2019;01:00;275.32;95.18;1014.68;4.47;69.38;0.000243;0;0;0
09.04.2019;02:00;274.98;97.14;1014.83;4.13;70.96;0.000289;0;0;0
09.04.2019;03:00;274.67;98.89;1014.92;3.86;71.44;0.0003;0;0;0
09.04.2019;04:00;274.42;100.01;1015.04;3.65;71.41;0.000298;0;0;0
09.04.2019;05:00;274.32;100;1015.13;3.43;70.53;0.000331;0;0;11.3271
09.04.2019;06:00;276.25;87.78;1015.35;3.48;69.56;0.000517;0;0;113.1977
09.04.2019;07:00;277.74;77.41;1015.6;4.02;67.63;0.002319;0;0;254.8432
09.04.2019;08:00;278.76;70.85;1015.71;3.83;60.35;0.004906;0;0;396.0954
09.04.2019;09:00;279.7;66.1;1015.73;3.72;47.58;0.00752;0;0;498.209
09.04.2019;10:00;280.47;62.28;1015.68;3.86;32.74;0.011555;0;0;584.4055
09.04.2019;11:00;281.05;58.88;1015.56;4.18;20.73;0.008697;0;0;642.9111
09.04.2019;12:00;281.33;56.84;1015.49;4.52;15.34;0.0086;0;0;628.8746
09.04.2019;13:00;281.22;56.1;1015.34;4.84;14.23;0.010513;0;0;574.1208
09.04.2019;14:00;280.9;55.98;1015.13;5.12;16.1;0.00761;0;0;503.8961
09.04.2019;15:00;280.45;56.35;1015;5.3;20.09;0.004143;0;0;421.0005
09.04.2019;16:00;279.76;57.99;1015.11;5.26;25.38;0.002414;0;0;303.5677
09.04.2019;17:00;278.69;62.89;1015.29;4.95;31.54;0.00195;0;0;152.1703
09.04.2019;18:00;276.99;74.76;1015.6;3.84;38.53;0.001356;0;0;27.7921
09.04.2019;19:00;275.56;85.12;1016.02;3.27;46.8;0.000943;0;0;0
09.04.2019;20:00;275.04;88.79;1016.27;3.07;55;0.000659;0;0;0
09.04.2019;21:00;274.59;92.35;1016.43;2.94;62.79;0.00051;0;0;0
09.04.2019;22:00;274.23;95.2;1016.5;2.9;68.22;0.000453;0;0;0
09.04.2019;23:00;273.95;96.81;1016.58;2.88;72.41;0.000435;0;0;0
09.04.2019;24:00:00;273.73;97.86;1016.59;2.84;75.34;0.000436;0;0;0
10.04.2019;01:00;273.53;98.72;1016.49;2.81;76;0.000589;0;0;0
10.04.2019;02:00;273.33;99.56;1016.45;2.82;75.12;0.000741;0;0;0
10.04.2019;03:00;273.19;99.94;1016.52;2.86;74.49;0.001033;0.000021;0;0
10.04.2019;04:00;273.26;97.89;1016.69;2.83;76.97;0.00163;0.000121;0;0
10.04.2019;05:00;273.46;94.59;1016.99;2.78;80.63;0.001769;0.000124;0;12.6987
10.04.2019;06:00;275.3;84.2;1017.33;2.76;85.38;0.002744;0.000009;0;111.3234
10.04.2019;07:00;276.62;74.42;1017.61;3.37;87.58;0.00242;0;0;249.2891
10.04.2019;08:00;277.5;67.19;1017.71;3.41;89.03;0.010179;0;0;399.6156
10.04.2019;09:00;278.24;59.47;1017.87;3.49;90.1;0.00446;0;0;446.0578
10.04.2019;10:00;279.16;53.84;1017.99;3.52;89.02;0.002044;0;0;556.3873
10.04.2019;11:00;279.78;50.86;1018.06;3.57;84.11;0.001247;0;0;554.0684
10.04.2019;12:00;280.33;48.61;1018.14;3.72;76.7;0.003619;0;0;576.1582
10.04.2019;13:00;280.65;47.18;1018.26;3.98;69.26;0.00048;0;0;556.7015
10.04.2019;14:00;280.7;46.42;1018.29;4.37;63.28;0.000572;0;0;506.4198
10.04.2019;15:00;280.4;46.89;1018.44;4.79;59.4;0.000418;0;0;407.0821
10.04.2019;16:00;279.71;49.32;1018.69;5.26;58.64;0.000471;0;0;261.1281
10.04.2019;17:00;278.69;54.59;1019.11;5.54;59.91;0.000382;0;0;135.6344
10.04.2019;18:00;277.14;65.54;1019.64;5.02;61.19;0.000395;0;0;26.4047
10.04.2019;19:00;275.93;75.58;1020.31;4.95;63.21;0.000527;0;0;0
10.04.2019;20:00;275.48;80.37;1020.86;4.99;65.65;0.000765;0;0;0
10.04.2019;21:00;275.15;83.68;1021.33;4.93;67.52;0.002168;0;0;0
10.04.2019;22:00;274.78;86.27;1021.72;4.64;67.98;0.005949;0;0;0
10.04.2019;23:00;274.45;88.19;1022.07;4.37;67.47;0.012395;0;0;0
10.04.2019;24:00:00;274.15;90.01;1022.34;4.16;66.63;0.019523;0;0;0
11.04.2019;01:00;273.87;91.92;1022.46;3.94;65.54;0.01842;0;0;0
11.04.2019;02:00;273.75;92.45;1022.63;3.78;64.79;0.018698;0;0;0
11.04.2019;03:00;273.7;92.3;1022.82;3.62;64.25;0.02663;0;0;0
11.04.2019;04:00;273.63;92.21;1023.04;3.5;63.18;0.03518;0;0;0
11.04.2019;05:00;273.82;90.55;1023.35;3.37;61.61;0.030634;0;0;9.0802
11.04.2019;06:00;275.12;84.56;1023.71;3.74;59.47;0.037924;0;0;74.2454
11.04.2019;07:00;276.01;78.37;1024.11;4.46;58.16;0.044611;0;0;175.4011
11.04.2019;08:00;276.56;74.31;1024.4;4.63;56.56;0.080849;0;0;267.6084
11.04.2019;09:00;277.2;70.22;1024.63;4.89;54.88;0.08099;0;0;378.0127
11.04.2019;10:00;277.75;66.23;1024.91;5.11;53.89;0.060158;0;0;446.2316
11.04.2019;11:00;278.2;63.4;1025.04;5.33;53.2;0.109986;0;0;513.6932
11.04.2019;12:00;278.54;61.66;1025.02;5.59;52.56;0.106074;0;0;527.7659
11.04.2019;13:00;278.67;61.06;1024.93;5.85;51.99;0.077356;0;0;489.8252
11.04.2019;14:00;278.5;61.56;1024.88;5.96;51.97;0.049728;0;0;452.839
11.04.2019;15:00;278.06;62.77;1024.79;5.96;52.26;0.027496;0;0;358.0062
11.04.2019;16:00;277.46;65;1024.82;5.94;52.51;0.011615;0;0;250.0684
11.04.2019;17:00;276.64;68.67;1025.06;5.79;53.15;0.008515;0;0;132.1391
11.04.2019;18:00;275.5;75.45;1025.49;5.06;54.09;0.008974;0;0;26.4003
11.04.2019;19:00;274.41;82.71;1026.01;4.47;55.47;0.009606;0;0;0
11.04.2019;20:00;274.07;84.89;1026.36;4.33;57.54;0.008361;0;0;0
11.04.2019;21:00;274.04;85.22;1026.53;4.25;59.79;0.008388;0;0;0
11.04.2019;22:00;274.01;85.4;1026.57;4.15;61.27;0.011101;0;0;0
11.04.2019;23:00;274.1;84.91;1026.58;4.24;62.51;0.019671;0;0;0
11.04.2019;24:00:00;274.01;85.08;1026.62;4.34;63.62;0.023141;0;0;0
12.04.2019;01:00;273.9;85.27;1026.61;4.47;64.43;0.017527;0;0;0
12.04.2019;02:00;273.88;84.92;1026.62;4.58;64.87;0.011147;0;0;0
12.04.2019;03:00;273.89;84.5;1026.59;4.67;65.4;0.025869;0;0;0
12.04.2019;04:00;273.7;84.96;1026.59;4.67;65.04;0.020639;0;0;0
12.04.2019;05:00;273.77;84.51;1026.64;4.71;63.82;0.007878;0;0;14.4401
12.04.2019;06:00;275.35;78.46;1026.74;5.47;62.2;0.007836;0;0;110.4439
12.04.2019;07:00;276.47;71.68;1026.89;6.35;60.81;0.033859;0;0;217.9052
12.04.2019;08:00;277.2;65.23;1026.97;6.95;58.84;0.041141;0;0;345.2112
12.04.2019;09:00;277.87;60.67;1027;7.19;56.02;0.041679;0;0;459.2311
12.04.2019;10:00;278.22;58.48;1026.96;7.25;53.23;0.048145;0;0;515.0952
12.04.2019;11:00;278.47;57.33;1026.82;7.3;51.22;0.053764;0;0;562.6722
12.04.2019;12:00;278.49;57.58;1026.62;7.38;50.71;0.060864;0;0;537.3083
12.04.2019;13:00;278.35;58.82;1026.37;7.39;51.35;0.056002;0;0;461.5399
12.04.2019;14:00;278.25;60.07;1026.04;7.39;52.59;0.057;0;0;425.5922
12.04.2019;15:00;277.95;61.78;1025.72;7.35;54.15;0.041587;0;0;323.6959
12.04.2019;16:00;277.54;64.29;1025.53;7.25;56.02;0.03519;0;0;227.7245
12.04.2019;17:00;276.99;68.28;1025.55;6.98;58.12;0.021335;0;0;115.9355
12.04.2019;18:00;276.24;74.3;1025.79;6.16;59.39;0.010081;0;0;24.6285
12.04.2019;19:00;275.54;79.54;1026.18;5.77;61.51;0.010157;0;0;0
12.04.2019;20:00;275.37;80.56;1026.41;5.97;65.53;0.01744;0;0;0
12.04.2019;21:00;275.26;80.94;1026.61;6.09;69.98;0.026893;0;0;0
12.04.2019;22:00;275.16;80.99;1026.64;6.05;73.62;0.039666;0;0;0
12.04.2019;23:00;274.99;81.99;1026.61;5.69;75.47;0.027808;0;0;0
12.04.2019;24:00:00;274.86;82.07;1026.41;5.52;76.63;0.020836;0;0;0
13.04.2019;01:00;274.67;82.92;1026.1;5.16;76.37;0.019006;0;0;0
13.04.2019;02:00;274.37;84.34;1025.82;4.78;74.45;0.0203;0;0;0
13.04.2019;03:00;274.17;85.36;1025.62;4.67;72.41;0.016412;0;0;0
13.04.2019;04:00;274.16;85.83;1025.46;4.61;71.1;0.015847;0.000078;0;0
13.04.2019;05:00;274.45;85.86;1025.44;4.62;69.98;0.017623;0.000082;0;11.7882
13.04.2019;06:00;275.76;81.75;1025.62;5.34;68.13;0.016497;0;0;81.0007
13.04.2019;07:00;276.83;77.03;1025.86;6.17;67.17;0.021338;0;0;175.7548
13.04.2019;08:00;277.71;71.2;1026.03;6.9;68.43;0.041855;0;0;280.9122
13.04.2019;09:00;278.46;66.95;1026.03;7.25;68.9;0.100028;0;0;417.4817
13.04.2019;10:00;278.84;64.19;1025.85;7.51;67.29;0.143178;0;0;443.7529
13.04.2019;11:00;278.87;63.15;1025.61;7.95;65.07;0.125424;0;0;428.48
13.04.2019;12:00;278.72;62.76;1025.41;8.41;64.09;0.093698;0;0;431.0357
13.04.2019;13:00;278.54;62.65;1025.21;8.7;63.8;0.074134;0;0;433.7894
13.04.2019;14:00;278.12;63.87;1025.07;8.74;63.15;0.061729;0;0;342.301
13.04.2019;15:00;277.71;65.6;1025.03;8.71;62.3;0.042246;0;0;272.4333
13.04.2019;16:00;277.38;66.51;1025.05;8.64;61.85;0.027596;0;0;210.3948
13.04.2019;17:00;276.92;68.27;1025.16;8.39;61.93;0.013062;0;0;107.23
13.04.2019;18:00;276.28;71.91;1025.36;7.74;61.89;0.005254;0;0;26.831
13.04.2019;19:00;275.67;76.62;1025.59;7.08;63.69;0.005075;0;0;0
13.04.2019;20:00;275.54;78.97;1025.77;6.89;66.99;0.00607;0;0;0
13.04.2019;21:00;275.62;80.22;1025.88;6.7;70.25;0.010118;0;0;0
13.04.2019;22:00;275.72;81.05;1025.87;6.65;73.41;0.015694;0;0;0
13.04.2019;23:00;275.82;81.72;1025.84;6.52;74.95;0.01965;0;0;0
13.04.2019;24:00:00;275.9;82.67;1025.74;6.17;74.15;0.02017;0;0;0
14.04.2019;01:00;276;83.45;1025.53;5.76;71.18;0.01941;0;0;0
14.04.2019;02:00;276.12;84.41;1025.28;5.39;67.92;0.019961;0;0;0
14.04.2019;03:00;276.26;85.82;1025.03;5.1;65;0.022063;0;0;0
14.04.2019;04:00;276.42;87.6;1024.92;4.92;63;0.02512;0;0;0
14.04.2019;05:00;276.69;88.96;1024.98;4.97;60.88;0.019112;0;0;9.1438
14.04.2019;06:00;277.57;87.2;1025.26;5.59;59.56;0.012137;0;0;69.5018
14.04.2019;07:00;278.59;82.22;1025.68;6.38;62.17;0.010043;0;0;182.9193
14.04.2019;08:00;279.67;73.56;1026.07;7.26;68.36;0.009839;0;0;296.0167
14.04.2019;09:00;280.6;66.56;1026.23;7.82;71.9;0.009714;0;0;374.8412
14.04.2019;10:00;281.25;62.79;1026.46;8.29;72.72;0.006658;0;0;442.6186
14.04.2019;11:00;281.84;60.07;1026.56;8.68;72.8;0.002958;0;0;527.8028
14.04.2019;12:00;282.34;58.05;1026.67;8.87;71.8;0.001318;0;0;586.0762
14.04.2019;13:00;282.49;57.47;1026.72;8.96;69.64;0.000888;0;0;551.9255
14.04.2019;14:00;282.26;58.11;1026.74;9.08;66.89;0.000776;0;0;459.3708
14.04.2019;15:00;281.71;59.8;1026.79;9.25;64;0.000846;0;0;340.3229
14.04.2019;16:00;280.9;62.78;1026.92;9.33;60.46;0.000553;0;0;223.2055
14.04.2019;17:00;279.89;67.39;1027.18;9.31;57.95;0.000178;0;0;125.8798
14.04.2019;18:00;278.78;73.54;1027.59;8.79;57.65;0.000031;0;0;34.6103
14.04.2019;19:00;277.9;78.17;1028.19;8.58;60.56;0.000003;0;0;0.0024
14.04.2019;20:00;277.47;78.81;1028.81;8.55;65.37;0;0;0;0
14.04.2019;21:00;277.1;78.47;1029.24;8.24;69.58;0;0;0;0
14.04.2019;22:00;276.72;78.79;1029.65;7.61;72.92;0;0;0;0
14.04.2019;23:00;276.35;79.44;1030.02;6.87;74.78;0;0;0;0
14.04.2019;24:00:00;276.04;80.48;1030.19;6.09;74.13;0;0;0;0
15.04.2019;01:00;275.51;83.64;1030.14;5.2;71.15;0;0;0;0
15.04.2019;02:00;274.98;87.49;1029.96;4.71;66.97;0;0;0;0
15.04.2019;03:00;274.65;91.93;1029.77;4.53;63.05;0;0;0;0
15.04.2019;04:00;274.4;96.24;1029.69;4.5;60.14;0;0;0;0
15.04.2019;05:00;274.63;97.21;1029.76;4.57;58.94;0;0;0;25.7557
15.04.2019;06:00;276.89;85.73;1029.9;5.51;59.7;0;0;0;153.3236
15.04.2019;07:00;278.43;76.64;1030.1;5.99;63.39;0;0;0;313.1259
15.04.2019;08:00;279.83;65.85;1030.19;6.1;68.63;0;0;0;467.9445
15.04.2019;09:00;281.07;56.96;1030.08;6.24;73.92;0;0;0;600.0522
15.04.2019;10:00;281.91;52.76;1029.77;6.46;76.88;0;0;0;696.8471
15.04.2019;11:00;282.47;50.3;1029.39;6.65;77.05;0;0;0;750.8295
15.04.2019;12:00;282.8;48.85;1029.07;6.74;74.82;0;0;0;757.1378
15.04.2019;13:00;282.83;48.83;1028.7;6.82;71.32;0;0;0;712.4491
15.04.2019;14:00;282.56;50.09;1028.26;6.95;67.93;0;0;0;625.6586
15.04.2019;15:00;282.06;52.17;1027.81;7.13;65.71;0;0;0;501.9699
15.04.2019;16:00;281.31;55.26;1027.41;7.32;64.45;0;0;0;352.3147
15.04.2019;17:00;280.2;61.05;1027.15;7.41;62.99;0;0;0;192.2792
15.04.2019;18:00;278.6;71.48;1027.06;6.86;60.77;0;0;0;49.6942
15.04.2019;19:00;277.21;81.02;1027.14;6.45;60.66;0;0;0;0.0203
15.04.2019;20:00;276.75;83.26;1027.14;6.57;63.56;0;0;0;0
15.04.2019;21:00;276.44;83.71;1027.01;6.39;66.67;0;0;0;0
15.04.2019;22:00;276.1;84.58;1026.65;6.01;69.62;0;0;0;0
15.04.2019;23:00;275.69;86.31;1026.2;5.52;72.73;0;0;0;0
15.04.2019;24:00:00;275.22;88.66;1025.66;5.05;75.57;0;0;0;0
16.04.2019;01:00;274.78;91.14;1025.17;4.69;77.53;0;0;0;0
16.04.2019;02:00;274.39;93.56;1024.78;4.44;78.36;0.000002;0;0;0
16.04.2019;03:00;274.07;96.43;1024.54;4.29;79.01;0.000009;0.000018;0;0
16.04.2019;04:00;273.72;99.82;1024.39;4.1;80.11;0;0.000058;0;0
16.04.2019;05:00;273.85;99.59;1024.32;3.88;82.06;0;0.000013;0;28.8837
16.04.2019;06:00;276.22;85.67;1024.28;4.4;84.75;0;0.000002;0;158.468
16.04.2019;07:00;277.9;72.19;1024.38;4.77;86.99;0;0;0;317.6049
16.04.2019;08:00;279.54;61.07;1024.52;4.87;89.73;0;0;0;470.4257
16.04.2019;09:00;281.1;54.51;1024.63;5.01;93.92;0;0;0;599.9902
16.04.2019;10:00;282.65;50.3;1024.72;5.19;102.09;0.000001;0;0;691.871
16.04.2019;11:00;283.87;47.18;1024.53;5.27;107.62;0.000002;0;0;738.6517
16.04.2019;12:00;284.68;45.24;1024.25;5.29;107.61;0.000001;0;0;742.3596
16.04.2019;13:00;285.25;44.05;1023.96;5.36;104.4;0;0;0;705.4406
16.04.2019;14:00;285.53;43.68;1023.62;5.52;100.53;0;0;0;621.3898
16.04.2019;15:00;285.49;44.1;1023.48;5.74;96.28;0.000001;0;0;494.4166
16.04.2019;16:00;285.15;45.23;1023.59;5.98;91.63;0;0;0;346.0186
16.04.2019;17:00;284.15;51.51;1023.72;5.79;84.06;0;0;0;188.6366
16.04.2019;18:00;281.89;64.12;1024.05;5.63;80.94;0;0;0;50.423
16.04.2019;19:00;280.44;69.75;1024.62;6.4;84.66;0;0;0;0.0687
16.04.2019;20:00;280.21;69.69;1025.2;7.31;90.74;0;0;0;0
16.04.2019;21:00;279.63;72.35;1025.69;7.4;93.87;0;0;0;0
16.04.2019;22:00;279.06;74.86;1026.05;7.22;96.83;0;0;0;0
16.04.2019;23:00;278.44;77.21;1026.42;6.76;100.01;0;0;0;0
16.04.2019;24:00:00;277.71;81.02;1026.63;6.05;101.28;0;0;0;0
17.04.2019;01:00;276.84;86.92;1026.79;5.25;99.78;0;0;0;0
17.04.2019;02:00;276.19;92.34;1026.92;4.72;96.78;0;0;0;0
17.04.2019;03:00;275.59;98.33;1027.1;4.31;94.54;0;0;0;0
17.04.2019;04:00;275.08;104.31;1027.34;4.02;92.75;0.000002;0;0;0
17.04.2019;05:00;275.42;103.75;1027.66;3.82;89.43;0.000119;0;0;30.0729
17.04.2019;06:00;277.67;90.74;1028.01;4.54;86.74;0.000111;0;0;139.5088
17.04.2019;07:00;279.49;81.57;1028.36;4.2;81.42;0;0;0;319.9864
17.04.2019;08:00;281.69;68.45;1028.64;4.5;79.01;0.000001;0;0;469.5029
17.04.2019;09:00;283.28;60.29;1028.71;4.81;78.05;0.000011;0;0;592.1758
17.04.2019;10:00;284.34;57.3;1028.64;5.06;79.56;0.000044;0;0;675.7324
17.04.2019;11:00;285.23;55.59;1028.56;5.31;82.51;0.000056;0;0;708.7156
17.04.2019;12:00;285.89;53.96;1028.5;5.48;84.13;0.000017;0;0;709.4045
17.04.2019;13:00;286.26;52.75;1028.43;5.39;82.52;0.000002;0;0;672.9702
17.04.2019;14:00;286.3;52.14;1028.22;5.23;78.38;0.000011;0;0;586.1652
17.04.2019;15:00;285.99;52.54;1028.02;5.18;73.12;0.000008;0;0;457.9418
17.04.2019;16:00;285.3;54.41;1027.91;5.27;67.07;0.000001;0;0;318.0025
17.04.2019;17:00;283.93;60.62;1027.95;5.34;59.48;0;0;0;187.1122
17.04.2019;18:00;281.68;73.84;1028.16;5.01;55.16;0;0;0;52.1383
17.04.2019;19:00;279.76;85.87;1028.6;5.04;57.49;0;0;0;0.1693
17.04.2019;20:00;279.17;90.44;1029.02;5.33;62.56;0;0;0;0
17.04.2019;21:00;278.84;93.46;1029.35;5.36;67.5;0;0;0;0
17.04.2019;22:00;278.65;94.99;1029.48;5.31;71.82;0;0;0;0
17.04.2019;23:00;278.38;96.52;1029.62;5.1;74.93;0.000003;0;0;0
17.04.2019;24:00:00;278.08;98.23;1029.64;4.89;76.52;0.000003;0;0;0
18.04.2019;01:00;277.76;100.21;1029.75;4.7;76.59;0.000006;0;0;0
18.04.2019;02:00;277.43;102.54;1029.97;4.55;75.33;0.000023;0;0;0
18.04.2019;03:00;277.37;103.01;1030.24;4.48;73.58;0.000294;0;0;0
18.04.2019;04:00;277.69;100.27;1030.56;4.6;73.31;0.002789;0;0;0
18.04.2019;05:00;278.19;95.31;1030.94;4.83;71.91;0.00347;0;0;21.9258
18.04.2019;06:00;279.04;89.14;1031.47;4.74;69.57;0.000015;0;0;143.9599
18.04.2019;07:00;280.58;80.11;1031.9;4.72;65.57;0;0;0;322.0114
18.04.2019;08:00;282.49;70.29;1032.21;5.03;64.97;0;0;0;474.9426
18.04.2019;09:00;283.99;64.58;1032.35;5.25;63.26;0;0;0;604.8461
18.04.2019;10:00;285.29;58.6;1032.37;5.57;65.38;0;0;0;700.5024
18.04.2019;11:00;286.38;54.34;1032.28;5.61;68.99;0;0;0;752.6089
18.04.2019;12:00;287.28;50.71;1032.08;5.45;71.97;0;0;0;757.7917
18.04.2019;13:00;287.71;49.53;1031.8;5.26;71.24;0;0;0;716.9054
18.04.2019;14:00;287.76;49.48;1031.44;5.18;68.88;0;0;0;631.6393
18.04.2019;15:00;287.49;50.3;1031.22;5.21;66.75;0;0;0;509.21
18.04.2019;16:00;286.81;52.44;1031.11;5.42;64.35;0;0;0;360.5973
18.04.2019;17:00;285.2;59.8;1031.13;5.6;59.93;0;0;0;201.4688
18.04.2019;18:00;282.84;71.98;1031.33;5.47;60.33;0;0;0;58.7512
18.04.2019;19:00;280.85;81.75;1031.68;5.6;64.53;0;0;0;0.3404
18.04.2019;20:00;280.05;86.03;1031.97;5.73;68.92;0;0;0;0
18.04.2019;21:00;279.65;88.46;1032.09;5.57;73.63;0;0;0;0
18.04.2019;22:00;279.38;90.08;1032.27;5.31;77.93;0;0;0;0
18.04.2019;23:00;279.08;91.83;1032.45;5.07;81.58;0;0;0;0
18.04.2019;24:00:00;278.84;93.3;1032.63;4.97;83.94;0;0;0;0
19.04.2019;01:00;278.54;95.05;1032.83;4.89;85.06;0;0;0;0
19.04.2019;02:00;278.18;96.99;1033.04;4.78;85.13;0.000001;0;0;0
19.04.2019;03:00;277.85;98.75;1033.36;4.69;84.79;0.000012;0;0;0
19.04.2019;04:00;277.5;100.72;1033.54;4.52;84.52;0.000068;0;0;0
19.04.2019;05:00;277.75;98.63;1033.75;4.48;84.24;0.000224;0;0;35.4388
19.04.2019;06:00;279.44;87.04;1033.98;5.06;85.46;0.000012;0;0;155.0346
19.04.2019;07:00;280.98;79.11;1034.2;4.55;82.58;0;0;0;331.4881
19.04.2019;08:00;283.27;66.5;1034.37;4.26;77.58;0;0;0;485.4318
19.04.2019;09:00;285.24;55.29;1034.44;4.27;75.17;0;0;0;616.3442
19.04.2019;10:00;286.51;49.9;1034.45;4.13;73.23;0;0;0;711.9898
19.04.2019;11:00;287.24;47.27;1034.38;4.04;69.55;0;0;0;765.1008
19.04.2019;12:00;287.61;45.99;1034.21;4.12;63.81;0;0;0;771.1566
19.04.2019;13:00;287.64;45.28;1033.95;4.33;58.96;0;0;0;730.4668
19.04.2019;14:00;287.3;45.18;1033.65;4.48;56.64;0;0;0;645.9165
19.04.2019;15:00;286.73;45.32;1033.38;4.47;56.37;0;0;0;524.4143
19.04.2019;16:00;285.91;46.41;1033.08;4.35;58.1;0;0;0;376.5759
19.04.2019;17:00;284.54;50.87;1032.82;4.06;60.35;0;0;0;216.1501
19.04.2019;18:00;281.96;66.63;1032.68;3.09;60.6;0;0;0;67.5105
19.04.2019;19:00;279.29;78.42;1032.79;3.24;61.39;0;0;0;0.6228
19.04.2019;20:00;278.29;82.86;1032.85;3.32;61.94;0;0;0;0
19.04.2019;21:00;277.6;86.89;1032.87;3.36;61.54;0;0;0;0
19.04.2019;22:00;277.04;91.39;1032.76;3.45;60.37;0;0;0;0
19.04.2019;23:00;276.56;95.46;1032.69;3.53;59.81;0;0;0;0
19.04.2019;24:00:00;276.13;99.65;1032.52;3.56;59.99;0;0;0;0
20.04.2019;01:00;275.73;103.62;1032.33;3.55;60.07;0;0;0;0
20.04.2019;02:00;275.4;107.06;1032.11;3.53;59.5;0.000001;0;0;0
20.04.2019;03:00;275.14;109.86;1032.07;3.53;58.14;0.000022;0;0;0
20.04.2019;04:00;275.01;111.26;1032.08;3.45;56.32;0.000046;0;0;0.0009
20.04.2019;05:00;275.77;105.54;1032.15;3.09;55.02;0.000359;0;0;40.159
20.04.2019;06:00;278.15;88.89;1032.27;3.42;55.35;0.000247;0;0;153.1204
20.04.2019;07:00;279.64;79.85;1032.39;2.98;52.58;0;0;0;326.859
20.04.2019;08:00;281.9;61.43;1032.39;3.07;56.4;0;0;0;444.302
20.04.2019;09:00;283.55;52.33;1032.13;3.11;60.11;0;0;0;521.0009
20.04.2019;10:00;284.96;46.37;1031.8;3.2;63.78;0;0;0;572.8665
20.04.2019;11:00;286.09;42.99;1031.45;3.34;66.76;0;0;0;594.7114
20.04.2019;12:00;286.86;41.68;1031.14;3.46;66.35;0;0;0;639.6903
20.04.2019;13:00;287.49;40.4;1030.82;3.57;65.22;0;0;0;665.6167
20.04.2019;14:00;287.76;39.89;1030.42;3.64;63.52;0;0;0;619.4745
20.04.2019;15:00;287.67;40.51;1030.02;3.68;62.41;0;0;0;521.9934
20.04.2019;16:00;287.17;42.03;1029.7;3.72;62.46;0;0;0;383.358
20.04.2019;17:00;286;49.04;1029.4;3.14;61.51;0;0;0;220.0746
20.04.2019;18:00;283.34;65.27;1029.1;2.37;58.92;0;0;0;69.9618
20.04.2019;19:00;280.94;68.91;1029;2.64;59.8;0;0;0;0.9855
20.04.2019;20:00;280.17;68.57;1028.87;2.64;62.15;0;0;0;0
20.04.2019;21:00;279.65;68.41;1028.68;2.55;65.43;0;0;0;0
20.04.2019;22:00;279.19;68.7;1028.41;2.43;68.87;0;0;0;0
20.04.2019;23:00;278.8;69.06;1028.06;2.26;71.75;0;0;0;0
20.04.2019;24:00:00;278.55;69.16;1027.62;2.02;73.07;0;0;0;0
21.04.2019;01:00;278.45;68.4;1027.09;1.74;72.55;0;0;0;0
21.04.2019;02:00;278.43;68.23;1026.68;1.43;69.75;0;0;0;0
21.04.2019;03:00;278.35;68.6;1026.37;1.11;64.77;0;0;0;0
21.04.2019;04:00;278.45;68.07;1026.04;0.72;52.23;0;0;0;0.0059
21.04.2019;05:00;278.9;66.94;1025.77;0.5;17.09;0;0;0;45.0843
21.04.2019;06:00;280.16;67.89;1025.41;0.64;348.47;0;0;0;183.7149
21.04.2019;07:00;281.6;60.24;1025.07;0.94;342.93;0;0;0;344.105
21.04.2019;08:00;283.66;57.57;1024.62;1.06;345.09;0;0;0;497.8886
21.04.2019;09:00;286.87;44.83;1024.21;1.03;6.47;0;0;0;626.7258
21.04.2019;10:00;288.5;40.68;1023.73;0.92;16.79;0;0;0;721.6083
21.04.2019;11:00;289.54;38.83;1023.13;0.89;22.45;0;0;0;773.2659
21.04.2019;12:00;290.16;38.25;1022.56;1.08;23.72;0;0;0;778.4616
21.04.2019;13:00;290.44;38.35;1021.98;1.45;26.72;0;0;0;737.2521
21.04.2019;14:00;290.41;38.85;1021.35;1.86;30.75;0;0;0;651.3741
21.04.2019;15:00;290.1;39.84;1020.77;2.22;35.23;0;0;0;528.485
21.04.2019;16:00;289.43;41.62;1020.25;2.46;40.39;0;0;0;380.7085
21.04.2019;17:00;288.08;50.45;1019.91;2.31;45.6;0;0;0;220.3274
21.04.2019;18:00;285.24;65.82;1019.74;2.25;53.96;0;0;0;72.7174
21.04.2019;19:00;282.73;67.96;1019.87;2.61;62.95;0;0;0;1.3301
21.04.2019;20:00;281.72;68.19;1019.94;2.59;70.96;0;0;0;0
21.04.2019;21:00;280.95;68.79;1019.89;2.59;78.61;0;0;0;0
21.04.2019;22:00;280.29;70.25;1019.69;2.7;85.35;0;0;0;0
21.04.2019;23:00;279.69;72.65;1019.46;2.91;91.88;0;0;0;0
21.04.2019;24:00:00;279.08;75.96;1019.19;3.13;99.05;0;0;0;0
22.04.2019;01:00;278.55;79.73;1019;3.3;105.93;0;0;0;0
22.04.2019;02:00;278.1;83.45;1018.86;3.44;111.17;0;0;0;0
22.04.2019;03:00;277.71;87.76;1018.71;3.59;113.87;0;0;0;0
22.04.2019;04:00;277.34;93.12;1018.7;3.77;114.29;0;0;0;0.0261
22.04.2019;05:00;277.87;93.6;1018.82;4.02;112.76;0;0;0;48.3659
22.04.2019;06:00;279.93;84.74;1019.06;5.18;109.98;0;0;0;188.69
22.04.2019;07:00;281.85;75.41;1019.3;5.23;107.87;0;0;0;349.6071
22.04.2019;08:00;284.11;59.8;1019.44;6.54;114.27;0;0;0;502.7978
22.04.2019;09:00;285.35;52.31;1019.43;6.99;113.33;0;0;0;632.4448
22.04.2019;10:00;286.41;48.84;1019.33;7.11;112.51;0;0;0;729.2078
22.04.2019;11:00;287.38;47.36;1019.1;6.99;111.16;0.000001;0;0;778.7722
22.04.2019;12:00;288.14;46.78;1018.74;6.86;108;0;0;0;781.2905
22.04.2019;13:00;288.65;47.17;1018.33;6.82;103.61;0;0;0;738.4795
22.04.2019;14:00;288.9;48.17;1017.73;6.95;99.45;0.000001;0;0;651.8448
22.04.2019;15:00;288.82;49.67;1017.11;7.17;96.5;0.000002;0;0;529.549
22.04.2019;16:00;288.36;51.64;1016.79;7.33;96.45;0.000003;0;0;381.8139
22.04.2019;17:00;287.49;55.87;1016.67;6.73;97.07;0.000003;0;0;222.437
22.04.2019;18:00;285.81;63.99;1016.73;5.55;98.12;0.000002;0;0;74.5919
22.04.2019;19:00;284.19;69.01;1017;5.56;103.62;0.000003;0;0;1.7464
22.04.2019;20:00;284.09;68.07;1017.28;6.49;107.18;0.000007;0;0;0
22.04.2019;21:00;283.73;70.87;1017.43;6.84;106.98;0.000011;0;0;0
22.04.2019;22:00;283.3;75.33;1017.39;7.07;105.35;0.000007;0;0;0
22.04.2019;23:00;282.94;78.96;1017.17;7.28;104.69;0.000004;0;0;0
22.04.2019;24:00:00;282.71;80.21;1016.88;7.62;107.34;0.000004;0;0;0
23.04.2019;01:00;282.5;79.37;1016.6;7.95;112.59;0.000003;0;0;0
23.04.2019;02:00;281.98;79.8;1016.34;7.56;111.54;0.000002;0;0;0
23.04.2019;03:00;281.47;80.02;1016.13;7.5;107.99;0.000001;0;0;0
23.04.2019;04:00;281.05;79.54;1015.87;7.56;104.54;0;0;0;0.0785
23.04.2019;05:00;281.02;77.13;1015.66;7.91;100.38;0;0;0;51.2344
23.04.2019;06:00;282.01;70.72;1015.5;8.45;96.95;0;0;0;192.2334
23.04.2019;07:00;283.66;60.49;1015.35;9.58;99.65;0;0;0;353.29
23.04.2019;08:00;285.15;51.64;1014.93;11.06;104.72;0;0;0;504.6404
23.04.2019;09:00;286.33;48.63;1014.37;11.63;104.59;0;0;0;630.1681
23.04.2019;10:00;287.45;46.87;1013.65;11.76;104;0;0;0;724.9233
23.04.2019;11:00;288.47;45.52;1012.84;11.79;104.14;0;0;0;772.8136
23.04.2019;12:00;289.31;44.52;1011.95;11.81;105.78;0;0;0;773.5626
23.04.2019;13:00;289.92;44.15;1011.14;11.54;107.25;0.000008;0;0;730.4769
23.04.2019;14:00;290.19;44.29;1010.31;11.2;109.04;0.000035;0;0;638.2487
23.04.2019;15:00;290.14;45.36;1009.46;10.75;111.12;0.000459;0;0;510.7912
23.04.2019;16:00;289.51;48.51;1008.97;10.12;114.22;0.027308;0;0;296.9272
23.04.2019;17:00;288.5;54.78;1008.75;8.94;113.84;0.031726;0;0;147.767
23.04.2019;18:00;287.87;58.03;1008.48;8.8;112.49;0.020887;0;0;42.9141
23.04.2019;19:00;287.48;59.76;1008.49;9.34;116.74;0.005343;0;0;1.2522
23.04.2019;20:00;286.98;64.22;1008.74;9.51;122.63;0.105632;0;0;0
23.04.2019;21:00;286.04;73.51;1008.96;8.98;124.41;0.263151;0;0;0
23.04.2019;22:00;285.62;79.62;1008.8;8.9;124.83;0.23496;0;0;0
23.04.2019;23:00;285.57;81.51;1008.43;9.05;127.53;0.118295;0;0;0
23.04.2019;24:00:00;285.43;80.8;1008.01;8.63;130.75;0.056872;0;0;0
24.04.2019;01:00;285.23;78.83;1007.71;8.28;131.83;0.027146;0;0;0
24.04.2019;02:00;284.97;78.6;1007.47;7.98;130.03;0.019149;0;0;0
24.04.2019;03:00;284.69;79.45;1007.27;7.77;126.96;0.014792;0;0;0
24.04.2019;04:00;284.36;80.43;1007.13;7.6;123.92;0.003598;0;0;0.1233
24.04.2019;05:00;284.18;80.23;1007.09;7.64;121.86;0.000462;0;0;37.8504
24.04.2019;06:00;284.81;76.49;1007.13;7.79;121.43;0.000038;0;0;153.9682
24.04.2019;07:00;285.88;71.09;1007.07;8.43;127.95;0.000039;0;0;298.2963
24.04.2019;08:00;286.9;67.33;1006.95;8.44;135.3;0.00017;0;0;414.8629
24.04.2019;09:00;287.99;64.16;1006.76;8.12;137.87;0.000102;0;0;534.4515
24.04.2019;10:00;289.05;61.44;1006.69;7.66;139.01;0.000036;0;0;607.8454
24.04.2019;11:00;290.13;58.87;1006.73;7.23;138.87;0.00001;0;0;679.2868
24.04.2019;12:00;291.02;56.93;1006.74;6.93;138.13;0.000006;0;0;693.4832
24.04.2019;13:00;291.58;55.83;1006.69;6.67;137;0.00001;0;0;615.6556
24.04.2019;14:00;291.84;55.51;1006.59;6.41;135.25;0.00001;0;0;505.0889
24.04.2019;15:00;291.88;56.06;1006.42;6.08;132.8;0.000007;0;0;394.4541
24.04.2019;16:00;291.57;58.15;1006.22;5.72;129.88;0.000005;0;0;275.9126
24.04.2019;17:00;290.79;63.05;1006.21;5.15;126.68;0.000003;0;0;158.7339
24.04.2019;18:00;289.27;70.46;1006.39;4.71;123.4;0.000001;0;0;57.5357
24.04.2019;19:00;287.77;75.51;1006.62;4.99;121.9;0;0;0;2.3356
24.04.2019;20:00;287.35;76.79;1006.78;5.54;123.23;0;0;0;0
24.04.2019;21:00;286.81;79.13;1006.76;5.63;125.17;0;0;0;0
24.04.2019;22:00;286.22;81.77;1006.57;5.45;127.54;0;0;0;0
24.04.2019;23:00;285.63;84.45;1006.41;5.09;128.23;0;0;0;0
24.04.2019;24:00:00;285.08;87.06;1006.17;4.79;127.23;0;0;0;0
25.04.2019;01:00;284.59;89.8;1005.97;4.5;127.39;0;0;0;0
25.04.2019;02:00;283.98;94.06;1005.96;4.08;131.84;0.000005;0;0;0
25.04.2019;03:00;283.31;99.09;1006.26;3.59;146.95;0.002115;0;0;0
25.04.2019;04:00;282.76;102.61;1006.57;3.05;173.34;0.014187;0;0;0.3029
25.04.2019;05:00;283.55;97.08;1007.04;2.85;210.07;0.08999;0;0;46.5566
25.04.2019;06:00;284.67;91.68;1007.88;3.61;240.88;0.30048;0;0;109.6089
25.04.2019;07:00;285.42;88.76;1008.76;4.08;260.22;0.127498;0;0;159.1572
25.04.2019;08:00;287.01;81.29;1009.42;4.38;261.38;0.02655;0;0;392.0426
25.04.2019;09:00;288.84;71.52;1009.91;4.49;257.17;0.002208;0;0;585.676
25.04.2019;10:00;290.34;62.5;1010.29;4.42;252.74;0.000003;0;0;714.4042
25.04.2019;11:00;291.49;54.06;1010.52;4.09;251.09;0;0;0;777.499
25.04.2019;12:00;292.4;47.97;1010.56;3.54;250.48;0;0;0;782.9264
25.04.2019;13:00;293.02;44.64;1010.6;2.75;250.28;0;0;0;683.6468
25.04.2019;14:00;293.44;43.1;1010.59;1.71;249.56;0;0;0;555.9152
25.04.2019;15:00;293.66;42.66;1010.45;0.36;220.9;0;0;0;475.2452
25.04.2019;16:00;293.08;45.49;1010.35;1.46;83.75;0;0;0;379.6798
25.04.2019;17:00;291.47;55.34;1010.47;2.87;75.24;0;0;0;235.4232
25.04.2019;18:00;288.47;70.95;1010.74;3.74;75.78;0.000355;0;0;86.9907
25.04.2019;19:00;286;79.25;1011.14;4.85;80.69;0.001402;0;0;3.6783
25.04.2019;20:00;284.77;86.73;1011.32;5.47;84.84;0.000481;0;0;0
25.04.2019;21:00;284.1;91.43;1011.24;5.42;86.05;0.003249;0;0;0
25.04.2019;22:00;283.82;93.4;1010.98;5.35;88.04;0.008859;0;0;0
25.04.2019;23:00;283.65;94.4;1010.73;5.34;90.28;0.014489;0;0;0
25.04.2019;24:00:00;283.45;95.1;1010.34;5.31;90.79;0.017356;0;0;0
26.04.2019;01:00;283.26;95.57;1009.87;5.31;89.82;0.019065;0;0;0
26.04.2019;02:00;283.17;95.53;1009.34;5.56;88.92;0.021091;0;0;0
26.04.2019;03:00;283.1;95.27;1008.78;5.77;88.43;0.02324;0;0;0
26.04.2019;04:00;283.03;94.95;1008.29;5.84;87.27;0.02277;0;0;0.4674
26.04.2019;05:00;283.18;94.07;1007.95;6;85.82;0.021647;0;0;34.6385
26.04.2019;06:00;283.91;91.69;1007.85;5.97;84.66;0.005912;0;0;99.4132
26.04.2019;07:00;284.96;88.84;1007.71;5.8;81.46;0.001186;0;0;215.6635
26.04.2019;08:00;286.76;82.94;1007.47;5.72;78.83;0.001002;0;0;439.1656
26.04.2019;09:00;289.21;74.29;1007.12;5.92;83.65;0.001279;0;0;599.0031
26.04.2019;10:00;291.55;64.69;1006.76;6.17;98.14;0.019895;0;0;674.6529
26.04.2019;11:00;292.97;59.54;1006.28;5.63;108.2;0.019708;0;0;683.5554
26.04.2019;12:00;293.96;55.09;1005.79;4.75;113.32;0.011444;0;0;685.8885
26.04.2019;13:00;294.57;51.64;1005.32;3.78;116.64;0.008939;0;0;647.295
26.04.2019;14:00;294.64;50.8;1004.99;2.6;116.67;0.011312;0;0;521.612
26.04.2019;15:00;294.3;53.59;1004.79;0.97;97.36;0.005873;0;0;349.8996
26.04.2019;16:00;293.33;56.01;1004.88;1.22;339.99;0.013362;0;0;222.5357
26.04.2019;17:00;290.87;67.82;1005.32;2.95;323.2;0.017954;0;0;116.8033
26.04.2019;18:00;288.15;78.42;1005.96;4.73;319.63;0.023008;0;0;42.2895
26.04.2019;19:00;286.07;85.58;1006.65;5.41;314.39;0.012459;0;0;2.6221
26.04.2019;20:00;284.93;88.46;1007.32;6.02;305.51;0.015755;0;0;0
26.04.2019;21:00;284.13;89.22;1007.75;7.06;301.93;0.008159;0;0;0
26.04.2019;22:00;283.61;89.26;1007.77;7.89;303.24;0.007194;0;0;0
26.04.2019;23:00;283.37;89.39;1007.74;8.29;302.8;0.008767;0;0;0
26.04.2019;24:00:00;283.13;89.7;1007.66;8.48;301.67;0.027349;0;0;0
27.04.2019;01:00;282.78;90.18;1007.47;8.36;298.99;0.357294;0;0;0
27.04.2019;02:00;282.48;90.15;1007.72;8.36;295.28;3.518847;0;0;0
27.04.2019;03:00;281.93;90.49;1008.35;8.33;288.07;5.2762;0;0;0
27.04.2019;04:00;281;91.5;1008.89;8.25;284.25;3.468213;0;0;0.1236
27.04.2019;05:00;280.74;91.5;1008.96;7.86;287.42;1.044338;0;0;17.8842
27.04.2019;06:00;281.31;88.95;1008.73;7.85;294.99;0.1738;0;0;136.6152
27.04.2019;07:00;282.6;82.47;1008.69;7.76;296.86;0.023096;0;0;297.8159
27.04.2019;08:00;284.24;73.58;1008.79;7.59;294.64;0.016202;0;0;443.728
27.04.2019;09:00;285.2;68.78;1008.88;6.99;290.84;0.023035;0;0;399.1076
27.04.2019;10:00;285.63;68.15;1008.96;6.16;287.11;0.040625;0;0;296.2613
27.04.2019;11:00;286.14;67.65;1008.95;5.13;287.29;0.05574;0;0;296.6123
27.04.2019;12:00;287.08;65.03;1008.75;4.04;290.79;0.039843;0;0;408.9322
27.04.2019;13:00;287.93;61.72;1008.72;3.22;286.86;0.015453;0;0;504.8167
27.04.2019;14:00;288.33;59.53;1008.8;2.67;274.23;0.015468;0;0;458.6808
27.04.2019;15:00;288.57;58.13;1008.46;2.27;269.95;0.007987;0;0;394.6261
27.04.2019;16:00;288.57;57.93;1008.32;1.62;258.29;0.003967;0;0;291.6022
27.04.2019;17:00;288.23;61.86;1008.41;0.86;229.73;0.002139;0;0;161.5678
27.04.2019;18:00;287.04;72.47;1008.67;0.93;163;0.001706;0;0;59.6058
27.04.2019;19:00;285.4;77.07;1009;1.62;140.18;0.002586;0;0;3.1788
27.04.2019;20:00;284.43;81.37;1009.29;2.06;146.66;0.002782;0;0;0
27.04.2019;21:00;283.91;83.74;1009.37;2.14;156.64;0.000822;0;0;0
27.04.2019;22:00;283.48;85.36;1009.38;1.93;171.06;0.000125;0;0;0
27.04.2019;23:00;283.23;86.56;1009.49;1.6;190.25;0.00034;0;0;0
27.04.2019;24:00:00;283;88.77;1009.64;1.32;212.42;0.001159;0;0;0
28.04.2019;01:00;282.79;90.94;1009.81;1.21;241.79;0.002066;0;0;0
28.04.2019;02:00;282.44;93.78;1009.91;1.38;269.62;0.00386;0;0;0
28.04.2019;03:00;282.16;95.73;1009.98;1.73;285.84;0.006567;0;0;0
28.04.2019;04:00;281.94;96.36;1010.1;2.1;291.36;0.012171;0;0;0.4759
28.04.2019;05:00;282.18;94.01;1010.43;2.67;291.37;0.011726;0;0;23.0502
28.04.2019;06:00;282.68;91.24;1011.03;3.22;287.44;0.008332;0;0;72.0494
28.04.2019;07:00;283.46;87.51;1011.71;3.25;286.14;0.005894;0;0;135.7678
28.04.2019;08:00;284.41;82.86;1012.41;3.2;281.42;0.010921;0;0;209.2347
28.04.2019;09:00;285.24;78.79;1012.94;3.22;277.46;0.089053;0;0;288.1011
28.04.2019;10:00;285.92;75.93;1013.55;3.13;276.44;0.148677;0;0;382.8972
28.04.2019;11:00;286.53;72.68;1014.1;3.05;278.39;0.120322;0;0;466.8765
28.04.2019;12:00;287.01;69.47;1014.36;3.13;282.8;0.07328;0;0;533.242
28.04.2019;13:00;287.19;67.28;1014.47;3.35;285.91;0.032899;0;0;487.6531
28.04.2019;14:00;287.03;67.15;1014.63;3.63;287.51;0.023554;0;0;382.7399
28.04.2019;15:00;286.65;68.88;1014.95;3.87;289.08;0.023939;0;0;258.3501
28.04.2019;16:00;286.3;70.9;1015.39;4.13;292.45;0.012159;0;0;198.6408
28.04.2019;17:00;285.72;74.15;1015.85;4.34;294.54;0.00649;0;0;102.1105
28.04.2019;18:00;284.91;79.52;1016.37;4.46;292.68;0.003137;0;0;35.8094
28.04.2019;19:00;283.99;85.42;1016.91;4.83;292.8;0.002415;0;0;2.5357
28.04.2019;20:00;283.28;89.7;1017.24;5.33;295.47;0.010039;0;0;0
28.04.2019;21:00;282.82;91.92;1017.4;5.49;299.51;0.065434;0;0;0
28.04.2019;22:00;282.66;92.51;1017.52;5.34;302.83;0.406135;0;0;0
28.04.2019;23:00;282.67;92.61;1017.48;5.39;306.07;1.104672;0;0;0
28.04.2019;24:00:00;282.7;92.88;1017.18;5.71;310.93;1.552379;0;0;0
29.04.2019;01:00;282.69;93.35;1016.77;5.91;316.55;1.35396;0;0;0
29.04.2019;02:00;282.63;93.61;1016.34;5.71;320.34;0.726781;0;0;0
29.04.2019;03:00;282.53;93.45;1016.15;5.37;328.55;0.186071;0;0;0
29.04.2019;04:00;282.26;93.35;1016.06;5.13;343.42;0.04524;0;0;0.7561
29.04.2019;05:00;281.93;92.68;1016.18;5.38;358.89;0.018108;0;0;42.0533
29.04.2019;06:00;281.94;89.62;1016.47;5.95;16.75;0.00286;0;0;163.9032
29.04.2019;07:00;282.58;84.52;1016.8;6.44;30.21;0.000466;0;0;323.6185
29.04.2019;08:00;283.81;77.31;1017.25;7.07;37.94;0.000042;0;0;498.5801
29.04.2019;09:00;285.1;68.73;1017.6;7.83;41.63;0.000001;0;0;639.2297
29.04.2019;10:00;285.86;61.91;1017.95;8.48;43.74;0;0;0;741.5726
29.04.2019;11:00;286.18;57.48;1018.14;8.78;44.53;0;0;0;799.5525
29.04.2019;12:00;286.21;55.35;1018.17;8.88;43.08;0;0;0;809.988
29.04.2019;13:00;286.01;54.04;1018.07;8.87;41.59;0;0;0;770.7989
29.04.2019;14:00;285.66;53.02;1017.95;8.79;40.78;0;0;0;689.3572
29.04.2019;15:00;285.09;52.76;1017.95;8.74;40.5;0;0;0;569.6943
29.04.2019;16:00;284.37;53.09;1018.07;8.64;41.55;0;0;0;422.3155
29.04.2019;17:00;283.4;55.72;1018.25;8.12;43.12;0;0;0;261.3027
29.04.2019;18:00;282.1;63.34;1018.46;6.73;42.47;0;0;0;106.7384
29.04.2019;19:00;280.33;76.79;1018.83;5.25;39.67;0;0;0;8.1889
29.04.2019;20:00;279.52;83.35;1019.21;4.95;39.36;0;0;0;0
29.04.2019;21:00;279.09;86.37;1019.36;4.6;38.4;0;0;0;0
29.04.2019;22:00;278.66;88.47;1019.3;4.32;34.19;0;0;0;0
29.04.2019;23:00;278.32;90.23;1019.16;4.23;28.3;0;0;0;0
29.04.2019;24:00:00;278.02;92.18;1019;4.18;21.07;0;0;0;0
30.04.2019;01:00;277.8;93.96;1018.72;4.22;12.82;0;0;0;0
30.04.2019;02:00;277.73;94.67;1018.53;4.37;5.72;0;0;0;0
30.04.2019;03:00;277.74;94.71;1018.45;4.47;1.48;0;0;0;0
30.04.2019;04:00;277.66;95.21;1018.37;4.35;0.06;0;0;0;2.2374
30.04.2019;05:00;278.78;89.25;1018.28;4.07;0.97;0;0;0;76.3403
30.04.2019;06:00;281.06;78.17;1018.28;4.4;4.26;0;0;0;222.9145
30.04.2019;07:00;282.74;62.2;1018.32;4.25;13.59;0;0;0;384.6926
30.04.2019;08:00;284.17;52.02;1018.27;4.11;20.91;0;0;0;535.5214
30.04.2019;09:00;285.39;44.75;1018.16;3.93;27.42;0;0;0;658.5706
30.04.2019;10:00;286.38;39.97;1017.94;3.77;31.28;0;0;0;743.267
30.04.2019;11:00;287.19;37.13;1017.62;3.55;31.17;0;0;0;800.7279
30.04.2019;12:00;287.8;35.95;1017.17;3.36;26.64;0;0;0;812.7909
30.04.2019;13:00;288.14;36.05;1016.79;3.26;18.04;0.000001;0;0;760.1536
30.04.2019;14:00;288.15;37.27;1016.43;3.41;8.36;0.00036;0;0;612.9139
30.04.2019;15:00;287.71;40.09;1016.13;3.7;2.24;0.016904;0;0;405.9332
30.04.2019;16:00;286.92;45.6;1016.01;3.55;358.08;0.073366;0;0;243.7798
30.04.2019;17:00;285.87;55.97;1015.67;2.31;349.85;0.119925;0;0;124.5925
30.04.2019;18:00;284.86;68.07;1015.05;1;309.31;0.063047;0;0;46.7797
30.04.2019;19:00;283.95;79.48;1014.59;1.51;266.31;0.008292;0;0;4.5226
30.04.2019;20:00;283.55;82.81;1014.27;2.43;274.49;0.001082;0;0;0
30.04.2019;21:00;283.21;86.99;1013.87;2.95;284.66;0.000608;0;0;0
30.04.2019;22:00;282.99;92.22;1013.37;3.16;296.78;0.002809;0;0;0
30.04.2019;23:00;282.76;96.42;1012.92;3.35;305.41;0.014207;0;0;0
30.04.2019;24:00:00;282.54;98.68;1012.37;3.61;310.6;0.039896;0;0;0
01.05.2019;01:00;282.6;98.04;1011.76;4.02;314.98;0.059449;0;0;0
01.05.2019;02:00;282.57;97.54;1011.24;4.43;315.2;0.122655;0;0;0
01.05.2019;03:00;282.81;95.44;1010.88;5.04;312.18;0.240611;0;0;0
01.05.2019;04:00;282.74;94.85;1010.64;5.11;306.37;0.392566;0;0;0.9489
01.05.2019;05:00;282.76;93.74;1010.53;5.45;300.63;0.320605;0;0;28.6414
01.05.2019;06:00;282.92;91.75;1010.56;6.16;296.92;0.170345;0;0;105.4822
01.05.2019;07:00;283.26;88.55;1010.52;6.74;295.02;0.068914;0;0;211.3728
01.05.2019;08:00;283.98;83.35;1010.37;7.12;293.19;0.028446;0;0;360.8455
01.05.2019;09:00;285.02;76.58;1010.07;7.38;290.34;0.007845;0;0;507.9692
01.05.2019;10:00;285.91;71.84;1009.72;7.67;286.57;0.004949;0;0;615.7825
01.05.2019;11:00;286.51;69.24;1009.29;8.07;284.17;0.006134;0;0;675.7633
01.05.2019;12:00;286.71;68.55;1008.84;8.55;283.61;0.008869;0;0;632.3947
01.05.2019;13:00;286.57;69.38;1008.48;9.04;284.41;0.008598;0;0;563.8878
01.05.2019;14:00;286.17;71.05;1008.18;9.45;285.84;0.009802;0;0;471.3058
01.05.2019;15:00;285.46;73.8;1007.87;9.69;286.47;0.010315;0;0;341.8397
01.05.2019;16:00;284.79;76;1007.51;9.75;285.72;0.007329;0;0;223.0109
01.05.2019;17:00;284.36;77;1007.11;9.74;284.33;0.004702;0;0;151.3685
01.05.2019;18:00;283.73;79.57;1006.74;9.39;281.85;0.006808;0;0;47.28
01.05.2019;19:00;283.01;83.53;1006.54;8.96;278.4;0.009657;0;0;3.5194
01.05.2019;20:00;282.51;85.55;1006.33;9.05;276.88;0.01265;0;0;0
01.05.2019;21:00;282.15;85.51;1005.91;9.43;277.54;0.024919;0;0;0
01.05.2019;22:00;281.79;85.34;1005.31;9.78;277.69;0.039248;0;0;0
01.05.2019;23:00;281.54;86.25;1004.73;9.72;276.21;0.048241;0;0;0
01.05.2019;24:00:00;281.36;88.02;1004;9.84;274.39;0.050846;0;0;0
02.05.2019;01:00;281.3;88.67;1003.14;10.13;273.7;0.043256;0;0;0
02.05.2019;02:00;281.38;88.71;1002.3;10.4;273.51;0.038739;0;0;0
02.05.2019;03:00;281.51;88.66;1001.54;10.62;273.76;0.045922;0;0;0
02.05.2019;04:00;281.6;88.82;1000.96;10.49;273.63;0.0529;0;0;0.46
02.05.2019;05:00;281.7;88.77;1000.65;10.42;273.26;0.057331;0;0;11.7271
02.05.2019;06:00;281.87;87.7;1000.44;10.48;272.86;0.073415;0;0;48.0344
02.05.2019;07:00;282.38;83.46;1000.3;11.11;274.83;0.074688;0;0;184.975
02.05.2019;08:00;283.19;76.94;1000.18;11.68;277.51;0.068591;0;0;359.2902
02.05.2019;09:00;283.9;71.84;1000.14;11.8;278.12;0.046291;0;0;374.8093
02.05.2019;10:00;284.34;69.59;1000.07;11.86;277.32;0.035464;0;0;376.4554
02.05.2019;11:00;284.41;70.02;999.91;11.8;275.33;0.042311;0;0;319.1677
02.05.2019;12:00;284.66;70.19;999.66;11.91;273.02;0.061007;0;0;336.7108
02.05.2019;13:00;285.03;69.09;999.32;12.21;272.37;0.091002;0;0;359.7227
02.05.2019;14:00;285.07;68.55;998.95;12.26;273.1;0.075131;0;0;305.1258
02.05.2019;15:00;284.82;69.57;998.71;11.92;274.4;0.065994;0;0;219.7869
02.05.2019;16:00;284.6;70.55;998.62;11.51;275.24;0.065226;0;0;184.5124
02.05.2019;17:00;284.12;72.17;998.64;10.94;276.05;0.080618;0;0;116.9718
02.05.2019;18:00;283.42;75.16;998.73;10.14;277.43;0.093636;0;0;74.4053
02.05.2019;19:00;282.36;79.2;999.09;9.22;279.6;0.050415;0;0;8.9993
02.05.2019;20:00;281.46;80.39;999.53;8.73;282.43;0.02645;0;0;0
02.05.2019;21:00;280.65;78.79;999.89;8.47;284.87;0.005165;0;0;0
02.05.2019;22:00;279.89;76.76;1000.13;8.43;286.96;0.000578;0;0;0
02.05.2019;23:00;279.23;74.8;1000.38;8.37;289.21;0.000205;0;0;0
02.05.2019;24:00:00;278.67;76.55;1000.46;7.77;288.04;0.00107;0;0;0
03.05.2019;01:00;278.47;78.86;1000.58;7.42;287.19;0.003266;0;0;0
03.05.2019;02:00;278.29;81.57;1000.82;6.92;287.76;0.004768;0;0;0
03.05.2019;03:00;277.91;84.88;1001.16;6.27;287.11;0.00498;0;0;0
03.05.2019;04:00;277.59;87.3;1001.65;5.85;285.44;0.004106;0;0;3.8943
03.05.2019;05:00;278.12;85.44;1002.18;5.89;283.29;0.007235;0;0;83.3758
03.05.2019;06:00;279.44;78.71;1002.67;6.2;284.21;0.00966;0;0;222.8656
03.05.2019;07:00;280.94;68.8;1003.05;6.58;288.28;0.017111;0;0;362.1471
03.05.2019;08:00;281.8;61.7;1003.4;6.72;285.59;0.015299;0;0;444.2017
03.05.2019;09:00;282.27;56.69;1003.67;7.12;282.89;0.014928;0;0;479.1299
03.05.2019;10:00;282.57;53.26;1003.81;7.6;282.07;0.00982;0;0;521.8494
03.05.2019;11:00;282.86;50.94;1003.86;8.02;282.4;0.004788;0;0;565.3156
03.05.2019;12:00;283.04;49.59;1003.84;8.39;283.39;0.003255;0;0;587.295
03.05.2019;13:00;282.99;49.37;1003.83;8.56;283.41;0.005543;0;0;543.7393
03.05.2019;14:00;282.83;50.34;1003.69;8.51;281.82;0.008064;0;0;464.9704
03.05.2019;15:00;282.61;52.17;1003.43;8.39;278.92;0.013511;0;0;360.1282
03.05.2019;16:00;282.3;54.03;1003.23;8.35;275.67;0.014108;0;0;233.4624
03.05.2019;17:00;281.88;56.34;1003.12;8.33;273.22;0.010283;0;0;132.537
03.05.2019;18:00;281.25;60.55;1003;7.91;270.92;0.012733;0;0;63.8318
03.05.2019;19:00;280.34;67.53;1003.04;7.12;266.75;0.026703;0;0;7.7387
03.05.2019;20:00;279.6;74.03;1003.1;6.72;261.1;0.040613;0;0;0
03.05.2019;21:00;279.2;77.93;1003.05;6.92;257.16;0.065388;0;0;0
03.05.2019;22:00;278.81;80.75;1002.89;7.3;256.99;0.053644;0;0;0
03.05.2019;23:00;278.42;81.56;1002.68;7.51;258.79;0.038667;0;0;0
03.05.2019;24:00:00;277.78;84.12;1002.27;7.03;257.53;0.032461;0;0;0
04.05.2019;01:00;277.31;85.76;1001.79;7.06;255.13;0.011765;0;0;0
04.05.2019;02:00;276.97;86.11;1001.33;7.33;254.36;0.008037;0;0;0
04.05.2019;03:00;276.55;88.5;1001.01;6.97;252.62;0.016485;0;0;0
04.05.2019;04:00;276.41;89.56;1000.83;7.01;251.08;0.018877;0;0;3.3418
04.05.2019;05:00;276.87;86.35;1000.86;7.63;253.92;0.017582;0;0;55.842
04.05.2019;06:00;277.71;80.21;1000.99;7.96;258.47;0.019858;0;0;173.9083
04.05.2019;07:00;278.82;68.92;1001.18;8.43;265.44;0.023704;0;0;295.8207
04.05.2019;08:00;279.62;61.76;1001.4;8.22;268.49;0.039052;0;0;387.9974
04.05.2019;09:00;280.29;57.83;1001.55;7.77;271.5;0.041117;0;0;471.9366
04.05.2019;10:00;280.68;56.41;1001.79;7.16;275.65;0.041072;0;0;490.2516
04.05.2019;11:00;281.07;55.96;1002.14;6.56;280.94;0.059332;0;0;506.1885
04.05.2019;12:00;281.39;56.32;1002.49;5.98;287.06;0.057357;0;0;482.2009
04.05.2019;13:00;281.61;57.03;1002.79;5.48;296.44;0.049038;0;0;441.2205
04.05.2019;14:00;281.82;57.06;1003.25;5.3;309.75;0.049967;0;0;413.4745
04.05.2019;15:00;281.81;57.14;1003.7;5.43;324.72;0.062906;0;0;343.7592
04.05.2019;16:00;281.53;57.83;1004.29;5.67;336.71;0.059194;0;0;265.0117
04.05.2019;17:00;280.99;59.89;1005.15;5.65;344.07;0.019338;0;0;163.4102
04.05.2019;18:00;280.31;63.89;1006.05;4.84;347.17;0.004516;0;0;80.1702
04.05.2019;19:00;278.79;74.08;1007.02;3.66;346.24;0.001382;0;0;11.2672
04.05.2019;20:00;277.84;77.74;1007.87;3.61;344.11;0.000946;0;0;0
04.05.2019;21:00;277.33;78.58;1008.48;3.65;340.42;0.000602;0;0;0
04.05.2019;22:00;276.89;79.06;1009;3.74;335.63;0.000559;0;0;0
04.05.2019;23:00;276.48;79.55;1009.36;3.81;330.49;0.0003;0;0;0
04.05.2019;24:00:00;276.1;80.01;1009.69;3.84;326.26;0.000302;0;0;0
05.05.2019;01:00;275.73;80.24;1009.95;3.8;322.55;0.000414;0;0;0
05.05.2019;02:00;275.43;80.06;1010.31;3.67;319.1;0.000263;0;0;0
05.05.2019;03:00;275.17;79.76;1010.72;3.47;313.61;0.000142;0;0;0
05.05.2019;04:00;275.02;80.02;1011.14;3.25;305.6;0.000016;0;0;6.1193
05.05.2019;05:00;276.27;78.4;1011.66;2.89;295.48;0.000004;0;0;96.3705
05.05.2019;06:00;278.77;67.36;1012.22;3.39;285.83;0.000012;0;0;247.3603
05.05.2019;07:00;280.52;56.31;1012.62;3.78;285.81;0.000136;0;0;407.9308
05.05.2019;08:00;281.47;51.11;1012.93;3.89;287.26;0.000222;0;0;524.2357
05.05.2019;09:00;282.26;47.95;1013.21;3.77;287.29;0.000079;0;0;621.0914
05.05.2019;10:00;283.11;45.25;1013.41;3.56;286.84;0.000036;0;0;707.5853
05.05.2019;11:00;283.94;43.49;1013.42;3.37;285.76;0.000039;0;0;778.6208
05.05.2019;12:00;284.54;42.89;1013.39;3.26;286.17;0.000077;0;0;778.7499
05.05.2019;13:00;284.96;42.78;1013.33;3.3;289.13;0.000084;0;0;740.7871
05.05.2019;14:00;285.13;43.04;1013.21;3.41;291.22;0.00013;0;0;651.3333
05.05.2019;15:00;285.04;43.75;1013.05;3.5;289.99;0.000125;0;0;526.1312
05.05.2019;16:00;284.77;44.94;1012.92;3.65;285.66;0.00008;0;0;389.8796
05.05.2019;17:00;284.28;47.23;1012.91;3.79;280.94;0.000062;0;0;251.8677
05.05.2019;18:00;283.12;57.9;1012.98;3.19;275.85;0.00006;0;0;110.4268
05.05.2019;19:00;281.23;69.46;1013.12;3.21;273.2;0.000503;0;0;12.9459
05.05.2019;20:00;280.68;72.58;1013.27;3.69;273.4;0.00046;0;0;0
05.05.2019;21:00;280.16;75.16;1013.38;4.33;277.42;0.000238;0;0;0
05.05.2019;22:00;279.42;78.91;1013.46;4.66;282.09;0.000163;0;0;0
05.05.2019;23:00;278.76;82.14;1013.48;4.73;284.23;0.000252;0;0;0
05.05.2019;24:00:00;278.04;85.36;1013.45;4.61;282.8;0.000568;0;0;0
06.05.2019;01:00;277.5;87.72;1013.44;4.58;277.63;0.001487;0;0;0
06.05.2019;02:00;277.09;91.05;1013.43;4.7;269.52;0.002649;0;0;0
06.05.2019;03:00;276.76;94.51;1013.4;4.95;261.01;0.002552;0;0;0
06.05.2019;04:00;276.75;95.2;1013.32;5.33;252.96;0.01196;0;0;5.7857
06.05.2019;05:00;277.5;90.8;1013.26;6.15;247.01;0.021373;0;0;69.084
06.05.2019;06:00;278.53;85.33;1013.21;6.7;244.49;0.039428;0;0;207.2077
06.05.2019;07:00;279.9;77.43;1013.09;7.58;246.99;0.063564;0;0;322.9484
06.05.2019;08:00;280.98;72.32;1012.88;8.09;250.31;0.075673;0;0;413.1357
06.05.2019;09:00;281.86;69.3;1012.75;8.23;253.89;0.072745;0;0;476.0297
06.05.2019;10:00;282.65;66.24;1012.66;8.26;257.39;0.090924;0;0;503.8355
06.05.2019;11:00;283.17;63.46;1012.59;8.26;260.94;0.089684;0;0;506.6407
06.05.2019;12:00;283.51;60.86;1012.55;8.3;264.64;0.054483;0;0;502.4414
06.05.2019;13:00;283.79;58.49;1012.47;8.36;267.97;0.046949;0;0;506.8442
06.05.2019;14:00;283.84;56.52;1012.37;8.41;270.46;0.027778;0;0;439.23
06.05.2019;15:00;283.8;54.08;1012.23;8.41;272.51;0.004797;0;0;360.9295
06.05.2019;16:00;283.62;52.15;1012.14;8.34;274.4;0.000532;0;0;292.2596
06.05.2019;17:00;283.14;51.75;1012.16;8.1;275.54;0.000061;0;0;202.7923
06.05.2019;18:00;282.28;54.36;1012.33;7.33;275.24;0.000028;0;0;97.5855
06.05.2019;19:00;280.85;62.14;1012.61;6.12;272.71;0.000025;0;0;14.426
06.05.2019;20:00;279.71;69.6;1012.96;5.54;268.54;0.000026;0;0;0
06.05.2019;21:00;279.24;73.33;1013.22;5.62;265.16;0.000053;0;0;0
06.05.2019;22:00;278.79;77.11;1013.44;5.63;262.46;0.001313;0;0;0
06.05.2019;23:00;278.47;79.44;1013.55;5.9;262.75;0.002628;0;0;0
06.05.2019;24:00:00;277.95;82.52;1013.58;5.91;264.67;0.001147;0;0;0
07.05.2019;01:00;277.37;86.44;1013.59;5.81;265.26;0.00049;0;0;0
07.05.2019;02:00;276.84;90.68;1013.63;5.75;264.95;0.000413;0;0;0
07.05.2019;03:00;276.67;91.85;1013.79;5.88;264.84;0.000933;0;0;0
07.05.2019;04:00;276.78;90.43;1013.96;6.07;265.36;0.001594;0;0;6.4088
07.05.2019;05:00;277.47;86.24;1014.14;6.33;265.47;0.004411;0;0;97.5599
07.05.2019;06:00;278.79;78.38;1014.29;6.78;265.84;0.008692;0;0;240.1606
07.05.2019;07:00;280.42;65.81;1014.4;7.68;272.78;0.010433;0;0;379.1266
07.05.2019;08:00;281.34;59.24;1014.39;7.72;274.31;0.013295;0;0;496.7755
07.05.2019;09:00;282.11;55.47;1014.35;7.55;274.78;0.009688;0;0;598.0148
07.05.2019;10:00;282.65;53.31;1014.41;7.32;274.45;0.006583;0;0;599.9063
07.05.2019;11:00;283.12;51.31;1014.47;7.09;273.71;0.003966;0;0;588.3252
07.05.2019;12:00;283.55;49.3;1014.54;6.91;273.3;0.002001;0;0;596.3696
07.05.2019;13:00;283.86;47.69;1014.51;6.66;273.21;0.001567;0;0;571.2368
07.05.2019;14:00;284.14;46.63;1014.44;6.31;273.9;0.001176;0;0;530.9149
07.05.2019;15:00;284.33;46.2;1014.2;5.86;274.82;0.000756;0;0;465.1714
07.05.2019;16:00;284.22;46.48;1013.9;5.38;274.99;0.00124;0;0;358.6641
07.05.2019;17:00;283.73;48.14;1013.76;4.75;275.92;0.002078;0;0;217.6131
07.05.2019;18:00;282.59;59.13;1013.79;3.17;278.54;0.000126;0;0;89.0376
07.05.2019;19:00;280.86;70.95;1013.95;2.59;284.1;0.000056;0;0;13.1592
07.05.2019;20:00;280.47;68.64;1014.1;2.02;285.36;0.000031;0;0;0
07.05.2019;21:00;280.7;64.11;1014.11;1.18;272.65;0.000014;0;0;0
07.05.2019;22:00;280.31;63.86;1014.01;0.79;200.7;0.000005;0;0;0
07.05.2019;23:00;278.85;71.27;1013.7;1.72;161.57;0.000002;0;0;0
07.05.2019;24:00:00;277.68;77.55;1013.32;2.76;157.13;0.000001;0;0;0
08.05.2019;01:00;277.26;80.29;1012.93;3.52;160.83;0.000001;0;0;0
08.05.2019;02:00;277.28;80.08;1012.53;3.95;168.04;0.000005;0;0;0
08.05.2019;03:00;277.19;80.02;1012.16;4.26;174.79;0.000007;0;0;0
08.05.2019;04:00;277.04;80.96;1011.69;4.42;178.16;0.000001;0;0;8.07
08.05.2019;05:00;278.17;76.44;1011.18;4.94;177.87;0;0;0;92.71
08.05.2019;06:00;279.58;70.56;1010.89;5.11;174.46;0;0;0;232.3951
08.05.2019;07:00;281.94;61.32;1010.76;5.14;172.5;0;0;0;383.0433
08.05.2019;08:00;284.37;51.43;1010.12;6.4;173.16;0.000076;0;0;534.507
08.05.2019;09:00;285.53;48.67;1009.18;6.7;167.34;0.001158;0;0;667.5262
08.05.2019;10:00;286.34;47.53;1008.36;6.75;163.35;0.000732;0;0;721.039
08.05.2019;11:00;286.9;46.73;1007.57;6.71;160.65;0.000437;0;0;683.6912
08.05.2019;12:00;287.24;46.18;1006.6;6.61;158.06;0.000519;0;0;576.7285
08.05.2019;13:00;287.12;47.32;1005.62;6.33;154.33;0.003494;0;0;373.6137
08.05.2019;14:00;286.74;50.63;1004.77;5.89;149.05;0.016244;0;0;207.2334
08.05.2019;15:00;286.46;54.82;1004.04;5.51;142.76;0.038107;0;0;158.8056
08.05.2019;16:00;286.26;58.28;1003.3;5.42;136.89;0.039142;0;0;137.0067
08.05.2019;17:00;286.11;60.21;1002.53;5.57;129.86;0.020773;0;0;125.4928
08.05.2019;18:00;285.59;61.66;1001.56;5.97;124.97;0.004239;0;0;59.7703
08.05.2019;19:00;285.07;62.03;1000.72;6.89;126.27;0.00134;0;0;8.4482
08.05.2019;20:00;284.65;63.24;1000.11;7.59;131.41;0.001883;0;0;0
08.05.2019;21:00;284.22;65.87;999.68;7.67;137.64;0.005916;0;0;0
08.05.2019;22:00;283.88;68.78;999.12;7.42;142.17;0.008034;0;0;0
08.05.2019;23:00;283.64;71.63;998.34;7.17;144.66;0.009918;0;0;0
08.05.2019;24:00:00;283.36;75.07;997.5;6.99;147.98;0.05459;0;0;0
09.05.2019;01:00;283.09;79.56;996.87;6.8;151.59;0.287293;0;0;0
09.05.2019;02:00;282.88;84.4;996.39;6.4;152.17;0.466185;0;0;0
09.05.2019;03:00;282.83;87.59;995.98;6.25;150.63;0.460285;0;0;0
09.05.2019;04:00;282.79;90.12;995.71;6.1;152.27;0.429588;0;0;1.6914
09.05.2019;05:00;282.79;92.04;995.6;5.59;154.95;0.431182;0;0;17.655
09.05.2019;06:00;283.04;92.56;995.81;5.1;162.19;0.590664;0;0;44.215
09.05.2019;07:00;283.39;92.46;996.12;4.41;170.06;0.469384;0;0;70.4608
09.05.2019;08:00;283.99;90.46;996.39;3.59;187.41;0.18849;0;0;130.2754
09.05.2019;09:00;284.82;85.8;996.8;3.07;208.56;0.067542;0;0;229.8562
09.05.2019;10:00;285.72;79.54;997.23;2.77;226.58;0.046706;0;0;334.8651
09.05.2019;11:00;286.56;72.52;997.62;2.52;239.57;0.033076;0;0;396.7663
09.05.2019;12:00;287.25;66.13;997.87;2.12;247.18;0.022286;0;0;412.6381
09.05.2019;13:00;287.75;61.52;998.09;1.52;252.63;0.012255;0;0;390.294
09.05.2019;14:00;288.26;58.33;998.34;0.82;242.9;0.027158;0;0;413.3078
09.05.2019;15:00;288.5;56.67;998.61;0.59;192.86;0.021631;0;0;407.5009
09.05.2019;16:00;288.28;56.69;998.82;0.99;152.78;0.004085;0;0;311.0332
09.05.2019;17:00;287.7;60.17;999.02;1.45;137.47;0.000894;0;0;185.7668
09.05.2019;18:00;286.41;75.01;999.29;1.56;127.81;0.000645;0;0;87.2118
09.05.2019;19:00;284.34;81.81;999.53;2.17;126.02;0.00025;0;0;16.5498
09.05.2019;20:00;283.1;85.01;999.75;2.57;129.02;0.000111;0;0;0
09.05.2019;21:00;282.47;87.65;999.84;2.75;134.17;0.000078;0;0;0
09.05.2019;22:00;281.94;89.47;999.97;2.77;140.98;0.000036;0;0;0
09.05.2019;23:00;281.47;91.42;1000.12;2.85;149.88;0.000024;0;0;0
09.05.2019;24:00:00;281.03;93.3;1000.33;2.91;158.4;0.000017;0;0;0
10.05.2019;01:00;280.6;95.18;1000.65;2.94;167.11;0.000013;0;0;0
10.05.2019;02:00;280.21;96.94;1000.9;2.88;174.76;0.000009;0;0;0
10.05.2019;03:00;279.92;98.26;1001.13;2.7;182.31;0.000006;0;0;0
10.05.2019;04:00;279.79;98.64;1001.29;2.47;188.78;0.000006;0;0;10.9151
10.05.2019;05:00;281.09;91.94;1001.51;2.1;194.71;0.000013;0;0;104.9174
10.05.2019;06:00;282.69;83.76;1001.85;2.34;198.27;0.000614;0;0;245.3359
10.05.2019;07:00;284.43;77.99;1002.19;1.89;193.32;0.017757;0;0;387.7126
10.05.2019;08:00;286.87;67.36;1002.44;2.2;204.7;0.056019;0;0;504.9654
10.05.2019;09:00;287.87;65.02;1002.6;2.6;218.61;0.127192;0;0;580.6196
10.05.2019;10:00;288.38;64.71;1002.86;3.06;230.89;0.172105;0;0;624.1268
10.05.2019;11:00;288.33;65.86;1003.24;3.5;240.34;0.22107;0;0;521.1699
10.05.2019;12:00;287.7;69.34;1003.67;3.76;249.77;0.252246;0;0;331.8158
10.05.2019;13:00;287.35;72.28;1004.13;4.09;258.87;0.350755;0;0;304.9565
10.05.2019;14:00;286.92;74.54;1004.66;4.36;266.98;0.3384;0;0;256.1249
10.05.2019;15:00;286.25;77.77;1005.25;4.56;276.07;0.350673;0;0;174.102
10.05.2019;16:00;285.79;79.62;1005.88;5.01;285.16;0.297611;0;0;179.3148
10.05.2019;17:00;285.12;81.35;1006.61;5.16;291.26;0.178209;0;0;110.7783
10.05.2019;18:00;284.33;84.41;1007.37;4.68;292.96;0.100288;0;0;66.2628
10.05.2019;19:00;283;88.58;1008.18;3.89;290.66;0.035041;0;0;17.7191
10.05.2019;20:00;281.66;91.67;1008.92;3.65;286.15;0.010807;0;0;0
10.05.2019;21:00;280.89;92.74;1009.55;3.77;282.82;0.002455;0;0;0
10.05.2019;22:00;280.25;93.82;1010.02;3.84;282.09;0.000638;0;0;0
10.05.2019;23:00;279.76;94.87;1010.36;3.89;284.47;0.000293;0;0;0
10.05.2019;24:00:00;279.29;96.23;1010.61;3.83;288.83;0.00022;0;0;0
11.05.2019;01:00;278.79;97.3;1010.61;3.7;296.37;0.000094;0;0;0
11.05.2019;02:00;278.33;98.15;1010.67;3.57;304.7;0.000037;0;0;0
11.05.2019;03:00;277.98;98.4;1010.8;3.5;309.03;0.00002;0;0;0
11.05.2019;04:00;277.87;97.34;1011.2;3.46;310.89;0.000011;0;0;13.0249
11.05.2019;05:00;279.63;90.04;1011.36;3.12;321.8;0.000011;0;0;112.9667
11.05.2019;06:00;281.42;80.91;1011.55;3.68;335.79;0.000051;0;0;259.6109
11.05.2019;07:00;282.49;72.43;1011.71;3.19;341.32;0.000016;0;0;401.6964
11.05.2019;08:00;283.5;65.39;1011.8;2.67;335.98;0.000008;0;0;567.4373
11.05.2019;09:00;284.46;59.39;1011.83;2.48;330.85;0.000004;0;0;695.5911
11.05.2019;10:00;285.31;54.74;1012;2.53;326.17;0.000002;0;0;785.4272
11.05.2019;11:00;286.05;51.12;1012.13;2.87;328.13;0.000001;0;0;833.8671
11.05.2019;12:00;286.53;48.1;1012.05;3.5;333.52;0;0;0;818.6277
11.05.2019;13:00;286.55;46.18;1012.05;4.1;339.01;0;0;0;699.022
11.05.2019;14:00;286.24;45.31;1012.2;4.37;342.73;0.000001;0;0;551.9819
11.05.2019;15:00;285.75;45.58;1012.58;4.41;345.95;0.000001;0;0;403.1827
11.05.2019;16:00;285.12;47.17;1013.1;4.25;348.69;0.000002;0;0;256.9966
11.05.2019;17:00;284.47;50.59;1013.6;3.72;349.19;0.000001;0;0;141.9484
11.05.2019;18:00;283.63;63.84;1014.13;2.38;343.4;0.000001;0;0;65.0259
11.05.2019;19:00;282.49;72.97;1014.85;2.34;332.64;0;0;0;13.4431
11.05.2019;20:00;281.84;74.81;1015.56;2.73;330.52;0;0;0;0
11.05.2019;21:00;281.54;76.8;1016.14;3.22;335.13;0;0;0;0
11.05.2019;22:00;281.34;78.18;1016.72;3.77;340.05;0;0;0;0
11.05.2019;23:00;281.19;80.21;1017.52;4.13;341.44;0;0;0;0
11.05.2019;24:00:00;280.73;83.93;1018.18;4.24;338.15;0;0;0;0
12.05.2019;01:00;280.22;87.6;1018.73;4.34;331.88;0;0;0;0
12.05.2019;02:00;279.74;89.86;1019.25;4.55;325.48;0;0;0;0
12.05.2019;03:00;279.35;90.11;1019.94;4.85;320.9;0;0;0;0
12.05.2019;04:00;279.04;90.26;1020.6;4.91;315.96;0;0;0;10.6066
12.05.2019;05:00;279.84;85.73;1021.33;5.54;311.7;0;0;0;97.1411
12.05.2019;06:00;281.14;78.08;1022.08;6.34;314.41;0;0;0;262.62
12.05.2019;07:00;282.5;68.96;1022.82;6.72;318.26;0;0;0;427.6247
12.05.2019;08:00;283.72;61.06;1023.44;6.82;319.83;0.000001;0;0;579.0856
12.05.2019;09:00;284.71;55.22;1024.12;7.05;320.24;0.000001;0;0;701.363
12.05.2019;10:00;285.46;51.67;1024.8;7.15;319.53;0.000001;0;0;794.764
12.05.2019;11:00;286.07;49.61;1025.46;7.13;317.91;0.000002;0;0;849.4335
12.05.2019;12:00;286.52;48.62;1025.99;7.12;316.99;0.000004;0;0;852.0544
12.05.2019;13:00;286.8;48.06;1026.3;7.06;317.28;0.000011;0;0;813.811
12.05.2019;14:00;286.87;48.49;1026.66;6.92;318.37;0.00001;0;0;731.7701
12.05.2019;15:00;286.72;48.86;1027.1;6.73;319.25;0.00002;0;0;607.7235
12.05.2019;16:00;286.4;49.92;1027.77;6.55;320.24;0.000041;0;0;461.0369
12.05.2019;17:00;285.85;52.28;1028.24;6.31;322.85;0.000025;0;0;303.9946
12.05.2019;18:00;284.95;57.91;1028.57;5.13;326.23;0.000001;0;0;151.393
12.05.2019;19:00;282.66;73.61;1029.14;3.4;328.36;0.000001;0;0;30.6214
12.05.2019;20:00;281.09;81.1;1029.73;3.37;329.51;0.000001;0;0;0
12.05.2019;21:00;280.5;83.89;1030.04;3.32;330.26;0.000007;0;0;0
12.05.2019;22:00;280;86.34;1030.4;3.26;329.37;0.000017;0;0;0
12.05.2019;23:00;279.55;89.32;1030.88;3.28;328.76;0.000007;0;0;0
12.05.2019;24:00:00;279.07;93.42;1031.23;3.37;327.8;0.000001;0;0;0
13.05.2019;01:00;278.57;97.78;1031.4;3.42;327.91;0;0;0;0
13.05.2019;02:00;278.1;100.46;1031.57;3.48;329.29;0;0;0;0
13.05.2019;03:00;277.73;102.56;1031.87;3.57;329.22;0;0;0;0
13.05.2019;04:00;277.62;103.92;1032.17;3.56;324.8;0.000009;0;0;16.4505
13.05.2019;05:00;279.58;92.59;1032.53;3.5;316.68;0.000406;0;0;123.6589
13.05.2019;06:00;281.59;80.6;1032.88;4.24;308.92;0.00431;0;0;275.1052
13.05.2019;07:00;283.26;64.67;1033.07;4.5;306.88;0.002352;0;0;418.0886
13.05.2019;08:00;284.54;53.54;1033.02;5.08;309.38;0.000486;0;0;544.4294
13.05.2019;09:00;285.43;48.63;1032.93;5.6;313.42;0.000047;0;0;660.0305
13.05.2019;10:00;286.09;46.33;1032.94;6.1;318.04;0.000147;0;0;752.1594
13.05.2019;11:00;286.53;45.19;1033.01;6.47;322.11;0.000232;0;0;803.2297
13.05.2019;12:00;286.76;44.63;1032.96;6.68;324.62;0.00055;0;0;801.1707
13.05.2019;13:00;286.8;44.49;1032.81;6.67;326.53;0.000362;0;0;752.8543
13.05.2019;14:00;286.66;44.51;1032.48;6.59;328.89;0.000729;0;0;662.3822
13.05.2019;15:00;286.34;44.85;1032.14;6.48;331.89;0.001819;0;0;539.0275
13.05.2019;16:00;285.82;46;1031.97;6.27;335.8;0.001669;0;0;401.264
13.05.2019;17:00;285.1;48.53;1031.83;5.89;340.26;0.001579;0;0;257.6514
13.05.2019;18:00;284.12;54.39;1031.89;4.91;345.42;0.000258;0;0;130.452
13.05.2019;19:00;282.07;70.19;1032.14;3.49;350.77;0.000103;0;0;28.343
13.05.2019;20:00;280.61;79.12;1032.51;3.45;357.22;0.000448;0;0;0
13.05.2019;21:00;280.09;82.8;1032.7;3.47;5.77;0.000522;0;0;0
13.05.2019;22:00;279.7;85.84;1032.81;3.54;15.91;0.001822;0;0;0
13.05.2019;23:00;279.33;88.96;1032.98;3.56;27.43;0.000913;0;0;0
13.05.2019;24:00:00;278.91;91.87;1033.15;3.58;39.82;0.000075;0;0;0
14.05.2019;01:00;278.48;93.64;1033.25;3.58;48.46;0.00024;0;0;0
14.05.2019;02:00;278.08;93.72;1033.32;3.6;50.81;0.000006;0;0;0
14.05.2019;03:00;277.76;93.24;1033.4;3.73;48.37;0.000018;0;0;0
14.05.2019;04:00;277.8;91.34;1033.43;3.94;45.17;0.000111;0;0;17.8647
14.05.2019;05:00;279.75;81.81;1033.53;4.31;43.61;0.000303;0;0;127.1846
14.05.2019;06:00;281.5;71.16;1033.75;5.53;45.57;0.001539;0;0;279.3216
14.05.2019;07:00;282.61;60.99;1034.04;6.23;49.73;0.000537;0;0;438.0161
14.05.2019;08:00;283.47;52.41;1034.09;6.6;53.84;0.000069;0;0;580.2175
14.05.2019;09:00;284.19;46.25;1033.95;6.77;55.73;0.000003;0;0;706.2218
14.05.2019;10:00;284.73;43.26;1033.81;6.75;53.32;0;0;0;806.1843
14.05.2019;11:00;284.97;42.51;1033.45;6.64;48.68;0.000001;0;0;849.7836
14.05.2019;12:00;285.03;42.69;1033;6.45;45.17;0.000001;0;0;848.2531
14.05.2019;13:00;285.01;42.94;1032.44;6.19;42.74;0.000001;0;0;813.395
14.05.2019;14:00;284.89;43.15;1031.85;5.95;38.44;0.000001;0;0;733.0272
14.05.2019;15:00;284.66;43.45;1031.32;5.71;34.23;0;0;0;615.8313
14.05.2019;16:00;284.27;44.17;1030.89;5.4;32.68;0;0;0;475.8312
14.05.2019;17:00;283.72;45.61;1030.52;4.81;33.93;0.000001;0;0;318.5567
14.05.2019;18:00;282.92;49.19;1030.26;3.67;35.96;0;0;0;161.7858
14.05.2019;19:00;280.88;65.24;1030.06;2.22;36.97;0;0;0;35.7685
14.05.2019;20:00;279.68;67.5;1029.93;2.06;37.95;0;0;0;0.0001
14.05.2019;21:00;279.4;67.57;1029.76;1.86;32.57;0;0;0;0
14.05.2019;22:00;279.29;67.09;1029.55;1.86;24.52;0;0;0;0
14.05.2019;23:00;278.98;68.49;1029.35;2.03;16.83;0;0;0;0
14.05.2019;24:00:00;278.53;71.14;1029.02;2.27;10.72;0;0;0;0
15.05.2019;01:00;278.12;74.31;1028.54;2.6;6.44;0;0;0;0
15.05.2019;02:00;277.66;78.42;1028.05;2.95;4.45;0;0;0;0
15.05.2019;03:00;277.33;83.26;1027.58;3.27;6.12;0;0;0;0
15.05.2019;04:00;277.41;87.62;1027.27;3.45;12.36;0;0;0;20.037
15.05.2019;05:00;279.55;82.64;1027.18;3.18;23.39;0;0;0;127.7475
15.05.2019;06:00;282.02;69.11;1027.19;4.26;33.55;0;0;0;276.2798
15.05.2019;07:00;283.35;56.31;1027.24;5.18;42.42;0.000003;0;0;431.743
15.05.2019;08:00;284.21;49.63;1027.13;6.22;43.77;0.000004;0;0;564.0024
15.05.2019;09:00;284.55;46.97;1026.88;7;43.06;0.000001;0;0;615.1166
15.05.2019;10:00;284.59;45.87;1026.58;7.5;42.67;0.000001;0;0;644.249
15.05.2019;11:00;284.47;45.08;1026.2;7.89;42.65;0.000001;0;0;644.34
15.05.2019;12:00;284.28;44.53;1025.86;8.14;42.66;0.000002;0;0;611.0033
15.05.2019;13:00;284.16;44.46;1025.46;8.27;42.69;0.000002;0;0;599.1119
15.05.2019;14:00;284.1;45.37;1024.95;8.33;43;0.000002;0;0;575.4755
15.05.2019;15:00;283.98;47.48;1024.48;8.33;43.76;0.000005;0;0;513.3764
15.05.2019;16:00;283.75;49.71;1024.13;8.25;45.02;0.000011;0;0;394.7393
15.05.2019;17:00;283.37;51.26;1023.89;7.98;45.65;0.000016;0;0;263.7378
15.05.2019;18:00;282.73;54.13;1023.8;7.27;44.39;0.000016;0;0;137.4997
15.05.2019;19:00;281.69;62.64;1023.83;6.19;40.79;0.000013;0;0;31.4723
15.05.2019;20:00;280.89;70.9;1023.72;6.12;38.6;0.000003;0;0;0.0029
15.05.2019;21:00;280.79;74.48;1023.33;6.41;36.86;0.000001;0;0;0
15.05.2019;22:00;280.94;74.98;1022.68;6.73;34.08;0.000019;0;0;0
15.05.2019;23:00;281.44;72.93;1022.01;7.15;29.95;0.000264;0;0;0
15.05.2019;24:00:00;281.63;73.12;1021.32;7.31;28.18;0.006426;0;0;0
16.05.2019;01:00;281.63;75.37;1020.64;7.5;27.27;0.038983;0;0;0
16.05.2019;02:00;281.56;78.87;1020.07;7.51;26.73;0.155208;0;0;0
16.05.2019;03:00;281.53;81.4;1019.52;7.55;27.15;0.236448;0;0;0
16.05.2019;04:00;281.42;84.64;1019.02;7.74;27.71;0.270503;0;0;6.4606
16.05.2019;05:00;281.5;86.49;1018.63;8.11;28.66;0.283453;0;0;38.774
16.05.2019;06:00;281.79;86.85;1018.27;8.43;30.62;0.20013;0;0;86.7139
16.05.2019;07:00;282.32;85.6;1017.88;8.87;33.81;0.17766;0;0;160.8161
16.05.2019;08:00;283.01;82.78;1017.45;9.49;38.51;0.562531;0;0;232.6692
16.05.2019;09:00;283.5;81.19;1017.02;9.77;43.63;1.337359;0;0;263.827
16.05.2019;10:00;283.67;81.24;1016.66;9.61;47.92;0.800907;0;0;270.8899
16.05.2019;11:00;284.21;79.57;1016.12;9.65;52.23;0.056882;0;0;359.5066
16.05.2019;12:00;285.39;75.97;1015.73;9.86;56.33;0.003337;0;0;490.1919
16.05.2019;13:00;285.99;74.67;1015.41;10.1;58.05;0.009415;0;0;461.4297
16.05.2019;14:00;286.02;74.11;1015.1;10.32;58.52;0.032578;0;0;408.9878
16.05.2019;15:00;285.59;74.38;1014.94;10.45;59.26;0.071775;0;0;315.085
16.05.2019;16:00;284.76;76.84;1014.81;10.23;59.95;0.144449;0;0;177.4494
16.05.2019;17:00;283.82;80.5;1014.71;9.63;59.16;0.171783;0;0;86.4025
16.05.2019;18:00;283.17;84.12;1014.69;8.98;57.85;0.168763;0;0;38.7308
16.05.2019;19:00;282.69;87.42;1014.64;8.54;57.08;0.295802;0;0;12.1845
16.05.2019;20:00;282.33;90.14;1014.54;8.09;56.9;0.402769;0;0;0.002
16.05.2019;21:00;282.19;91.73;1014.18;7.47;57.69;0.393898;0;0;0
16.05.2019;22:00;282.18;92.8;1013.68;6.48;59.34;0.263294;0;0;0
16.05.2019;23:00;282.33;93.4;1013.24;5.85;70.5;0.154226;0;0;0
16.05.2019;24:00:00;282.37;94.36;1012.8;4.85;81.64;0.122257;0;0;0
17.05.2019;01:00;282.32;95.05;1012.4;3.7;84.75;0.104414;0;0;0
17.05.2019;02:00;282.34;95.15;1012.09;3.06;82.83;0.090895;0;0;0
17.05.2019;03:00;282.38;95.05;1011.9;2.76;80.33;0.098093;0;0;0
17.05.2019;04:00;282.47;94.83;1011.76;2.46;79.14;0.123224;0;0;5.5266
17.05.2019;05:00;282.93;94.1;1011.63;2.26;76.23;0.141739;0;0;30.7163
17.05.2019;06:00;283.29;92.91;1011.48;2.28;71.97;0.182607;0;0;70.9337
17.05.2019;07:00;284;91.63;1011.33;2.17;74.81;0.226549;0;0;134.5778
17.05.2019;08:00;285.17;88.83;1011.08;2.1;84.24;0.179341;0;0;246.2203
17.05.2019;09:00;286.32;85.54;1010.81;2.16;89.52;0.102147;0;0;346.245
17.05.2019;10:00;287.06;82.67;1010.49;2.1;88.29;0.087231;0;0;390.8537
17.05.2019;11:00;287.62;80.22;1010.15;1.84;81.81;0.088867;0;0;419.7247
17.05.2019;12:00;288.37;76.75;1009.8;1.59;72.16;0.065997;0;0;506.2956
17.05.2019;13:00;288.96;73.16;1009.53;1.58;65.88;0.038032;0;0;513.6774
17.05.2019;14:00;289.51;69.98;1009.36;1.66;66.14;0.021982;0;0;559.5988
17.05.2019;15:00;289.86;67.38;1009.27;1.82;71.25;0.012175;0;0;516.3193
17.05.2019;16:00;289.77;66.67;1009.12;2.3;74.49;0.008529;0;0;392.4164
17.05.2019;17:00;289.04;69.77;1008.92;3.03;72.01;0.008529;0;0;205.9326
17.05.2019;18:00;287.7;77.11;1008.93;3.74;67.75;0.01076;0;0;105.0334
17.05.2019;19:00;286.06;84.89;1009.08;3.93;71.8;0.009643;0;0;26.0002
17.05.2019;20:00;284.88;89.92;1009.36;4.06;79.36;0.008819;0;0;0.0303
17.05.2019;21:00;284.48;91.54;1009.42;3.97;87.56;0.011729;0;0;0
17.05.2019;22:00;284.38;92.28;1009.39;3.52;97.69;0.008066;0;0;0
17.05.2019;23:00;284.19;93.55;1009.4;3.25;108.62;0.005052;0;0;0
17.05.2019;24:00:00;283.79;96.39;1009.43;3.16;119.25;0.003702;0;0;0
18.05.2019;01:00;283.33;99.61;1009.44;3.18;127.3;0.00106;0;0;0
18.05.2019;02:00;282.92;102.71;1009.4;3.22;130.67;0.000579;0;0;0
18.05.2019;03:00;282.55;105.73;1009.36;3.25;127.78;0.01009;0;0;0
18.05.2019;04:00;282.65;104.37;1009.28;3.27;121.83;0.019253;0;0;20.9994
18.05.2019;05:00;284.36;94.06;1009.28;3.97;113.17;0.014037;0;0;123.1676
18.05.2019;06:00;285.61;89.1;1009.32;4.08;102.37;0.002535;0;0;267.9423
18.05.2019;07:00;287.53;80.78;1009.29;4.4;98.81;0.001877;0;0;421.7969
18.05.2019;08:00;289.17;73.27;1009.15;5.14;97.39;0.002993;0;0;565.8166
18.05.2019;09:00;290.38;68.09;1008.84;5.63;97.46;0.027143;0;0;685.7567
18.05.2019;10:00;291.28;65.02;1008.47;5.93;96.2;0.0706;0;0;770.7625
18.05.2019;11:00;291.91;63.34;1008.2;6.21;94.76;0.08218;0;0;791.1776
18.05.2019;12:00;292.21;62.76;1007.96;6.25;92.55;0.092136;0;0;737.8585
18.05.2019;13:00;292.15;63.08;1007.74;6.08;89.78;0.09352;0;0;588.7774
18.05.2019;14:00;291.94;64.58;1007.51;5.9;84.7;0.077384;0;0;503.3753
18.05.2019;15:00;291.71;66.68;1007.22;5.9;79.61;0.100418;0;0;462.2937
18.05.2019;16:00;291.35;68.77;1006.94;5.89;77.37;0.078306;0;0;396.4384
18.05.2019;17:00;290.57;72.15;1006.8;5.83;72.72;0.017247;0;0;262.21
18.05.2019;18:00;289.23;78.67;1006.88;5.85;67.92;0.006115;0;0;132.7452
18.05.2019;19:00;287.68;86.16;1007.03;5.82;69.01;0.010633;0;0;33.8608
18.05.2019;20:00;286.46;91.88;1007.1;5.56;74.79;0.012896;0;0;0.071
18.05.2019;21:00;285.85;95.37;1007.04;4.92;83.15;0.020953;0;0;0
18.05.2019;22:00;285.38;98.83;1006.92;4.08;92.86;0.016713;0;0;0
18.05.2019;23:00;284.98;101.83;1006.82;3.55;101.89;0.013234;0;0;0
18.05.2019;24:00:00;284.61;103.91;1006.57;3.21;107.96;0.012034;0;0;0
19.05.2019;01:00;284.32;104.54;1006.41;3.02;110.39;0.009649;0;0;0
19.05.2019;02:00;284.14;103.87;1006.38;2.93;106.8;0.008836;0;0;0
19.05.2019;03:00;283.99;102.78;1006.46;3.06;101.71;0.008891;0;0;0
19.05.2019;04:00;284.11;100;1006.57;3.24;99.61;0.01252;0;0;21.0418
19.05.2019;05:00;285.57;91.2;1006.68;3.72;98.78;0.011622;0;0;122.7544
19.05.2019;06:00;286.5;86.81;1006.67;3.85;94.25;0.006896;0;0;277.4745
19.05.2019;07:00;287.86;82.68;1006.65;3.79;86.4;0.003682;0;0;432.9521
19.05.2019;08:00;289.85;73.06;1006.58;4.45;85.16;0.002583;0;0;572.0134
19.05.2019;09:00;291.5;65.43;1006.42;5.09;86.1;0.004286;0;0;687.2716
19.05.2019;10:00;292.48;62.75;1006.16;5.36;84.21;0.02036;0;0;763.3502
19.05.2019;11:00;293.01;61.65;1005.98;5.44;79.89;0.045655;0;0;801.3528
19.05.2019;12:00;293.14;61.47;1005.89;5.5;73.96;0.050512;0;0;792.7999
19.05.2019;13:00;292.96;61.97;1005.83;5.66;68.4;0.044687;0;0;723.4258
19.05.2019;14:00;292.6;63.36;1005.74;5.8;64.11;0.03366;0;0;632.3893
19.05.2019;15:00;292.07;65.66;1005.58;5.76;61.4;0.01793;0;0;526.1238
19.05.2019;16:00;291.35;69.01;1005.34;5.66;59.23;0.014053;0;0;405.6262
19.05.2019;17:00;290.3;74.16;1005.24;5.5;56.15;0.014211;0;0;269.5892
19.05.2019;18:00;288.93;80.94;1005.19;5.27;52.51;0.015121;0;0;138.6844
19.05.2019;19:00;287.31;88.22;1005.21;4.83;49.37;0.014179;0;0;36.0089
19.05.2019;20:00;285.96;93.33;1005.23;4.53;49.44;0.030672;0;0;0.1296
19.05.2019;21:00;285.45;94.39;1005.07;4.29;53.36;0.031106;0;0;0
19.05.2019;22:00;285.24;95.39;1004.82;3.77;59.72;0.021285;0;0;0
19.05.2019;23:00;285.05;97.37;1004.55;3.31;65.29;0.01993;0;0;0
19.05.2019;24:00:00;284.93;99.12;1004.24;3.08;68.99;0.018978;0;0;0
20.05.2019;01:00;284.84;100.42;1004.01;2.92;71.42;0.016466;0;0;0
20.05.2019;02:00;284.76;101.26;1003.92;2.8;73.68;0.016589;0;0;0
20.05.2019;03:00;284.69;101.7;1004.02;2.71;77.69;0.020265;0;0;0
20.05.2019;04:00;284.94;100.4;1004;2.62;80.27;0.026401;0;0;23.3867
20.05.2019;05:00;286.67;95.31;1003.82;2.79;76.58;0.023346;0;0;116.7758
20.05.2019;06:00;287.52;93.36;1003.63;3.16;65.82;0.021457;0;0;188.6159
20.05.2019;07:00;288.36;91.75;1003.67;3.29;56.59;0.013056;0;0;287.4393
20.05.2019;08:00;290.02;84.15;1003.85;3.97;61.5;0.014719;0;0;481.3228
20.05.2019;09:00;291.56;75.97;1003.92;4.59;65.88;0.107205;0;0;626.727
20.05.2019;10:00;292.32;72.19;1003.79;4.87;63.51;0.107835;0;0;653.1741
20.05.2019;11:00;292.23;71.78;1003.61;5.08;56.11;0.065167;0;0;527.7992
20.05.2019;12:00;291.62;73.73;1003.53;5.48;49.83;0.022233;0;0;392.5677
20.05.2019;13:00;291.21;75.48;1003.41;5.99;46.12;0.033348;0;0;398.6965
20.05.2019;14:00;290.75;77.16;1003.22;6.25;43.87;0.112412;0;0;357.4996
20.05.2019;15:00;289.6;81.72;1002.94;6.24;40.47;0.214771;0;0;189.961
20.05.2019;16:00;288.36;87.06;1002.56;6.27;35.18;0.103514;0;0;108.7905
20.05.2019;17:00;287.48;90.19;1002.26;6.29;32.15;0.044794;0;0;83.6545
20.05.2019;18:00;286.85;92.05;1002.03;6.17;31.61;0.085596;0;0;48.1161
20.05.2019;19:00;286.28;93.04;1001.87;5.98;30.77;0.151857;0;0;13.2657
20.05.2019;20:00;285.83;93.77;1001.72;5.88;33.39;0.181597;0;0;0.0729
20.05.2019;21:00;285.65;94.07;1001.52;5.5;41.82;0.190035;0;0;0
20.05.2019;22:00;285.63;94.18;1001.45;4.63;53.11;0.191526;0;0;0
20.05.2019;23:00;285.72;94.82;1001.62;3.43;63.65;0.099675;0;0;0
20.05.2019;24:00:00;285.47;96.11;1001.74;2.67;73.96;0.060559;0;0;0
21.05.2019;01:00;285.39;96.21;1001.87;2.15;82.64;0.027028;0;0;0
21.05.2019;02:00;285.48;95.89;1002.11;1.53;94.74;0.015457;0;0;0
21.05.2019;03:00;285.46;95.75;1002.23;1.07;106.88;0.013903;0;0;0
21.05.2019;04:00;285.66;94.87;1002.31;0.73;120.93;0.013442;0;0;22.6193
21.05.2019;05:00;286.4;93.56;1002.47;0.53;153.34;0.009629;0;0;112.9597
21.05.2019;06:00;287.16;92.28;1002.85;0.65;193.68;0.008728;0;0;230.5837
21.05.2019;07:00;288.57;87.27;1003.23;0.75;218.65;0.003205;0;0;395.4265
21.05.2019;08:00;290.79;74.46;1003.6;1.05;214.68;0.000332;0;0;565.2318
21.05.2019;09:00;292.29;65.79;1003.71;1.27;216.47;0.000207;0;0;687.8317
21.05.2019;10:00;293.33;60.56;1003.78;1.42;223.7;0.000338;0;0;775.022
21.05.2019;11:00;294.04;58.1;1003.78;1.44;233.99;0.000722;0;0;819.4405
21.05.2019;12:00;294.51;56.86;1003.74;1.41;248.99;0.002192;0;0;815.0411
21.05.2019;13:00;294.72;56.46;1003.8;1.37;268.42;0.005414;0;0;779.6627
21.05.2019;14:00;294.64;56.79;1003.83;1.34;290.54;0.00687;0;0;682.3018
21.05.2019;15:00;294.33;57.74;1003.98;1.31;315.73;0.011791;0;0;563.1959
21.05.2019;16:00;293.62;59.8;1004.16;1.42;347.7;0.006051;0;0;379.7994
21.05.2019;17:00;292.57;64.04;1004.4;1.83;17.02;0.002211;0;0;223.1073
21.05.2019;18:00;291.13;71.64;1004.77;2.1;35.97;0.001079;0;0;119.9145
21.05.2019;19:00;289.16;82.03;1005.28;1.97;46.84;0.004292;0;0;33.0537
21.05.2019;20:00;287.37;87.86;1005.84;1.79;53.78;0.003733;0;0;0.2754
21.05.2019;21:00;286.47;89.61;1006.25;1.62;58.92;0.002808;0;0;0
21.05.2019;22:00;285.91;90.81;1006.47;1.01;55.78;0.004834;0;0;0
21.05.2019;23:00;285.7;90.91;1006.59;0.52;16.43;0.003552;0;0;0
21.05.2019;24:00:00;285.37;92.83;1006.54;0.85;312.02;0.003525;0;0;0
22.05.2019;01:00;285.06;95.02;1006.48;1.36;300.39;0.006382;0;0;0
22.05.2019;02:00;284.83;96.8;1006.45;1.77;297.12;0.011646;0;0;0
22.05.2019;03:00;284.64;98.07;1006.5;2.23;294.11;0.020899;0;0;0.0003
22.05.2019;04:00;284.91;95.82;1006.73;2.9;290.65;0.041681;0;0;18.4764
22.05.2019;05:00;285.52;92.16;1007;3.95;287.9;0.046861;0;0;81.4601
22.05.2019;06:00;286.07;89.62;1007.48;4.55;289.32;0.05567;0;0;167.5972
22.05.2019;07:00;286.82;86.41;1007.97;5.17;292.41;0.058266;0;0;288.0134
22.05.2019;08:00;287.57;83.18;1008.45;5.72;295.17;0.063804;0;0;412.7396
22.05.2019;09:00;288.18;80.27;1008.77;6.21;297.89;0.063921;0;0;494.4665
22.05.2019;10:00;288.54;78.4;1009.05;6.62;300.44;0.06172;0;0;553.3924
22.05.2019;11:00;288.67;77.61;1009.34;7.06;302.38;0.074828;0;0;586.975
22.05.2019;12:00;288.8;76.63;1009.67;7.58;303.7;0.064541;0;0;613.7275
22.05.2019;13:00;288.43;77.13;1010.05;8.19;304.04;0.07533;0;0;504.3858
22.05.2019;14:00;287.69;78.67;1010.44;8.82;303.97;0.06937;0;0;387.7769
22.05.2019;15:00;286.86;80.52;1010.76;9.26;304.1;0.062853;0;0;267.3284
22.05.2019;16:00;286.39;80.96;1011.08;9.41;304.88;0.036771;0;0;194.9729
22.05.2019;17:00;286.24;79.95;1011.38;9.37;306.48;0.02071;0;0;142.2751
22.05.2019;18:00;286.03;79.37;1011.76;8.93;308.15;0.012037;0;0;85.5567
22.05.2019;19:00;285.54;80.91;1012.23;7.97;308.01;0.006929;0;0;30.3023
22.05.2019;20:00;284.9;83.56;1012.77;7.32;306.98;0.006348;0;0;0.3897
22.05.2019;21:00;284.47;85.07;1013.19;7.06;305.22;0.005627;0;0;0
22.05.2019;22:00;284.11;86.17;1013.51;6.89;304.3;0.002979;0;0;0
22.05.2019;23:00;283.77;87.25;1013.75;6.78;303.75;0.000889;0;0;0
22.05.2019;24:00:00;283.53;87.41;1013.92;6.92;305.94;0.000362;0;0;0
23.05.2019;01:00;283;90.92;1014.17;6.36;302.86;0.000705;0;0;0
23.05.2019;02:00;282.52;93.72;1014.47;6.05;301.94;0.006079;0;0;0
23.05.2019;03:00;282.13;95.3;1014.72;5.82;302.3;0.011329;0;0;0.0016
23.05.2019;04:00;282.06;95;1014.96;5.65;301.23;0.013293;0;0;27.7822
23.05.2019;05:00;282.85;90.11;1015.17;5.9;299.95;0.006137;0;0;125.9708
23.05.2019;06:00;283.99;81.56;1015.53;6.18;303.78;0.000047;0;0;278.9229
23.05.2019;07:00;285.19;70.71;1015.89;6.1;304.55;0.000003;0;0;430.9717
23.05.2019;08:00;286.26;62.44;1016.15;5.89;304.03;0.000001;0;0;569.3619
23.05.2019;09:00;287.19;56.8;1016.22;5.71;302.6;0;0;0;669.2065
23.05.2019;10:00;287.98;53.51;1016.26;5.5;302.13;0;0;0;725.4722
23.05.2019;11:00;288.6;51.91;1016.18;5.26;303.43;0;0;0;722.9061
23.05.2019;12:00;289.04;51.39;1016.02;4.98;305.58;0;0;0;685.7043
23.05.2019;13:00;289.42;51.47;1015.75;4.62;307.18;0;0;0;658.4584
23.05.2019;14:00;289.73;51.97;1015.44;4.24;307.66;0;0;0;627.2146
23.05.2019;15:00;289.89;52.86;1015.14;3.84;307.74;0;0;0;570.9725
23.05.2019;16:00;289.79;54.07;1014.88;3.4;308.17;0.000001;0;0;455.2337
23.05.2019;17:00;289.41;56.1;1014.72;2.75;307.32;0.000002;0;0;284.2498
23.05.2019;18:00;288.75;62.87;1014.69;1.6;302.32;0.000002;0;0;133.8134
23.05.2019;19:00;287.88;68.46;1014.66;0.55;267.81;0.000002;0;0;37.3427
23.05.2019;20:00;286.77;69.63;1014.68;1.11;175.66;0.000003;0;0;0.5252
23.05.2019;21:00;285.49;76.68;1014.65;2.11;172.03;0.000003;0;0;0
23.05.2019;22:00;284.73;78.8;1014.44;2.83;176.79;0.000002;0;0;0
23.05.2019;23:00;284.29;78.95;1014.13;3.43;182.53;0.000002;0;0;0
23.05.2019;24:00:00;284.06;78.52;1013.7;4.02;188.32;0.000001;0;0;0
24.05.2019;01:00;283.95;77.8;1013.25;4.62;193.84;0.000001;0;0;0
24.05.2019;02:00;283.73;77.8;1012.85;4.99;198.72;0;0;0;0
24.05.2019;03:00;283.42;78.18;1012.58;5.23;203.2;0;0;0;0.0051
24.05.2019;04:00;283.39;77.36;1012.38;5.45;206.68;0;0;0;29.6551
24.05.2019;05:00;284.23;72.96;1012.29;5.65;208.62;0;0;0;123.9782
24.05.2019;06:00;285.37;68.73;1012.18;5.16;208.15;0;0;0;216.1345
24.05.2019;07:00;286.98;64;1012.08;4.94;210.54;0;0;0;311.5746
24.05.2019;08:00;288.65;58.15;1011.75;5.25;220.75;0;0;0;428.5692
24.05.2019;09:00;289.77;55.83;1011.4;5.21;229.63;0;0;0;521.1678
24.05.2019;10:00;290.56;54.63;1011.03;5.16;235.4;0;0;0;588.7566
24.05.2019;11:00;291.33;53.54;1010.67;5.17;239.61;0;0;0;683.3245
24.05.2019;12:00;292.14;52.29;1010.29;5.28;243.8;0.000002;0;0;783.8644
24.05.2019;13:00;292.68;51.44;1009.83;5.43;248.32;0.000037;0;0;769.5664
24.05.2019;14:00;292.87;51.32;1009.36;5.65;252.88;0.000311;0;0;666.8846
24.05.2019;15:00;292.89;51.96;1008.87;5.89;256.93;0.000832;0;0;542.3065
24.05.2019;16:00;292.34;54.91;1008.4;5.69;262.55;0.000836;0;0;301.9861
24.05.2019;17:00;291.44;61.13;1008.1;5.08;273.14;0.002174;0;0;172.1691
24.05.2019;18:00;290.19;66.94;1008.13;5.04;286.82;0.001667;0;0;105.4761
24.05.2019;19:00;288.45;72.01;1008.62;5.21;298.39;0.001626;0;0;38.6635
24.05.2019;20:00;286.33;79.21;1009.28;4.57;302.26;0.000404;0;0;0.8276
24.05.2019;21:00;285.04;83.84;1009.68;4.18;297.99;0.000235;0;0;0
24.05.2019;22:00;284.29;86.78;1009.79;4.06;291;0.000497;0;0;0
24.05.2019;23:00;284.05;87.33;1009.79;4.3;287.29;0.001702;0;0;0
24.05.2019;24:00:00;283.88;86.77;1009.76;4.59;286.48;0.004576;0;0;0
25.05.2019;01:00;283.69;85.31;1009.65;4.86;287.07;0.005965;0;0;0
25.05.2019;02:00;283.52;83.58;1009.66;5.15;286.91;0.008762;0;0;0
25.05.2019;03:00;283.51;80.84;1009.77;5.43;287.09;0.01056;0;0;0.0037
25.05.2019;04:00;283.49;78.87;1010.09;5.38;287.06;0.00985;0;0;11.2389
25.05.2019;05:00;283.73;75.48;1010.45;5.67;288.71;0.00689;0;0;46.1138
25.05.2019;06:00;284.19;70.7;1010.8;5.97;289.05;0.003408;0;0;159.9992
25.05.2019;07:00;284.85;67.11;1011.08;5.96;286.58;0.002812;0;0;301.1987
25.05.2019;08:00;285.47;64.77;1011.38;5.96;283.38;0.002777;0;0;374.0558
25.05.2019;09:00;286.22;63.17;1011.62;6.04;280.69;0.003371;0;0;494.8506
25.05.2019;10:00;286.88;62.63;1011.86;6.2;278.17;0.00409;0;0;594.9403
25.05.2019;11:00;287.35;62.57;1012.03;6.36;276.54;0.002651;0;0;624.2407
25.05.2019;12:00;288.05;61.32;1012;6.45;276.49;0.001997;0;0;703.3923
25.05.2019;13:00;288.53;60.75;1011.85;6.45;277.58;0.001873;0;0;658.5565
25.05.2019;14:00;288.69;61.22;1011.7;6.43;279.05;0.001174;0;0;557.4927
25.05.2019;15:00;288.69;61.76;1011.56;6.42;280.04;0.000779;0;0;472.1939
25.05.2019;16:00;288.5;62.66;1011.52;6.4;280.88;0.000886;0;0;355.6849
25.05.2019;17:00;288.06;64.22;1011.5;6.31;281.66;0.001466;0;0;233.576
25.05.2019;18:00;287.38;67.04;1011.55;5.96;281.05;0.002921;0;0;98.3686
25.05.2019;19:00;286.6;71;1011.75;5.49;278.59;0.004109;0;0;25.0835
25.05.2019;20:00;285.8;75.24;1012.11;5.35;275.99;0.004416;0;0;0.5352
25.05.2019;21:00;285.36;77.55;1012.21;5.68;274.78;0.004002;0;0;0
25.05.2019;22:00;284.93;79.18;1012.14;5.82;274.51;0.001935;0;0;0
25.05.2019;23:00;284.04;82.3;1011.96;5.61;273.45;0.000903;0;0;0
25.05.2019;24:00:00;283.39;84.01;1011.75;5.75;271.74;0.002794;0;0;0
26.05.2019;01:00;283.19;83.6;1011.61;6.05;269.06;0.003956;0;0;0
26.05.2019;02:00;282.92;84.72;1011.4;6.01;263.88;0.002844;0;0;0
26.05.2019;03:00;282.42;88.25;1011.16;5.69;256.27;0.003088;0;0;0.0211
26.05.2019;04:00;282.13;90.56;1010.85;5.73;247.8;0.003718;0;0;19.9224
26.05.2019;05:00;282.54;88.21;1010.45;6;239.63;0.001876;0;0;56.4773
26.05.2019;06:00;283.14;84.41;1009.97;6.32;233;0.000528;0;0;90.5094
26.05.2019;07:00;283.99;78.67;1009.52;7.18;229.54;0.000729;0;0;152.827
26.05.2019;08:00;285.26;71.87;1008.99;8.07;229.42;0.00494;0;0;237.2858
26.05.2019;09:00;286.78;66.5;1008.28;8.77;232;0.016011;0;0;322.0831
26.05.2019;10:00;288.14;63.69;1007.5;9.32;235.53;0.031864;0;0;396.5742
26.05.2019;11:00;288.91;62.4;1006.74;9.73;238.76;0.103303;0;0;374.835
26.05.2019;12:00;288.96;63.74;1006.19;9.79;242.56;0.275949;0;0;285.9211
26.05.2019;13:00;288.65;67.56;1005.81;9.32;246.9;0.489794;0;0;215.7917
26.05.2019;14:00;288.34;72.77;1005.69;8.43;250.35;0.562058;0;0;169.043
26.05.2019;15:00;288.34;77.46;1005.46;7.25;251.16;0.43384;0;0;134.235
26.05.2019;16:00;288.52;81.07;1005.09;5.96;250.59;0.347696;0;0;101.673
26.05.2019;17:00;288.62;84.23;1004.72;4.94;248.96;0.397413;0;0;70.6819
26.05.2019;18:00;288.54;87.02;1004.38;4.44;245.12;0.505074;0;0;40.7514
26.05.2019;19:00;288.19;89.77;1004.17;4.15;238.38;0.487788;0;0;13.5112
26.05.2019;20:00;287.98;91.05;1004.06;4.54;233.25;0.528523;0;0;0.2759
26.05.2019;21:00;287.92;91.22;1003.84;5.28;231.21;0.658299;0;0;0
26.05.2019;22:00;287.82;91.41;1003.59;6.07;231.79;0.610178;0;0;0
26.05.2019;23:00;287.58;92.39;1003.3;6.23;228.77;0.534442;0;0;0
26.05.2019;24:00:00;287.5;92.43;1002.94;6.79;226.08;0.785921;0;0;0
27.05.2019;01:00;287.62;91.49;1002.5;7.56;230.98;0.969673;0;0;0
27.05.2019;02:00;287.5;91.86;1002;7.58;232.58;0.602191;0;0;0
27.05.2019;03:00;287.37;92.05;1001.7;7.49;236.99;0.381128;0;0;0.0105
27.05.2019;04:00;287.2;92.27;1001.79;7.19;245.2;0.670658;0;0;11.5208
27.05.2019;05:00;287.1;92.26;1002.13;6.55;253.09;0.644419;0;0;50.9301
27.05.2019;06:00;287.18;90.98;1002.61;6.16;256.4;0.472914;0;0;109.0647
27.05.2019;07:00;287.61;85.14;1003.08;6.73;261.18;0.158719;0;0;288.4108
27.05.2019;08:00;288.53;73.58;1003.52;7.54;265.24;0.034762;0;0;547.6231
27.05.2019;09:00;289.48;62.92;1003.78;8.02;265.88;0.005418;0;0;680.9199
27.05.2019;10:00;290.16;57.68;1004.04;8;265.7;0.002467;0;0;760.2449
27.05.2019;11:00;290.86;54.25;1004.2;7.8;265.11;0.000553;0;0;853.068
27.05.2019;12:00;291.37;52;1004.26;7.45;264.92;0.000152;0;0;856.5411
27.05.2019;13:00;291.65;50.87;1004.24;7.02;265.64;0.000072;0;0;826.9401
27.05.2019;14:00;291.69;50.73;1004.34;6.58;265.87;0.000057;0;0;735.5383
27.05.2019;15:00;291.5;51.27;1004.52;6.15;265.77;0.000157;0;0;602.4044
27.05.2019;16:00;291.15;52.43;1004.31;5.57;269.45;0.000678;0;0;458.9924
27.05.2019;17:00;290.55;55.37;1004.05;4.7;277.57;0.001117;0;0;297.2742
27.05.2019;18:00;289.57;63.36;1004.05;3.26;290.76;0.000159;0;0;162.3399
27.05.2019;19:00;287.67;77.41;1004.2;2.16;306.64;0.00011;0;0;56.8369
27.05.2019;20:00;285.86;82.35;1004.5;1.97;319.76;0.000069;0;0;1.529
27.05.2019;21:00;285.26;82.96;1004.69;1.48;332.23;0.000062;0;0;0
27.05.2019;22:00;285.43;82.32;1004.67;0.77;344.19;0.00005;0;0;0
27.05.2019;23:00;285.39;81.99;1004.49;0.14;62.07;0.000045;0;0;0
27.05.2019;24:00:00;285.27;82.17;1004.23;0.55;156.51;0.000039;0;0;0
28.05.2019;01:00;285.08;82.84;1004.1;0.9;187.84;0.000027;0;0;0
28.05.2019;02:00;284.86;84.22;1003.98;1.23;223.02;0.000027;0;0;0
28.05.2019;03:00;284.28;87.66;1003.86;1.67;248.85;0.000039;0;0;0.056
28.05.2019;04:00;284.1;89.61;1003.78;2.08;266.37;0.000114;0;0;21.2736
28.05.2019;05:00;285.03;86.63;1003.76;2.61;279.65;0.000309;0;0;79.0754
28.05.2019;06:00;285.77;80.57;1003.82;3.37;289.3;0.000722;0;0;156.7137
28.05.2019;07:00;286.55;72.93;1003.91;3.89;295.92;0.001546;0;0;253.7541
28.05.2019;08:00;287.04;68.77;1004.01;4.08;297.23;0.003111;0;0;341.5533
28.05.2019;09:00;287.39;65.68;1004.11;4.21;300.18;0.002832;0;0;408.8364
28.05.2019;10:00;287.71;63.32;1004.31;4.37;306.36;0.002896;0;0;484.2806
28.05.2019;11:00;288.03;61.44;1004.6;4.57;312.19;0.005799;0;0;555.4838
28.05.2019;12:00;288.18;59.87;1005.01;4.82;318.1;0.003079;0;0;560.239
28.05.2019;13:00;288.05;58.66;1005.43;5.07;323;0.001532;0;0;477.4657
28.05.2019;14:00;287.7;57.67;1005.85;5.28;325.71;0.00156;0;0;380.0325
28.05.2019;15:00;287.28;56.79;1006.25;5.34;327.09;0.000902;0;0;302.5709
28.05.2019;16:00;286.94;56.05;1006.67;5.25;325.6;0.000305;0;0;257.5433
28.05.2019;17:00;286.64;55.92;1007.11;5.08;321.9;0.000085;0;0;209.9241
28.05.2019;18:00;286.17;57.84;1007.55;4.7;317.59;0.00003;0;0;128.9449
28.05.2019;19:00;285.02;66.62;1008.06;3.71;311.8;0.000023;0;0;48.8802
28.05.2019;20:00;283.53;75.62;1008.69;3.71;307.24;0.000023;0;0;1.7763
28.05.2019;21:00;283.06;78.51;1009.3;4.09;306.22;0.00002;0;0;0
28.05.2019;22:00;283.01;79.13;1009.73;4.62;309.33;0.000017;0;0;0
28.05.2019;23:00;282.84;80.05;1010.14;5.24;314.55;0.000018;0;0;0
28.05.2019;24:00:00;282.64;80.96;1010.66;5.75;318.12;0.000023;0;0;0
29.05.2019;01:00;282.33;80.68;1011.3;6.18;320.28;0.000033;0;0;0
29.05.2019;02:00;281.95;78.63;1012.19;6.47;321.94;0.000047;0;0;0
29.05.2019;03:00;281.39;78.11;1013.1;6.01;321.14;0.000054;0;0;0.1346
29.05.2019;04:00;281.23;76.24;1014.04;5.78;320.5;0.000051;0;0;31.3924
29.05.2019;05:00;281.87;71.17;1014.92;5.87;320.79;0.000042;0;0;121.9594
29.05.2019;06:00;282.8;63.37;1015.68;6.23;321.61;0.000031;0;0;268.4868
29.05.2019;07:00;283.59;58.39;1016.43;6;319.91;0.000022;0;0;426.4427
29.05.2019;08:00;284.48;54.88;1017.09;5.75;317.5;0.00002;0;0;604.9207
29.05.2019;09:00;285.34;52.06;1017.65;5.55;315.24;0.000021;0;0;742.9376
29.05.2019;10:00;286.09;49.69;1018.23;5.36;313.27;0.000017;0;0;837.7567
29.05.2019;11:00;286.68;47.77;1018.77;5.22;312.57;0.000015;0;0;884.1935
29.05.2019;12:00;287.05;46.59;1019.24;5.16;312.58;0.000013;0;0;886.8349
29.05.2019;13:00;287.26;45.95;1019.57;5.09;312.82;0.000011;0;0;847.7819
29.05.2019;14:00;287.31;45.53;1019.76;4.85;313.61;0.000008;0;0;770.2267
29.05.2019;15:00;287.19;45.33;1020.05;4.39;315.37;0.000006;0;0;654.6483
29.05.2019;16:00;286.89;45.51;1020.36;3.86;316.63;0.000006;0;0;513.202
29.05.2019;17:00;286.4;46.29;1020.64;3.26;317.33;0.000005;0;0;358.0377
29.05.2019;18:00;285.69;48.58;1020.95;2.48;318.55;0.000005;0;0;203.2625
29.05.2019;19:00;284.13;64.14;1021.32;1.52;322.03;0.000008;0;0;69.5288
29.05.2019;20:00;282.98;62.02;1021.89;1.15;332.78;0.000016;0;0;2.3722
29.05.2019;21:00;282.62;61.05;1022.2;0.41;351.96;0.000021;0;0;0
29.05.2019;22:00;282.45;60;1022.38;0.49;143.9;0.000016;0;0;0
29.05.2019;23:00;281.61;63.76;1022.48;1.3;159.25;0.000009;0;0;0
29.05.2019;24:00:00;280.81;67.87;1022.38;2.1;164.77;0.000005;0;0;0
30.05.2019;01:00;280.05;72.56;1022.18;2.8;169.72;0.000002;0;0;0
30.05.2019;02:00;279.63;75.86;1022.11;3.36;174.14;0.000001;0;0;0
30.05.2019;03:00;279.4;78.14;1022.1;3.8;178.3;0;0;0;0.2307
30.05.2019;04:00;279.92;77.51;1022.12;4.34;179.08;0;0;0;44.1501
30.05.2019;05:00;281.4;71.44;1022.03;5.48;176.71;0;0;0;161.928
30.05.2019;06:00;283.12;64.98;1021.95;5.67;174.74;0;0;0;311.378
30.05.2019;07:00;285.83;54.96;1021.8;6.46;178.2;0;0;0;470.2881
30.05.2019;08:00;288.03;49.96;1021.43;7.1;184.41;0;0;0;611.2252
30.05.2019;09:00;289.52;48.07;1020.92;7.38;187.76;0.000012;0;0;720.1796
30.05.2019;10:00;290.57;46.65;1020.31;7.63;190.98;0.00008;0;0;747.8998
30.05.2019;11:00;291.35;45.89;1019.72;7.78;196.9;0.000479;0;0;696.745
30.05.2019;12:00;291.9;46.32;1019.04;7.84;204.99;0.0022;0;0;580.9109
30.05.2019;13:00;292.17;48.27;1018.47;7.86;215.61;0.009485;0;0;473.4709
30.05.2019;14:00;291.91;52.71;1018.28;7.83;229.05;0.034817;0;0;360.3293
30.05.2019;15:00;291.24;58.75;1018.38;7.61;239.73;0.019948;0;0;270.5638
30.05.2019;16:00;290.77;63.59;1018.36;7.22;242.87;0.004446;0;0;276.576
30.05.2019;17:00;290.51;67.02;1018.23;6.64;241.77;0.00199;0;0;252.3537
30.05.2019;18:00;290.04;71.57;1018.23;5.54;239.31;0.002697;0;0;157.4677
30.05.2019;19:00;288.77;80.35;1018.37;3.95;232.77;0.004817;0;0;50.1686
30.05.2019;20:00;287.8;84.88;1018.67;4.1;227.1;0.014084;0;0;1.5269
30.05.2019;21:00;287.75;85.61;1018.9;4.8;230.71;0.034354;0;0;0
30.05.2019;22:00;287.54;88.17;1019.02;4.96;233.91;0.021275;0;0;0
30.05.2019;23:00;287.31;90.83;1019.02;4.95;235.4;0.01191;0;0;0
30.05.2019;24:00:00;287.29;92.32;1018.81;5.12;240.14;0.008454;0;0;0
31.05.2019;01:00;287.15;93.93;1018.51;4.96;242.61;0.008649;0;0;0
31.05.2019;02:00;287.2;94.1;1018.17;4.99;244.41;0.008941;0;0;0
31.05.2019;03:00;287.21;94.29;1018.03;5.11;245.81;0.012317;0;0;0.1515
31.05.2019;04:00;287.38;93.7;1018;5.35;244.39;0.017443;0;0;19.9102
31.05.2019;05:00;287.78;92.34;1018;5.54;239.09;0.011672;0;0;70.6436
31.05.2019;06:00;288.49;89.73;1018.14;5.89;236.57;0.01877;0;0;147.9338
31.05.2019;07:00;289.25;86.17;1018.34;6.2;238.39;0.050666;0;0;198.884
31.05.2019;08:00;289.79;83.95;1018.34;6.61;246.26;0.067801;0;0;245.0897
31.05.2019;09:00;290.68;80.67;1018.34;6.99;256.91;0.080374;0;0;396.187
31.05.2019;10:00;291.95;74.82;1018.46;7.28;267.34;0.190381;0;0;612.3186
31.05.2019;11:00;292.65;71.23;1018.58;7.37;277.15;0.248435;0;0;653.254
31.05.2019;12:00;292.83;69.57;1018.7;7.17;286.17;0.19796;0;0;614.1855
31.05.2019;13:00;292.88;68.96;1018.97;6.81;294.11;0.206965;0;0;622.1486
31.05.2019;14:00;292.69;69.51;1019.22;6.19;301.07;0.222817;0;0;565.0511
31.05.2019;15:00;292.2;71.34;1019.44;5.32;306.36;0.152582;0;0;418.8364
31.05.2019;16:00;291.69;73.58;1019.52;4.46;310.91;0.090737;0;0;324.2281
31.05.2019;17:00;291.22;75.33;1019.54;3.58;310.19;0.025487;0;0;231.5582
31.05.2019;18:00;290.68;78.18;1019.61;2.61;305.47;0.007482;0;0;131.94
31.05.2019;19:00;289.59;86.85;1019.75;1.39;296.79;0.003976;0;0;48.0501
31.05.2019;20:00;288.41;88.51;1019.95;1.25;278.75;0.001541;0;0;2.4285
31.05.2019;21:00;287.81;91.42;1019.98;1.28;250.73;0.000883;0;0;0
31.05.2019;22:00;287.37;94.42;1019.95;1.59;235.42;0.000535;0;0;0
31.05.2019;23:00;286.97;97.29;1019.99;1.9;230.64;0.001677;0;0;0
31.05.2019;24:00:00;286.72;98.85;1019.94;2.17;231.45;0.008596;0;0;0
01.06.2019;01:00;286.41;100.42;1019.89;2.41;233.98;0.011244;0;0;0
01.06.2019;02:00;286.02;102.35;1019.82;2.61;236.19;0.012299;0;0;0
01.06.2019;03:00;285.84;103.05;1019.84;2.78;237.35;0.012023;0;0;0.2958
01.06.2019;04:00;286.32;99.74;1019.85;2.79;236.53;0.011718;0;0;29.8056
01.06.2019;05:00;287.88;92.86;1019.76;3.18;233.55;0.008466;0;0;104.5381
01.06.2019;06:00;288.88;89.19;1019.59;3.38;229.43;0.003105;0;0;190.6581
01.06.2019;07:00;290.4;80.89;1019.27;3.67;230.83;0.002604;0;0;324.5868
01.06.2019;08:00;291.9;72.33;1018.89;4.44;240.41;0.008727;0;0;518.6954
01.06.2019;09:00;292.97;66.47;1018.53;5.15;247.74;0.00709;0;0;651.6776
01.06.2019;10:00;293.75;62.87;1018.2;5.45;250.04;0.002512;0;0;725.0139
01.06.2019;11:00;294.44;60.24;1017.86;5.59;251.3;0.004824;0;0;765.6599
01.06.2019;12:00;294.93;58.47;1017.66;5.92;256.8;0.012956;0;0;762.8816
01.06.2019;13:00;295.15;57.88;1017.46;6.16;263.46;0.026121;0;0;706.1459
01.06.2019;14:00;295.3;58.24;1017.12;6.21;268.77;0.021834;0;0;676.6331
01.06.2019;15:00;295.2;59.27;1016.79;6.22;274.7;0.012776;0;0;580.0746
01.06.2019;16:00;294.82;60.86;1016.56;6.25;281.85;0.007982;0;0;443.9713
01.06.2019;17:00;293.97;63.82;1016.51;5.99;291.68;0.001923;0;0;261.0894
01.06.2019;18:00;292.53;69.5;1016.66;5.15;304.68;0.001209;0;0;116.2282
01.06.2019;19:00;290.76;75.91;1017.11;4.41;313.97;0.000289;0;0;36.5637
01.06.2019;20:00;288.91;81.15;1017.7;3.63;316.6;0.000031;0;0;2.488
01.06.2019;21:00;287.35;84.63;1017.88;2.94;315.18;0.000008;0;0;0
01.06.2019;22:00;286.35;86.49;1017.86;2.71;312.07;0.000004;0;0;0
01.06.2019;23:00;285.67;87.84;1017.94;2.64;309.57;0.000001;0;0;0
01.06.2019;24:00:00;285.25;88.8;1017.88;2.49;308.52;0;0;0;0
02.06.2019;01:00;284.98;89.25;1017.73;2.24;308.33;0.000001;0;0;0
02.06.2019;02:00;284.93;88.88;1017.62;1.9;308.05;0.000002;0;0;0
02.06.2019;03:00;284.92;88.69;1017.67;1.56;305.93;0.000005;0;0;0.4279
02.06.2019;04:00;285.16;88.13;1017.77;1.17;303.28;0.000001;0;0;43.8839
02.06.2019;05:00;286.23;83.2;1017.91;0.71;303.71;0;0;0;166.1836
02.06.2019;06:00;287.65;71.58;1018.02;0.19;273.85;0;0;0;309.5601
02.06.2019;07:00;288.94;65.68;1018.11;0.46;160.62;0;0;0;451.3064
02.06.2019;08:00;290.4;59.85;1018.1;0.9;152.74;0;0;0;600.9595
02.06.2019;09:00;292.23;54.31;1017.81;1.2;168.25;0;0;0;723.892
02.06.2019;10:00;293.85;52.45;1017.4;1.43;172.39;0.000001;0;0;786.613
02.06.2019;11:00;295.02;52.64;1016.85;1.71;166.38;0.00004;0;0;806.9564
02.06.2019;12:00;296;53.2;1016.23;2.04;160.78;0.000197;0;0;826.9485
02.06.2019;13:00;296.73;53.42;1015.47;2.4;156.75;0.000346;0;0;798.8055
02.06.2019;14:00;297.18;53.44;1014.66;2.72;153.47;0.0004;0;0;716.6724
02.06.2019;15:00;297.39;53.61;1013.92;2.93;149.13;0.000095;0;0;589.6349
02.06.2019;16:00;297.22;55.34;1013.27;3.04;138.71;0;0;0;391.9755
02.06.2019;17:00;296.53;60.41;1012.73;3.29;124.83;0.000002;0;0;208.7392
02.06.2019;18:00;295.26;70.26;1012.41;3.5;116.46;0.000001;0;0;134.8855
02.06.2019;19:00;293.48;72.85;1012.28;3.95;119.21;0;0;0;62.5912
02.06.2019;20:00;292.13;73.19;1012.34;4.32;126.8;0;0;0;3.2892
02.06.2019;21:00;291.88;73.65;1012.19;4.44;137.18;0;0;0;0
02.06.2019;22:00;291.81;74.25;1011.88;4.56;151.53;0;0;0;0
02.06.2019;23:00;291.63;74.6;1011.6;4.79;166.3;0;0;0;0
02.06.2019;24:00:00;291.34;75.27;1011.37;5.11;175.21;0;0;0;0
03.06.2019;01:00;290.94;76.74;1011.18;5.52;178.07;0;0;0;0
03.06.2019;02:00;290.35;79.2;1011.05;5.73;179.72;0;0;0;0
03.06.2019;03:00;289.75;81.62;1010.94;5.72;180.25;0;0;0;0.5772
03.06.2019;04:00;289.67;82.01;1010.9;5.8;179.71;0;0;0;49.0819
03.06.2019;05:00;290.47;79.22;1010.82;5.91;177.66;0;0;0;167.6535
03.06.2019;06:00;291.97;74.63;1010.77;5.65;174.95;0;0;0;314.0466
03.06.2019;07:00;294.07;69.69;1010.74;5.41;175.06;0;0;0;467.3112
03.06.2019;08:00;296.49;63.26;1010.78;5.47;186.48;0.000001;0;0;607.6384
03.06.2019;09:00;298.34;56.34;1010.87;5.59;206.68;0.000015;0;0;723.2449
03.06.2019;10:00;299.38;52.04;1010.86;5.17;217.76;0.000023;0;0;804.3566
03.06.2019;11:00;300.3;48.49;1010.57;4.68;214.46;0.000073;0;0;849.0462
03.06.2019;12:00;301.14;45.2;1010.07;4.59;202.02;0.000022;0;0;852.5724
03.06.2019;13:00;301.67;42.63;1009.48;4.93;192.98;0.000033;0;0;813.129
03.06.2019;14:00;301.75;41.78;1009.1;5.29;198.27;0.002357;0;0;732.2255
03.06.2019;15:00;300.99;46.05;1009;4.47;218.03;0.010518;0;0;546.7793
03.06.2019;16:00;299.38;54.38;1009.11;3.86;257.58;0.016181;0;0;360.9599
03.06.2019;17:00;297.24;63.31;1009.5;4.41;294.57;0.004109;0;0;263.2896
03.06.2019;18:00;294.99;71.38;1010.28;4.96;308.6;0.012659;0;0;135.4923
03.06.2019;19:00;292.77;79.52;1011.12;5.02;314.47;0.007806;0;0;37.7939
03.06.2019;20:00;291.23;85.19;1011.75;4.49;323.65;0.006333;0;0;1.6115
03.06.2019;21:00;290.44;87.92;1012.01;3.54;332.85;0.005685;0;0;0
03.06.2019;22:00;289.93;89.71;1012.01;2.76;342.59;0.002976;0;0;0
03.06.2019;23:00;289.55;91.2;1012.03;2.46;346.17;0.000724;0;0;0
03.06.2019;24:00:00;289.24;92.34;1012.04;2.64;345.7;0.000843;0;0;0
04.06.2019;01:00;289.01;93.17;1012.16;3.04;344.3;0.008058;0;0;0
04.06.2019;02:00;288.94;93.03;1012.35;3.54;344.35;0.022109;0;0;0
04.06.2019;03:00;288.85;92.7;1012.64;4;347.91;0.072278;0;0;0.2323
04.06.2019;04:00;288.7;92.47;1012.87;4.21;351.22;0.063455;0;0;15.9913
04.06.2019;05:00;288.77;91.03;1013.06;4.24;355.82;0.026869;0;0;73.1395
04.06.2019;06:00;289.3;86.4;1013.16;4.27;2.65;0.004837;0;0;191.0537
04.06.2019;07:00;290.31;78.98;1013.22;4.09;7.32;0.000859;0;0;364.2599
04.06.2019;08:00;291.6;71.55;1013.2;3.66;10.22;0.000062;0;0;533.223
04.06.2019;09:00;292.83;66.46;1013.11;3.03;13.43;0.000166;0;0;661.1628
04.06.2019;10:00;293.76;63.62;1012.95;2.65;21.97;0.0009;0;0;750.1675
04.06.2019;11:00;294.41;62.02;1012.74;2.53;35.47;0.002439;0;0;783.6353
04.06.2019;12:00;294.77;61.4;1012.44;2.51;46.82;0.007362;0;0;738.3046
04.06.2019;13:00;294.97;61.22;1012.22;2.49;52.84;0.020699;0;0;682.7375
04.06.2019;14:00;294.87;61.67;1012.02;2.55;57.2;0.025071;0;0;559.0547
04.06.2019;15:00;294.68;62.31;1011.76;2.82;62.75;0.011581;0;0;470.4205
04.06.2019;16:00;294.45;62.75;1011.43;3.32;68.21;0.001809;0;0;399.1211
04.06.2019;17:00;293.88;63.96;1010.98;3.95;72.81;0.000202;0;0;292.6855
04.06.2019;18:00;292.74;67.15;1010.54;4.53;73.71;0.000035;0;0;159.5632
04.06.2019;19:00;291.15;72.35;1010.22;4.67;75.11;0.000006;0;0;54.6926
04.06.2019;20:00;289.73;77.83;1010.08;4.52;80.01;0.000001;0;0;3.2528
04.06.2019;21:00;289.08;81.85;1009.87;4.59;85.98;0;0;0;0
04.06.2019;22:00;288.78;85.68;1009.53;4.62;92.99;0;0;0;0
04.06.2019;23:00;288.63;89.35;1009.22;4.78;99.45;0;0;0;0
04.06.2019;24:00:00;288.5;92.69;1008.83;4.87;104.33;0.000865;0;0;0
05.06.2019;01:00;288.36;95.4;1008.42;4.69;110.01;0.011196;0;0;0
05.06.2019;02:00;288.32;96.96;1008.21;4.39;118;0.013581;0;0;0
05.06.2019;03:00;288.47;97.2;1007.98;4.25;127.77;0.006763;0;0;0.7345
05.06.2019;04:00;289.46;92.14;1007.88;4.38;137.14;0.001843;0;0;43.2174
05.06.2019;05:00;291.24;83.69;1007.85;4.85;144.64;0.000008;0;0;151.7382
05.06.2019;06:00;292.92;76.7;1007.88;4.85;146.2;0;0;0;292.436
05.06.2019;07:00;294.86;70.8;1008.03;4.7;144.11;0;0;0;440.9499
05.06.2019;08:00;297.12;63.26;1008.2;5.09;146.65;0.000002;0;0;574.2103
05.06.2019;09:00;298.88;55.26;1008.24;5.68;151.46;0;0;0;689.4271
05.06.2019;10:00;299.9;51.3;1008.23;5.71;152.34;0;0;0;770.1686
05.06.2019;11:00;300.66;49.23;1008.09;5.43;150.61;0;0;0;826.7861
05.06.2019;12:00;301.23;47.7;1007.88;5.06;145.99;0;0;0;831.9799
05.06.2019;13:00;301.52;46.69;1007.65;4.71;138.31;0;0;0;794.2543
05.06.2019;14:00;301.48;46.44;1007.41;4.57;128.07;0;0;0;717.4774
05.06.2019;15:00;301.05;47.64;1007.17;4.69;117.45;0;0;0;607.788
05.06.2019;16:00;300.31;51.78;1006.96;4.81;107.81;0;0;0;474.6169
05.06.2019;17:00;299.28;57.98;1006.81;4.71;102.61;0.000001;0;0;329.8178
05.06.2019;18:00;297.9;63.65;1006.75;4.48;102.79;0.000012;0;0;187.3488
05.06.2019;19:00;296.23;67.63;1006.8;4.48;105.81;0;0;0;67.1143
05.06.2019;20:00;294.95;69.51;1007.09;4.78;109.08;0;0;0;4.0018
05.06.2019;21:00;294.41;70.91;1007.18;5.1;113.14;0;0;0;0
05.06.2019;22:00;293.92;72.91;1007.14;5.21;117.12;0;0;0;0
05.06.2019;23:00;293.42;74.93;1006.97;5.21;119.18;0;0;0;0
05.06.2019;24:00:00;292.89;76.91;1006.72;5.12;118.81;0;0;0;0
06.06.2019;01:00;292.42;78.6;1006.38;5.16;117.73;0;0;0;0
06.06.2019;02:00;292.02;80.24;1006.02;5.31;117.58;0;0;0;0
06.06.2019;03:00;291.64;82.24;1005.81;5.47;118.35;0;0;0;0.9108
06.06.2019;04:00;291.67;82.63;1005.78;5.79;119.06;0;0;0;51.5309
06.06.2019;05:00;292.34;80.22;1005.86;5.96;117.77;0;0;0;170.9673
06.06.2019;06:00;293.59;75.05;1005.84;5.97;116.25;0;0;0;316.2526
06.06.2019;07:00;295.08;67.6;1005.7;6.62;120.16;0;0;0;465.3978
06.06.2019;08:00;296.29;62.24;1005.55;7.08;123.8;0.000028;0;0;603.6011
06.06.2019;09:00;297.32;59.12;1005.44;7.06;129.06;0.001343;0;0;717.8138
06.06.2019;10:00;298.26;57.17;1005.31;6.64;135.61;0.028472;0;0;782.6512
06.06.2019;11:00;298.91;56.25;1005.22;6.03;142.89;0.062774;0;0;741.4583
06.06.2019;12:00;299.23;55.95;1005.24;5.34;150.65;0.096432;0;0;631.8115
06.06.2019;13:00;299.37;55.89;1005.32;4.53;158.52;0.137884;0;0;526.0657
06.06.2019;14:00;299.18;57.76;1005.48;3.4;172.31;0.13741;0;0;403.9035
06.06.2019;15:00;298.17;64.18;1005.79;2.45;217.94;0.265367;0;0;260.4962
06.06.2019;16:00;295.51;73.82;1006.55;4.14;268.48;0.590433;0;0;127.3033
06.06.2019;17:00;292.46;82.3;1007.56;6.65;281.7;1.133241;0;0;61.7065
06.06.2019;18:00;290.26;85.16;1008.23;7.73;291.78;2.716511;0;0;30.3339
06.06.2019;19:00;289.02;87.24;1008.52;7.47;293.86;6.811751;0;0;10.5136
06.06.2019;20:00;288.14;89.91;1009.27;6.91;289.76;12.354019;0;0;0.8606
06.06.2019;21:00;287.6;91.37;1010.33;6.6;283.95;11.63862;0;0;0
06.06.2019;22:00;287.3;91.41;1010.9;6.45;283.66;5.172271;0;0;0
06.06.2019;23:00;287.19;91.52;1011.48;6.15;282.13;1.522618;0;0;0
06.06.2019;24:00:00;287.02;91.34;1011.55;5.71;283.33;0.262334;0;0;0
07.06.2019;01:00;286.64;91.6;1011.45;5.32;286.84;0.022766;0;0;0
07.06.2019;02:00;286.33;91.7;1011.83;5.16;285.39;0.009339;0;0;0
07.06.2019;03:00;286.14;91.52;1012.33;4.83;285.22;0.005963;0;0;0.7828
07.06.2019;04:00;286.19;90.75;1012.79;4.48;287.82;0.002303;0;0;41.614
07.06.2019;05:00;286.87;87.8;1013.08;4.5;291.63;0.000374;0;0;146.1827
07.06.2019;06:00;287.73;82.43;1013.35;4.24;299.73;0.000015;0;0;255.0633
07.06.2019;07:00;288.8;76.2;1013.51;3.64;304.09;0.000014;0;0;429.2492
07.06.2019;08:00;290.03;69.29;1013.6;2.86;305.47;0.000007;0;0;593.6334
07.06.2019;09:00;291.2;63.78;1013.73;2.1;300.98;0.000001;0;0;724.0494
07.06.2019;10:00;292.08;60.83;1013.77;1.49;287.27;0;0;0;814.2217
07.06.2019;11:00;292.74;59.2;1013.67;1.11;268.7;0.000003;0;0;862.0683
07.06.2019;12:00;293.33;58.46;1013.44;0.91;240.79;0.000002;0;0;862.7174
07.06.2019;13:00;293.85;57.6;1013.14;0.94;211.07;0;0;0;828.3674
07.06.2019;14:00;294.24;57.02;1012.76;1.08;180.06;0;0;0;752.5148
07.06.2019;15:00;294.45;56.83;1012.33;1.48;154.84;0;0;0;635.9891
07.06.2019;16:00;294.28;57.73;1011.92;1.91;136.37;0;0;0;429.0637
07.06.2019;17:00;293.83;61.4;1011.65;2.3;113.96;0;0;0;245.8775
07.06.2019;18:00;293.14;67.2;1011.46;3.06;96.75;0;0;0;185.2353
07.06.2019;19:00;291.37;77.33;1011.39;3.52;93.16;0;0;0;75.3069
07.06.2019;20:00;289.86;82.12;1011.45;4.31;99.97;0.00069;0;0;4.9051
07.06.2019;21:00;289.65;83.74;1011.34;5.18;108.82;0.003187;0;0;0
07.06.2019;22:00;289.69;85.15;1011.04;5.63;116.27;0.000926;0;0;0
07.06.2019;23:00;289.74;86.75;1010.52;5.92;123.3;0.000004;0;0;0
07.06.2019;24:00:00;289.66;88.71;1010.16;6;131.1;0;0;0;0
08.06.2019;01:00;289.34;91.49;1010.38;5.45;139.61;0.000067;0;0;0
08.06.2019;02:00;289.04;93.62;1010.78;4.95;154.54;0.005668;0;0;0
08.06.2019;03:00;289.27;92.56;1011.11;5.13;191.35;0.105397;0;0;0.9461
08.06.2019;04:00;289.18;90.85;1011.75;5.82;233.36;0.133805;0;0;28.7806
08.06.2019;05:00;288.65;87.88;1012.36;5.33;259.64;0.037061;0;0;107.6454
08.06.2019;06:00;288.65;80.73;1012.85;4.43;260.32;0.017376;0;0;234.6233
08.06.2019;07:00;289.49;72.78;1013.45;4.68;238.32;0.004292;0;0;367.4198
08.06.2019;08:00;290.73;64.36;1013.98;6.05;226.16;0.000603;0;0;496.2921
08.06.2019;09:00;291.73;58.98;1014.5;7.07;221.42;0.000053;0;0;595.9619
08.06.2019;10:00;292.5;55.24;1014.87;7.67;221.21;0.000058;0;0;688.8209
08.06.2019;11:00;293.07;51.75;1015.12;8.01;223.76;0.000014;0;0;767.017
08.06.2019;12:00;293.53;47.67;1015.32;8.29;225.76;0.000016;0;0;861.5737
08.06.2019;13:00;293.64;45.27;1015.58;8.29;227.01;0.000033;0;0;839.3865
08.06.2019;14:00;293.55;45.32;1015.9;8.24;228.65;0.000196;0;0;758.4755
08.06.2019;15:00;293.24;47.06;1016.2;8.22;231.11;0.000778;0;0;633.008
08.06.2019;16:00;292.78;49.7;1016.59;8.06;233.19;0.000805;0;0;481.8242
08.06.2019;17:00;292.23;52.54;1016.97;7.47;234.07;0.000328;0;0;315.5085
08.06.2019;18:00;291.57;56.2;1017.38;6.2;232.86;0.000137;0;0;187.0023
08.06.2019;19:00;290.33;63.02;1017.92;4.79;227.84;0.00007;0;0;73.1663
08.06.2019;20:00;288.74;69.28;1018.55;4.44;221.53;0.000138;0;0;5.0974
08.06.2019;21:00;288.14;71.03;1019.03;4.83;218.22;0.000065;0;0;0
08.06.2019;22:00;287.69;72.82;1019.45;5.1;216.85;0.00002;0;0;0
08.06.2019;23:00;287.19;74.99;1019.75;5.2;215.81;0.00001;0;0;0
08.06.2019;24:00:00;286.69;77.1;1020.12;5.29;214.89;0.000004;0;0;0
09.06.2019;01:00;286.11;79.87;1020.42;5.22;213.76;0.000003;0;0;0
09.06.2019;02:00;285.66;81.79;1020.75;5.29;214.56;0.000003;0;0;0
09.06.2019;03:00;285.28;83.13;1021.12;5.35;216.12;0.000003;0;0;1.3624
09.06.2019;04:00;285.55;81.63;1021.54;5.68;216.54;0.000003;0;0;57.0264
09.06.2019;05:00;286.48;77.64;1021.97;5.77;215.95;0.000002;0;0;180.1236
09.06.2019;06:00;288.12;69.15;1022.27;5.95;224.73;0.000002;0;0;330.1935
09.06.2019;07:00;289.56;61.23;1022.56;6.49;232.81;0.000001;0;0;483.1248
09.06.2019;08:00;290.57;57.13;1022.84;6.54;230.87;0.000001;0;0;624.7944
09.06.2019;09:00;291.53;53.83;1023.05;6.42;231.15;0.000001;0;0;743.465
09.06.2019;10:00;292.38;51.26;1023.22;6.01;233.8;0.000002;0;0;828.5424
09.06.2019;11:00;293.09;49.37;1023.21;5.32;236.96;0.000002;0;0;875.0022
09.06.2019;12:00;293.64;48.2;1022.98;4.54;240.43;0.000002;0;0;876.1161
09.06.2019;13:00;293.93;47.43;1022.6;3.74;243.73;0.000001;0;0;793.7505
09.06.2019;14:00;293.96;46.81;1022.21;2.88;246.63;0;0;0;631.7527
09.06.2019;15:00;294.07;45.47;1021.77;1.89;252.31;0;0;0;535.0688
09.06.2019;16:00;293.95;45.47;1021.26;0.81;286.51;0;0;0;439.6189
09.06.2019;17:00;293.34;49.29;1020.91;1.12;24.74;0;0;0;221.956
09.06.2019;18:00;292.1;57.05;1021.13;2.07;52.45;0;0;0;91.9376
09.06.2019;19:00;290.23;71.02;1021.18;2.97;59.76;0.000001;0;0;44.1743
09.06.2019;20:00;288.78;73.71;1021.03;3.93;67.51;0.000003;0;0;4.0413
09.06.2019;21:00;288.11;77.43;1020.83;4.73;74.47;0.000003;0;0;0
09.06.2019;22:00;287.63;81.61;1020.5;4.8;78.82;0.000003;0;0;0
09.06.2019;23:00;287.61;82.98;1020.09;4.91;79.03;0.000022;0;0;0
09.06.2019;24:00:00;287.77;83.15;1019.55;5.04;77.34;0.000686;0;0;0
10.06.2019;01:00;287.97;81.22;1019.14;4.84;82.86;0.004682;0;0;0
10.06.2019;02:00;287.74;83.24;1018.54;4.1;87.01;0.027508;0;0;0
10.06.2019;03:00;287.35;86.17;1017.98;3.56;84.69;0.077941;0;0;0.8923
10.06.2019;04:00;287.67;86.44;1017.37;3.5;80.75;0.186407;0;0;25.7602
10.06.2019;05:00;288.37;84.39;1016.7;3.67;76.81;0.216646;0;0;74.6722
10.06.2019;06:00;289.02;81.86;1016.08;4.31;70.79;0.109193;0;0;146.8251
10.06.2019;07:00;289.91;78.1;1015.38;4.91;71.28;0.088955;0;0;236.1199
10.06.2019;08:00;290.52;75.23;1014.76;5.08;77.47;0.499281;0;0;246.0251
10.06.2019;09:00;290.51;77.12;1014.39;5.03;88.32;2.781713;0;0;222.0987
10.06.2019;10:00;290.71;79.21;1014.07;4.86;94.2;3.085204;0;0;304.4739
10.06.2019;11:00;291.16;79.53;1013.58;4.5;87.35;0.936884;0;0;298.8069
10.06.2019;12:00;292.29;77.25;1012.93;4.3;81.03;0.251217;0;0;416.1302
10.06.2019;13:00;293.17;75.39;1012.58;3.5;75.4;0.432539;0;0;439.0748
10.06.2019;14:00;293.56;74.87;1012.44;2.87;61.67;0.249903;0;0;389.1894
10.06.2019;15:00;293.42;75.79;1012.27;3.03;45.24;0.066752;0;0;296.7604
10.06.2019;16:00;293.35;76.1;1011.95;3.59;39.6;0.014377;0;0;306.3316
10.06.2019;17:00;293.15;76.66;1011.61;3.74;39.15;0.006682;0;0;268.6959
10.06.2019;18:00;292.36;80.16;1011.3;4.14;35.15;0.003302;0;0;155.0717
10.06.2019;19:00;290.97;86.09;1010.92;4.66;33.05;0.020924;0;0;55.9139
10.06.2019;20:00;289.77;90.89;1011.03;4.29;32.13;0.190756;0;0;3.7923
10.06.2019;21:00;289.44;91.89;1010.93;4.08;30;0.197492;0;0;0
10.06.2019;22:00;289.38;92.33;1010.34;4.7;28.7;0.048816;0;0;0
10.06.2019;23:00;289.26;93.28;1009.87;4.94;33.44;0.027706;0;0;0
10.06.2019;24:00:00;289.25;94;1009.22;5.01;41.11;0.035806;0;0;0
11.06.2019;01:00;289.47;94.41;1008.26;5.07;50.32;0.03538;0;0;0
11.06.2019;02:00;289.67;95.36;1007.4;4.74;60.27;0.048481;0;0;0
11.06.2019;03:00;289.86;96.42;1006.79;4.41;72.48;0.132188;0;0;0.8247
11.06.2019;04:00;290.32;96.13;1006.6;3.94;86.94;0.098626;0;0;26.2191
11.06.2019;05:00;291.22;94.53;1006.74;3.87;104.79;0.027531;0;0;96.6087
11.06.2019;06:00;292.14;93.07;1007.09;3.59;120.31;0.015653;0;0;218.9092
11.06.2019;07:00;293.39;89.26;1007.51;3.36;144.2;0.007979;0;0;366.3795
11.06.2019;08:00;294.69;82.4;1007.81;2.98;157.85;0.002989;0;0;525.56
11.06.2019;09:00;296;74.9;1007.93;2.63;160.36;0.007409;0;0;638.3381
11.06.2019;10:00;296.71;71.06;1008.03;2.54;149.94;0.016038;0;0;638.6431
11.06.2019;11:00;296.71;70.63;1008.24;2.7;137.94;0.017528;0;0;500.2686
11.06.2019;12:00;296.62;71.1;1008.52;2.72;135.06;0.026077;0;0;411.6243
11.06.2019;13:00;296.79;70.93;1008.72;2.44;132.62;0.048993;0;0;419.4877
11.06.2019;14:00;296.94;70.76;1008.83;2.1;123.99;0.05465;0;0;429.722
11.06.2019;15:00;296.83;71.27;1008.95;1.95;108.56;0.044537;0;0;364.8773
11.06.2019;16:00;296.69;72.05;1008.99;2.04;87.32;0.047511;0;0;322.5455
11.06.2019;17:00;296.04;75.39;1009.1;2.45;65.12;0.043768;0;0;217.3791
11.06.2019;18:00;294.54;82.77;1009.29;3;51;0.055701;0;0;85.4808
11.06.2019;19:00;292.82;88.33;1009.55;3.77;45.54;0.032059;0;0;29.15
11.06.2019;20:00;291.35;91.96;1009.98;4.24;43.3;0.041181;0;0;2.4804
11.06.2019;21:00;290.38;92.72;1010.21;4.52;40.47;0.040251;0;0;0
11.06.2019;22:00;289.65;93.04;1010.2;4.68;37.51;0.0327;0;0;0
11.06.2019;23:00;289.1;93.4;1009.76;4.94;37.35;0.031131;0;0;0
11.06.2019;24:00:00;288.74;93.62;1009.07;5.19;40.28;0.022265;0;0;0
12.06.2019;01:00;288.63;93.66;1008.56;5.21;43.38;0.021746;0;0;0
12.06.2019;02:00;288.66;93.65;1008.01;5.33;47.85;0.031232;0;0;0
12.06.2019;03:00;288.88;93.67;1007.38;5.28;58.99;0.050301;0;0;1.0309
12.06.2019;04:00;289.35;93.72;1007.08;5.06;68.44;0.040288;0;0;33.9462
12.06.2019;05:00;290.17;93.35;1007.17;4.69;75.63;0.033575;0;0;111.3774
12.06.2019;06:00;291.19;92.68;1007.28;4.22;77.91;0.028914;0;0;235.8338
12.06.2019;07:00;292.38;91.79;1007.26;4.18;72.44;0.024685;0;0;368.5166
12.06.2019;08:00;293.81;86.21;1007.03;4.65;77.24;0.009696;0;0;439.9171
12.06.2019;09:00;295.02;78.24;1006.74;5.14;86.94;0.008145;0;0;474.1071
12.06.2019;10:00;295.94;71.67;1006.5;5.35;96.13;0.006632;0;0;520.7125
12.06.2019;11:00;296.54;68.92;1006.24;4.88;103.42;0.00486;0;0;484.9896
12.06.2019;12:00;297.12;67.57;1005.98;4.09;106.38;0.007782;0;0;493.5833
12.06.2019;13:00;297.85;66;1005.71;3.5;104.24;0.014739;0;0;585.5594
12.06.2019;14:00;298.38;64.9;1005.39;3.13;100.04;0.015805;0;0;606.5092
12.06.2019;15:00;298.57;64.63;1005.08;2.8;91.88;0.01671;0;0;543.1746
12.06.2019;16:00;298.32;65.67;1004.72;2.4;81.8;0.020102;0;0;435.2461
12.06.2019;17:00;297.6;69.49;1004.51;2.01;67.26;0.021853;0;0;304.797
12.06.2019;18:00;297.01;71.87;1004.6;1.49;57.86;0.049095;0;0;171.844
12.06.2019;19:00;295.32;83;1004.83;0.98;25.01;0.069321;0;0;60.4187
12.06.2019;20:00;293.22;87.15;1005.34;1.21;349.09;0.086299;0;0;4.5106
12.06.2019;21:00;292;89.46;1005.75;1.83;317.43;0.118163;0;0;0
12.06.2019;22:00;291.2;91.96;1006.36;2.86;284.71;0.491977;0;0;0
12.06.2019;23:00;290.91;92.78;1007.15;5.01;265.17;1.832766;0;0;0
12.06.2019;24:00:00;290.62;92.85;1008.01;6.74;263.89;2.788478;0;0;0
13.06.2019;01:00;290.11;91.86;1008.85;6.81;267.92;1.499391;0;0;0
13.06.2019;02:00;289.45;91.71;1009.21;5.73;272.59;0.293329;0;0;0
13.06.2019;03:00;288.78;93.05;1009.54;4.68;268.95;0.029203;0;0;0.9578
13.06.2019;04:00;288.39;93.36;1009.88;4.83;265.88;0.017107;0;0;49.3982
13.06.2019;05:00;288.66;90.97;1010.46;5.01;260.41;0.115708;0;0;166.9631
13.06.2019;06:00;289.26;85.55;1012.43;4.1;240.66;0.384334;0;0;231.7413
13.06.2019;07:00;289.76;78.66;1012.53;2.67;247.98;0.427348;0;0;203.6717
13.06.2019;08:00;291.14;68.65;1013;2.21;250.03;0.131859;0;0;441.804
13.06.2019;09:00;292.51;60.78;1013.42;2.24;244.87;0.003984;0;0;631.686
13.06.2019;10:00;293.45;57.81;1013.64;2.24;218.96;0.000004;0;0;709.6616
13.06.2019;11:00;294.25;55.77;1013.59;2.23;203;0.000015;0;0;764.1587
13.06.2019;12:00;294.95;54.77;1013.36;2.22;193.07;0.000062;0;0;834.1603
13.06.2019;13:00;295.47;54.06;1013.25;2.35;185.55;0.001897;0;0;827.0908
13.06.2019;14:00;295.76;53.78;1013.23;2.33;173.78;0.001718;0;0;751.0284
13.06.2019;15:00;295.84;54.1;1013.2;2.35;159.36;0.001271;0;0;636.8323
13.06.2019;16:00;295.68;54.93;1013.15;2.54;145.41;0.002273;0;0;495.4677
13.06.2019;17:00;295.21;57.9;1013.12;2.8;131.78;0.00145;0;0;324.904
13.06.2019;18:00;294.46;63.07;1013.22;3.05;121.73;0.006733;0;0;180.5611
13.06.2019;19:00;292.77;73.31;1013.43;3.19;115.9;0.013087;0;0;71.9598
13.06.2019;20:00;291.12;75.46;1013.85;3.81;115.4;0.020151;0;0;5.7149
13.06.2019;21:00;290.52;75.6;1014.18;4.23;119.91;0.021423;0;0;0
13.06.2019;22:00;290.09;76.81;1014.55;4.24;129.66;0.02368;0;0;0
13.06.2019;23:00;289.61;79.48;1014.92;4;145.55;0.029474;0;0;0
13.06.2019;24:00:00;289.35;81.93;1015.15;3.77;166.21;0.028759;0;0;0
14.06.2019;01:00;288.99;84.41;1015.28;3.55;190.2;0.030748;0;0;0
14.06.2019;02:00;288.34;86.61;1015.43;3.5;211.8;0.006964;0;0;0
14.06.2019;03:00;287.75;88.3;1015.95;3.42;225.21;0.000003;0;0;1.8759
14.06.2019;04:00;288.17;87.92;1016.46;2.94;227.85;0;0;0;59.0667
14.06.2019;05:00;289.75;83.16;1016.93;2.6;219.9;0;0;0;182.7478
14.06.2019;06:00;290.83;77.99;1017.41;2.32;204.7;0;0;0;331.3776
14.06.2019;07:00;292.63;67.64;1017.93;2.13;196.03;0;0;0;482.7689
14.06.2019;08:00;294.09;58.95;1018.27;2.23;180.29;0;0;0;622.1497
14.06.2019;09:00;295.14;53.99;1018.38;2.58;167.31;0;0;0;738.9194
14.06.2019;10:00;296.03;51.46;1018.27;2.8;159.71;0;0;0;824.9608
14.06.2019;11:00;296.85;50.25;1017.8;2.84;143.62;0;0;0;872.4258
14.06.2019;12:00;297.35;50.12;1017.07;3.32;124.93;0;0;0;877.931
14.06.2019;13:00;297.75;49.69;1017.24;3.71;127.45;0;0;0;838.7192
14.06.2019;14:00;298.01;49.04;1017.27;4.04;125.11;0;0;0;756.67
14.06.2019;15:00;297.78;49.89;1016.87;4.38;115.06;0;0;0;571.0765
14.06.2019;16:00;297.03;54.86;1016.52;4.82;101.71;0;0;0;392.9284
14.06.2019;17:00;295.87;60.45;1016.15;5.75;94.78;0;0;0;274.5006
14.06.2019;18:00;294.54;65.28;1015.75;6.49;95.4;0;0;0;151.7304
14.06.2019;19:00;293.43;69.16;1015.42;6.86;99.95;0;0;0;56.657
14.06.2019;20:00;292.79;71.7;1015.42;6.88;106.37;0.000001;0;0;5.2462
14.06.2019;21:00;292.63;73.14;1015.45;6.75;113.75;0.000089;0;0;0
14.06.2019;22:00;292.6;73.96;1015.38;6.36;121.24;0.000012;0;0;0
14.06.2019;23:00;292.29;76.27;1015.05;5.61;125.61;0.000012;0;0;0
14.06.2019;24:00:00;291.85;78.7;1014.58;5.18;127.84;0.000006;0;0;0
15.06.2019;01:00;291.45;80.24;1014.06;4.92;130.27;0.000056;0;0;0
15.06.2019;02:00;291.32;80.85;1013.69;4.72;129.62;0.000356;0;0;0
15.06.2019;03:00;291.43;80.9;1013.32;4.9;125.3;0.001237;0;0;1.3499
15.06.2019;04:00;291.64;81.19;1013.01;5.16;122.33;0.004527;0;0;25.2902
15.06.2019;05:00;291.89;81.59;1012.65;5.32;117.86;0.021553;0;0;58.9738
15.06.2019;06:00;292.25;80.58;1012.1;5.57;109.75;0.053283;0;0;105.3152
15.06.2019;07:00;292.98;77.22;1011.5;6.1;102.64;0.050323;0;0;214.2171
15.06.2019;08:00;293.94;72.35;1010.97;7.23;103.44;0.034053;0;0;282.5464
15.06.2019;09:00;294.78;69.27;1010.21;8.52;101.89;0.050524;0;0;376.1967
15.06.2019;10:00;295.43;68.69;1009.41;9.24;99.54;0.040297;0;0;472.1278
15.06.2019;11:00;296.17;68.58;1008.87;9.25;101.61;0.022698;0;0;563.2541
15.06.2019;12:00;297.09;68.06;1008.47;8.57;108.17;0.087307;0;0;630.2656
15.06.2019;13:00;297.9;67.57;1007.92;7.24;112.26;0.118176;0;0;579.8187
15.06.2019;14:00;298.33;68.21;1007.34;5.9;114.13;0.150808;0;0;443.1916
15.06.2019;15:00;298.61;69.82;1006.97;4.22;125.72;0.176125;0;0;353.7471
15.06.2019;16:00;298.62;70.34;1006.91;2.75;172.25;0.214425;0;0;315.6308
15.06.2019;17:00;297.68;74.27;1007.2;3.18;223.54;0.191268;0;0;238.6891
15.06.2019;18:00;296.43;78.81;1007.65;4.67;249.36;0.164832;0;0;138.6921
15.06.2019;19:00;294.7;83.44;1008.22;6.15;261.94;0.076263;0;0;56.7951
15.06.2019;20:00;292.89;88.22;1009.09;6.95;268.92;0.030316;0;0;5.4057
15.06.2019;21:00;291.31;90.11;1009.9;7.29;272.17;0.01858;0;0;0
15.06.2019;22:00;290.25;90.01;1010.77;6.77;271.04;0.00476;0;0;0
15.06.2019;23:00;289.69;89.82;1011.41;6.71;269.64;0.001367;0;0;0
15.06.2019;24:00:00;289.23;90.12;1011.54;7.08;273.13;0.001925;0;0;0
16.06.2019;01:00;288.72;90.76;1011.73;7.27;278.19;0.007466;0;0;0
16.06.2019;02:00;288.38;91.02;1012.37;7.07;281.4;0.014504;0;0;0
16.06.2019;03:00;288.21;90.73;1013.38;6.68;283.41;0.011124;0;0;1.5442
16.06.2019;04:00;288.08;90.54;1014.11;6.6;285.14;0.011751;0;0;45.246
16.06.2019;05:00;288.39;87.82;1014.5;6.89;289.13;0.007194;0;0;137.2517
16.06.2019;06:00;289.12;81.29;1014.92;7.39;295.68;0.000901;0;0;261.3251
16.06.2019;07:00;290.14;72.25;1015.36;7.54;299.06;0.00022;0;0;436.273
16.06.2019;08:00;291.21;63.07;1015.88;7.44;300.44;0.000024;0;0;594.6732
16.06.2019;09:00;292.1;57.54;1016.3;7.17;300.38;0;0;0;710.4047
16.06.2019;10:00;292.8;54.89;1016.76;6.87;299.39;0;0;0;767.4734
16.06.2019;11:00;293.13;53.73;1017.22;6.56;297.85;0;0;0;713.0214
16.06.2019;12:00;292.86;54.11;1017.6;6.17;297.43;0;0;0;512.2884
16.06.2019;13:00;292.62;54.83;1017.95;5.86;297.68;0.000003;0;0;398.0459
16.06.2019;14:00;292.72;54.91;1018.12;5.68;298.41;0.000007;0;0;426.0278
16.06.2019;15:00;292.95;54.76;1018.27;5.38;298.85;0.000014;0;0;485.8923
16.06.2019;16:00;292.82;55.47;1018.36;4.9;298.75;0.000013;0;0;398.905
16.06.2019;17:00;292.51;57.3;1018.35;4.33;299.5;0.000011;0;0;281.9992
16.06.2019;18:00;291.99;62.52;1018.31;3.4;297.58;0.000017;0;0;179.2792
16.06.2019;19:00;290.77;75.7;1018.42;2.35;291.36;0.000021;0;0;76.3871
16.06.2019;20:00;289.56;76.19;1018.77;2.21;281.59;0.000022;0;0;6.6777
16.06.2019;21:00;289.13;76.45;1019.09;2.04;265.99;0.000021;0;0;0
16.06.2019;22:00;288.63;78.67;1019.43;2.05;251.42;0.000019;0;0;0
16.06.2019;23:00;288.09;81.37;1019.71;2.19;240.89;0.000018;0;0;0
16.06.2019;24:00:00;287.59;84.31;1019.86;2.4;234.02;0.000027;0;0;0
17.06.2019;01:00;287.17;87.9;1019.81;2.6;231.91;0.000072;0;0;0
17.06.2019;02:00;286.81;92.04;1019.88;2.77;233.11;0.001468;0;0;0
17.06.2019;03:00;286.48;96.3;1020.03;2.91;236.5;0.007895;0;0;1.9763
17.06.2019;04:00;287.2;94.05;1020.16;2.78;240.53;0.004282;0;0;52.817
17.06.2019;05:00;288.76;87.94;1020.32;3.39;242.09;0.00128;0;0;164.9915
17.06.2019;06:00;290.34;81.2;1020.59;2.89;242.53;0.013872;0;0;306.7969
17.06.2019;07:00;292.22;71.92;1020.87;2.65;248.99;0.040593;0;0;456.6746
17.06.2019;08:00;293.31;66.95;1020.87;2.55;256.96;0.027132;0;0;588.5605
17.06.2019;09:00;294.05;63.56;1020.68;2.51;265.15;0.01105;0;0;700.4792
17.06.2019;10:00;294.64;60.96;1020.59;2.37;273.57;0.002531;0;0;794.6485
17.06.2019;11:00;295.14;58.81;1020.56;2.13;284.01;0.001477;0;0;847.204
17.06.2019;12:00;295.52;57.03;1020.43;1.93;298.21;0.000982;0;0;855.9978
17.06.2019;13:00;295.76;55.87;1020.27;1.76;316.05;0.000465;0;0;822.7115
17.06.2019;14:00;295.9;55.02;1020.1;1.62;336.21;0.000234;0;0;751.3925
17.06.2019;15:00;295.88;54.81;1019.89;1.51;1.57;0.000028;0;0;644.7687
17.06.2019;16:00;295.66;55.13;1019.61;1.55;28.58;0.000015;0;0;513.3315
17.06.2019;17:00;295.18;56.65;1019.37;1.86;51.27;0.000008;0;0;364.732
17.06.2019;18:00;294.37;61.76;1019.19;2.23;65.97;0.000008;0;0;216.4801
17.06.2019;19:00;292.63;73.26;1019.12;2.57;74.91;0.00001;0;0;86.1901
17.06.2019;20:00;290.57;80.37;1019.26;3.22;82.87;0.000011;0;0;7.6668
17.06.2019;21:00;289.8;84.37;1019.36;3.73;90.9;0.000007;0;0;0
17.06.2019;22:00;289.36;87.27;1019.42;3.86;97.89;0.000004;0;0;0
17.06.2019;23:00;288.97;89.2;1019.4;3.77;104.42;0.000002;0;0;0
17.06.2019;24:00:00;288.7;90.37;1019.26;3.79;110.67;0.000001;0;0;0
18.06.2019;01:00;288.5;91.46;1019.08;3.85;116.56;0.000011;0;0;0
18.06.2019;02:00;288.34;92.42;1018.88;4;123;0.000309;0;0;0
18.06.2019;03:00;288.39;91.61;1018.69;4.25;130.89;0.00147;0;0;2.1721
18.06.2019;04:00;289.07;87.73;1018.55;4.64;136.76;0.000028;0;0;55.0506
18.06.2019;05:00;290.14;82.14;1018.32;4.86;141.06;0.000057;0;0;150.6363
18.06.2019;06:00;291.51;76.5;1018.11;4.5;143.01;0.001134;0;0;297.3004
18.06.2019;07:00;293.69;67.1;1017.87;4.5;146.34;0.00003;0;0;466.0047
18.06.2019;08:00;295.58;59;1017.57;4.71;153.32;0.000002;0;0;603.4642
18.06.2019;09:00;296.81;54.79;1017.15;4.77;157.9;0.000031;0;0;714.0828
18.06.2019;10:00;297.61;53.02;1016.72;4.75;157.42;0.000055;0;0;786.1796
18.06.2019;11:00;298.21;51.74;1016.25;4.79;154.97;0.000009;0;0;820.238
18.06.2019;12:00;298.67;50.3;1015.64;4.82;152.5;0.000008;0;0;825.2936
18.06.2019;13:00;298.97;49.06;1015.06;4.74;150.42;0.00002;0;0;789.4974
18.06.2019;14:00;299.1;48.34;1014.56;4.54;148.72;0.000068;0;0;718.233
18.06.2019;15:00;299;48.84;1014.15;4.32;145.16;0.000288;0;0;589.4902
18.06.2019;16:00;298.34;53.15;1013.73;3.85;138.61;0.000902;0;0;375.2449
18.06.2019;17:00;297.7;58.18;1013.32;3.82;131.13;0.000027;0;0;265.5007
18.06.2019;18:00;296.7;64.36;1012.91;3.83;127.8;0.000015;0;0;167.2666
18.06.2019;19:00;295.32;68.7;1012.61;4.05;126.93;0.000039;0;0;64.1137
18.06.2019;20:00;294.42;68.66;1012.42;4.8;129.15;0.00004;0;0;5.6111
18.06.2019;21:00;294.29;67.61;1012.14;5.78;133.1;0.000031;0;0;0
18.06.2019;22:00;293.87;69.46;1011.92;6.03;137.93;0.00002;0;0;0
18.06.2019;23:00;293.36;71.57;1011.77;5.97;143.01;0.00001;0;0;0
18.06.2019;24:00:00;292.72;73.89;1011.47;5.8;147.43;0.000005;0;0;0
19.06.2019;01:00;292.1;76.38;1011.22;5.66;151.46;0.000005;0;0;0
19.06.2019;02:00;291.51;79.43;1011.08;5.43;155.56;0.000037;0;0;0
19.06.2019;03:00;291.08;81.96;1011.02;5.16;159.15;0.000044;0;0;1.9447
19.06.2019;04:00;291.2;81.83;1010.89;5.22;161.31;0.000004;0;0;37.1265
19.06.2019;05:00;291.7;79.97;1010.66;5.19;162.01;0.000004;0;0;93.8997
19.06.2019;06:00;292.61;76.79;1010.4;4.97;159.03;0.000001;0;0;179.5099
19.06.2019;07:00;294.24;71.7;1010.07;4.75;153.05;0;0;0;340.5332
19.06.2019;08:00;296.24;62.84;1009.73;4.84;149.74;0;0;0;487.6928
19.06.2019;09:00;297.39;57.21;1009.34;4.89;148.47;0;0;0;555.4667
19.06.2019;10:00;298.17;54.19;1009.01;4.79;146.38;0;0;0;615.8698
19.06.2019;11:00;298.93;52.37;1008.64;4.53;143.86;0.000005;0;0;715.4079
19.06.2019;12:00;299.44;51.08;1008.24;4.05;141;0.000103;0;0;716.4446
19.06.2019;13:00;299.76;50.52;1007.89;3.59;136.62;0.000406;0;0;684.6265
19.06.2019;14:00;299.76;50.86;1007.53;3.25;129.87;0.00069;0;0;572.8842
19.06.2019;15:00;299.58;52.28;1007.2;3.17;120.4;0.001306;0;0;460.1138
19.06.2019;16:00;299.18;55.3;1006.75;3.32;111.26;0.001996;0;0;376.2747
19.06.2019;17:00;298.37;61.11;1006.27;3.32;105.57;0.002788;0;0;228.0834
19.06.2019;18:00;297.18;69.63;1005.93;3.22;106.1;0.001313;0;0;119.3372
19.06.2019;19:00;295.73;75.56;1005.78;3.26;110.17;0.001965;0;0;51.6516
19.06.2019;20:00;294.38;78.1;1005.67;3.5;121.77;0.003901;0;0;6.1466
19.06.2019;21:00;293.72;80.47;1005.37;3.58;136.93;0.00566;0;0;0
19.06.2019;22:00;293.21;82.8;1005.07;3.43;155.77;0.004834;0;0;0
19.06.2019;23:00;292.75;83.94;1004.97;3.24;181.27;0.00565;0;0;0
19.06.2019;24:00:00;292.36;83.74;1004.96;3.08;212.86;0.003362;0;0;0
20.06.2019;01:00;292.09;82.84;1004.97;3.06;245.04;0.001855;0;0;0
20.06.2019;02:00;291.74;83.22;1005.12;3.18;270.69;0.00123;0;0;0
20.06.2019;03:00;291.17;85.58;1005.4;3.21;287.42;0.000163;0;0;1.877
20.06.2019;04:00;291.31;86.14;1005.74;3.11;293.5;0.000271;0;0;43.4405
20.06.2019;05:00;291.84;84.3;1005.83;3.09;287.7;0.009518;0;0;123.4995
20.06.2019;06:00;292.67;81.73;1006.01;2.59;270.67;0.003467;0;0;236.7218
20.06.2019;07:00;294.32;73.43;1006.36;3.16;254.85;0.003582;0;0;398.9681
20.06.2019;08:00;295.41;66.7;1006.78;4.12;245.85;0.005174;0;0;507.9141
20.06.2019;09:00;296.07;62.49;1006.97;4.83;243.4;0.006706;0;0;601.8177
20.06.2019;10:00;296.72;60.57;1007.07;4.99;244.56;0.046851;0;0;733.8176
20.06.2019;11:00;297.07;60.7;1007.14;4.96;247.14;0.095063;0;0;757.6887
20.06.2019;12:00;297.08;61.89;1007.36;4.98;250.41;0.216825;0;0;713.0887
20.06.2019;13:00;296.56;64.2;1007.63;4.96;254.47;0.263954;0;0;560.8747
20.06.2019;14:00;295.64;67.39;1008.04;4.75;258.01;0.270542;0;0;317.5616
20.06.2019;15:00;295.02;69.89;1008.48;4.41;262.63;0.186413;0;0;230.5747
20.06.2019;16:00;294.92;69.36;1008.71;4.24;268.31;0.151584;0;0;240.5303
20.06.2019;17:00;294.76;68.89;1008.93;4.08;276.15;0.111311;0;0;233.7476
20.06.2019;18:00;294.18;71.59;1009.26;3.54;285.63;0.054349;0;0;145.499
20.06.2019;19:00;293.11;79.09;1009.64;2.53;295.36;0.034626;0;0;57.773
20.06.2019;20:00;291.53;85.27;1010.12;2.29;305.77;0.012632;0;0;6.0626
20.06.2019;21:00;290.66;87.29;1010.49;2.32;313.12;0.005675;0;0;0
20.06.2019;22:00;290.35;87.66;1010.85;2.28;316.49;0.003535;0;0;0
20.06.2019;23:00;290.08;87.79;1011.23;2.29;315.56;0.003692;0;0;0
20.06.2019;24:00:00;289.84;87.88;1011.55;2.31;315.05;0.00613;0;0;0
21.06.2019;01:00;289.57;88.19;1011.81;2.29;315.95;0.007037;0;0;0
21.06.2019;02:00;289.27;88.98;1012.08;2.26;317.85;0.003308;0;0;0
21.06.2019;03:00;288.87;90.13;1012.34;2.3;320.41;0.003947;0;0;1.6005
21.06.2019;04:00;289.39;89.3;1012.57;2.44;323.24;0.032159;0;0;44.2691
21.06.2019;05:00;290.13;86.35;1012.64;3.38;326.35;0.451197;0;0;122.1834
21.06.2019;06:00;290.46;84.59;1012.97;3.45;321.41;1.824184;0;0;178.7607
21.06.2019;07:00;290.68;82.25;1013.72;3.54;313.69;2.042701;0;0;242.4227
21.06.2019;08:00;290.9;80.4;1014.22;3.6;310.12;0.988377;0;0;294.0066
21.06.2019;09:00;291.52;76.47;1014.46;3.79;305.72;0.428127;0;0;427.498
21.06.2019;10:00;292.25;71.35;1014.59;3.83;298.86;0.142135;0;0;512.574
21.06.2019;11:00;293.19;65.3;1014.67;4.02;292.71;0.045537;0;0;668.4407
21.06.2019;12:00;293.92;59.88;1014.85;4.41;290.34;0.016282;0;0;732.2463
21.06.2019;13:00;294.43;56.07;1014.96;4.71;290.87;0.009025;0;0;778.9558
21.06.2019;14:00;294.49;53.76;1015.11;4.87;292.53;0.0042;0;0;681.2501
21.06.2019;15:00;294.29;52.96;1015.29;4.81;294.46;0.004239;0;0;560.0585
21.06.2019;16:00;293.97;53.42;1015.56;4.69;297.44;0.002847;0;0;458.535
21.06.2019;17:00;293.3;55.73;1015.89;4.45;300.76;0.002283;0;0;258.0888
21.06.2019;18:00;292.54;60.74;1016.3;3.99;304.77;0.00129;0;0;145.3213
21.06.2019;19:00;291.46;68.93;1016.85;3.32;307.53;0.001256;0;0;67.1214
21.06.2019;20:00;289.8;77.53;1017.45;3.08;308.33;0.000595;0;0;6.7997
21.06.2019;21:00;288.93;81.02;1018.02;3.26;308.07;0.000601;0;0;0
21.06.2019;22:00;288.42;82.73;1018.57;3.42;307.31;0.000338;0;0;0
21.06.2019;23:00;287.97;83.34;1019.09;3.6;308.6;0.000076;0;0;0
21.06.2019;24:00:00;287.53;83.4;1019.51;3.77;312.2;0.000026;0;0;0
22.06.2019;01:00;287.07;83.74;1019.83;3.87;317.06;0.000009;0;0;0
22.06.2019;02:00;286.63;84.39;1020.18;3.92;322.01;0.000005;0;0;0
22.06.2019;03:00;286.21;85.55;1020.59;3.92;326.3;0.000004;0;0;2.5283
22.06.2019;04:00;286.85;83.36;1021.06;3.89;331.17;0.000007;0;0;65.0308
22.06.2019;05:00;288.28;76.55;1021.51;4.48;336.65;0.000018;0;0;190.8256
22.06.2019;06:00;289.31;69.89;1021.94;4.31;342.61;0.000038;0;0;341.0501
22.06.2019;07:00;290.15;64.12;1022.27;3.78;347.1;0.000046;0;0;493.9227
22.06.2019;08:00;290.98;58.93;1022.49;3.24;349.06;0.000039;0;0;635.4395
22.06.2019;09:00;291.75;55.42;1022.69;2.81;347.81;0.000031;0;0;753.62
22.06.2019;10:00;292.39;53.24;1022.9;2.53;346.35;0.00003;0;0;836.6017
22.06.2019;11:00;292.91;51.7;1022.93;2.45;350.01;0.000023;0;0;884.3799
22.06.2019;12:00;293.3;50.52;1022.71;2.57;359;0.000014;0;0;888.1425
22.06.2019;13:00;293.53;49.8;1022.4;2.85;9.37;0.000008;0;0;850.6507
22.06.2019;14:00;293.55;49.65;1022.23;3.16;19.07;0.000005;0;0;773.0426
22.06.2019;15:00;293.37;50.12;1022.1;3.43;27.57;0.000005;0;0;661.2921
22.06.2019;16:00;292.94;51.24;1021.95;3.68;32.59;0.000004;0;0;521.6609
22.06.2019;17:00;292.28;53.03;1021.84;3.88;35.97;0.000004;0;0;368.6457
22.06.2019;18:00;291.36;55.9;1021.94;3.97;40.12;0.000003;0;0;220.7194
22.06.2019;19:00;289.95;62.73;1022.17;3.61;43.96;0.000003;0;0;90.0945
22.06.2019;20:00;288.11;70.99;1022.47;3.25;48.4;0.000003;0;0;8.2846
22.06.2019;21:00;287.28;73.51;1022.55;3.31;52.8;0.000003;0;0;0
22.06.2019;22:00;286.82;74.64;1022.55;3.27;57.1;0.000002;0;0;0
22.06.2019;23:00;286.46;75.5;1022.64;3.25;61.83;0.000001;0;0;0
22.06.2019;24:00:00;286.2;76.33;1022.6;3.27;67.11;0.000001;0;0;0
23.06.2019;01:00;286;77.13;1022.65;3.33;71.91;0;0;0;0
23.06.2019;02:00;285.84;77.91;1022.76;3.37;74.27;0;0;0;0
23.06.2019;03:00;285.71;78.77;1022.93;3.39;75.02;0;0;0;2.5597
23.06.2019;04:00;286.62;77.62;1023;3.23;76.7;0;0;0;64.7567
23.06.2019;05:00;288.78;70.48;1022.97;3.5;77.94;0;0;0;189.5798
23.06.2019;06:00;290.15;62.61;1023;3.96;77.52;0;0;0;338.074
23.06.2019;07:00;291.35;57.75;1023.05;3.85;74.56;0;0;0;490.3815
23.06.2019;08:00;292.49;54.61;1023.14;3.72;71.57;0;0;0;631.845
23.06.2019;09:00;293.54;51.65;1023.17;3.66;68.25;0;0;0;750.5453
23.06.2019;10:00;294.29;49.78;1023.16;3.74;62.07;0;0;0;836.2568
23.06.2019;11:00;294.72;48.82;1023.15;3.99;57.42;0;0;0;884.731
23.06.2019;12:00;294.94;48.07;1023.09;4.22;57.53;0;0;0;890.6824
23.06.2019;13:00;294.96;47.59;1023;4.29;58.8;0;0;0;853.5956
23.06.2019;14:00;294.83;47.29;1022.97;4.24;60;0;0;0;777.1302
23.06.2019;15:00;294.52;47.53;1022.9;4.18;60.35;0;0;0;665.2335
23.06.2019;16:00;294.06;48.2;1022.79;4.13;60.12;0;0;0;527.4266
23.06.2019;17:00;293.4;49.61;1022.76;4.12;59.88;0;0;0;374.2517
23.06.2019;18:00;292.41;53.42;1022.87;4.1;60.02;0;0;0;221.1505
23.06.2019;19:00;290.73;63.59;1023.13;3.56;61.15;0;0;0;88.3413
23.06.2019;20:00;288.67;72.76;1023.51;3.52;64.17;0;0;0;8.329
23.06.2019;21:00;287.79;76.72;1023.67;3.63;67;0;0;0;0
23.06.2019;22:00;287.28;79.52;1023.83;3.61;69.71;0;0;0;0
23.06.2019;23:00;286.88;82.21;1023.95;3.61;73.22;0;0;0;0
23.06.2019;24:00:00;286.54;85.53;1024.01;3.61;76.79;0;0;0;0
24.06.2019;01:00;286.27;89.34;1024.09;3.57;78.31;0;0;0;0
24.06.2019;02:00;286.06;92.74;1024.29;3.49;77.36;0;0;0;0
24.06.2019;03:00;285.9;95.13;1024.37;3.45;76.38;0;0;0;2.6097
24.06.2019;04:00;286.9;90.61;1024.37;3.28;78.42;0.000014;0;0;63.5782
24.06.2019;05:00;289.26;81.17;1024.38;3.79;82.59;0.000004;0;0;188.2498
24.06.2019;06:00;290.88;72.78;1024.46;4.17;87.42;0;0;0;338.9476
24.06.2019;07:00;292.47;64.33;1024.62;4.15;95.04;0;0;0;481.9784
24.06.2019;08:00;293.95;57.02;1024.72;3.96;103.16;0;0;0;587.4999
24.06.2019;09:00;295.06;52.49;1024.66;3.76;108.6;0;0;0;656.6684
24.06.2019;10:00;295.86;50.53;1024.37;3.64;106.33;0;0;0;708.8851
24.06.2019;11:00;296.54;49.22;1024.09;3.72;99.34;0;0;0;761.8568
24.06.2019;12:00;297.04;48.4;1023.95;3.97;91.62;0;0;0;795.9001
24.06.2019;13:00;297.31;48.18;1023.99;4.37;85.29;0;0;0;794.2674
24.06.2019;14:00;297.36;48.29;1023.89;4.95;82.42;0;0;0;753.4351
24.06.2019;15:00;297.09;48.64;1023.76;5.56;82;0;0;0;652.2689
24.06.2019;16:00;296.55;49.42;1023.69;5.98;83.06;0;0;0;517.7277
24.06.2019;17:00;295.7;51.25;1023.62;6.29;82.11;0;0;0;368.1592
24.06.2019;18:00;294.39;56.31;1023.51;6.33;78.14;0;0;0;216.0046
24.06.2019;19:00;292.65;65.25;1023.48;5.98;75;0;0;0;81.0372
24.06.2019;20:00;291.11;74.22;1023.5;5.7;75.92;0;0;0;7.3396
24.06.2019;21:00;290.53;80.31;1023.33;5.65;79.7;0;0;0;0
24.06.2019;22:00;290.36;84.3;1023.15;5.45;85.76;0;0;0;0
24.06.2019;23:00;290.24;86.62;1023.02;5.19;93.86;0;0;0;0
24.06.2019;24:00:00;290.15;87.3;1022.74;5.01;103.16;0;0;0;0
25.06.2019;01:00;290.09;86.39;1022.37;4.91;113.67;0;0;0;0
25.06.2019;02:00;289.92;85.2;1022.1;4.75;125.14;0;0;0;0
25.06.2019;03:00;289.71;83.75;1022.16;4.65;134.93;0;0;0;2.3726
25.06.2019;04:00;290.35;79.07;1022.17;4.86;142.53;0;0;0;53.9539
25.06.2019;05:00;291.47;73.4;1022.06;5.08;146.17;0;0;0;148.8105
25.06.2019;06:00;292.74;69.01;1021.99;4.86;142.77;0;0;0;262.0173
25.06.2019;07:00;294.65;62.79;1021.73;4.94;138.56;0;0;0;401.681
25.06.2019;08:00;296.65;56.61;1021.55;5.38;141.67;0;0;0;546.6143
25.06.2019;09:00;298.4;52.3;1021.44;5.54;149.18;0;0;0;647.9731
25.06.2019;10:00;299.57;51.49;1021.35;5.34;154.35;0;0;0;652.0084
25.06.2019;11:00;300.14;52.33;1021.24;5.02;154.74;0;0;0;564.3752
25.06.2019;12:00;300.64;51.97;1021.08;4.82;151.93;0;0;0;568.8551
25.06.2019;13:00;301.26;50.21;1020.73;4.8;147.07;0;0;0;651.7361
25.06.2019;14:00;301.69;48.68;1020.28;4.77;143.75;0;0;0;702.5416
25.06.2019;15:00;301.75;48.57;1019.89;4.49;141.14;0;0;0;620.6127
25.06.2019;16:00;301.45;50.26;1019.51;4.1;136.42;0;0;0;484.3236
25.06.2019;17:00;300.75;55.41;1019.16;3.61;125.61;0;0;0;338.4889
25.06.2019;18:00;299.57;63.06;1018.97;3.34;118.41;0;0;0;196.2149
25.06.2019;19:00;297.56;70.48;1018.89;3.32;112.09;0;0;0;75.4483
25.06.2019;20:00;295.86;72.46;1018.96;3.74;110.91;0;0;0;6.8209
25.06.2019;21:00;295.22;74.25;1018.93;3.98;113.97;0;0;0;0
25.06.2019;22:00;294.85;77.18;1018.73;4.07;120.77;0;0;0;0
25.06.2019;23:00;294.47;81.06;1018.4;3.95;130.93;0;0;0;0
25.06.2019;24:00:00;294.12;84.51;1018.06;3.72;144.37;0;0;0;0
26.06.2019;01:00;293.82;86.31;1017.78;3.46;160.24;0;0;0;0
26.06.2019;02:00;293.45;86.18;1017.53;3.3;175.68;0;0;0;0
26.06.2019;03:00;293.15;84.16;1017.33;3.23;188.84;0;0;0;1.7507
26.06.2019;04:00;293.4;80.9;1017.12;3.14;201.15;0;0;0;35.2764
26.06.2019;05:00;294.49;75.03;1016.93;3.33;213.18;0;0;0;112.1493
26.06.2019;06:00;295.56;68.97;1016.93;3.69;223.51;0;0;0;232.309
26.06.2019;07:00;296.85;67;1016.88;3.07;228.67;0;0;0;395.2057
26.06.2019;08:00;298.95;63.02;1016.73;2.81;232.41;0;0;0;580.5346
26.06.2019;09:00;301.52;52.84;1016.54;3.69;248.06;0.000001;0;0;705.8145
26.06.2019;10:00;302.79;50.05;1016.34;4.31;254.07;0.000003;0;0;783.4908
26.06.2019;11:00;303.5;49.17;1016.11;5.2;262.71;0.000093;0;0;804.5647
26.06.2019;12:00;303.62;49.95;1015.92;6.47;273.37;0.00099;0;0;788.4054
26.06.2019;13:00;303.24;51.47;1016;7.87;281.76;0.002024;0;0;780.2525
26.06.2019;14:00;302.33;53.53;1016.29;8.86;286.95;0.000978;0;0;712.6948
26.06.2019;15:00;301.17;56.16;1016.63;9.22;290.27;0.000075;0;0;612.3973
26.06.2019;16:00;300.05;58.99;1016.85;9.14;293.4;0;0;0;487.7552
26.06.2019;17:00;299;62.17;1016.89;8.83;297.76;0.000244;0;0;346.2309
26.06.2019;18:00;297.73;65.89;1017.1;8.51;302.65;0.000021;0;0;198.5993
26.06.2019;19:00;296.11;70.53;1017.44;7.86;303.56;0.000003;0;0;78.0877
26.06.2019;20:00;294.38;75.19;1018;7.39;299.72;0;0;0;6.8281
26.06.2019;21:00;292.92;78.14;1018.4;7.69;296.41;0;0;0;0
26.06.2019;22:00;291.66;78.47;1018.8;8.45;298.72;0.000001;0;0;0
26.06.2019;23:00;290.49;78.76;1019.21;8.75;302.78;0.000374;0;0;0
26.06.2019;24:00:00;289.62;79.15;1019.43;8.73;304.47;0.005534;0;0;0
27.06.2019;01:00;289.06;78.32;1019.59;8.75;305.53;0.010236;0;0;0
27.06.2019;02:00;288.49;77.98;1019.8;8.54;305.39;0.004672;0;0;0
27.06.2019;03:00;287.94;78.53;1020.03;8.17;303.61;0.001633;0;0;1.9891
27.06.2019;04:00;287.74;78.49;1020.2;8.07;302.22;0.000942;0;0;57.5371
27.06.2019;05:00;288.11;75.66;1020.36;8.28;302.1;0.000363;0;0;178.8156
27.06.2019;06:00;288.8;71.38;1020.54;8.26;301.06;0.000127;0;0;327.2491
27.06.2019;07:00;289.69;66.9;1020.66;8.18;299.13;0.000057;0;0;480.5078
27.06.2019;08:00;290.64;62.91;1020.72;8.25;297.59;0.000067;0;0;621.1149
27.06.2019;09:00;291.61;59.45;1020.68;8.43;297.96;0.000025;0;0;736.2249
27.06.2019;10:00;292.45;57.25;1020.69;8.58;299.49;0.000026;0;0;820.6728
27.06.2019;11:00;293.13;55.88;1020.71;8.72;301.34;0.000025;0;0;870.5051
27.06.2019;12:00;293.64;55.07;1020.63;8.75;302.92;0.000022;0;0;877.6136
27.06.2019;13:00;293.95;54.43;1020.55;8.67;304.44;0.000017;0;0;841.6003
27.06.2019;14:00;294.09;53.84;1020.4;8.42;305.64;0.000005;0;0;764.7792
27.06.2019;15:00;294.02;53.86;1020.25;8.09;306.69;0.000002;0;0;653.564
27.06.2019;16:00;293.76;54.28;1020.08;7.77;306.92;0.000001;0;0;516.8912
27.06.2019;17:00;293.31;55.33;1019.95;7.38;306.96;0;0;0;366.78
27.06.2019;18:00;292.67;57.72;1019.93;6.91;306.58;0.000003;0;0;216.7728
27.06.2019;19:00;291.7;63.11;1020.11;5.81;304.2;0.000034;0;0;85.0973
27.06.2019;20:00;290.15;73.05;1020.37;4.56;299.66;0.000161;0;0;7.1297
27.06.2019;21:00;289.44;79.15;1020.53;4.44;297.5;0.000679;0;0;0
27.06.2019;22:00;289.32;82.52;1020.67;4.63;299.95;0.001555;0;0;0
27.06.2019;23:00;289.46;84.58;1020.62;4.76;305.48;0.003493;0;0;0
27.06.2019;24:00:00;289.68;85.88;1020.58;4.78;311.32;0.005331;0;0;0
28.06.2019;01:00;289.63;87.82;1020.53;4.65;315.1;0.004164;0;0;0
28.06.2019;02:00;289.4;89.42;1020.71;4.62;316.54;0.002126;0;0;0
28.06.2019;03:00;289.09;90.23;1020.92;4.79;317.05;0.006401;0;0;1.6963
28.06.2019;04:00;289.17;89.12;1021.18;5.15;317.91;0.005475;0;0;49.0703
28.06.2019;05:00;289.79;84.49;1021.41;5.42;318.48;0.003408;0;0;162.8295
28.06.2019;06:00;290.71;76.8;1021.66;5.49;319.57;0.001024;0;0;314.1288
28.06.2019;07:00;291.82;69.01;1021.81;5.4;321.15;0.001926;0;0;468.3655
28.06.2019;08:00;292.95;62.61;1021.79;5.17;323.65;0.000517;0;0;611.6638
28.06.2019;09:00;293.98;58;1021.67;4.97;326.63;0.000075;0;0;727.2095
28.06.2019;10:00;294.76;55.25;1021.72;4.78;329.88;0.00004;0;0;799.9594
28.06.2019;11:00;295.24;53.74;1021.77;4.62;331.66;0.000063;0;0;816.032
28.06.2019;12:00;295.48;52.99;1021.91;4.52;332.2;0.000017;0;0;800.9641
28.06.2019;13:00;295.58;52.51;1021.95;4.43;332.05;0.000002;0;0;761.7285
28.06.2019;14:00;295.6;52.01;1022.01;4.19;332.33;0;0;0;721.8009
28.06.2019;15:00;295.49;51.35;1021.89;3.75;332.2;0;0;0;622.8243
28.06.2019;16:00;295.2;50.8;1021.66;3.44;329.63;0;0;0;507.5378
28.06.2019;17:00;294.72;50.7;1021.42;3.22;323.75;0;0;0;367.3216
28.06.2019;18:00;293.99;52.44;1021.25;3.02;317.79;0;0;0;218.7572
28.06.2019;19:00;292.46;64.65;1021.18;2.26;310.36;0;0;0;87.6162
28.06.2019;20:00;290.36;72.37;1021.39;2.65;307.35;0;0;0;7.6457
28.06.2019;21:00;289.42;75.4;1021.6;2.83;302.55;0;0;0;0
28.06.2019;22:00;288.8;77.9;1021.61;2.93;295.02;0;0;0;0
28.06.2019;23:00;288.23;80.54;1021.44;3.03;287.14;0;0;0;0
28.06.2019;24:00:00;287.67;83.75;1021.15;3.14;280;0;0;0;0
29.06.2019;01:00;287.14;87.77;1020.89;3.25;273.12;0;0;0;0
29.06.2019;02:00;286.67;92.29;1020.57;3.42;265.54;0;0;0;0
29.06.2019;03:00;286.34;96.06;1020.28;3.61;259.76;0.000918;0;0;2.2709
29.06.2019;04:00;287.35;91.76;1020.09;3.72;256.26;0.001133;0;0;63.9843
29.06.2019;05:00;289.19;83.22;1020.07;4.74;252.34;0.000196;0;0;188.9114
29.06.2019;06:00;290.91;73.29;1020.01;4.88;250.43;0;0;0;335.5656
29.06.2019;07:00;292.74;63.09;1019.9;5.48;252.43;0;0;0;483.8945
29.06.2019;08:00;294.25;57.19;1019.6;5.82;256.65;0;0;0;622.0981
29.06.2019;09:00;295.59;52;1019.32;5.84;261.7;0;0;0;739.9227
29.06.2019;10:00;296.79;47.68;1019.01;5.6;267.24;0;0;0;824.6555
29.06.2019;11:00;297.81;44.53;1018.57;5.31;271.59;0;0;0;870.2947
29.06.2019;12:00;298.62;42.08;1018.07;5.18;274.56;0;0;0;873.0609
29.06.2019;13:00;299.23;40.37;1017.57;5.14;278.29;0;0;0;834.5148
29.06.2019;14:00;299.53;39.53;1017.14;5.01;283.22;0;0;0;756.271
29.06.2019;15:00;299.54;39.54;1016.77;4.71;287.96;0;0;0;644.4061
29.06.2019;16:00;299.22;40.64;1016.35;4.16;290.56;0;0;0;507.8408
29.06.2019;17:00;298.59;43.7;1016.02;3.35;291.22;0;0;0;357.7389
29.06.2019;18:00;297.65;49.13;1015.66;2.44;292.45;0;0;0;208.5114
29.06.2019;19:00;295.62;63.51;1015.47;1.84;300.91;0;0;0;80.3334
29.06.2019;20:00;294.35;60.8;1015.47;1.49;314.1;0;0;0;6.7697
29.06.2019;21:00;294.05;59.18;1015.34;0.77;326.43;0;0;0;0
29.06.2019;22:00;293.81;58.52;1014.97;0.2;150.11;0;0;0;0
29.06.2019;23:00;292.53;64.07;1014.52;1.27;167.35;0;0;0;0
29.06.2019;24:00:00;291.19;70.05;1013.99;2.33;175.52;0;0;0;0
30.06.2019;01:00;290.31;74.41;1013.46;3.15;182.91;0;0;0;0
30.06.2019;02:00;290.01;75.79;1012.89;3.7;189.91;0;0;0;0
30.06.2019;03:00;289.83;75.72;1012.38;4.03;196.88;0;0;0;2.0501
30.06.2019;04:00;290.57;71.87;1011.88;4.15;201.59;0;0;0;61.7025
30.06.2019;05:00;292.54;63.39;1011.46;4.7;202.87;0;0;0;186.5986
30.06.2019;06:00;294.11;58.13;1010.98;4.62;199.05;0;0;0;335.586
30.06.2019;07:00;296.02;55.62;1010.58;4.07;190.83;0;0;0;489.1962
30.06.2019;08:00;298.69;49.49;1010.12;4.53;193.62;0;0;0;630.9041
30.06.2019;09:00;301.1;40.93;1009.52;5.57;204.61;0;0;0;747.5818
30.06.2019;10:00;302.75;36.2;1008.87;6.21;210.41;0;0;0;831.8611
30.06.2019;11:00;303.98;32.86;1008.16;6.9;217.56;0;0;0;877.7413
30.06.2019;12:00;304.79;31.01;1007.53;7.5;225.87;0;0;0;880.9604
30.06.2019;13:00;305.27;30.37;1006.94;7.83;233.17;0;0;0;838.3806
30.06.2019;14:00;305.39;30.93;1006.41;7.82;240.48;0;0;0;753.7177
30.06.2019;15:00;305.06;33.37;1006.05;7.7;252.08;0;0;0;632.3179
30.06.2019;16:00;303.88;39.2;1006.06;8.02;269.77;0.000001;0;0;473.6079
30.06.2019;17:00;301.54;48.66;1006.84;9.38;286.65;0.000004;0;0;298.6649
30.06.2019;18:00;298.5;58.49;1007.98;10.1;292.62;0.000001;0;0;169.8558
30.06.2019;19:00;296.02;63.3;1008.81;9.37;291.22;0;0;0;69.3112
30.06.2019;20:00;294.28;66.6;1009.41;7.97;290.41;0;0;0;5.7856
30.06.2019;21:00;293.01;71.22;1009.86;7.39;290.99;0;0;0;0
30.06.2019;22:00;292.08;75.02;1010.25;7.07;291.52;0;0;0;0
30.06.2019;23:00;291.42;77.02;1010.73;7.07;289.52;0;0;0;0
30.06.2019;24:00:00;290.73;79.13;1010.86;6.46;287.73;0;0;0;0
01.07.2019;01:00;290.09;81.32;1010.89;5.77;285.05;0;0;0;0
01.07.2019;02:00;289.52;83.75;1010.83;5.31;281.92;0.000003;0;0;0
01.07.2019;03:00;289.11;86.28;1010.8;5.14;276.31;0.000084;0;0;1.8519
01.07.2019;04:00;289.39;85.82;1011;5.6;269.01;0.000149;0;0;56.9357
01.07.2019;05:00;290.35;80.54;1011.32;6.07;264.53;0.000474;0;0;173.8367
01.07.2019;06:00;291.73;69.8;1011.5;6.7;265.11;0.001191;0;0;320.5308
01.07.2019;07:00;293.03;61.22;1011.33;6.85;264.48;0.001492;0;0;473.0582
01.07.2019;08:00;294.15;55.75;1011.06;7.08;262.65;0.003036;0;0;607.4388
01.07.2019;09:00;295.21;51.53;1010.86;7.62;260.74;0.001615;0;0;719.8373
01.07.2019;10:00;296.18;48.22;1010.6;8.1;259.33;0.003363;0;0;795.6673
01.07.2019;11:00;296.87;46.24;1010.14;8.47;259.11;0.007588;0;0;798.3953
01.07.2019;12:00;296.88;46.93;1009.76;8.55;260.57;0.033007;0;0;633.9708
01.07.2019;13:00;296.84;48.08;1009.54;8.62;263.82;0.036638;0;0;550.1794
01.07.2019;14:00;296.86;48.23;1009.31;8.81;268.8;0.045266;0;0;507.4737
01.07.2019;15:00;296.53;48.96;1009.21;9.06;275.53;0.035511;0;0;425.2149
01.07.2019;16:00;296.11;49.55;1009.33;9.64;281.18;0.028111;0;0;427.5779
01.07.2019;17:00;295.08;50.9;1009.69;10.06;284.36;0.011764;0;0;276.2336
01.07.2019;18:00;293.77;53.48;1010.21;10.1;285.55;0.003144;0;0;175.0663
01.07.2019;19:00;292.3;57.63;1010.72;9.71;284.09;0.001242;0;0;75.9087
01.07.2019;20:00;290.95;63.34;1011.29;8.8;279.96;0.00216;0;0;6.2077
01.07.2019;21:00;290.13;68.76;1011.64;8.21;275.71;0.005468;0;0;0
01.07.2019;22:00;289.59;73.24;1011.86;8.13;272.29;0.013279;0;0;0
01.07.2019;23:00;289.11;77.6;1011.97;8.09;268.87;0.033962;0;0;0
01.07.2019;24:00:00;288.71;81.74;1011.95;7.94;266.47;0.041073;0;0;0
02.07.2019;01:00;288.46;84.56;1011.81;7.92;266.8;0.047372;0;0;0
02.07.2019;02:00;288.32;85.98;1011.77;8.15;268.95;0.050854;0;0;0
02.07.2019;03:00;288.18;86.23;1011.98;8.42;271.77;0.069379;0;0;1.4688
02.07.2019;04:00;288.11;84.61;1012.27;8.86;274.79;0.069841;0;0;47.726
02.07.2019;05:00;288.25;80.06;1012.61;9.69;278.61;0.06148;0;0;146.0217
02.07.2019;06:00;288.62;73.45;1012.94;10.47;281.91;0.053614;0;0;317.9499
02.07.2019;07:00;289.2;66.5;1013.25;10.85;285.5;0.048965;0;0;449.4646
02.07.2019;08:00;289.68;60.99;1013.58;11.04;287.9;0.034955;0;0;584.7661
02.07.2019;09:00;290.14;56.4;1013.95;11.17;288.46;0.01271;0;0;710.2349
02.07.2019;10:00;290.57;53.43;1014.32;11.22;288.38;0.003985;0;0;791.7222
02.07.2019;11:00;291.11;50.89;1014.59;11.18;288.3;0.001886;0;0;839.5343
02.07.2019;12:00;291.53;48.9;1014.84;11.03;288.74;0.001133;0;0;832.7896
02.07.2019;13:00;291.84;47.2;1015.08;10.84;289.35;0.000302;0;0;793.1266
02.07.2019;14:00;291.95;45.8;1015.29;10.66;289.99;0.000163;0;0;729.4456
02.07.2019;15:00;291.62;46.05;1015.54;10.43;290.32;0.000154;0;0;589.5493
02.07.2019;16:00;291.15;46.75;1015.61;10.21;290.62;0.000164;0;0;435.91
02.07.2019;17:00;290.65;47.56;1015.72;10.02;291.24;0.000152;0;0;298.5803
02.07.2019;18:00;290.04;48.9;1015.81;9.72;291.78;0.000226;0;0;181.2746
02.07.2019;19:00;289.24;51.47;1016.03;9.22;291.96;0.000519;0;0;59.4926
02.07.2019;20:00;288.51;54.82;1016.37;8.7;291.73;0.000485;0;0;3.7648
02.07.2019;21:00;287.94;58.06;1016.66;8.39;292.22;0.000579;0;0;0
02.07.2019;22:00;287.37;61.06;1016.9;8.07;293.65;0.000397;0;0;0
02.07.2019;23:00;286.47;65.67;1017.21;7.46;294.24;0.000336;0;0;0
02.07.2019;24:00:00;285.79;69.25;1017.45;7.11;294.54;0.00023;0;0;0
03.07.2019;01:00;285.31;71.47;1017.6;6.81;294.49;0.000259;0;0;0
03.07.2019;02:00;285.25;71.6;1017.66;6.83;293.9;0.000394;0;0;0
03.07.2019;03:00;285.09;72.89;1017.76;6.61;291.74;0.00085;0;0;1.5703
03.07.2019;04:00;285.33;73.16;1017.99;6.78;288.35;0.002194;0;0;54.818
03.07.2019;05:00;286.23;69.52;1018.18;7.42;287.2;0.003053;0;0;173.4299
03.07.2019;06:00;287.27;63.53;1018.26;8.04;289.69;0.003918;0;0;321.9261
03.07.2019;07:00;288.13;60.61;1018.29;8.2;289.5;0.020449;0;0;464.6443
03.07.2019;08:00;288.8;58.79;1018.35;8.43;289.71;0.028913;0;0;589.7161
03.07.2019;09:00;289.46;56.71;1018.45;8.64;291.25;0.037381;0;0;692.418
03.07.2019;10:00;290.07;54.6;1018.5;8.54;293.09;0.025935;0;0;758.892
03.07.2019;11:00;290.65;52.31;1018.58;8.46;294.21;0.027256;0;0;800.9554
03.07.2019;12:00;291.09;50.14;1018.67;8.44;295.97;0.019261;0;0;767.1981
03.07.2019;13:00;291.33;48.54;1018.73;8.46;297.45;0.02031;0;0;706.2634
03.07.2019;14:00;291.53;46.74;1018.8;8.49;298.35;0.008195;0;0;706.796
03.07.2019;15:00;291.4;46.18;1018.86;8.47;299.06;0.00284;0;0;606.7203
03.07.2019;16:00;291.04;46.72;1018.9;8.37;299.13;0.001746;0;0;478.4705
03.07.2019;17:00;290.56;48.04;1018.83;8.17;298.55;0.001187;0;0;340.9524
03.07.2019;18:00;289.95;50.24;1018.74;7.8;297.16;0.001587;0;0;198.1192
03.07.2019;19:00;289.1;54.37;1018.75;7.1;294.92;0.002243;0;0;63.5665
03.07.2019;20:00;288;60.85;1018.99;6.56;292.55;0.002546;0;0;5.1125
03.07.2019;21:00;287.23;66.21;1019.3;6.68;291.62;0.002821;0;0;0
03.07.2019;22:00;286.68;70.06;1019.49;6.78;291.85;0.005966;0;0;0
03.07.2019;23:00;286.14;73.72;1019.57;6.55;290.62;0.005325;0;0;0
03.07.2019;24:00:00;285.67;76.76;1019.49;6.5;289.06;0.004117;0;0;0
04.07.2019;01:00;285.22;79.23;1019.45;6.56;288.69;0.00581;0;0;0
04.07.2019;02:00;284.82;81;1019.48;6.54;288.81;0.00568;0;0;0
04.07.2019;03:00;284.6;81.74;1019.53;6.61;289.51;0.003705;0;0;1.5656
04.07.2019;04:00;284.91;80.41;1019.56;6.59;287.34;0.002464;0;0;59.4221
04.07.2019;05:00;286.04;75.03;1019.56;7.02;284.93;0.001876;0;0;182.6613
04.07.2019;06:00;287.36;67.66;1019.49;7.77;284.3;0.002581;0;0;326.4969
04.07.2019;07:00;288.38;62.97;1019.4;8.12;279.6;0.004523;0;0;467.4432
04.07.2019;08:00;289.36;59.01;1019.15;8.57;275.29;0.007066;0;0;585.8367
04.07.2019;09:00;290.39;55.19;1018.73;9.01;272.88;0.020536;0;0;695.2902
04.07.2019;10:00;291.25;53.81;1018.28;9.34;271.5;0.041907;0;0;724.1041
04.07.2019;11:00;291.72;54.77;1017.79;9.57;270.45;0.08313;0;0;633.6024
04.07.2019;12:00;292.16;56.14;1017.26;9.76;270.48;0.135638;0;0;587.5244
04.07.2019;13:00;292.45;57.1;1016.7;9.98;271.51;0.160294;0;0;524.533
04.07.2019;14:00;292.18;59.66;1016.29;10.24;271.66;0.265456;0;0;402.7185
04.07.2019;15:00;291.15;66.17;1016.03;10.19;270.87;0.410866;0;0;204.2784
04.07.2019;16:00;290.34;72.01;1015.54;9.89;267.74;0.323371;0;0;137.4729
04.07.2019;17:00;290.15;74.04;1014.8;9.72;264.08;0.179465;0;0;132.7511
04.07.2019;18:00;290.15;74.13;1013.97;9.57;262.72;0.138005;0;0;87.8823
04.07.2019;19:00;289.91;74.62;1013.28;9.41;263.26;0.145368;0;0;33.1336
04.07.2019;20:00;289.56;74.91;1012.88;9.37;263.85;0.145292;0;0;2.2471
04.07.2019;21:00;289.35;74.87;1012.5;9.69;264.64;0.125417;0;0;0
04.07.2019;22:00;288.98;77.52;1012.12;9.89;265.66;0.189414;0;0;0
04.07.2019;23:00;288.49;81.87;1011.61;9.78;266.95;0.439305;0;0;0
04.07.2019;24:00:00;288.08;84.81;1011.2;9.68;268.47;0.757128;0;0;0
05.07.2019;01:00;287.61;84.59;1010.89;9.73;270.74;0.640534;0;0;0
05.07.2019;02:00;287.18;84.75;1010.49;9.5;270.91;0.339701;0;0;0
05.07.2019;03:00;286.93;86.13;1009.98;9.12;271.95;0.213379;0;0;0.5902
05.07.2019;04:00;286.93;87.53;1009.71;8.79;274.58;0.255675;0;0;25.4142
05.07.2019;05:00;287.21;87.81;1009.54;8.3;278.39;0.347487;0;0;85.1355
05.07.2019;06:00;287.74;84.67;1009.46;8.41;284.74;0.218083;0;0;207.8398
05.07.2019;07:00;288.4;78.72;1009.58;8.66;291.07;0.123532;0;0;329.1989
05.07.2019;08:00;289.27;72.51;1009.71;8.55;293.54;0.177799;0;0;473.4269
05.07.2019;09:00;290.23;66.18;1009.96;8.44;294.24;0.088167;0;0;617.2559
05.07.2019;10:00;291.23;60.4;1010.17;8.3;294.36;0.03395;0;0;758.1503
05.07.2019;11:00;292.06;56.23;1010.35;8.14;293.95;0.014949;0;0;833.3423
05.07.2019;12:00;292.6;53.95;1010.43;8.06;294.58;0.008175;0;0;845.3088
05.07.2019;13:00;292.93;52.65;1010.46;7.98;296.13;0.004059;0;0;817.9305
05.07.2019;14:00;293.04;51.94;1010.51;7.8;297.13;0.001717;0;0;743.7427
05.07.2019;15:00;293;51.67;1010.42;7.54;296.99;0.000706;0;0;636.478
05.07.2019;16:00;292.86;52.05;1010.31;7.3;295.71;0.000369;0;0;499.8932
05.07.2019;17:00;292.54;53.21;1010.05;7.04;292.95;0.000349;0;0;356.3504
05.07.2019;18:00;291.93;56.15;1009.87;6.71;289.35;0.000572;0;0;208.2818
05.07.2019;19:00;290.91;63.14;1009.88;5.92;284.48;0.002638;0;0;67.5169
05.07.2019;20:00;289.96;71.73;1010.03;5.56;278.17;0.007316;0;0;3.4838
05.07.2019;21:00;289.57;77.59;1010.08;5.8;273.16;0.009065;0;0;0
05.07.2019;22:00;289.1;82.02;1009.96;5.83;271.02;0.015197;0;0;0
05.07.2019;23:00;288.47;85.79;1009.73;5.75;270.76;0.022815;0;0;0
05.07.2019;24:00:00;287.83;89.54;1009.43;5.47;272.69;0.025311;0;0;0
06.07.2019;01:00;287.49;90.93;1009.06;5.06;273.28;0.036177;0;0;0
06.07.2019;02:00;287.43;90.2;1008.5;4.92;272.91;0.058577;0;0;0
06.07.2019;03:00;287.38;90.21;1007.99;4.63;270.47;0.094152;0;0;0.7
06.07.2019;04:00;287.44;89.92;1007.6;4.44;263.21;0.158833;0;0;24.6442
06.07.2019;05:00;287.77;88.6;1007.24;4.78;254.94;0.236391;0;0;80.1621
06.07.2019;06:00;288.1;86.71;1006.84;5.29;250.38;0.570132;0;0;131.4818
06.07.2019;07:00;288.34;84.91;1006.29;5.68;245.1;0.60606;0;0;156.4036
06.07.2019;08:00;289.09;80.34;1005.82;6.33;244.62;0.293827;0;0;287.7987
06.07.2019;09:00;290.11;74;1005.35;6.74;245.83;0.124267;0;0;385.1096
06.07.2019;10:00;291.37;67.01;1004.79;7.06;245.3;0.045219;0;0;506.1339
06.07.2019;11:00;292.29;63.25;1004.27;7.42;245.51;0.078696;0;0;508.9763
06.07.2019;12:00;292.68;64.07;1003.83;8;247.56;0.279622;0;0;448.187
06.07.2019;13:00;292.02;69.82;1003.53;8.51;250.56;0.571393;0;0;254.9904
06.07.2019;14:00;291.29;75.56;1003.27;8.69;252.61;0.615921;0;0;167.5098
06.07.2019;15:00;291.14;77.15;1002.87;8.68;254.87;0.305978;0;0;184.3222
06.07.2019;16:00;291.1;77;1002.57;8.71;261.94;0.216303;0;0;174.8929
06.07.2019;17:00;290.8;77;1002.53;8.7;271.6;0.16999;0;0;155.2643
06.07.2019;18:00;290.15;75.1;1002.65;8.93;278.84;0.098369;0;0;151.5469
06.07.2019;19:00;288.97;71.91;1002.93;8.82;281.65;0.01956;0;0;73.7196
06.07.2019;20:00;287.66;70.7;1003.31;8.34;279.62;0.001901;0;0;4.9731
06.07.2019;21:00;286.93;71.3;1003.36;8.46;275.18;0.002784;0;0;0
06.07.2019;22:00;286.57;73.32;1003.34;8.56;271.35;0.008585;0;0;0
06.07.2019;23:00;286.52;75.38;1003.22;8.86;269.89;0.020788;0;0;0
06.07.2019;24:00:00;286.42;77.43;1003.13;9.05;272.64;0.031038;0;0;0
07.07.2019;01:00;286.29;78.92;1003.1;8.93;275.48;0.025214;0;0;0
07.07.2019;02:00;286.25;79.49;1003.04;8.79;276.79;0.024895;0;0;0
07.07.2019;03:00;286.25;79.25;1003.09;8.84;277.95;0.037123;0;0;0.5958
07.07.2019;04:00;286.31;79.2;1003.21;8.74;278.55;0.04565;0;0;22.5312
07.07.2019;05:00;286.65;78.21;1003.37;8.69;278.62;0.064367;0;0;95.6107
07.07.2019;06:00;287.35;74.8;1003.61;9.28;282.49;0.094752;0;0;253.1707
07.07.2019;07:00;288.34;69.4;1003.93;9.51;286.66;0.046861;0;0;414.5256
07.07.2019;08:00;289.25;65.28;1004.32;9.44;288.54;0.071279;0;0;531.4388
07.07.2019;09:00;289.92;63.37;1004.68;9.44;289.86;0.121832;0;0;649.6484
07.07.2019;10:00;290.41;62.3;1005.13;9.42;290.77;0.158088;0;0;719.389
07.07.2019;11:00;290.62;61.68;1005.59;9.41;290.93;0.143386;0;0;724.0118
07.07.2019;12:00;290.72;60.97;1006;9.43;290.69;0.10896;0;0;687.5015
07.07.2019;13:00;290.64;60.96;1006.38;9.44;290.96;0.115404;0;0;635.7649
07.07.2019;14:00;290.61;60.6;1006.72;9.38;291.73;0.09892;0;0;602.7397
07.07.2019;15:00;290.56;59.86;1007.05;9.28;292.43;0.086135;0;0;541.3803
07.07.2019;16:00;290.15;59.91;1007.4;9.16;292.15;0.058665;0;0;379.8777
07.07.2019;17:00;289.51;60.93;1007.77;8.96;291.51;0.027427;0;0;228.6483
07.07.2019;18:00;288.91;62.36;1008.1;8.51;291.01;0.014655;0;0;108.6727
07.07.2019;19:00;288.33;64.71;1008.34;7.78;290.37;0.012044;0;0;48.997
07.07.2019;20:00;287.6;68.25;1008.63;7.03;288.61;0.011987;0;0;3.0278
07.07.2019;21:00;287.18;70.43;1008.8;6.83;286.81;0.009781;0;0;0
07.07.2019;22:00;286.82;72.15;1008.93;6.72;285.54;0.010727;0;0;0
07.07.2019;23:00;286.52;73.69;1009.11;6.74;285.01;0.012428;0;0;0
07.07.2019;24:00:00;286.24;75.09;1009.2;6.8;284.59;0.013433;0;0;0
08.07.2019;01:00;285.96;76.46;1009.27;6.67;283.95;0.018237;0;0;0
08.07.2019;02:00;285.69;78;1009.17;6.56;283.16;0.022336;0;0;0
08.07.2019;03:00;285.43;79.72;1008.99;6.36;281.21;0.019157;0;0;0.5925
08.07.2019;04:00;285.39;81.33;1009.05;6.27;275.92;0.027782;0;0;24.877
08.07.2019;05:00;285.78;80.28;1009.29;6.73;276.35;0.047503;0;0;80.8372
08.07.2019;06:00;286.41;76.18;1009.69;7.45;282.14;0.059517;0;0;163.7743
08.07.2019;07:00;287.21;70.79;1010.01;7.94;285.94;0.065493;0;0;287.8819
08.07.2019;08:00;288.09;66.16;1010.21;8.12;287.4;0.068341;0;0;453.1807
08.07.2019;09:00;289.08;61.81;1010.4;8.23;289.02;0.0875;0;0;617.4742
08.07.2019;10:00;289.87;59.06;1010.59;8.29;290.07;0.073636;0;0;713.5314
08.07.2019;11:00;290.53;57.26;1010.76;8.26;290.26;0.078064;0;0;758.7801
08.07.2019;12:00;290.94;56.34;1010.93;8.19;290.4;0.073845;0;0;730.278
08.07.2019;13:00;291.13;55.9;1010.99;8.09;291.66;0.057018;0;0;680.8579
08.07.2019;14:00;291.27;55.46;1011.01;7.93;293.72;0.049095;0;0;623.9823
08.07.2019;15:00;291.2;55.81;1010.93;7.67;295.54;0.027754;0;0;528.2802
08.07.2019;16:00;290.97;56.78;1010.81;7.38;296.17;0.017833;0;0;413.0146
08.07.2019;17:00;290.65;58.23;1010.81;7.1;295.42;0.007672;0;0;292.0298
08.07.2019;18:00;290.1;60.85;1010.94;6.66;293.19;0.003288;0;0;144.2672
08.07.2019;19:00;289.35;65.48;1011.19;5.83;287.99;0.002603;0;0;50.4496
08.07.2019;20:00;288.38;71.34;1011.65;5.55;282.28;0.004325;0;0;3.0378
08.07.2019;21:00;287.94;74.33;1011.85;6.18;280.48;0.007111;0;0;0
08.07.2019;22:00;287.65;76.52;1011.94;6.65;282.08;0.020058;0;0;0
08.07.2019;23:00;287.35;78.78;1011.96;6.79;285.15;0.029033;0;0;0
08.07.2019;24:00:00;287;81.25;1011.88;6.78;288.62;0.026064;0;0;0
09.07.2019;01:00;286.6;83.93;1011.88;6.6;290.69;0.02419;0;0;0
09.07.2019;02:00;286.25;86.13;1011.89;6.39;292.49;0.016746;0;0;0
09.07.2019;03:00;285.85;88.12;1012;6.16;294.08;0.015915;0;0;0.7168
09.07.2019;04:00;285.79;88.24;1012.2;6.05;294.67;0.017506;0;0;46.4153
09.07.2019;05:00;286.59;83.66;1012.47;6.39;296.15;0.01751;0;0;161.6748
09.07.2019;06:00;287.76;76.06;1012.74;6.88;300.11;0.018545;0;0;306.2842
09.07.2019;07:00;288.74;69.32;1012.91;6.95;298.08;0.022473;0;0;455.0916
09.07.2019;08:00;289.68;63.37;1012.91;7.04;294.75;0.014055;0;0;596.7506
09.07.2019;09:00;290.59;58.49;1012.78;7.18;292.13;0.006418;0;0;717.537
09.07.2019;10:00;291.35;55.17;1012.63;7.26;291.37;0.00333;0;0;805.5572
09.07.2019;11:00;291.91;53.26;1012.61;7.3;291.97;0.001852;0;0;855.7986
09.07.2019;12:00;292.29;52.35;1012.65;7.34;294.14;0.001889;0;0;855.1915
09.07.2019;13:00;292.4;52.57;1012.81;7.35;296.63;0.002439;0;0;805.6864
09.07.2019;14:00;292.33;53.08;1012.94;7.29;298.81;0.001966;0;0;710.8384
09.07.2019;15:00;292.13;53.7;1013.06;7.12;300.33;0.000948;0;0;575.3562
09.07.2019;16:00;291.82;54.81;1013.1;6.89;299.85;0.000289;0;0;420.1094
09.07.2019;17:00;291.39;56.7;1013.09;6.68;298.1;0.000088;0;0;270.2931
09.07.2019;18:00;290.79;59.86;1013.12;6.31;294.78;0.000061;0;0;144.3921
09.07.2019;19:00;289.9;65.87;1013.27;5.47;287.17;0.000047;0;0;55.9867
09.07.2019;20:00;288.56;74.51;1013.51;5.03;279.78;0.0001;0;0;3.7311
09.07.2019;21:00;288.02;79.32;1013.6;5.73;278.61;0.000318;0;0;0
09.07.2019;22:00;287.65;84.08;1013.65;5.89;280.84;0.000699;0;0;0
09.07.2019;23:00;287.4;88.34;1013.63;5.86;283.55;0.003294;0;0;0
09.07.2019;24:00:00;287.19;92.19;1013.56;5.78;287.13;0.013882;0;0;0
10.07.2019;01:00;286.99;95.06;1013.38;5.55;291.54;0.022555;0;0;0
10.07.2019;02:00;286.84;96.94;1013.17;5.31;294.91;0.02865;0;0;0
10.07.2019;03:00;286.78;97.75;1013.07;5.22;298.4;0.03059;0;0;0.7248
10.07.2019;04:00;287.25;95.22;1013.13;5.46;302.76;0.035812;0;0;46.008
10.07.2019;05:00;288.23;90.33;1013.28;5.84;307.21;0.052497;0;0;168.5961
10.07.2019;06:00;289.3;82.56;1013.54;6.28;315.43;0.053459;0;0;316.6228
10.07.2019;07:00;290.41;72.45;1013.86;6.47;318.63;0.070399;0;0;461.4467
10.07.2019;08:00;291.44;64.53;1014.01;6.61;319.77;0.050301;0;0;592.3812
10.07.2019;09:00;292.34;58.88;1014.01;6.66;320.22;0.030767;0;0;699.853
10.07.2019;10:00;293.07;55.26;1013.97;6.65;318.53;0.023425;0;0;772.4872
10.07.2019;11:00;293.57;53.29;1013.89;6.66;314.97;0.017627;0;0;794.0914
10.07.2019;12:00;293.84;52.19;1013.83;6.78;311.78;0.013077;0;0;757.178
10.07.2019;13:00;293.9;51.33;1013.78;6.94;309.48;0.009183;0;0;677.5138
10.07.2019;14:00;293.79;50.71;1013.68;7.01;308.06;0.005067;0;0;568.1992
10.07.2019;15:00;293.43;50.84;1013.59;6.91;306.69;0.000911;0;0;406.8436
10.07.2019;16:00;292.94;51.43;1013.36;6.65;306.12;0.000026;0;0;261.2745
10.07.2019;17:00;292.61;51.46;1013.12;6.4;306.75;0;0;0;213.9665
10.07.2019;18:00;292.21;53.07;1012.96;5.72;306.5;0;0;0;174.4744
10.07.2019;19:00;290.83;61.4;1012.81;4.3;302.68;0;0;0;68.5733
10.07.2019;20:00;288.83;71.25;1012.89;4.08;300.84;0;0;0;3.7808
10.07.2019;21:00;288.23;75.22;1012.91;4.45;303.21;0;0;0;0
10.07.2019;22:00;287.95;78.52;1012.88;4.65;307.39;0;0;0;0
10.07.2019;23:00;287.58;82.93;1012.84;4.51;311.59;0;0;0;0
10.07.2019;24:00:00;287.03;88.64;1012.71;4.24;314.76;0;0;0;0
11.07.2019;01:00;286.55;93.91;1012.51;4.12;316.82;0;0;0;0
11.07.2019;02:00;286.14;98.13;1012.3;4;319.44;0;0;0;0
11.07.2019;03:00;285.75;101.19;1012.15;3.88;323.26;0.000562;0;0;0.6348
11.07.2019;04:00;286.25;98.22;1012.11;3.63;327.64;0.003896;0;0;45.5723
11.07.2019;05:00;288.03;87.84;1012.05;4.09;331.14;0.00099;0;0;159.0675
11.07.2019;06:00;289.51;75.52;1012.08;3.77;336.1;0;0;0;302.8116
11.07.2019;07:00;291.06;61.74;1012.06;3.37;331.19;0;0;0;450.8194
11.07.2019;08:00;292.35;53.63;1011.94;3.01;318.3;0;0;0;591.4274
11.07.2019;09:00;293.33;50.22;1011.76;2.68;309.69;0;0;0;708.9945
11.07.2019;10:00;294.14;48.44;1011.57;2.28;306.49;0;0;0;792.0566
11.07.2019;11:00;294.83;46.76;1011.35;1.87;306;0;0;0;836.6505
11.07.2019;12:00;295.39;45.3;1011.03;1.53;309.96;0;0;0;839.2369
11.07.2019;13:00;295.75;44.43;1010.67;1.29;322.05;0.000001;0;0;795.7255
11.07.2019;14:00;295.91;43.99;1010.44;1.19;339.73;0.00001;0;0;716.196
11.07.2019;15:00;295.88;44.11;1010.15;1.14;354.41;0.000055;0;0;609.3602
11.07.2019;16:00;295.65;44.63;1009.82;1.14;6.8;0.000076;0;0;481.474
11.07.2019;17:00;295.14;45.96;1009.59;1.25;21.41;0.000102;0;0;317.2221
11.07.2019;18:00;294.31;50.48;1009.53;1.48;35.15;0.000109;0;0;166.2098
11.07.2019;19:00;292.62;63.99;1009.61;1.72;45.4;0.000318;0;0;51.676
11.07.2019;20:00;290.75;69.64;1009.85;2.18;57.15;0.000788;0;0;2.5953
11.07.2019;21:00;289.86;72.33;1009.94;2.49;71.03;0.001492;0;0;0
11.07.2019;22:00;289.19;75.85;1009.91;2.56;84.23;0.002482;0;0;0
11.07.2019;23:00;288.75;78.51;1009.79;2.39;93.73;0.003527;0;0;0
11.07.2019;24:00:00;288.5;80.22;1009.47;2.31;100.78;0.007559;0;0;0
12.07.2019;01:00;288.37;81.63;1009.18;2.23;108.03;0.014795;0;0;0
12.07.2019;02:00;288.23;83.2;1008.97;2.1;115.76;0.026814;0;0;0
12.07.2019;03:00;288.15;84.52;1008.78;1.96;124.69;0.034512;0;0;0.3112
12.07.2019;04:00;288.38;84.37;1008.68;1.84;133.82;0.028256;0;0;21.0574
12.07.2019;05:00;288.84;81.78;1008.61;2.06;141.4;0.017807;0;0;69.7172
12.07.2019;06:00;289.42;77.94;1008.56;1.66;148.08;0.009644;0;0;137.11
12.07.2019;07:00;290.68;69.11;1008.58;1.47;160.68;0.006358;0;0;229.411
12.07.2019;08:00;292.05;62.92;1008.52;1.44;163.74;0.013846;0;0;327.0167
12.07.2019;09:00;293.16;59.46;1008.37;1.54;157.03;0.075037;0;0;440.5645
12.07.2019;10:00;293.88;57.79;1008.26;1.57;149.23;0.153419;0;0;510.8112
12.07.2019;11:00;294.24;57.31;1008.17;1.5;140.66;0.169285;0;0;516.3085
12.07.2019;12:00;294.41;57.05;1008.07;1.51;125.66;0.143205;0;0;489.7177
12.07.2019;13:00;294.4;56.95;1007.99;1.71;112.11;0.130385;0;0;419.0803
12.07.2019;14:00;294.35;57.04;1007.93;1.94;100.91;0.096478;0;0;377.3439
12.07.2019;15:00;294.24;57.1;1007.9;2.15;92.84;0.060011;0;0;315.3394
12.07.2019;16:00;294.06;57.76;1007.83;2.26;88.65;0.037235;0;0;257.8887
12.07.2019;17:00;293.83;59.19;1007.77;2.22;84.05;0.014677;0;0;192.929
12.07.2019;18:00;293.33;64.21;1007.82;2.14;77.07;0.012998;0;0;118.5677
12.07.2019;19:00;292;74.62;1007.92;2.09;70.31;0.001608;0;0;47.769
12.07.2019;20:00;290.32;79.67;1008.17;2.59;65.98;0.000321;0;0;2.5941
12.07.2019;21:00;289.4;84.93;1008.3;3.01;65.17;0.00029;0;0;0
12.07.2019;22:00;288.87;89.68;1008.45;3.15;64.92;0.00034;0;0;0
12.07.2019;23:00;288.51;92.92;1008.62;3.17;64.5;0.000156;0;0;0
12.07.2019;24:00:00;288.28;95.13;1008.65;3.11;62.85;0.000078;0;0;0
13.07.2019;01:00;288.04;97.15;1008.53;3.05;58.83;0.000065;0;0;0
13.07.2019;02:00;287.72;99.39;1008.46;3.03;53.39;0.001275;0;0;0
13.07.2019;03:00;287.45;101.2;1008.47;3.02;47.86;0.003066;0;0;0.3601
13.07.2019;04:00;287.93;98.39;1008.72;2.89;44.46;0.005339;0;0;38.6095
13.07.2019;05:00;289.68;89.39;1009.02;3.54;40.53;0.003181;0;0;144.2912
13.07.2019;06:00;290.88;81.16;1009.43;3.71;38.55;0.004616;0;0;280.4716
13.07.2019;07:00;292.28;70.25;1009.8;3.73;37.89;0.002714;0;0;436.9706
13.07.2019;08:00;293.73;59.5;1010.08;3.73;36.61;0.001036;0;0;587.6782
13.07.2019;09:00;294.83;52.87;1010.19;3.85;31.06;0.00329;0;0;705.8593
13.07.2019;10:00;295.53;49.83;1010.36;4.05;24.24;0.005521;0;0;788.9418
13.07.2019;11:00;295.92;49.04;1010.5;4.2;17.78;0.013461;0;0;826.5648
13.07.2019;12:00;296.07;49.52;1010.73;4.26;12.99;0.036732;0;0;821.8732
13.07.2019;13:00;296.04;50.34;1010.92;4.17;9.13;0.051522;0;0;764.3883
13.07.2019;14:00;295.92;51.1;1011.17;3.92;4.41;0.055963;0;0;679.0352
13.07.2019;15:00;295.69;51.87;1011.27;3.62;357.79;0.03824;0;0;574.7148
13.07.2019;16:00;295.42;52.7;1011.27;3.48;349.1;0.018957;0;0;450.0355
13.07.2019;17:00;295.04;53.99;1011.26;3.47;341.52;0.008126;0;0;312.5912
13.07.2019;18:00;294.38;57.93;1011.32;3.05;335.93;0.005603;0;0;172.1701
13.07.2019;19:00;292.8;71.17;1011.51;2.04;327.24;0.014342;0;0;56.1519
13.07.2019;20:00;291.25;77.44;1011.75;2.29;315.34;0.030663;0;0;2.0754
13.07.2019;21:00;290.7;80.49;1011.9;2.75;306.79;0.046433;0;0;0
13.07.2019;22:00;290.42;83.07;1012.04;3.29;305.26;0.063493;0;0;0
13.07.2019;23:00;290.21;85.78;1012.14;3.92;306.49;0.059332;0;0;0
13.07.2019;24:00:00;289.85;88.97;1012.16;4.36;309.14;0.073732;0;0;0
14.07.2019;01:00;289.47;91.78;1012.04;4.73;311.92;0.095851;0;0;0
14.07.2019;02:00;289.19;93.24;1012.09;5.02;314.12;0.113748;0;0;0
14.07.2019;03:00;288.9;94;1012.25;5.09;316.18;0.106247;0;0;0.22
14.07.2019;04:00;288.86;93.27;1012.52;5.15;317.34;0.093602;0;0;32.3191
14.07.2019;05:00;289.3;90.07;1012.78;5.24;317.58;0.101487;0;0;119.9552
14.07.2019;06:00;290.02;85.02;1013.06;5.28;322;0.103454;0;0;223.2031
14.07.2019;07:00;290.92;79.07;1013.41;4.99;324.17;0.128008;0;0;329.4536
14.07.2019;08:00;291.97;72.82;1013.61;4.56;325.64;0.211283;0;0;462.1143
14.07.2019;09:00;292.88;68.18;1013.79;4.11;327.47;0.273607;0;0;579.0778
14.07.2019;10:00;293.58;64.72;1014;3.68;328.62;0.198846;0;0;680.4772
14.07.2019;11:00;294.02;62.17;1014.16;3.44;326.56;0.169888;0;0;703.9265
14.07.2019;12:00;294.34;60.47;1014.26;3.47;324.49;0.117683;0;0;698.4644
14.07.2019;13:00;294.35;60.06;1014.42;3.64;324.63;0.104781;0;0;617.2526
14.07.2019;14:00;294.16;60.29;1014.48;3.79;325.43;0.078417;0;0;558.022
14.07.2019;15:00;293.85;60.96;1014.59;3.87;325.28;0.046645;0;0;463.0439
14.07.2019;16:00;293.39;61.96;1014.59;3.97;324.94;0.023679;0;0;367.179
14.07.2019;17:00;292.64;64.06;1014.56;3.97;324.78;0.007897;0;0;237.8621
14.07.2019;18:00;291.77;66.88;1014.51;3.8;323.38;0.006837;0;0;145.9233
14.07.2019;19:00;290.71;71.33;1014.52;3.27;319.63;0.005816;0;0;47.8653
14.07.2019;20:00;289.4;78.82;1014.62;2.36;313.14;0.004881;0;0;1.8453
14.07.2019;21:00;288.6;82.7;1014.59;2.2;302.47;0.007048;0;0;0
14.07.2019;22:00;288.19;84.55;1014.59;2.23;289.92;0.008013;0;0;0
14.07.2019;23:00;287.95;85.92;1014.58;2.4;278.99;0.010817;0;0;0
14.07.2019;24:00:00;287.77;87.35;1014.51;2.68;271.05;0.015643;0;0;0
15.07.2019;01:00;287.81;88.09;1014.33;2.97;266.91;0.02375;0;0;0
15.07.2019;02:00;287.88;88.46;1014.1;3.48;265.33;0.033703;0;0;0
15.07.2019;03:00;287.73;89.52;1014.04;3.89;265.2;0.034184;0;0;0.1205
15.07.2019;04:00;287.63;89.4;1014;4.22;265.45;0.046861;0;0;24.4046
15.07.2019;05:00;287.82;86.29;1013.88;4.64;265.29;0.051241;0;0;95.4621
15.07.2019;06:00;288.22;81.09;1013.78;4.84;263.5;0.041066;0;0;178.6695
15.07.2019;07:00;288.6;76.07;1013.7;4.95;258.78;0.042385;0;0;225.6513
15.07.2019;08:00;289.07;71.92;1013.53;5.09;256.52;0.028963;0;0;306.6415
15.07.2019;09:00;289.87;66.96;1013.37;5.2;257.72;0.013424;0;0;428.891
15.07.2019;10:00;290.83;62.04;1013.21;5.24;260.49;0.004178;0;0;572.6006
15.07.2019;11:00;292.05;56.99;1012.99;5.36;262.68;0.001716;0;0;745.9749
15.07.2019;12:00;293.04;52.99;1012.66;5.61;264.79;0.000497;0;0;828.5864
15.07.2019;13:00;293.61;50.75;1012.33;5.96;266.98;0.000174;0;0;801.4093
15.07.2019;14:00;293.8;49.92;1012.04;6.29;268.94;0.00005;0;0;728.2998
15.07.2019;15:00;293.59;50.4;1011.7;6.59;269.4;0.000028;0;0;607.0905
15.07.2019;16:00;292.99;52;1011.44;6.89;269.02;0.000058;0;0;432.0465
15.07.2019;17:00;292.05;54.81;1011.24;7.1;270.12;0.000177;0;0;242.6006
15.07.2019;18:00;291.03;58.55;1011.1;7.02;271;0.00105;0;0;107.8282
15.07.2019;19:00;290.09;62.9;1011.04;6.56;269.75;0.002618;0;0;27.7667
15.07.2019;20:00;289.38;67.48;1011.09;6.03;266.31;0.006789;0;0;0.8116
15.07.2019;21:00;288.97;71.37;1010.99;5.98;262.43;0.0127;0;0;0
15.07.2019;22:00;288.72;74.57;1010.73;6.23;260.99;0.020108;0;0;0
15.07.2019;23:00;288.54;77.6;1010.47;6.52;263.17;0.027924;0;0;0
15.07.2019;24:00:00;288.35;81.33;1010.11;6.48;266.32;0.038842;0;0;0
16.07.2019;01:00;288.27;84.73;1009.91;6.31;271.86;0.056283;0;0;0
16.07.2019;02:00;288.26;87.56;1009.77;5.97;278.72;0.055732;0;0;0
16.07.2019;03:00;288.22;89.77;1009.56;5.63;285.49;0.054705;0;0;0.0941
16.07.2019;04:00;288.26;90.25;1009.49;5.38;291.07;0.071014;0;0;25.9806
16.07.2019;05:00;288.75;87.98;1009.55;5.59;293.08;0.069059;0;0;128.6918
16.07.2019;06:00;289.59;81.75;1009.71;6.08;295.41;0.044294;0;0;260.5665
16.07.2019;07:00;290.52;74.73;1009.88;6.43;294.48;0.028229;0;0;410.3058
16.07.2019;08:00;291.51;68.33;1009.95;6.59;292.15;0.014477;0;0;524.2726
16.07.2019;09:00;292.29;63.84;1010.01;6.63;289.72;0.013509;0;0;599.299
16.07.2019;10:00;292.83;60.82;1010;6.74;286.73;0.011359;0;0;661.9271
16.07.2019;11:00;293.1;58.6;1009.9;6.99;285.82;0.012483;0;0;665.7745
16.07.2019;12:00;293.52;56.21;1009.71;7.22;288.89;0.004881;0;0;711.4779
16.07.2019;13:00;293.75;54.64;1009.69;7.39;294.03;0.002259;0;0;693.7799
16.07.2019;14:00;293.88;53.84;1009.74;7.4;298.96;0.000649;0;0;668.6263
16.07.2019;15:00;293.87;53.81;1009.86;7.3;303.17;0.000236;0;0;596.5984
16.07.2019;16:00;293.73;54.33;1009.85;7.13;305.96;0.000175;0;0;473.0688
16.07.2019;17:00;293.45;55.51;1009.85;6.84;308.71;0.000185;0;0;323.1924
16.07.2019;18:00;292.92;57.83;1009.98;6.2;310.47;0.00021;0;0;175.2766
16.07.2019;19:00;291.67;65.23;1010.19;4.61;308.03;0.000084;0;0;59.9934
16.07.2019;20:00;289.81;75.55;1010.71;4;304.4;0.00001;0;0;1.875
16.07.2019;21:00;289.11;80.58;1010.99;4.22;302.05;0.000003;0;0;0
16.07.2019;22:00;288.73;84.11;1011.18;4.58;301.7;0;0;0;0
16.07.2019;23:00;288.4;86.93;1011.35;4.82;304.36;0.000008;0;0;0
16.07.2019;24:00:00;288.03;89.92;1011.42;4.89;306.09;0.000316;0;0;0
17.07.2019;01:00;287.66;93.22;1011.39;4.88;306.87;0.004661;0;0;0
17.07.2019;02:00;287.37;95.21;1011.33;4.74;309.4;0.012277;0;0;0
17.07.2019;03:00;287.2;96.77;1011.29;4.51;311.48;0.013289;0;0;0.0996
17.07.2019;04:00;287.59;95.15;1011.41;4.49;313.19;0.021288;0;0;30.2759
17.07.2019;05:00;288.65;89.54;1011.63;4.62;315.98;0.013643;0;0;115.2917
17.07.2019;06:00;289.74;80.59;1011.88;4.33;328.84;0.004702;0;0;239.5083
17.07.2019;07:00;290.98;70.19;1012.08;3.92;336.81;0.00401;0;0;378.5565
17.07.2019;08:00;292.03;63.03;1012.18;3.76;338.35;0.002908;0;0;504.4091
17.07.2019;09:00;292.81;58.74;1012.23;3.74;338.89;0.002032;0;0;606.1042
17.07.2019;10:00;293.5;55.96;1012.17;3.71;339.44;0.001009;0;0;673.6901
17.07.2019;11:00;293.98;54.35;1012.05;3.73;339.21;0.000331;0;0;689.3792
17.07.2019;12:00;294.11;53.83;1012.02;3.81;339.31;0.000166;0;0;651.3548
17.07.2019;13:00;294.13;53.79;1012.07;3.84;340.32;0.000105;0;0;607.8999
17.07.2019;14:00;294.05;54.03;1012.21;3.77;341.25;0.000074;0;0;545.3926
17.07.2019;15:00;293.83;54.72;1012.26;3.64;341.97;0.000058;0;0;458.0112
17.07.2019;16:00;293.46;55.77;1012.13;3.38;341.99;0.00004;0;0;350.7997
17.07.2019;17:00;292.91;57.49;1011.94;3.01;341.8;0.000078;0;0;226.9019
17.07.2019;18:00;292.15;60.61;1011.86;2.47;340.3;0.000064;0;0;119.0948
17.07.2019;19:00;290.88;71.14;1011.85;1.51;331.33;0.000048;0;0;39.601
17.07.2019;20:00;289.61;76.11;1011.98;1.47;324.54;0.000042;0;0;1.3217
17.07.2019;21:00;289.22;76.85;1011.93;1.4;313.92;0.000027;0;0;0
17.07.2019;22:00;288.76;78.92;1011.95;1.29;307.88;0.000021;0;0;0
17.07.2019;23:00;288.7;79.43;1012.06;1.19;306.86;0.000017;0;0;0
17.07.2019;24:00:00;288.43;81.44;1012.11;1.03;303.77;0.000016;0;0;0
18.07.2019;01:00;288.14;83.74;1012.03;0.81;295.32;0.000016;0;0;0
18.07.2019;02:00;287.9;85.43;1011.9;0.57;270.44;0.000017;0;0;0
18.07.2019;03:00;287.36;89.37;1011.77;0.6;216.88;0.000049;0;0;0.0616
18.07.2019;04:00;286.87;92.81;1011.85;0.95;193.7;0.002097;0;0;36.5832
18.07.2019;05:00;288.08;87.24;1012;1.35;190.13;0.005858;0;0;146.1822
18.07.2019;06:00;289.83;76.19;1012.1;1.32;191.77;0.003466;0;0;290.1985
18.07.2019;07:00;291.87;64.25;1012.12;1.19;193.52;0.002155;0;0;444.8441
18.07.2019;08:00;293.42;57.21;1012.1;0.98;193.68;0.001148;0;0;589.5608
18.07.2019;09:00;294.64;51.83;1011.96;0.64;189.51;0.000954;0;0;705.0063
18.07.2019;10:00;295.61;47.62;1011.7;0.45;137.92;0.00043;0;0;789.1838
18.07.2019;11:00;296.36;44.77;1011.44;0.93;102.11;0.000086;0;0;838.1368
18.07.2019;12:00;296.85;43.48;1011.22;1.5;94.68;0.000074;0;0;839.4902
18.07.2019;13:00;297.02;43.25;1011.03;2.08;92.86;0.000038;0;0;780.1141
18.07.2019;14:00;297.06;43.34;1010.88;2.64;91.69;0.000013;0;0;717.1078
18.07.2019;15:00;296.89;43.85;1010.63;3.15;91.09;0.000007;0;0;611.8774
18.07.2019;16:00;296.47;45.01;1010.3;3.67;91.77;0.000009;0;0;464.8411
18.07.2019;17:00;295.8;47.24;1010.01;4.17;92.38;0.000007;0;0;309.5599
18.07.2019;18:00;294.74;52.41;1010.01;4.6;91.23;0.000005;0;0;170.6154
18.07.2019;19:00;293.06;61.65;1010.15;4.83;90.7;0.000003;0;0;51.9622
18.07.2019;20:00;291.63;70.42;1010.35;5.24;93.69;0.000002;0;0;1.1469
18.07.2019;21:00;290.98;76.16;1010.37;5.46;99.1;0.000002;0;0;0
18.07.2019;22:00;290.71;78.78;1010.33;5.34;106.8;0.000015;0;0;0
18.07.2019;23:00;290.65;79.4;1010.31;5.21;114.27;0.00011;0;0;0
18.07.2019;24:00:00;290.52;79.82;1010.16;5;120.64;0.000283;0;0;0
19.07.2019;01:00;290.35;79.2;1010;4.74;127.26;0.000418;0;0;0
19.07.2019;02:00;290.14;78.14;1009.84;4.37;134.66;0.000468;0;0;0
19.07.2019;03:00;289.9;77.17;1009.75;3.86;143.22;0.000359;0;0;0.0087
19.07.2019;04:00;289.75;75.87;1009.7;3.55;151.97;0.000549;0;0;9.4346
19.07.2019;05:00;290.09;73.01;1009.67;3.49;158.66;0.000183;0;0;53.5595
19.07.2019;06:00;290.99;68.66;1009.72;3;160.35;0.001156;0;0;161.1003
19.07.2019;07:00;292.94;60.84;1009.83;2.17;169.24;0.000141;0;0;321.6613
19.07.2019;08:00;295.44;53.21;1009.88;1.46;187.85;0.026617;0;0;501.1871
19.07.2019;09:00;297.04;48.64;1009.89;1.15;203.28;0.050354;0;0;645.4814
19.07.2019;10:00;297.91;46.89;1009.9;1.18;220.91;0.073154;0;0;720.345
19.07.2019;11:00;298.29;46.12;1009.97;1.44;235.02;0.080839;0;0;729.806
19.07.2019;12:00;298.33;45.96;1010.09;1.66;246.03;0.089548;0;0;662.6558
19.07.2019;13:00;298.08;46.93;1010.17;1.84;255.85;0.09643;0;0;532.5906
19.07.2019;14:00;297.73;48.71;1010.3;1.98;264.47;0.093199;0;0;432.7646
19.07.2019;15:00;297.31;51.06;1010.46;2.18;272.02;0.068075;0;0;363.9742
19.07.2019;16:00;296.88;53.45;1010.54;2.34;280.41;0.057439;0;0;317.809
19.07.2019;17:00;296.26;56.63;1010.65;2.39;289.57;0.032371;0;0;211.8182
19.07.2019;18:00;295.41;62.6;1010.92;2.16;300.23;0.007204;0;0;121.9925
19.07.2019;19:00;293.84;74.73;1011.27;1.66;313.6;0.012743;0;0;39.4321
19.07.2019;20:00;292.22;81.26;1011.76;1.88;321.96;0.010436;0;0;0.8902
19.07.2019;21:00;291.46;85.12;1012.03;1.9;326.8;0.003929;0;0;0
19.07.2019;22:00;290.89;87.92;1012.26;1.92;325.69;0.001269;0;0;0
19.07.2019;23:00;290.42;90.07;1012.57;1.97;319.85;0.000057;0;0;0
19.07.2019;24:00:00;290.07;91.35;1012.84;2.01;313.82;0.000044;0;0;0
20.07.2019;01:00;289.76;92.25;1013.05;1.97;309.61;0.00001;0;0;0
20.07.2019;02:00;289.64;92.21;1013.15;1.73;303.11;0.000004;0;0;0
20.07.2019;03:00;289.49;92.4;1013.14;1.37;288.52;0.00004;0;0;0.0152
20.07.2019;04:00;289.42;92.14;1013.09;1.06;263.1;0.000567;0;0;32.6543
20.07.2019;05:00;290.25;89.54;1013.02;1.06;228.57;0.001681;0;0;142.9466
20.07.2019;06:00;291.54;82.85;1013.11;1.3;198.65;0.000045;0;0;285.8547
20.07.2019;07:00;293.92;67.95;1013.32;1.86;180.84;0.000001;0;0;435.3321
20.07.2019;08:00;295.65;57.84;1013.37;2.25;173.81;0.000004;0;0;574.2023
20.07.2019;09:00;297;51.46;1013.28;2.58;169.04;0.000011;0;0;688.3015
20.07.2019;10:00;297.97;48.02;1012.92;2.83;163.46;0.000023;0;0;722.3456
20.07.2019;11:00;298.49;46.22;1012.47;3.04;158.18;0.000014;0;0;633.8228
20.07.2019;12:00;298.97;44.81;1012.1;3.2;155.69;0.000005;0;0;569.7631
20.07.2019;13:00;299.59;43.18;1011.76;3.31;155.64;0.000003;0;0;578.4205
20.07.2019;14:00;299.83;42.45;1011.37;3.44;158.34;0.000861;0;0;507.168
20.07.2019;15:00;299.65;43.31;1011.02;3.84;165.73;0.009169;0;0;402.0182
20.07.2019;16:00;298.53;48.3;1010.94;4.18;171.34;0.168578;0;0;254.2176
20.07.2019;17:00;296.62;59.02;1011.25;3.99;171.97;0.532396;0;0;146.6243
20.07.2019;18:00;294.83;70.54;1011.4;3.22;166.99;0.53743;0;0;50.2455
20.07.2019;19:00;293.58;78.88;1011.1;2.59;150.89;0.2493;0;0;11.839
20.07.2019;20:00;292.75;82.43;1010.96;2.45;134.6;0.056091;0;0;0.3445
20.07.2019;21:00;292.34;84.15;1010.87;2.49;129.26;0.006642;0;0;0
20.07.2019;22:00;291.94;85.27;1010.72;2.44;132.41;0.000318;0;0;0
20.07.2019;23:00;291.49;86.84;1010.53;2.33;144.15;0.009763;0;0;0
20.07.2019;24:00:00;291.2;88.59;1010.42;2.37;169.02;0.332927;0;0;0
21.07.2019;01:00;291.09;89.9;1010.63;3.22;200.25;1.808566;0;0;0
21.07.2019;02:00;290.67;92.1;1010.63;3.24;219.98;0.957514;0;0;0
21.07.2019;03:00;290.17;93.61;1010.43;2.91;237.37;0.231959;0;0;0.0004
21.07.2019;04:00;290.09;93.48;1010.55;3.49;245.39;0.205948;0;0;17.3271
21.07.2019;05:00;290.56;92.41;1010.91;4.11;246.1;0.130731;0;0;80.3488
21.07.2019;06:00;291.29;91.08;1011.44;4.57;247.74;0.067014;0;0;166.2348
21.07.2019;07:00;292.49;86.16;1012.07;5.33;255.72;0.103166;0;0;373.6528
21.07.2019;08:00;293.83;77.12;1012.73;6.03;262.51;0.088998;0;0;542.8743
21.07.2019;09:00;295.08;67.05;1013.22;6.49;266.91;0.041359;0;0;675.0018
21.07.2019;10:00;295.97;60.63;1013.62;6.73;269.26;0.040291;0;0;768.1859
21.07.2019;11:00;296.46;57.91;1014;6.9;270.41;0.084509;0;0;803.8333
21.07.2019;12:00;296.69;57.14;1014.34;7;272.08;0.115482;0;0;783.9791
21.07.2019;13:00;296.71;56.7;1014.79;7.13;274.58;0.077454;0;0;711.3066
21.07.2019;14:00;296.62;56.15;1015.27;7.27;276.82;0.03284;0;0;637.3935
21.07.2019;15:00;296.45;55.76;1015.71;7.45;278.72;0.011468;0;0;545.8342
21.07.2019;16:00;296.06;56.05;1016.04;7.66;281.3;0.003547;0;0;426.9486
21.07.2019;17:00;295.37;57.73;1016.4;7.68;284.44;0.004027;0;0;282.3466
21.07.2019;18:00;294.31;61.88;1016.99;7.34;287.59;0.003054;0;0;131.1994
21.07.2019;19:00;293.03;69.02;1017.78;6.6;289.63;0.002654;0;0;40.3421
21.07.2019;20:00;291.57;77.43;1018.57;5.47;289.42;0.001202;0;0;0.5908
21.07.2019;21:00;290.6;82.57;1019.13;4.96;287.76;0.000484;0;0;0
21.07.2019;22:00;289.76;85.45;1019.37;4.45;286.04;0.000194;0;0;0
21.07.2019;23:00;289.24;85.93;1019.75;4.57;287.12;0.000075;0;0;0
21.07.2019;24:00:00;288.72;86.72;1019.84;4.39;290.97;0.000028;0;0;0
22.07.2019;01:00;288.32;87.66;1019.88;4.11;293.37;0.000011;0;0;0
22.07.2019;02:00;287.63;90.51;1019.92;3.77;293.35;0.000007;0;0;0
22.07.2019;03:00;287.21;92.38;1019.96;3.44;292.61;0.000073;0;0;0.0027
22.07.2019;04:00;287.56;90.47;1019.79;2.98;287.88;0.000118;0;0;19.7646
22.07.2019;05:00;288.64;85.4;1019.85;3.32;279.31;0.00006;0;0;69.1873
22.07.2019;06:00;289.48;80.94;1019.96;3.48;269.56;0.000001;0;0;117.6612
22.07.2019;07:00;290.31;75.33;1020.11;3.66;261.21;0;0;0;167.7521
22.07.2019;08:00;291.01;70.69;1020.35;4.21;255.82;0.000002;0;0;209.4356
22.07.2019;09:00;291.68;66.24;1020.58;4.77;256.66;0.000013;0;0;244.768
22.07.2019;10:00;292.48;61.64;1020.64;5.06;260.21;0.00005;0;0;321.9006
22.07.2019;11:00;293.67;56.23;1020.64;5.24;267.15;0.003545;0;0;516.826
22.07.2019;12:00;294.17;53.84;1020.56;5.11;275.09;0.057782;0;0;486.4058
22.07.2019;13:00;293.71;55.76;1020.36;4.49;278.63;0.097422;0;0;296.0352
22.07.2019;14:00;293.35;58.06;1020.1;3.86;274.96;0.075745;0;0;224.6931
22.07.2019;15:00;293.54;57.94;1019.85;3.72;268.71;0.028876;0;0;249.3934
22.07.2019;16:00;293.59;57.72;1019.56;3.72;263.04;0.017563;0;0;213.8305
22.07.2019;17:00;293.11;61.02;1019.22;3.43;260.32;0.085985;0;0;131.253
22.07.2019;18:00;292.02;70.71;1019.03;2.6;255.78;0.220374;0;0;40.8253
22.07.2019;19:00;291.06;78.6;1018.93;2.47;246.89;0.331272;0;0;10.1638
22.07.2019;20:00;290.33;84.01;1019.01;2.64;236.38;0.223491;0;0;0.1315
22.07.2019;21:00;289.9;87.44;1019.01;3.11;227.59;0.198467;0;0;0
22.07.2019;22:00;289.76;89.63;1018.92;3.79;229.57;0.187947;0;0;0
22.07.2019;23:00;289.81;91.26;1018.83;4.4;237.59;0.117633;0;0;0
22.07.2019;24:00:00;289.93;92.61;1018.64;4.78;247.58;0.063178;0;0;0
23.07.2019;01:00;290.03;93.76;1018.54;4.91;258.52;0.036725;0;0;0
23.07.2019;02:00;290.04;94.65;1018.46;4.78;269.18;0.024798;0;0;0
23.07.2019;03:00;289.96;95.2;1018.38;4.61;277;0.02209;0;0;0.0003
23.07.2019;04:00;290.11;94.86;1018.34;4.73;280.74;0.021266;0;0;27.031
23.07.2019;05:00;290.88;92.85;1018.49;5.1;281.74;0.01602;0;0;131.7916
23.07.2019;06:00;291.87;89.36;1018.73;5.17;285.46;0.002644;0;0;270.6592
23.07.2019;07:00;293.32;80.5;1018.96;5.5;292.22;0.000028;0;0;423.1013
23.07.2019;08:00;294.98;69.69;1019.02;5.62;294.65;0;0;0;571.382
23.07.2019;09:00;296.29;63.07;1018.98;5.66;295.91;0;0;0;691.1169
23.07.2019;10:00;297.28;59.14;1018.9;5.6;297.8;0;0;0;777.8085
23.07.2019;11:00;298.05;56.53;1018.73;5.46;300.45;0;0;0;825.1793
23.07.2019;12:00;298.55;55.03;1018.54;5.33;303.08;0;0;0;830.4017
23.07.2019;13:00;298.82;54.25;1018.34;5.2;305.48;0;0;0;793.3073
23.07.2019;14:00;298.88;54.04;1018.24;5.06;307.86;0;0;0;716.7458
23.07.2019;15:00;298.74;54.44;1018.14;4.86;310.31;0;0;0;606.3484
23.07.2019;16:00;298.39;55.25;1018.05;4.62;311.77;0;0;0;470.8892
23.07.2019;17:00;297.84;56.89;1017.83;4.29;313.38;0;0;0;321.8272
23.07.2019;18:00;296.89;61.97;1017.63;3.37;314.9;0;0;0;173.6009
23.07.2019;19:00;294.78;75.02;1017.63;2.28;314.33;0;0;0;49.5065
23.07.2019;20:00;293.12;79.89;1017.74;2.27;313.47;0;0;0;0.355
23.07.2019;21:00;292.63;81.69;1017.81;2.07;311.35;0;0;0;0
23.07.2019;22:00;292.23;83.18;1017.91;1.94;313.51;0;0;0;0
23.07.2019;23:00;291.92;84.46;1018;1.82;319.27;0;0;0;0
23.07.2019;24:00:00;291.64;86.05;1017.99;1.56;326.71;0;0;0;0
24.07.2019;01:00;291.43;87.47;1017.88;1.23;333.37;0;0;0;0
24.07.2019;02:00;291.31;88.4;1017.72;0.89;336.96;0;0;0;0
24.07.2019;03:00;291.08;90.01;1017.62;0.56;333.39;0.000004;0;0;0.0001
24.07.2019;04:00;290.87;91.48;1017.6;0.33;313.84;0;0;0;28.7462
24.07.2019;05:00;291.5;90;1017.61;0.27;288.92;0.000087;0;0;141.2342
24.07.2019;06:00;292.7;84.46;1017.58;0.2;295.9;0;0;0;286.7919
24.07.2019;07:00;295.42;70.25;1017.48;0.35;31.7;0;0;0;437.6135
24.07.2019;08:00;297.23;60.36;1017.35;0.77;26.86;0;0;0;578.5026
24.07.2019;09:00;298.22;55.97;1017.26;1.28;27.42;0;0;0;696.4362
24.07.2019;10:00;298.99;52.94;1017.27;1.8;30.84;0;0;0;778.7211
24.07.2019;11:00;299.55;50.96;1017.26;2.24;35.03;0;0;0;825.1017
24.07.2019;12:00;299.93;49.65;1017.18;2.64;39.45;0;0;0;830.3622
24.07.2019;13:00;300.06;49.24;1017.01;2.96;45.28;0;0;0;792.1595
24.07.2019;14:00;299.93;49.61;1016.79;3.22;52.83;0;0;0;714.136
24.07.2019;15:00;299.56;50.68;1016.66;3.45;60.93;0;0;0;602.6959
24.07.2019;16:00;299.01;52.41;1016.52;3.63;68.43;0;0;0;466.1337
24.07.2019;17:00;298.2;55.28;1016.44;3.79;75.44;0;0;0;316.2635
24.07.2019;18:00;296.98;60.97;1016.43;3.94;80.84;0;0;0;167.792
24.07.2019;19:00;295.08;71.02;1016.67;3.83;84.19;0;0;0;45.5812
24.07.2019;20:00;293.38;80.41;1017.09;4.14;87.35;0.000014;0;0;0.2406
24.07.2019;21:00;292.58;86.63;1017.31;4.41;90.8;0.000606;0;0;0
24.07.2019;22:00;291.99;91.39;1017.46;4.28;93.5;0.001077;0;0;0
24.07.2019;23:00;291.52;94.8;1017.65;4.1;96.4;0.000955;0;0;0
24.07.2019;24:00:00;291.11;97.56;1017.72;3.97;99.54;0.006148;0;0;0
25.07.2019;01:00;290.75;99.43;1017.87;3.78;102.33;0.012351;0;0;0
25.07.2019;02:00;290.43;100.52;1017.93;3.6;104.65;0.011538;0;0;0
25.07.2019;03:00;290.13;101.17;1018.02;3.43;106.54;0.009742;0;0;0
25.07.2019;04:00;290.28;99.15;1018.1;3.3;108.6;0.009994;0;0;25.48
25.07.2019;05:00;291.81;90.35;1018.13;3.85;109.27;0.003862;0;0;130.5837
25.07.2019;06:00;293.1;84.27;1018.17;3.36;105.18;0.000135;0;0;270.5135
25.07.2019;07:00;295.38;71.88;1018.14;3.14;101.71;0;0;0;417.8299
25.07.2019;08:00;297.43;58.93;1018.06;3.19;96.62;0;0;0;555.326
25.07.2019;09:00;298.58;52.32;1018.07;3.46;86.68;0;0;0;658.2173
25.07.2019;10:00;299.23;49.35;1018.1;3.87;78.64;0;0;0;728.1784
25.07.2019;11:00;299.58;48.08;1018.07;4.26;71.76;0;0;0;785.0408
25.07.2019;12:00;299.72;47.51;1017.98;4.63;66.32;0;0;0;806.2294
25.07.2019;13:00;299.57;47.74;1018.04;4.97;62.45;0;0;0;776.5909
25.07.2019;14:00;299.17;48.57;1018.04;5.24;59.71;0;0;0;699.7778
25.07.2019;15:00;298.53;50;1017.94;5.45;58.73;0;0;0;588.5201
25.07.2019;16:00;297.72;51.84;1017.71;5.55;60.41;0;0;0;447.4405
25.07.2019;17:00;296.78;54.16;1017.43;5.49;64.13;0;0;0;293.9366
25.07.2019;18:00;295.55;58.68;1017.3;5.24;67.97;0;0;0;154.8375
25.07.2019;19:00;293.85;68.2;1017.28;4.42;70.49;0;0;0;42.4043
25.07.2019;20:00;292.17;79.38;1017.28;3.88;71.93;0;0;0;0.1467
25.07.2019;21:00;291.49;85.99;1017.13;3.84;73.38;0;0;0;0
25.07.2019;22:00;291.09;90.42;1017;3.75;75.75;0;0;0;0
25.07.2019;23:00;290.86;92.98;1016.93;3.65;78.36;0;0;0;0
25.07.2019;24:00:00;290.67;94.86;1016.77;3.56;79.59;0;0;0;0
26.07.2019;01:00;290.51;96.51;1016.59;3.53;79.3;0;0;0;0
26.07.2019;02:00;290.38;98.25;1016.52;3.55;77.74;0.00008;0;0;0
26.07.2019;03:00;290.28;99.99;1016.41;3.6;75.92;0.002565;0;0;0
26.07.2019;04:00;290.56;99.2;1016.39;3.6;73.45;0.008225;0;0;23.6193
26.07.2019;05:00;292.31;89.97;1016.39;4.27;70.15;0.002189;0;0;129.792
26.07.2019;06:00;293.86;79.84;1016.32;4.38;68.3;0;0;0;271.8889
26.07.2019;07:00;295.64;68.34;1016.12;4.79;69.51;0;0;0;422.0058
26.07.2019;08:00;297.15;61.17;1015.84;5.36;67.47;0;0;0;563.0737
26.07.2019;09:00;298.19;56.39;1015.48;5.92;64.96;0;0;0;682.5511
26.07.2019;10:00;298.82;52.97;1015.17;6.41;64.34;0;0;0;770.2498
26.07.2019;11:00;299.17;49.91;1014.81;6.71;64.66;0;0;0;819.1658
26.07.2019;12:00;299.29;47.69;1014.4;6.9;64.48;0;0;0;825.4882
26.07.2019;13:00;299.17;46.98;1014.07;7.09;63.25;0;0;0;788.0519
26.07.2019;14:00;298.78;48.02;1013.82;7.35;61.39;0;0;0;708.7668
26.07.2019;15:00;298.16;50.33;1013.6;7.77;59.66;0;0;0;594.749
26.07.2019;16:00;297.36;53.6;1013.24;8.22;59.04;0;0;0;455.7252
26.07.2019;17:00;296.39;57.78;1012.91;8.46;60.42;0;0;0;304.9059
26.07.2019;18:00;295.26;63.86;1012.76;8.29;62.62;0;0;0;158.8526
26.07.2019;19:00;293.93;72.6;1012.74;7.62;62.56;0;0;0;40.492
26.07.2019;20:00;292.84;80.72;1012.65;7.37;63.12;0;0;0;0.0829
26.07.2019;21:00;292.42;84.16;1012.39;7.46;66.55;0;0;0;0
26.07.2019;22:00;292.26;85.13;1012.13;7.29;71.04;0;0;0;0
26.07.2019;23:00;292.09;86.04;1011.8;6.9;74.78;0;0;0;0
26.07.2019;24:00:00;291.83;88;1011.39;6.33;76.7;0;0;0;0
27.07.2019;01:00;291.63;89.99;1010.99;5.85;77.05;0.000472;0;0;0
27.07.2019;02:00;291.48;91.98;1010.58;5.39;76.21;0.00293;0;0;0
27.07.2019;03:00;291.19;94.99;1010.32;5;74.86;0.005941;0;0;0
27.07.2019;04:00;291.09;96.48;1010.16;4.93;73.95;0.018489;0;0;21.1418
27.07.2019;05:00;292.18;90.76;1010.09;5.51;72.55;0.007687;0;0;121.2248
27.07.2019;06:00;293.44;80.62;1010.05;5.8;78.02;0.000527;0;0;247.0176
27.07.2019;07:00;294.69;70.25;1010.05;6.31;79.93;0.001143;0;0;344.6999
27.07.2019;08:00;295.44;65.02;1009.97;7.03;77.91;0.004815;0;0;398.3921
27.07.2019;09:00;295.74;63.24;1009.71;7.72;75.97;0.013949;0;0;417.0885
27.07.2019;10:00;295.96;62.75;1009.31;8.11;72.99;0.018033;0;0;459.1185
27.07.2019;11:00;296.26;62;1008.82;8.43;70.37;0.024494;0;0;520.4699
27.07.2019;12:00;296.64;60.99;1008.19;8.75;68.79;0.02723;0;0;593.2087
27.07.2019;13:00;296.72;60.91;1007.59;8.98;68.14;0.018303;0;0;554.3728
27.07.2019;14:00;296.7;61.34;1007.1;9.12;68.13;0.02253;0;0;521.9148
27.07.2019;15:00;296.61;62.11;1006.66;9.21;68.37;0.025147;0;0;482.51
27.07.2019;16:00;296.41;63;1006.27;9.26;69.49;0.035394;0;0;400.0565
27.07.2019;17:00;295.98;64.87;1005.85;9.03;70.8;0.027444;0;0;269.4014
27.07.2019;18:00;295.21;69.06;1005.6;8.4;70.04;0.013556;0;0;138.0146
27.07.2019;19:00;293.97;76.93;1005.4;7.55;66.78;0.006699;0;0;33.4929
27.07.2019;20:00;292.87;84.28;1005.21;7.27;65.51;0.00272;0;0;0.0377
27.07.2019;21:00;292.42;87.17;1004.84;7.17;67.43;0.001272;0;0;0
27.07.2019;22:00;292.23;87.87;1004.71;6.99;71.16;0.002876;0;0;0
27.07.2019;23:00;292.08;88.26;1004.64;6.69;75.22;0.012238;0;0;0
27.07.2019;24:00:00;291.87;89.01;1004.39;6.27;79.09;0.036657;0;0;0
28.07.2019;01:00;291.91;86.85;1004.01;6.19;86.41;0.078964;0;0;0
28.07.2019;02:00;291.76;86.45;1003.59;5.63;88.74;0.097437;0;0;0
28.07.2019;03:00;291.62;87.35;1003.25;5.23;86.46;0.128321;0;0;0
28.07.2019;04:00;291.55;88.73;1003.07;5.05;82.1;0.119474;0;0;12.6389
28.07.2019;05:00;291.99;88.16;1003.02;5.26;76.85;0.112052;0;0;77.538
28.07.2019;06:00;292.54;85.97;1003.02;5.42;75.44;0.223797;0;0;148.3524
28.07.2019;07:00;293.03;82.74;1003.12;5.55;80.2;0.276023;0;0;220.985
28.07.2019;08:00;293.67;78.41;1003.1;5.56;83.34;0.133883;0;0;296.9425
28.07.2019;09:00;294.99;70.4;1002.93;5.78;84.78;0.046751;0;0;422.3241
28.07.2019;10:00;297.16;60.41;1002.66;6.19;85.2;0.035514;0;0;671.4185
28.07.2019;11:00;298.71;54.88;1002.46;6.36;84.06;0.0312;0;0;774.7815
28.07.2019;12:00;299.51;52.77;1002.35;6.41;81.32;0.026267;0;0;766.0444
28.07.2019;13:00;299.75;52.75;1002.33;6.31;78.34;0.018982;0;0;680.0146
28.07.2019;14:00;299.69;53.45;1002.42;6.02;76.61;0.013619;0;0;559.3336
28.07.2019;15:00;299.34;54.92;1002.57;5.61;74.36;0.003701;0;0;392.8502
28.07.2019;16:00;298.81;57.43;1002.66;5.26;70.01;0.00007;0;0;258.0138
28.07.2019;17:00;298.03;61.77;1002.68;4.99;63.24;0.000002;0;0;162.471
28.07.2019;18:00;296.96;68.39;1002.8;4.71;57.47;0.000003;0;0;95.6733
28.07.2019;19:00;295.53;76.47;1003.1;4.42;55.64;0.000088;0;0;26.0346
28.07.2019;20:00;294.45;82.55;1003.45;4.45;57.05;0.001446;0;0;0.0133
28.07.2019;21:00;294.04;85.32;1003.7;4.58;59.82;0.003253;0;0;0
28.07.2019;22:00;293.9;86.6;1003.97;4.53;63.98;0.002174;0;0;0
28.07.2019;23:00;293.93;86.65;1004.17;4.27;68;0.003312;0;0;0
28.07.2019;24:00:00;293.91;86.83;1004.25;3.94;70.05;0.0035;0;0;0
29.07.2019;01:00;293.8;87.59;1004.3;3.76;68.98;0.003476;0;0;0
29.07.2019;02:00;293.62;88.87;1004.45;3.78;67.87;0.004619;0;0;0
29.07.2019;03:00;293.46;90.21;1004.67;3.78;67.4;0.005616;0;0;0
29.07.2019;04:00;293.41;91.04;1004.93;3.92;66.22;0.014119;0;0;9.4699
29.07.2019;05:00;293.76;89.93;1005.18;4.18;63.5;0.242627;0;0;47.1503
29.07.2019;06:00;294.02;89.83;1005.54;3.82;60.85;1.705404;0;0;75.7006
29.07.2019;07:00;294.37;89.69;1006.07;3.33;58.83;4.417153;0;0;110.8541
29.07.2019;08:00;295;88.17;1006.32;2.9;56.81;8.257655;0;0;195.2721
29.07.2019;09:00;295.37;87.34;1006.36;2.69;48.2;11.605183;0;0;228.1401
29.07.2019;10:00;295.47;87.81;1006.48;3.23;33.47;8.069972;0;0;202.9418
29.07.2019;11:00;295.54;88.34;1006.78;3.85;31.13;4.44037;0;0;181.4122
29.07.2019;12:00;295.59;88.43;1006.99;4.48;32.25;2.314525;0;0;185.5934
29.07.2019;13:00;295.54;88.19;1006.96;4.9;36.08;1.03537;0;0;175.1606
29.07.2019;14:00;295.46;87.78;1006.9;4.7;38.12;0.403154;0;0;157.2563
29.07.2019;15:00;295.4;87.55;1006.72;4.08;38.99;0.12145;0;0;140.632
29.07.2019;16:00;295.29;87.29;1006.62;3.74;40.07;0.021424;0;0;127.5986
29.07.2019;17:00;295.07;87.54;1006.69;3.61;40.64;0.008193;0;0;106.0843
29.07.2019;18:00;294.71;88.74;1006.94;3.34;39.33;0.02415;0;0;65.1255
29.07.2019;19:00;293.98;91.91;1007.32;2.75;35.52;0.03922;0;0;17.0736
29.07.2019;20:00;293.29;93.95;1007.74;2.72;31.27;0.032185;0;0;0.0021
29.07.2019;21:00;293.07;94.22;1007.91;2.87;28.66;0.025106;0;0;0
29.07.2019;22:00;292.73;95.39;1007.94;2.75;24.69;0.018659;0;0;0
29.07.2019;23:00;292.34;97.15;1007.99;2.72;17.25;0.01953;0;0;0
29.07.2019;24:00:00;292.12;97.87;1007.98;2.88;13.45;0.023475;0;0;0
30.07.2019;01:00;291.98;98.08;1007.87;3;14.32;0.024665;0;0;0
30.07.2019;02:00;291.81;98.34;1007.75;2.96;17.82;0.024088;0;0;0
30.07.2019;03:00;291.57;98.73;1007.67;2.82;22.13;0.021924;0;0;0
30.07.2019;04:00;291.5;98.3;1007.67;2.59;27.4;0.030102;0;0;15.2451
30.07.2019;05:00;292.76;93.9;1007.78;2.5;30.74;0.029378;0;0;105.2425
30.07.2019;06:00;293.69;89.73;1008;2.17;29.41;0.017315;0;0;241.7166
30.07.2019;07:00;294.93;79.75;1008.26;1.72;30.04;0.001755;0;0;385.1743
30.07.2019;08:00;296.13;71.46;1008.37;1.58;29.06;0.000082;0;0;507.0012
30.07.2019;09:00;297.08;66.44;1008.43;1.61;27.18;0.000022;0;0;603.0046
30.07.2019;10:00;297.77;63.89;1008.53;1.7;26.13;0.000409;0;0;667.3491
30.07.2019;11:00;298.24;62.66;1008.59;1.91;27.09;0.011296;0;0;702.0902
30.07.2019;12:00;298.49;62.46;1008.69;2.38;29.88;0.047024;0;0;728.5917
30.07.2019;13:00;298.45;63.13;1008.86;2.99;35.29;0.073473;0;0;724.7025
30.07.2019;14:00;298.07;64.49;1009.02;3.62;42.51;0.080374;0;0;641.371
30.07.2019;15:00;297.37;66.54;1009.17;4.28;51.2;0.069805;0;0;502.7397
30.07.2019;16:00;296.39;69.5;1009.39;4.99;57.9;0.046293;0;0;332.3267
30.07.2019;17:00;295.23;73.03;1009.66;5.68;63.42;0.022576;0;0;213.4247
30.07.2019;18:00;293.92;77.07;1010.01;6.18;68.78;0.016096;0;0;105.2759
30.07.2019;19:00;292.64;81.55;1010.53;6.33;73.41;0.020997;0;0;22.1085
30.07.2019;20:00;291.83;85.09;1011.07;6.1;77.32;0.034499;0;0;0.0002
30.07.2019;21:00;291.52;86.61;1011.44;5.81;81.09;0.067695;0;0;0
30.07.2019;22:00;291.42;87.19;1011.6;5.54;84.89;0.094525;0;0;0
30.07.2019;23:00;291.34;87.64;1011.75;5.3;88.42;0.108808;0;0;0
30.07.2019;24:00:00;291.22;88.17;1011.81;5.19;92.19;0.118296;0;0;0
31.07.2019;01:00;291.03;88.47;1011.79;5.31;96.6;0.115681;0;0;0
31.07.2019;02:00;290.79;88.83;1011.79;5.42;100.18;0.097378;0;0;0
31.07.2019;03:00;290.54;89.13;1011.84;5.51;103.06;0.08603;0;0;0
31.07.2019;04:00;290.32;89.41;1012.01;5.59;105.97;0.069156;0;0;9.9762
31.07.2019;05:00;290.46;88.69;1012.35;5.68;109.13;0.062218;0;0;74.6462
31.07.2019;06:00;290.91;85.94;1012.73;5.52;112.64;0.067742;0;0;167.6938
31.07.2019;07:00;291.6;81.45;1013.07;5.16;114.26;0.057291;0;0;271.7101
31.07.2019;08:00;292.51;76.32;1013.2;4.7;110.99;0.038137;0;0;377.4917
31.07.2019;09:00;293.51;71.39;1013.26;4.4;103.67;0.028189;0;0;475.6406
31.07.2019;10:00;294.29;68.64;1013.31;4.24;96.03;0.029003;0;0;552.7816
31.07.2019;11:00;294.79;67.32;1013.32;4.19;90.29;0.037714;0;0;609.8036
31.07.2019;12:00;295.09;66.48;1013.47;4.12;87.36;0.047807;0;0;607.988
31.07.2019;13:00;295.22;65.99;1013.55;4.03;84.32;0.048236;0;0;561.1105
31.07.2019;14:00;294.85;66.86;1013.59;4.1;79.59;0.025709;0;0;409.0579
31.07.2019;15:00;294.04;69.76;1013.71;4.35;78.04;0.023862;0;0;218.9252
31.07.2019;16:00;293.21;73.32;1013.77;4.48;78.12;0.096088;0;0;122.9395
31.07.2019;17:00;292.4;77.08;1013.99;4.37;77.19;0.309619;0;0;72.2242
31.07.2019;18:00;291.56;80.7;1014.32;4.03;75.72;0.529752;0;0;35.4616
31.07.2019;19:00;290.8;83.39;1014.67;3.52;74.58;0.721635;0;0;7.4156
31.07.2019;20:00;290.28;84.78;1015.02;3.32;73.1;0.728724;0;0;0
31.07.2019;21:00;289.95;85.5;1015.03;3.52;71.38;0.57168;0;0;0
31.07.2019;22:00;289.7;86.56;1015;3.6;73.63;0.369646;0;0;0
31.07.2019;23:00;289.48;87.81;1015.03;3.47;79.44;0.230272;0;0;0
31.07.2019;24:00:00;289.3;88.79;1015.04;3.33;87.39;0.137105;0;0;0
01.08.2019;01:00;289.09;89.57;1014.98;3.14;96.51;0.074497;0;0;0
01.08.2019;02:00;288.8;90.26;1014.85;2.94;105.4;0.043486;0;0;0
01.08.2019;03:00;288.58;90.64;1014.81;2.71;115.05;0.041956;0;0;0
01.08.2019;04:00;288.52;90.71;1014.85;2.46;124.44;0.121323;0;0;7.3899
01.08.2019;05:00;289.23;90;1014.89;2.13;134.94;0.206502;0;0;53.6667
01.08.2019;06:00;289.99;86.54;1015.02;1.82;142.2;0.269937;0;0;132.3022
01.08.2019;07:00;291.02;79.85;1015.13;1.13;152.27;0.345323;0;0;226.8998
01.08.2019;08:00;291.75;76.16;1015.13;0.38;177.54;0.454207;0;0;301.8449
01.08.2019;09:00;292.42;73.53;1015.05;0.59;310.48;0.494702;0;0;391.324
01.08.2019;10:00;292.91;71.24;1014.98;1.21;321.76;0.453114;0;0;463.2138
01.08.2019;11:00;293.17;69.75;1014.92;1.6;327.72;0.391953;0;0;492.7187
01.08.2019;12:00;293.23;69.24;1014.79;1.83;335.98;0.340186;0;0;454.7676
01.08.2019;13:00;293.14;69.48;1014.73;1.92;349.55;0.293863;0;0;381.1193
01.08.2019;14:00;293;70.13;1014.61;2.14;5.77;0.240461;0;0;336.0573
01.08.2019;15:00;292.76;71.24;1014.53;2.41;20.8;0.20345;0;0;279.0829
01.08.2019;16:00;292.36;73.07;1014.43;2.61;36.8;0.127627;0;0;207.5334
01.08.2019;17:00;291.75;76.28;1014.49;2.74;54.12;0.064501;0;0;122.6591
01.08.2019;18:00;290.97;81.22;1014.61;2.8;67.82;0.021209;0;0;57.6175
01.08.2019;19:00;289.96;87.03;1014.7;2.67;75.86;0.003021;0;0;15.7677
01.08.2019;20:00;288.96;90.6;1014.83;2.74;79.71;0.000691;0;0;0
01.08.2019;21:00;288.46;92.2;1014.74;2.81;81.29;0.001722;0;0;0
01.08.2019;22:00;288.07;93.05;1014.7;2.72;81.86;0.002862;0;0;0
01.08.2019;23:00;287.76;93.27;1014.64;2.6;83.22;0.001664;0;0;0
01.08.2019;24:00:00;287.55;93.1;1014.7;2.43;86;0.001164;0;0;0
02.08.2019;01:00;287.43;92.52;1014.72;2.15;91.46;0.001323;0;0;0
02.08.2019;02:00;287.44;91.4;1014.68;1.8;98.38;0.003095;0;0;0
02.08.2019;03:00;287.61;89.86;1014.55;1.44;104.74;0.00976;0;0;0
02.08.2019;04:00;287.88;88.09;1014.44;1.12;109.54;0.013473;0;0;10.6849
02.08.2019;05:00;288.71;86.3;1014.34;0.9;110.9;0.007538;0;0;87.089
02.08.2019;06:00;289.68;81.07;1014.18;0.88;92.73;0.004363;0;0;212.7158
02.08.2019;07:00;290.85;74.52;1014.04;1.05;60.43;0.003697;0;0;372.6737
02.08.2019;08:00;292.11;67.53;1013.96;1.31;47.59;0.00684;0;0;517.8254
02.08.2019;09:00;293.2;62.59;1013.88;1.4;43.52;0.014822;0;0;630.5342
02.08.2019;10:00;293.95;60.16;1013.78;1.54;38.02;0.033139;0;0;696.5836
02.08.2019;11:00;294.4;59.31;1013.51;1.77;30.06;0.052369;0;0;729.6543
02.08.2019;12:00;294.63;59.16;1013.2;2.12;24.47;0.06725;0;0;702.2787
02.08.2019;13:00;294.63;59.39;1013.07;2.36;22.94;0.075152;0;0;636.9712
02.08.2019;14:00;294.56;59.54;1012.96;2.45;24.36;0.036227;0;0;558.1592
02.08.2019;15:00;294.42;59.8;1012.85;2.42;27.66;0.023153;0;0;454.8853
02.08.2019;16:00;294.11;60.04;1012.64;2.44;32.16;0.00351;0;0;326.5737
02.08.2019;17:00;293.66;61.12;1012.43;2.39;37.3;0.000243;0;0;204.8932
02.08.2019;18:00;292.85;66.91;1012.35;1.94;40.46;0.000062;0;0;96.5672
02.08.2019;19:00;291.45;76.09;1012.36;1.65;44.79;0.000028;0;0;18.7797
02.08.2019;20:00;290.52;78.06;1012.42;1.69;50.31;0.000011;0;0;0
02.08.2019;21:00;290.03;79.31;1012.44;1.6;51.65;0.000006;0;0;0
02.08.2019;22:00;289.67;79.9;1012.52;1.4;46.3;0.00005;0;0;0
02.08.2019;23:00;289.63;79.07;1012.51;1.13;30.43;0.000387;0;0;0
02.08.2019;24:00:00;289.62;79.74;1012.4;1.05;2.92;0.001363;0;0;0
03.08.2019;01:00;289.53;81.56;1012.28;1.34;338.5;0.004007;0;0;0
03.08.2019;02:00;288.74;87.67;1012.13;1.84;329.32;0.010751;0;0;0
03.08.2019;03:00;288.11;93.6;1011.99;2.33;328.68;0.017715;0;0;0
03.08.2019;04:00;287.77;97.83;1011.92;2.56;330.61;0.033859;0;0;12.2362
03.08.2019;05:00;289.27;91.86;1012.01;2.43;333.2;0.051403;0;0;103.9924
03.08.2019;06:00;291.08;84.43;1012.12;2.94;334.7;0.117749;0;0;238.2586
03.08.2019;07:00;292.84;74.55;1012.35;2.98;349.57;0.146917;0;0;373.5509
03.08.2019;08:00;294.17;65.54;1012.65;2.92;1.73;0.164247;0;0;488.35
03.08.2019;09:00;294.88;61.04;1012.83;2.88;1.65;0.143235;0;0;566.1687
03.08.2019;10:00;295.33;58.38;1012.86;2.87;356.09;0.116378;0;0;616.1888
03.08.2019;11:00;295.73;56.37;1012.87;2.86;348.05;0.092619;0;0;643.2063
03.08.2019;12:00;296.06;54.89;1012.81;2.97;341.75;0.071542;0;0;648.5739
03.08.2019;13:00;296.3;53.87;1012.75;3.06;337.61;0.054065;0;0;626.7193
03.08.2019;14:00;296.36;53.62;1012.72;3.11;334.05;0.039708;0;0;568.6479
03.08.2019;15:00;296.28;53.99;1012.63;3.12;330.4;0.025165;0;0;485.757
03.08.2019;16:00;296.02;54.93;1012.53;3.16;327.56;0.011665;0;0;380.7314
03.08.2019;17:00;295.49;57.31;1012.48;3.09;325.62;0.003697;0;0;258.0091
03.08.2019;18:00;294.44;66.85;1012.52;2.41;323.25;0.001792;0;0;127.3027
03.08.2019;19:00;292.45;76.96;1012.65;2.31;320.27;0.000259;0;0;23.3786
03.08.2019;20:00;291.4;78.48;1012.91;2.39;316.46;0.002129;0;0;0
03.08.2019;21:00;290.95;80.12;1012.99;2.34;310.63;0.002604;0;0;0
03.08.2019;22:00;290.49;81.84;1013.03;2.39;303.09;0.00262;0;0;0
03.08.2019;23:00;289.9;84;1013.03;2.55;294.82;0.002638;0;0;0
03.08.2019;24:00:00;289.29;86.86;1012.95;2.78;287.76;0.004074;0;0;0
04.08.2019;01:00;288.81;89.81;1012.89;3.04;282.85;0.005189;0;0;0
04.08.2019;02:00;288.5;93.14;1012.91;3.25;280.45;0.00916;0;0;0
04.08.2019;03:00;288.31;96.94;1013.01;3.41;280.23;0.018231;0;0;0
04.08.2019;04:00;288.33;99.61;1013.13;3.48;281.78;0.038874;0;0;11.0068
04.08.2019;05:00;289.98;93.13;1013.23;4;284.43;0.052261;0;0;101.0264
04.08.2019;06:00;291.38;87.78;1013.29;4.4;285.73;0.098834;0;0;236.6284
04.08.2019;07:00;292.79;78.51;1013.42;4.67;289.41;0.102163;0;0;380.6263
04.08.2019;08:00;293.81;70.79;1013.43;4.71;290.18;0.092711;0;0;514.6886
04.08.2019;09:00;294.45;66.26;1013.42;4.56;288.51;0.093412;0;0;622.1757
04.08.2019;10:00;294.88;63.57;1013.39;4.48;285.6;0.083345;0;0;689.2822
04.08.2019;11:00;295.13;62.04;1013.24;4.45;283.55;0.081064;0;0;694.9188
04.08.2019;12:00;295.19;61.29;1013.14;4.45;283.15;0.069032;0;0;658.6163
04.08.2019;13:00;295.35;60.22;1013.03;4.47;283.95;0.068353;0;0;653.9385
04.08.2019;14:00;295.38;59.66;1012.83;4.51;286.48;0.066984;0;0;611.4836
04.08.2019;15:00;295.15;60.05;1012.67;4.52;290.5;0.047298;0;0;504.3735
04.08.2019;16:00;294.63;61.52;1012.48;4.45;294.43;0.024417;0;0;345.3095
04.08.2019;17:00;293.95;63.52;1012.4;4.25;296.88;0.009356;0;0;214.9146
04.08.2019;18:00;293.08;67.62;1012.38;3.61;296.2;0.00323;0;0;108.1411
04.08.2019;19:00;291.38;77.44;1012.57;2.79;291.5;0.001987;0;0;19.7525
04.08.2019;20:00;290.28;81.1;1012.8;2.88;285.65;0.001376;0;0;0
04.08.2019;21:00;289.88;82.18;1012.79;2.87;278.85;0.001261;0;0;0
04.08.2019;22:00;289.63;82.8;1012.65;2.82;271.85;0.001533;0;0;0
04.08.2019;23:00;289.41;83.52;1012.47;2.81;266.16;0.002153;0;0;0
04.08.2019;24:00:00;289.29;84.23;1012.27;2.77;261.97;0.002614;0;0;0
05.08.2019;01:00;289.31;84.57;1011.95;2.64;258.04;0.001537;0;0;0
05.08.2019;02:00;289.09;85.78;1011.71;2.57;252.64;0.000731;0;0;0
05.08.2019;03:00;288.73;88.05;1011.44;2.56;245.94;0.00048;0;0;0
05.08.2019;04:00;288.42;90.54;1011.31;2.64;241.37;0.000838;0;0;8.1852
05.08.2019;05:00;289.58;86.18;1011.4;3.16;240;0.000529;0;0;91.3828
05.08.2019;06:00;290.87;79.66;1011.42;3.68;240.31;0.004337;0;0;225.9667
05.08.2019;07:00;292.57;68.27;1011.26;3.29;242.88;0.001874;0;0;348.59
05.08.2019;08:00;293.6;62.43;1010.92;2.88;242.17;0.000859;0;0;410.0142
05.08.2019;09:00;294.34;59.8;1010.51;2.61;238.11;0.000731;0;0;475.7404
05.08.2019;10:00;294.97;58.1;1010.14;2.41;233.5;0.000679;0;0;504.62
05.08.2019;11:00;295.6;56.69;1009.76;2.16;228.49;0.002634;0;0;524.384
05.08.2019;12:00;296.01;56.03;1009.36;1.93;221.53;0.005125;0;0;474.0082
05.08.2019;13:00;296.5;55.3;1009.01;1.69;216.43;0.021647;0;0;479.1111
05.08.2019;14:00;296.93;54.65;1008.7;1.42;213.49;0.036252;0;0;504.5241
05.08.2019;15:00;297.04;54.91;1008.36;1.13;214.33;0.04645;0;0;436.6315
05.08.2019;16:00;296.67;56.77;1008.06;0.83;207.28;0.027696;0;0;278.07
05.08.2019;17:00;296.15;61.09;1007.68;0.54;168.29;0.02319;0;0;155.0826
05.08.2019;18:00;295.27;69.7;1007.42;0.85;124.15;0.015397;0;0;58.6536
05.08.2019;19:00;294.07;73.87;1007.27;1.56;109.95;0.007056;0;0;9.4593
05.08.2019;20:00;292.92;77.45;1007.25;2.15;118.83;0.01442;0;0;0
05.08.2019;21:00;292.22;81.14;1007.22;2.49;133.67;0.030538;0;0;0
05.08.2019;22:00;291.71;82.62;1007.13;2.6;154.66;0.037784;0;0;0
05.08.2019;23:00;291.21;83.88;1007.07;2.61;180.37;0.022568;0;0;0
05.08.2019;24:00:00;290.83;85.56;1006.94;2.68;206.14;0.010478;0;0;0
06.08.2019;01:00;290.51;87.61;1006.8;2.85;229.29;0.009117;0;0;0
06.08.2019;02:00;290.3;89.68;1006.73;3.2;247.35;0.011474;0;0;0
06.08.2019;03:00;290.18;91.66;1006.77;3.81;258.95;0.021437;0;0;0
06.08.2019;04:00;290.11;93.56;1006.82;4.25;263.7;0.026147;0;0;7.7656
06.08.2019;05:00;290.88;90.87;1006.94;4.97;264.01;0.030457;0;0;75.1063
06.08.2019;06:00;291.82;86.39;1007.02;4.98;259.59;0.039972;0;0;188.2997
06.08.2019;07:00;293.24;76.2;1007.12;5.52;258.71;0.013855;0;0;314.0504
06.08.2019;08:00;294.47;68.2;1007.12;5.91;253.11;0.016932;0;0;435.7687
06.08.2019;09:00;295.45;63.75;1006.95;6.21;247.91;0.068804;0;0;536.4964
06.08.2019;10:00;296.17;61.49;1006.75;6.51;245.01;0.08098;0;0;597.2931
06.08.2019;11:00;296.83;59.7;1006.44;6.67;243.99;0.086976;0;0;625.3536
06.08.2019;12:00;297.18;58.74;1006.14;6.53;245.37;0.118739;0;0;544.7715
06.08.2019;13:00;297.16;59;1005.95;6.03;250.71;0.099105;0;0;406.5187
06.08.2019;14:00;296.94;60.27;1005.85;5.36;260.02;0.090874;0;0;308.3535
06.08.2019;15:00;296.67;61.64;1005.8;4.82;272.32;0.109745;0;0;272.6869
06.08.2019;16:00;296.3;62.99;1005.81;4.25;283.87;0.096189;0;0;243.9194
06.08.2019;17:00;295.46;68.13;1005.61;2.88;296.38;0.053755;0;0;117.0335
06.08.2019;18:00;294.35;78;1005.5;1.72;310.63;0.042545;0;0;40.4953
06.08.2019;19:00;293.55;79.07;1005.55;1.31;320.91;0.033657;0;0;7.4041
06.08.2019;20:00;293.37;75.86;1005.71;0.68;314.25;0.032999;0;0;0
06.08.2019;21:00;293.11;76.13;1005.74;0.43;229.58;0.026187;0;0;0
06.08.2019;22:00;292.28;80.16;1005.84;1.12;212.37;0.025033;0;0;0
06.08.2019;23:00;291.61;83.27;1005.8;1.63;218.91;0.035648;0;0;0
06.08.2019;24:00:00;290.86;86.71;1005.69;2;228.45;0.032183;0;0;0
07.08.2019;01:00;290.21;89.68;1005.5;2.24;238.17;0.028786;0;0;0
07.08.2019;02:00;289.68;92.11;1005.29;2.4;247.59;0.02579;0;0;0
07.08.2019;03:00;289.27;93.79;1005.09;2.43;254.07;0.019651;0;0;0
07.08.2019;04:00;289.03;94.55;1004.98;2.25;256.77;0.017099;0;0;7.1111
07.08.2019;05:00;290;91.87;1004.94;1.81;255.95;0.021153;0;0;83.6147
07.08.2019;06:00;291.13;87.2;1004.87;1.73;248.52;0.026646;0;0;212.9937
07.08.2019;07:00;292.57;78.93;1004.83;1.48;228.43;0.03619;0;0;337.6769
07.08.2019;08:00;294.56;65.64;1004.73;1.91;216.64;0.018412;0;0;466.6273
07.08.2019;09:00;295.81;58.84;1004.51;2.15;207.44;0.027479;0;0;580.6511
07.08.2019;10:00;296.33;57.02;1004.26;2.27;202.32;0.036002;0;0;580.7404
07.08.2019;11:00;296.44;57.48;1004.08;2.34;203.84;0.081285;0;0;548.1468
07.08.2019;12:00;296.28;58.91;1003.8;2.21;204.43;0.093253;0;0;471.5862
07.08.2019;13:00;296.14;60;1003.37;1.86;201.49;0.090608;0;0;366.3862
07.08.2019;14:00;295.98;61.59;1003.05;1.67;203.98;0.160287;0;0;273.5495
07.08.2019;15:00;295.71;64.28;1002.82;1.61;216.4;0.229378;0;0;210.6106
07.08.2019;16:00;295.32;67.75;1002.61;1.63;239.36;0.221912;0;0;161.2882
07.08.2019;17:00;294.72;71.12;1002.38;1.89;271.42;0.178083;0;0;96.7762
07.08.2019;18:00;293.72;76.89;1002.44;2;294.76;0.081615;0;0;48.904
07.08.2019;19:00;292.33;82.49;1002.9;2.16;304.9;0.041494;0;0;8.3625
07.08.2019;20:00;291.39;84.83;1003.35;2.34;305.2;0.014107;0;0;0
07.08.2019;21:00;290.79;86.43;1003.6;2.46;298.68;0.001777;0;0;0
07.08.2019;22:00;290.28;88.04;1004.02;2.79;286.66;0.002413;0;0;0
07.08.2019;23:00;289.8;89.92;1004.34;3.34;280.08;0.008506;0;0;0
07.08.2019;24:00:00;289.62;90.82;1004.72;3.9;276.15;0.014572;0;0;0
08.08.2019;01:00;289.43;91.78;1005.02;4.35;273.52;0.03226;0;0;0
08.08.2019;02:00;289.08;93.23;1005.25;4.5;271.04;0.033029;0;0;0
08.08.2019;03:00;288.6;94.89;1005.36;4.49;267.82;0.039524;0;0;0
08.08.2019;04:00;288.26;95.63;1005.44;4.46;263.15;0.036918;0;0;6.451
08.08.2019;05:00;289.04;91.35;1005.61;5.1;255.39;0.048433;0;0;88.9117
08.08.2019;06:00;290.04;86.54;1005.72;5.06;246.46;0.045315;0;0;225.8901
08.08.2019;07:00;291.91;74.88;1005.83;5.69;246.04;0.075347;0;0;369.3076
08.08.2019;08:00;293.57;64.01;1005.99;6.59;248.87;0.13775;0;0;490.2203
08.08.2019;09:00;294.59;59.05;1006.05;6.95;248.55;0.187536;0;0;578.8411
08.08.2019;10:00;295.33;56.51;1006.08;7.14;247.97;0.192906;0;0;631.3328
08.08.2019;11:00;295.9;54.81;1006;7.36;247.83;0.192003;0;0;648.8143
08.08.2019;12:00;296.05;53.87;1005.96;7.54;249.88;0.192158;0;0;548.6785
08.08.2019;13:00;295.91;54.02;1005.92;7.46;253.76;0.184307;0;0;429.1353
08.08.2019;14:00;295.96;54.51;1006;7.41;258.29;0.180134;0;0;430.7974
08.08.2019;15:00;295.62;56.42;1006.08;7.25;263.65;0.182099;0;0;316.114
08.08.2019;16:00;295.21;58.68;1006.29;7.13;268.38;0.157352;0;0;271.4065
08.08.2019;17:00;294.64;61.21;1006.47;6.76;271.45;0.096479;0;0;209.5564
08.08.2019;18:00;293.6;66.85;1006.74;5.6;271.46;0.046594;0;0;102.3392
08.08.2019;19:00;291.75;76.61;1007.29;4.51;268.9;0.029354;0;0;14.062
08.08.2019;20:00;290.64;81.81;1007.68;4.42;265.69;0.021538;0;0;0
08.08.2019;21:00;290.12;84.46;1008;4.64;263.91;0.025338;0;0;0
08.08.2019;22:00;289.76;86.22;1008.4;5.13;264.72;0.024475;0;0;0
08.08.2019;23:00;289.41;87.62;1008.74;5.56;265.98;0.015341;0;0;0
08.08.2019;24:00:00;288.97;90.04;1009;5.65;265.65;0.010884;0;0;0
09.08.2019;01:00;288.54;92.9;1009.15;5.58;264.2;0.014094;0;0;0
09.08.2019;02:00;288.23;94.73;1009.2;5.45;262.67;0.022994;0;0;0
09.08.2019;03:00;288.04;95.47;1009.33;5.34;262.26;0.026214;0;0;0
09.08.2019;04:00;287.97;95.5;1009.53;5.26;262.68;0.026063;0;0;5.9435
09.08.2019;05:00;288.94;90.47;1009.87;5.87;264.99;0.016585;0;0;86.8842
09.08.2019;06:00;290.15;84.66;1010.24;5.94;268.02;0.012022;0;0;214.4485
09.08.2019;07:00;291.64;74.83;1010.36;6.09;274.58;0.007142;0;0;377.8629
09.08.2019;08:00;292.79;67.71;1010.3;5.65;273.48;0.003171;0;0;522.1768
09.08.2019;09:00;293.84;62.22;1010.22;5.2;270.52;0.001147;0;0;638.0031
09.08.2019;10:00;294.81;57.92;1010.27;4.84;269.73;0.000337;0;0;721.5048
09.08.2019;11:00;295.62;54.84;1010.31;4.3;271.45;0.000114;0;0;763.7878
09.08.2019;12:00;296.07;53.24;1010.32;3.62;274.29;0.000034;0;0;697.3836
09.08.2019;13:00;296.02;53.28;1010.34;2.76;276.98;0.000013;0;0;480.7234
09.08.2019;14:00;296.2;52.91;1010.27;1.74;280.92;0.000005;0;0;455.9503
09.08.2019;15:00;296.33;51.81;1009.99;0.32;303.54;0.000003;0;0;403.6793
09.08.2019;16:00;296.06;52.97;1009.58;1.18;103.79;0.000001;0;0;273.8668
09.08.2019;17:00;295.04;61.76;1009.29;2.05;102.83;0.000001;0;0;110.1689
09.08.2019;18:00;293.56;71.61;1009.38;2.6;100.38;0.000003;0;0;38.5502
09.08.2019;19:00;292.68;72.43;1009.47;3.69;103.85;0.000022;0;0;5.6349
09.08.2019;20:00;292.62;72.39;1009.15;5.17;109.85;0.000517;0;0;0
09.08.2019;21:00;292.46;74.56;1008.89;5.64;117.05;0.01584;0;0;0
09.08.2019;22:00;292.31;76.73;1008.62;5.63;122.75;0.02423;0;0;0
09.08.2019;23:00;292.11;78.44;1008.21;5.6;127.69;0.024367;0;0;0
09.08.2019;24:00:00;291.95;79.05;1007.57;5.53;130.4;0.016921;0;0;0
10.08.2019;01:00;291.87;79.04;1006.89;5.61;133.98;0.100632;0;0;0
10.08.2019;02:00;291.7;80.44;1006.49;6.11;141.73;0.287042;0;0;0
10.08.2019;03:00;291.61;81.04;1005.59;6.96;145.88;0.078593;0;0;0
10.08.2019;04:00;291.48;82.06;1005.12;7.06;154.64;0.027434;0;0;1.8882
10.08.2019;05:00;291.51;83.47;1005.13;6.72;168.51;0.068179;0;0;35.0655
10.08.2019;06:00;291.89;84.8;1004.97;6.34;183;0.143965;0;0;88.1325
10.08.2019;07:00;292.84;84.82;1004.92;5.79;200.4;0.103128;0;0;181.655
10.08.2019;08:00;294.35;82.44;1004.98;5.3;221.08;0.054058;0;0;287.6315
10.08.2019;09:00;296.15;76;1005.23;5.46;239.94;0.10294;0;0;474.8349
10.08.2019;10:00;297.49;67.02;1005.62;6.19;242.3;0.0435;0;0;611.157
10.08.2019;11:00;298.16;58.67;1005.98;6.99;241.05;0.028542;0;0;656.5673
10.08.2019;12:00;298.61;54.75;1006.15;7.41;243.86;0.015982;0;0;727.2688
10.08.2019;13:00;298.79;52.94;1006.29;7.43;245.85;0.012192;0;0;722.1437
10.08.2019;14:00;298.51;52.57;1006.44;7.31;246.74;0.017539;0;0;519.8772
10.08.2019;15:00;298.24;52.98;1006.67;7.29;247.36;0.036087;0;0;421.0466
10.08.2019;16:00;297.83;54.34;1006.93;7.15;249.64;0.034755;0;0;335.5944
10.08.2019;17:00;297.09;57.3;1007.29;6.39;252.65;0.027096;0;0;199.4538
10.08.2019;18:00;295.91;63.61;1007.88;4.87;254.62;0.013819;0;0;86.9008
10.08.2019;19:00;294.03;72.68;1008.64;3.8;253.21;0.009666;0;0;11.2388
10.08.2019;20:00;292.88;77.35;1009.22;3.64;247.06;0.007532;0;0;0
10.08.2019;21:00;292.31;78.85;1009.71;3.94;240.3;0.008055;0;0;0
10.08.2019;22:00;291.99;78.42;1010.06;4.48;234.88;0.003812;0;0;0
10.08.2019;23:00;291.88;75.99;1010.32;5.32;233.95;0.002658;0;0;0
10.08.2019;24:00:00;291.41;75.33;1010.53;5.73;233.75;0.00084;0;0;0
11.08.2019;01:00;290.65;76.5;1010.69;5.49;230.22;0.000019;0;0;0
11.08.2019;02:00;290.23;75.45;1010.84;5.84;231.12;0;0;0;0
11.08.2019;03:00;289.96;73.62;1011.11;6.24;233.13;0;0;0;0
11.08.2019;04:00;289.55;73.67;1011.22;6.18;232.02;0;0;0;4.6853
11.08.2019;05:00;290.09;70.83;1011.32;6.61;229.22;0;0;0;89.0302
11.08.2019;06:00;291.37;65.94;1011.57;6.95;227.79;0;0;0;234.4272
11.08.2019;07:00;293.28;56.25;1011.67;8.09;232.84;0;0;0;389.4218
11.08.2019;08:00;294.47;49.04;1011.9;9.06;236.76;0;0;0;497.4656
11.08.2019;09:00;295.28;45.14;1012.21;9.34;235.77;0;0;0;558.2904
11.08.2019;10:00;295.96;42.75;1012.29;9.44;235.74;0;0;0;593.0258
11.08.2019;11:00;296.35;42.41;1012.12;9.17;235.81;0;0;0;557.2096
11.08.2019;12:00;296.83;42.8;1011.86;8.76;236.88;0;0;0;605.8201
11.08.2019;13:00;296.71;44.34;1011.62;8.04;238.96;0;0;0;434.493
11.08.2019;14:00;296.65;45.56;1011.6;7.29;243;0.000001;0;0;379.0483
11.08.2019;15:00;296.48;46.98;1011.33;6.15;245.95;0.000001;0;0;296.5758
11.08.2019;16:00;296.6;47.71;1011.19;5.42;251.54;0.000001;0;0;379.4445
11.08.2019;17:00;296.05;50.98;1010.98;4.21;260.16;0.000002;0;0;236.231
11.08.2019;18:00;294.07;65.24;1010.76;2.43;277.01;0.000001;0;0;37.7864
11.08.2019;19:00;292.88;69.81;1010.87;2.25;293.07;0.000003;0;0;3.94
11.08.2019;20:00;292.72;69.37;1011.09;1.8;300.09;0.001236;0;0;0
11.08.2019;21:00;293.02;65.39;1011.24;0.99;295.78;0.000395;0;0;0
11.08.2019;22:00;292.89;64.22;1011.34;0.36;303.37;0.00055;0;0;0
11.08.2019;23:00;292.57;65.41;1011.27;0.26;123.48;0.002011;0;0;0
11.08.2019;24:00:00;292.11;68.06;1011.19;0.82;161.16;0.022595;0;0;0
12.08.2019;01:00;291.33;73.92;1011.11;1.5;183.23;0.107672;0;0;0
12.08.2019;02:00;290.78;78.91;1010.94;1.91;196.77;0.167637;0;0;0
12.08.2019;03:00;290.37;82.14;1010.65;2.06;205.56;0.147835;0;0;0
12.08.2019;04:00;289.88;84.19;1010.57;2.32;208.95;0.087957;0;0;1.7774
12.08.2019;05:00;290.22;83.84;1010.73;2.92;215.43;0.058321;0;0;49.3741
12.08.2019;06:00;290.89;81.24;1010.8;3.92;221.57;0.032758;0;0;168.9343
12.08.2019;07:00;292.19;72.96;1010.85;4.25;234.28;0.010106;0;0;317.5143
12.08.2019;08:00;294.04;58.37;1011.03;5.2;252.45;0.000376;0;0;484.7679
12.08.2019;09:00;295.09;51.86;1011.34;5.94;256.16;0.000025;0;0;612.6414
12.08.2019;10:00;295.5;49.34;1011.46;6.22;256.73;0;0;0;594.3418
12.08.2019;11:00;296.25;46.53;1011.43;6.17;252.8;0;0;0;748.2182
12.08.2019;12:00;296.81;44.09;1011.21;5.87;251.51;0;0;0;779.7755
12.08.2019;13:00;297.11;42.56;1011;5.56;253.93;0;0;0;716.7681
12.08.2019;14:00;297.08;42.26;1010.8;5.14;253.1;0;0;0;568.9808
12.08.2019;15:00;296.96;42.75;1010.68;4.7;249.07;0;0;0;471.0756
12.08.2019;16:00;296.6;44.16;1010.41;4.31;247.82;0;0;0;334.5809
12.08.2019;17:00;295.78;50.1;1010.27;3.31;251.66;0.000001;0;0;171.2487
12.08.2019;18:00;294.32;63.88;1010.12;2.17;259.08;0.000059;0;0;81.8813
12.08.2019;19:00;292.6;69.92;1010.28;2.21;263.33;0.000341;0;0;8.0092
12.08.2019;20:00;291.95;71.9;1010.57;2.26;269.23;0.000991;0;0;0
12.08.2019;21:00;291.4;75.11;1010.6;2.12;279.17;0.001885;0;0;0
12.08.2019;22:00;291.16;77.42;1010.46;1.81;293.12;0.001553;0;0;0
12.08.2019;23:00;290.88;79.19;1010.46;1.65;299.06;0.006192;0;0;0
12.08.2019;24:00:00;290.53;80.43;1010.35;1.59;295.31;0.024498;0;0;0
13.08.2019;01:00;290.18;82.5;1010.23;1.7;287.38;0.056302;0;0;0
13.08.2019;02:00;289.88;84.64;1010.15;1.88;277.68;0.081307;0;0;0
13.08.2019;03:00;289.51;87.11;1009.99;2.16;272.56;0.234221;0;0;0
13.08.2019;04:00;289.22;89.38;1010.06;2.53;270.13;0.293943;0;0;1.2079
13.08.2019;05:00;289.36;89.81;1010.15;3.1;267.46;0.150063;0;0;28.8814
13.08.2019;06:00;289.69;88.8;1010.22;3.73;257.95;0.193966;0;0;109.2526
13.08.2019;07:00;290.27;84.44;1010.31;4.41;249.01;0.266744;0;0;232.9238
13.08.2019;08:00;291.1;77.04;1010.36;5.28;244.56;0.308022;0;0;415.8906
13.08.2019;09:00;291.92;69.31;1010.38;6.11;243.29;0.273612;0;0;544.7236
13.08.2019;10:00;292.51;62.28;1010.44;6.88;244.46;0.150691;0;0;624.9961
13.08.2019;11:00;292.9;57.23;1010.51;7.43;246.62;0.091782;0;0;662.5789
13.08.2019;12:00;293.05;55.97;1010.58;7.72;249.79;0.101331;0;0;629.1389
13.08.2019;13:00;292.7;57.94;1010.65;7.79;253.93;0.113462;0;0;453.0966
13.08.2019;14:00;292.09;60.99;1010.84;7.71;259.76;0.194223;0;0;307.2591
13.08.2019;15:00;291.66;63.39;1011.02;7.67;266.97;0.2755;0;0;285.9709
13.08.2019;16:00;291.14;65.88;1011.27;7.41;274;0.196084;0;0;219.8186
13.08.2019;17:00;290.63;68.02;1011.61;7;280.87;0.092408;0;0;170.205
13.08.2019;18:00;289.86;71.03;1012;5.9;284.24;0.029924;0;0;78.2618
13.08.2019;19:00;288.43;78.62;1012.48;4.4;282.44;0.01003;0;0;7.3906
13.08.2019;20:00;287.57;82.25;1012.89;4.11;278.52;0.005741;0;0;0
13.08.2019;21:00;287.13;83.78;1013.17;4.05;274.02;0.005199;0;0;0
13.08.2019;22:00;286.82;85.02;1013.36;4.01;269.97;0.006771;0;0;0
13.08.2019;23:00;286.47;86.62;1013.45;3.98;266.2;0.00948;0;0;0
13.08.2019;24:00:00;286.15;88.13;1013.39;3.99;262.14;0.015266;0;0;0
14.08.2019;01:00;285.88;89.97;1013.42;4.1;256.68;0.030143;0;0;0
14.08.2019;02:00;285.63;91.62;1013.58;4.33;252.72;0.051607;0;0;0
14.08.2019;03:00;285.36;92.76;1013.53;4.62;253.41;0.056997;0;0;0
14.08.2019;04:00;285.16;92.93;1013.57;4.87;255.14;0.057202;0;0;1.9508
14.08.2019;05:00;285.6;90.05;1013.75;5.36;255.36;0.065268;0;0;61.3169
14.08.2019;06:00;286.53;85.53;1013.91;5.54;254.75;0.066925;0;0;183.8646
14.08.2019;07:00;287.98;76.04;1013.99;5.99;255.65;0.089058;0;0;319.3288
14.08.2019;08:00;289.23;67.93;1013.78;6.29;255.77;0.13864;0;0;437.948
14.08.2019;09:00;290.09;63.42;1013.6;6.33;257.31;0.160713;0;0;520.0419
14.08.2019;10:00;290.74;60.57;1013.62;6.24;259.54;0.186638;0;0;554.1395
14.08.2019;11:00;291.23;58.12;1013.65;6.17;263.51;0.137385;0;0;566.8384
14.08.2019;12:00;291.73;55.13;1013.65;6.15;269.19;0.074344;0;0;594.4436
14.08.2019;13:00;292.14;52.75;1013.65;6.14;274.64;0.043647;0;0;602.1499
14.08.2019;14:00;292.38;51.19;1013.66;6.09;279.69;0.024835;0;0;559.3815
14.08.2019;15:00;292.39;50.71;1013.72;5.86;283.25;0.009608;0;0;459.2516
14.08.2019;16:00;292.22;51.08;1013.67;5.49;284.68;0.000611;0;0;341.8224
14.08.2019;17:00;291.82;52.55;1013.55;4.85;284.61;0.000113;0;0;216.3841
14.08.2019;18:00;290.53;63.31;1013.51;3.18;284.12;0.000078;0;0;88.8091
14.08.2019;19:00;288.78;70.04;1013.69;2.76;284.61;0.000092;0;0;6.9752
14.08.2019;20:00;288.73;67.77;1013.81;2.2;277.67;0.00007;0;0;0
14.08.2019;21:00;288.91;65.84;1013.86;1.67;258.19;0.000114;0;0;0
14.08.2019;22:00;288.37;67.73;1013.8;1.57;220.48;0.000053;0;0;0
14.08.2019;23:00;287.21;73.08;1013.71;2.19;192.83;0.000027;0;0;0
14.08.2019;24:00:00;286.45;77.8;1013.48;2.95;184.75;0.000009;0;0;0
15.08.2019;01:00;286.72;77.97;1013.22;3.5;184.28;0.000071;0;0;0
15.08.2019;02:00;287.04;76.86;1012.83;4.13;187.42;0.000567;0;0;0
15.08.2019;03:00;287.06;76.19;1012.39;4.59;191.92;0.001296;0;0;0
15.08.2019;04:00;287.02;75.33;1011.94;4.69;193.98;0.00164;0;0;0.6707
15.08.2019;05:00;287.16;73.53;1011.55;4.69;189.26;0.000486;0;0;21.3226
15.08.2019;06:00;287.93;68.75;1011.11;5;177.6;0.000091;0;0;80.1187
15.08.2019;07:00;289.62;61.84;1010.64;5.43;166.4;0.000031;0;0;260.8265
15.08.2019;08:00;292.21;50.73;1010.23;6.97;172.89;0.000045;0;0;405.1276
15.08.2019;09:00;293.87;44.46;1009.81;7.93;181.39;0.001411;0;0;475.7091
15.08.2019;10:00;294.54;43.45;1009.35;8.14;188.33;0.011662;0;0;505.7272
15.08.2019;11:00;294.67;45.47;1009.01;8.21;191.52;0.050465;0;0;545.9551
15.08.2019;12:00;294.36;49.65;1008.67;8.17;190.53;0.078009;0;0;503.9865
15.08.2019;13:00;294.15;53.22;1008.28;8.11;188.96;0.092022;0;0;438.0781
15.08.2019;14:00;293.89;56.57;1007.93;7.97;189.77;0.115151;0;0;315.1038
15.08.2019;15:00;293.67;59.64;1007.7;7.61;193.55;0.10626;0;0;228.6491
15.08.2019;16:00;293.46;62.51;1007.52;7;198.45;0.07742;0;0;154.2859
15.08.2019;17:00;293.17;65.7;1007.48;6.12;201.81;0.045408;0;0;96.7845
15.08.2019;18:00;292.53;70.28;1007.5;5.11;200.44;0.020028;0;0;42.9657
15.08.2019;19:00;291.39;76.62;1007.71;4.41;196.34;0.009705;0;0;3.7703
15.08.2019;20:00;290.97;79.04;1007.93;4.73;196.62;0.006691;0;0;0
15.08.2019;21:00;290.66;81.37;1008.13;4.85;202.39;0.024632;0;0;0
15.08.2019;22:00;290.39;84.34;1008.28;4.87;217.51;0.077083;0;0;0
15.08.2019;23:00;290.07;88.38;1008.51;4.73;236.75;0.084289;0;0;0
15.08.2019;24:00:00;289.64;92.3;1008.79;4.77;251.05;0.085508;0;0;0
16.08.2019;01:00;289.21;94.34;1009.08;4.86;258.17;0.073108;0;0;0
16.08.2019;02:00;288.77;94.96;1009.26;4.81;258.2;0.045697;0;0;0
16.08.2019;03:00;288.34;94.97;1009.51;4.86;254.1;0.025431;0;0;0
16.08.2019;04:00;287.93;94.85;1009.87;4.97;248.41;0.022563;0;0;1.2505
16.08.2019;05:00;288.1;93.27;1010.32;5.52;243.31;0.030904;0;0;64.4721
16.08.2019;06:00;288.87;90.65;1010.74;5.89;241.05;0.034977;0;0;201.4536
16.08.2019;07:00;290.24;84.81;1011.1;6.44;248.1;0.102673;0;0;351.5872
16.08.2019;08:00;291.63;75.39;1011.39;6.65;252.63;0.09712;0;0;490.2814
16.08.2019;09:00;292.73;67.41;1011.54;6.61;255.52;0.093607;0;0;598.3729
16.08.2019;10:00;293.54;63.36;1011.61;6.37;258.88;0.090503;0;0;662.6169
16.08.2019;11:00;294.2;60.86;1011.6;6.02;262.23;0.084861;0;0;702.4971
16.08.2019;12:00;294.7;58.66;1011.7;5.68;265.77;0.078651;0;0;704.5908
16.08.2019;13:00;294.96;57.43;1011.87;5.36;269.66;0.08596;0;0;669.7968
16.08.2019;14:00;294.73;57.95;1012;5.02;272.53;0.096408;0;0;521.9489
16.08.2019;15:00;294.19;60;1012.09;4.6;273.83;0.074972;0;0;359.6306
16.08.2019;16:00;293.78;61.62;1012.14;4.25;274.53;0.056058;0;0;293.1169
16.08.2019;17:00;293.24;63.49;1012.22;3.69;274.61;0.024628;0;0;183.6218
16.08.2019;18:00;292.21;72.26;1012.36;2.27;272.24;0.005312;0;0;61.7876
16.08.2019;19:00;291.22;74.75;1012.5;1.67;261.82;0.002513;0;0;3.4837
16.08.2019;20:00;290.9;75.06;1012.59;1.25;227.71;0.001323;0;0;0
16.08.2019;21:00;290.22;77.9;1012.46;1.56;188.08;0.000617;0;0;0
16.08.2019;22:00;289.4;82.09;1012.23;2.23;171.51;0.000247;0;0;0
16.08.2019;23:00;288.87;85.35;1012.01;2.86;167.72;0.000099;0;0;0
16.08.2019;24:00:00;288.66;87.16;1011.66;3.44;167.71;0.000087;0;0;0
17.08.2019;01:00;288.82;86.69;1011.3;4.08;168.4;0.001293;0;0;0
17.08.2019;02:00;288.94;85.46;1010.97;4.7;169.19;0.000813;0;0;0
17.08.2019;03:00;288.85;84.62;1010.52;5.13;168.89;0.000743;0;0;0
17.08.2019;04:00;288.69;83.23;1010.04;5.35;169.54;0.000211;0;0;0.3056
17.08.2019;05:00;288.83;79.51;1009.49;5.78;172.4;0.000073;0;0;30.3812
17.08.2019;06:00;289.35;75.28;1008.94;6.02;174.16;0.004116;0;0;110.972
17.08.2019;07:00;289.94;72.65;1008.73;5.58;179.17;0.080353;0;0;155.6063
17.08.2019;08:00;290.32;71.96;1008.94;5.68;192.6;0.267879;0;0;139.1851
17.08.2019;09:00;290.52;73.33;1008.97;5.55;193.36;0.1837;0;0;151.1667
17.08.2019;10:00;291.57;69.66;1008.52;5.95;184.64;0.029233;0;0;248.8184
17.08.2019;11:00;293.82;59.03;1008;6.95;184.36;0.016289;0;0;438.122
17.08.2019;12:00;295.23;52.58;1007.43;7.41;188.35;0.016691;0;0;422.5981
17.08.2019;13:00;296.11;50.42;1006.88;7.13;193.83;0.014022;0;0;375.5016
17.08.2019;14:00;296.89;49.66;1006.25;6.63;200.88;0.003483;0;0;363.4201
17.08.2019;15:00;297.16;50.57;1005.67;6.13;207.94;0.001975;0;0;321.128
17.08.2019;16:00;296.66;54.49;1005.63;5.29;217.94;0.009233;0;0;198.4206
17.08.2019;17:00;295.56;62.6;1005.9;3.86;228.01;0.012391;0;0;101.9516
17.08.2019;18:00;294.08;73.41;1005.93;2.58;232.66;0.011529;0;0;38.9302
17.08.2019;19:00;292.7;79.86;1006.1;2.41;232.18;0.01695;0;0;2.2187
17.08.2019;20:00;292.14;82.66;1006.26;2.4;225.55;0.023684;0;0;0
17.08.2019;21:00;291.61;84.95;1006.28;2.6;219;0.010405;0;0;0
17.08.2019;22:00;291.14;86.72;1006.24;2.83;217.9;0.005215;0;0;0
17.08.2019;23:00;290.57;88.5;1006.29;3.11;221.41;0.002544;0;0;0
17.08.2019;24:00:00;290.1;90.31;1006.25;3.21;222.61;0.001319;0;0;0
18.08.2019;01:00;289.61;92.29;1006.05;3.16;220.31;0.000646;0;0;0
18.08.2019;02:00;289.32;93.33;1005.95;3.25;218.29;0.00138;0;0;0
18.08.2019;03:00;289.39;92.42;1005.7;3.31;216.66;0.00429;0;0;0
18.08.2019;04:00;289.49;91.29;1005.31;3.42;212.11;0.002641;0;0;0.3826
18.08.2019;05:00;289.7;89.81;1005.06;3.78;209.31;0.006775;0;0;18.6329
18.08.2019;06:00;290.09;88.47;1004.96;4.1;207.61;0.04565;0;0;52.3124
18.08.2019;07:00;290.56;87.76;1004.97;4.06;208.25;0.264626;0;0;108.9852
18.08.2019;08:00;291.53;85.4;1005.01;3.79;207.09;0.448944;0;0;188.714
18.08.2019;09:00;292.81;80.49;1004.83;3.73;199.88;0.334934;0;0;282.9644
18.08.2019;10:00;293.39;78.07;1004.7;3.78;193.25;0.424299;0;0;261.8155
18.08.2019;11:00;293.38;78.51;1004.51;3.9;186.04;0.492971;0;0;195.704
18.08.2019;12:00;293.32;79.34;1004.11;4.26;180.45;0.688267;0;0;181.06
18.08.2019;13:00;293.2;80.46;1003.78;4.52;180.34;0.712276;0;0;150.3943
18.08.2019;14:00;293.24;81.01;1003.34;4.79;182.48;0.538712;0;0;144.4042
18.08.2019;15:00;293.5;80.66;1002.95;4.93;189.89;0.244084;0;0;146.6017
18.08.2019;16:00;293.83;79.86;1002.53;4.94;200.35;0.103288;0;0;153.7425
18.08.2019;17:00;293.6;82.11;1002.32;4.34;210.86;0.080037;0;0;95.0045
18.08.2019;18:00;292.8;87.28;1002.37;3.68;225.72;0.122903;0;0;33.0299
18.08.2019;19:00;291.93;91.25;1003.01;4.28;244.63;0.140768;0;0;1.9161
18.08.2019;20:00;291.29;93.51;1003.97;5.02;259.86;0.100206;0;0;0
18.08.2019;21:00;290.67;94;1005.05;5.22;270.02;0.071779;0;0;0
18.08.2019;22:00;289.92;94.17;1006.14;5.05;274.48;0.0321;0;0;0
18.08.2019;23:00;289.22;94.7;1006.86;4.47;274.02;0.014546;0;0;0
18.08.2019;24:00:00;288.59;95.37;1007.09;3.89;273.05;0.011138;0;0;0
19.08.2019;01:00;288.49;94.61;1007.24;3.55;271.2;0.008822;0;0;0
19.08.2019;02:00;288.38;94.16;1008.07;3.5;255.93;0.008925;0;0;0
19.08.2019;03:00;288.39;93.38;1009.04;4.24;243.71;0.009324;0;0;0
19.08.2019;04:00;288.1;93.74;1009.21;3.87;244.36;0.012462;0;0;0.1842
19.08.2019;05:00;288.12;93.36;1009.56;3.72;232.84;0.010879;0;0;18.5801
19.08.2019;06:00;288.66;91.99;1010.11;4.54;222.47;0.022449;0;0;72.4703
19.08.2019;07:00;289.58;89.65;1010.59;5.08;218.31;0.056563;0;0;218.8767
19.08.2019;08:00;290.99;82.57;1010.83;5.65;222.02;0.080435;0;0;322.3395
19.08.2019;09:00;292.17;73.32;1010.89;5.98;226.41;0.062622;0;0;383.9252
19.08.2019;10:00;293.34;64.18;1011.06;6.28;232.37;0.011307;0;0;502.7773
19.08.2019;11:00;294.56;55.03;1011.47;6.49;236.93;0.001378;0;0;711.7506
19.08.2019;12:00;295.34;49.79;1011.95;6.37;239.95;0.000248;0;0;740.513
19.08.2019;13:00;295.75;47.26;1012.46;6.22;242.72;0.000097;0;0;713.1728
19.08.2019;14:00;295.81;46.47;1012.94;6.07;246.64;0.000111;0;0;628.7036
19.08.2019;15:00;295.55;47.45;1013.37;5.84;251.03;0.001043;0;0;500.7688
19.08.2019;16:00;295.05;49.74;1013.71;5.55;254.27;0.00204;0;0;351.2358
19.08.2019;17:00;294.25;54.48;1014;4.62;256.52;0.001824;0;0;172.8188
19.08.2019;18:00;292.84;65.76;1014.33;3.03;256.56;0.00112;0;0;52.6074
19.08.2019;19:00;291.31;73.48;1014.78;2.83;252.28;0.000612;0;0;2.0847
19.08.2019;20:00;290.6;76.2;1015.29;2.99;246.87;0.000736;0;0;0
19.08.2019;21:00;289.9;78.91;1015.75;3.17;243.2;0.000626;0;0;0
19.08.2019;22:00;289.25;81.32;1016.14;3.29;241.47;0.001829;0;0;0
19.08.2019;23:00;288.66;83.18;1016.49;3.31;241.1;0.001896;0;0;0
19.08.2019;24:00:00;288.34;84.2;1016.78;3.24;239.38;0.002961;0;0;0
20.08.2019;01:00;288.07;84.81;1016.9;3.16;236.68;0.002535;0;0;0
20.08.2019;02:00;287.6;86.12;1017.01;3.17;233.42;0.002525;0;0;0
20.08.2019;03:00;286.77;89.15;1017.19;3.29;230.41;0.00209;0;0;0
20.08.2019;04:00;286.38;90.41;1017.51;3.4;228.38;0.002575;0;0;0.2384
20.08.2019;05:00;287.11;86.34;1017.93;3.69;227.01;0.002402;0;0;37.463
20.08.2019;06:00;288.29;79.97;1018.36;4.36;223.64;0.002218;0;0;121.4735
20.08.2019;07:00;289.94;72.85;1018.57;4.04;217.09;0.002175;0;0;318.7167
20.08.2019;08:00;292.89;55.97;1018.75;4.87;223.49;0.000391;0;0;469.1317
20.08.2019;09:00;294.43;49.07;1018.79;5.3;227.78;0.000858;0;0;596.1162
20.08.2019;10:00;295.34;46.81;1018.73;5.34;231.21;0.000262;0;0;686.1612
20.08.2019;11:00;296;45.43;1018.76;5.45;233.25;0.000243;0;0;729.9954
20.08.2019;12:00;296.39;44.22;1018.97;5.62;235.86;0.000169;0;0;707.6777
20.08.2019;13:00;296.41;43.82;1018.88;5.38;242.25;0.00004;0;0;598.8577
20.08.2019;14:00;295.99;44.85;1018.97;4.97;247.94;0.000083;0;0;408.7704
20.08.2019;15:00;295.37;47.24;1019.16;4.48;255.35;0.000046;0;0;246.0668
20.08.2019;16:00;294.56;53.02;1019.39;3.56;270.71;0.000028;0;0;141.6329
20.08.2019;17:00;293.36;63.1;1019.63;2.75;292.27;0.000013;0;0;70.5312
20.08.2019;18:00;292.05;70.27;1019.93;2.65;310.84;0.000006;0;0;24.4769
20.08.2019;19:00;290.95;74.68;1020.31;2.76;327.3;0.000004;0;0;0.9845
20.08.2019;20:00;290.42;78.01;1020.62;2.67;340.83;0.000003;0;0;0
20.08.2019;21:00;290.05;80.93;1020.83;2.56;351.76;0.000026;0;0;0
20.08.2019;22:00;289.74;83.52;1021.04;2.4;354.49;0.000882;0;0;0
20.08.2019;23:00;289.43;85.61;1021.35;2.24;347.72;0.004893;0;0;0
20.08.2019;24:00:00;289.07;87.93;1021.66;2.24;334.32;0.012926;0;0;0
21.08.2019;01:00;288.66;90.37;1021.87;2.49;322.3;0.014812;0;0;0
21.08.2019;02:00;288.07;92.86;1022.1;2.88;314.18;0.016286;0;0;0
21.08.2019;03:00;287.5;94.55;1022.6;3.16;307.26;0.022084;0;0;0
21.08.2019;04:00;287.15;95.58;1023.16;3.27;301.04;0.030325;0;0;0.1043
21.08.2019;05:00;287.62;92.21;1023.6;3.21;296.33;0.035803;0;0;43.3704
21.08.2019;06:00;289.5;82.63;1023.96;4.14;291.68;0.067168;0;0;167.2335
21.08.2019;07:00;290.8;72.97;1024.23;4.75;289.39;0.068231;0;0;313.1369
21.08.2019;08:00;291.8;64.79;1024.48;5.35;286.65;0.048698;0;0;452.3639
21.08.2019;09:00;292.53;59.02;1024.77;5.75;284.73;0.020812;0;0;571.4525
21.08.2019;10:00;293.2;53.99;1024.89;5.85;283.64;0.004569;0;0;661.9657
21.08.2019;11:00;293.84;49.95;1024.97;5.74;282.58;0.000809;0;0;719.1138
21.08.2019;12:00;294.34;47.24;1024.97;5.57;282.84;0.000196;0;0;728.6978
21.08.2019;13:00;294.62;46;1024.88;5.33;284.97;0.000087;0;0;689.5852
21.08.2019;14:00;294.64;46.17;1024.88;5.04;288.66;0.000307;0;0;610.1926
21.08.2019;15:00;294.36;47.45;1025.01;4.7;293.09;0.000606;0;0;492.4437
21.08.2019;16:00;293.87;49.45;1025.11;4.29;298.37;0.000431;0;0;351.0141
21.08.2019;17:00;293.09;52.86;1025.28;3.76;304.25;0.000199;0;0;198.2188
21.08.2019;18:00;291.48;64.84;1025.48;2.52;312.41;0.000108;0;0;67.8397
21.08.2019;19:00;289.6;72.67;1025.9;2.36;322.99;0.000073;0;0;1.7689
21.08.2019;20:00;289.17;73.75;1026.26;1.95;329.81;0.000056;0;0;0
21.08.2019;21:00;289.12;73.34;1026.52;1.39;337.96;0.000041;0;0;0
21.08.2019;22:00;288.97;73.52;1026.63;0.81;353.76;0.00003;0;0;0
21.08.2019;23:00;288.49;75.33;1026.73;0.44;52.13;0.000025;0;0;0
21.08.2019;24:00:00;287.98;77.91;1026.82;0.8;117.81;0.000021;0;0;0
22.08.2019;01:00;287.35;81.98;1026.85;1.45;138.51;0.000018;0;0;0
22.08.2019;02:00;286.59;87.96;1026.87;2.07;148.19;0.000016;0;0;0
22.08.2019;03:00;286.02;93.5;1026.93;2.49;153.82;0.000014;0;0;0
22.08.2019;04:00;285.63;97.39;1026.97;2.73;157.3;0.000013;0;0;0.0493
22.08.2019;05:00;286.1;95.16;1027;2.71;158.82;0.000011;0;0;43.4697
22.08.2019;06:00;288.31;83.59;1027.01;3.3;157.14;0.000008;0;0;170.2101
22.08.2019;07:00;290.18;72.41;1026.91;3.29;155.01;0.000005;0;0;320.3523
22.08.2019;08:00;292.7;54.82;1026.71;3.58;162.23;0.000002;0;0;465.4125
22.08.2019;09:00;294.36;46.13;1026.5;3.78;173.48;0.000001;0;0;588.5299
22.08.2019;10:00;295.49;43.27;1026.2;3.9;180.78;0;0;0;679.9061
22.08.2019;11:00;296.4;41.52;1025.76;3.92;188.34;0;0;0;731.2523
22.08.2019;12:00;297.12;40.87;1025.24;3.86;197.32;0;0;0;735.1907
22.08.2019;13:00;297.62;40.28;1024.72;3.81;204.23;0;0;0;695.5925
22.08.2019;14:00;297.87;39.9;1024.32;3.73;209.18;0;0;0;613.0255
22.08.2019;15:00;297.85;40.18;1023.94;3.58;212.78;0;0;0;489.0794
22.08.2019;16:00;297.42;42;1023.54;3.19;212.97;0;0;0;320.307
22.08.2019;17:00;296.5;49.77;1023.24;2.2;208.01;0;0;0;179.0135
22.08.2019;18:00;294.49;63.76;1023.13;1.86;197.3;0;0;0;63.6112
22.08.2019;19:00;292.9;64.2;1023.31;2.19;186.11;0;0;0;1.3431
22.08.2019;20:00;291.81;68.62;1023.39;2.6;180.18;0;0;0;0
22.08.2019;21:00;290.89;72.04;1023.37;3.13;180.91;0;0;0;0
22.08.2019;22:00;290.32;72.95;1023.48;3.71;185.91;0;0;0;0
22.08.2019;23:00;289.83;73.43;1023.67;4.12;191.85;0;0;0;0
22.08.2019;24:00:00;289.29;74.7;1023.79;4.32;196.54;0;0;0;0
23.08.2019;01:00;288.75;76.68;1023.91;4.44;199.8;0;0;0;0
23.08.2019;02:00;288.25;78.92;1024.02;4.52;202.39;0;0;0;0
23.08.2019;03:00;287.77;81.25;1024.16;4.55;204.59;0;0;0;0
23.08.2019;04:00;287.27;83.99;1024.33;4.42;206.5;0;0;0;0.0159
23.08.2019;05:00;287.5;83.54;1024.49;4.49;207.15;0;0;0;40.1117
23.08.2019;06:00;288.94;76.84;1024.62;4.91;205.83;0;0;0;160.7623
23.08.2019;07:00;290.71;70.11;1024.74;4.26;200.59;0;0;0;310.1224
23.08.2019;08:00;293.57;58.95;1024.81;4.29;199.81;0;0;0;445.8018
23.08.2019;09:00;296.1;48.83;1024.84;4.48;204.8;0;0;0;525.6827
23.08.2019;10:00;297.33;45.36;1024.75;4.23;208.32;0;0;0;544.9318
23.08.2019;11:00;298.3;43.21;1024.53;3.98;214.34;0;0;0;634.8232
23.08.2019;12:00;298.94;41.85;1024.25;3.61;223.79;0;0;0;632.4144
23.08.2019;13:00;299.28;40.86;1023.95;3.18;236.66;0;0;0;587.0281
23.08.2019;14:00;299.37;40.27;1023.62;2.8;253.09;0;0;0;499.1766
23.08.2019;15:00;299.17;40.6;1023.37;2.54;273.73;0;0;0;388.6699
23.08.2019;16:00;298.62;42.69;1023.21;2.42;297.58;0;0;0;293.7709
23.08.2019;17:00;297.49;49.44;1023.14;2.24;324.84;0;0;0;184.8952
23.08.2019;18:00;294.87;65.22;1023.27;2.18;351.27;0;0;0;60.6747
23.08.2019;19:00;292.62;71;1023.6;2.56;11.02;0;0;0;0.9715
23.08.2019;20:00;291.83;74.22;1023.87;2.56;27.4;0;0;0;0
23.08.2019;21:00;291.29;76.97;1024.04;2.41;43.47;0;0;0;0
23.08.2019;22:00;290.84;78.95;1024.17;2.22;58.26;0;0;0;0
23.08.2019;23:00;290.47;80.39;1024.3;2.05;69.95;0;0;0;0
23.08.2019;24:00:00;290.18;81.47;1024.32;1.84;77.27;0;0;0;0
24.08.2019;01:00;290.01;81.63;1024.32;1.58;80.66;0;0;0;0
24.08.2019;02:00;289.87;82.01;1024.25;1.37;79.87;0;0;0;0
24.08.2019;03:00;289.67;82.93;1024.19;1.28;76.97;0;0;0;0
24.08.2019;04:00;289.35;85.31;1024.14;1.32;72.72;0;0;0;0.0034
24.08.2019;05:00;289.3;87.16;1024.22;1.47;68.88;0;0;0;33.9771
24.08.2019;06:00;290.91;82.2;1024.37;1.82;66.82;0;0;0;149.5326
24.08.2019;07:00;292.43;75.12;1024.52;2.16;65.63;0;0;0;299.4927
24.08.2019;08:00;294.88;60.55;1024.58;2.16;77.24;0;0;0;446.7202
24.08.2019;09:00;296.75;51.65;1024.54;2.23;87.59;0;0;0;571.0341
24.08.2019;10:00;297.87;48.16;1024.33;2.42;87.72;0;0;0;663.9288
24.08.2019;11:00;298.62;46.14;1024.09;2.7;84.21;0;0;0;712.4721
24.08.2019;12:00;299.13;44.42;1023.78;3.1;80.06;0;0;0;718.002
24.08.2019;13:00;299.39;43.16;1023.52;3.55;76.41;0;0;0;681.7219
24.08.2019;14:00;299.34;42.74;1023.19;4;73.78;0;0;0;603.2905
24.08.2019;15:00;298.97;43.37;1022.8;4.42;72.8;0;0;0;489.8507
24.08.2019;16:00;298.2;45.62;1022.43;4.81;71.71;0;0;0;349.6736
24.08.2019;17:00;296.79;52.36;1022.2;4.99;66.28;0;0;0;197.7712
24.08.2019;18:00;294.56;64.96;1022.13;5.02;61.23;0;0;0;60.685
24.08.2019;19:00;292.6;77.71;1022.35;5.27;62.31;0;0;0;0.6559
24.08.2019;20:00;291.8;85.47;1022.39;5.39;65.75;0;0;0;0
24.08.2019;21:00;291.33;90.45;1022.43;5.23;69.9;0.000132;0;0;0
24.08.2019;22:00;291.01;93.28;1022.41;4.86;75.4;0.000659;0;0;0
24.08.2019;23:00;290.71;94.99;1022.32;4.44;82.79;0.001776;0;0;0
24.08.2019;24:00:00;290.42;95.69;1022.14;4.13;93.04;0.002819;0;0;0
25.08.2019;01:00;290.16;94.01;1021.87;3.96;107.45;0;0;0;0
25.08.2019;02:00;289.94;88.84;1021.72;3.92;122.63;0;0;0;0
25.08.2019;03:00;289.65;83.52;1021.67;3.9;130.89;0;0;0;0
25.08.2019;04:00;289.26;80.17;1021.65;3.86;132.91;0;0;0;0.0003
25.08.2019;05:00;289.39;76.92;1021.72;3.85;130.2;0;0;0;36.911
25.08.2019;06:00;291.21;67.84;1021.78;4.68;125.42;0;0;0;164.2614
25.08.2019;07:00;292.83;61.5;1021.86;4.74;121.06;0;0;0;315.2766
25.08.2019;08:00;295.2;53.74;1021.75;4.81;119.21;0.000001;0;0;459.6652
25.08.2019;09:00;297.69;44.41;1021.6;5.53;124.03;0.000003;0;0;582.1376
25.08.2019;10:00;299.16;40.2;1021.32;5.49;125.56;0.000005;0;0;668.1601
25.08.2019;11:00;300.09;38.22;1021.05;5.05;122.02;0.000006;0;0;715.0999
25.08.2019;12:00;300.74;37.38;1020.68;4.65;114.58;0.000005;0;0;719.1923
25.08.2019;13:00;301.08;37.23;1020.43;4.46;106.02;0.000004;0;0;667.9763
25.08.2019;14:00;301.13;37.41;1020.13;4.5;98.44;0.000004;0;0;581.8842
25.08.2019;15:00;300.79;38.09;1019.84;4.66;92.18;0.000012;0;0;451.6578
25.08.2019;16:00;299.96;40.17;1019.71;4.88;86.41;0.000015;0;0;305.8022
25.08.2019;17:00;298.35;45.83;1019.77;4.91;80.49;0.000019;0;0;163.4357
25.08.2019;18:00;296.14;53.65;1019.98;4.8;79;0.000019;0;0;46.9402
25.08.2019;19:00;294.5;59.28;1020.47;4.86;83.2;0.000016;0;0;0.3527
25.08.2019;20:00;293.89;62.05;1020.82;4.73;90.27;0.000019;0;0;0
25.08.2019;21:00;293.44;64.19;1020.94;4.47;98.54;0.000023;0;0;0
25.08.2019;22:00;293.09;65.29;1020.96;4.24;109.15;0.000019;0;0;0
25.08.2019;23:00;292.73;66.13;1020.85;4.05;121.11;0.000018;0;0;0
25.08.2019;24:00:00;292.15;68.59;1020.73;3.78;127.94;0.000001;0;0;0
26.08.2019;01:00;291.52;72.15;1020.59;3.56;129.76;0.000001;0;0;0
26.08.2019;02:00;290.98;75.78;1020.49;3.38;128.66;0.000001;0;0;0
26.08.2019;03:00;290.52;79.52;1020.54;3.22;124.6;0.000002;0;0;0
26.08.2019;04:00;290.09;82.85;1020.53;3.09;119.01;0.000002;0;0;0
26.08.2019;05:00;290.11;84.08;1020.63;2.98;113.71;0;0;0;30.8107
26.08.2019;06:00;291.66;77.72;1020.78;3.58;109.32;0;0;0;150.4857
26.08.2019;07:00;292.97;73.12;1020.91;3.38;101.73;0;0;0;298.6482
26.08.2019;08:00;295.12;66.02;1020.86;3.25;92.24;0;0;0;443.3485
26.08.2019;09:00;297.9;51.89;1020.8;4.07;93.81;0;0;0;567.8424
26.08.2019;10:00;299.33;46.05;1020.64;4.14;98.6;0;0;0;657.941
26.08.2019;11:00;300.23;43.79;1020.39;3.84;97.99;0;0;0;700.0043
26.08.2019;12:00;300.87;42.75;1020.09;3.5;92.23;0;0;0;701.0054
26.08.2019;13:00;301.23;42.68;1019.74;3.37;84.02;0.000016;0;0;646.8544
26.08.2019;14:00;301.17;43.93;1019.36;3.51;78.33;0.000407;0;0;530.7204
26.08.2019;15:00;300.5;47.2;1018.96;3.75;75.9;0.00123;0;0;336.5403
26.08.2019;16:00;299.25;53.65;1018.72;3.83;72.06;0.000397;0;0;180.1555
26.08.2019;17:00;297.55;61.85;1018.56;4.04;67.07;0.000067;0;0;79.004
26.08.2019;18:00;295.99;69.82;1018.46;4.03;67.6;0.000014;0;0;19.6238
26.08.2019;19:00;294.88;75.76;1018.48;3.91;69.7;0.000003;0;0;0.1171
26.08.2019;20:00;294.32;79.09;1018.43;3.73;71.15;0.000001;0;0;0
26.08.2019;21:00;293.97;81.22;1018.29;3.38;73.94;0;0;0;0
26.08.2019;22:00;293.75;82.32;1018.23;3.07;80.68;0;0;0;0
26.08.2019;23:00;293.58;82.55;1018.19;2.93;91.63;0;0;0;0
26.08.2019;24:00:00;293.35;82.72;1018.06;2.87;103.74;0;0;0;0
27.08.2019;01:00;293.12;83.03;1017.89;2.83;114.17;0;0;0;0
27.08.2019;02:00;292.85;83.76;1017.74;2.81;121.25;0;0;0;0
27.08.2019;03:00;292.61;84.76;1017.74;2.81;124.76;0.000098;0;0;0
27.08.2019;04:00;292.32;86.48;1017.7;2.81;125.11;0.00032;0;0;0
27.08.2019;05:00;292.36;87.27;1017.73;2.77;122.94;0.000303;0;0;24.6777
27.08.2019;06:00;293.79;81.41;1017.71;3.38;118.26;0.000277;0;0;128.265
27.08.2019;07:00;294.99;77.18;1017.73;3.29;108.83;0.000322;0;0;266.4463
27.08.2019;08:00;296.93;70.24;1017.67;3.52;103.61;0.00645;0;0;404.8981
27.08.2019;09:00;298.81;62.71;1017.68;4.18;104.42;0.016509;0;0;515.4152
27.08.2019;10:00;300.6;54.24;1017.64;4.85;112.64;0.009;0;0;595.7626
27.08.2019;11:00;301.89;48.69;1017.46;5.11;119.43;0.009344;0;0;635.6295
27.08.2019;12:00;302.69;45.6;1017.15;5.1;122.15;0.016007;0;0;634.0326
27.08.2019;13:00;303.05;44.34;1016.79;5;121.86;0.023301;0;0;580.3807
27.08.2019;14:00;302.99;44.54;1016.44;4.9;119.8;0.027479;0;0;483.439
27.08.2019;15:00;302.54;46.14;1016.02;4.77;116.68;0.019615;0;0;360.7434
27.08.2019;16:00;301.52;50.86;1015.66;4.3;112.1;0.010083;0;0;218.8454
27.08.2019;17:00;300;59.49;1015.38;3.52;106.44;0.002264;0;0;104.6672
27.08.2019;18:00;298.26;66.99;1015.19;3.28;106.62;0.003054;0;0;26.2361
27.08.2019;19:00;297.17;70.62;1015.14;3.37;111.28;0.009113;0;0;0.0633
27.08.2019;20:00;296.77;72.14;1014.98;3.41;118.2;0.010899;0;0;0
27.08.2019;21:00;296.43;73.68;1014.87;3.49;126.12;0.008081;0;0;0
27.08.2019;22:00;296.1;74.98;1014.68;3.64;134.66;0.00804;0;0;0
27.08.2019;23:00;295.67;76.53;1014.56;3.76;141.59;0.008549;0;0;0
27.08.2019;24:00:00;295.23;78.38;1014.45;3.81;145.43;0.010565;0;0;0
28.08.2019;01:00;294.85;80.15;1014.23;3.79;147.81;0.015416;0;0;0
28.08.2019;02:00;294.52;81.87;1014;3.76;149.82;0.017542;0;0;0
28.08.2019;03:00;294.22;83.56;1013.79;3.71;152.7;0.035925;0;0;0
28.08.2019;04:00;293.92;85.3;1013.68;3.64;155.75;0.032552;0;0;0
28.08.2019;05:00;293.84;86.11;1013.61;3.78;158.61;0.062926;0;0;15.4837
28.08.2019;06:00;294.31;84.64;1013.6;4.08;162.55;0.099444;0;0;77.0003
28.08.2019;07:00;294.99;82.6;1013.41;3.49;163.71;0.143785;0;0;152.2556
28.08.2019;08:00;296.32;76.96;1013.16;2.88;162.06;0.142605;0;0;245.5344
28.08.2019;09:00;298.03;68.67;1012.93;2.75;157.83;0.125965;0;0;345.8329
28.08.2019;10:00;299.78;59.86;1012.68;3.16;158.79;0.11458;0;0;409.7226
28.08.2019;11:00;301.02;54.95;1012.47;3.49;163.5;0.097424;0;0;464.0822
28.08.2019;12:00;302.18;50.71;1012.28;3.51;170.9;0.098002;0;0;533.3896
28.08.2019;13:00;302.92;47.86;1012;3.28;178.5;0.087696;0;0;507.0057
28.08.2019;14:00;303.32;46.31;1011.63;3;185.4;0.090191;0;0;455.927
28.08.2019;15:00;302.74;49.63;1011.32;2.38;189.56;0.080829;0;0;240.9012
28.08.2019;16:00;301.32;61.5;1011.16;1.75;184;0.062397;0;0;106.7528
28.08.2019;17:00;299.7;69.29;1011.1;1.77;174.28;0.041642;0;0;44.83
28.08.2019;18:00;298.26;73.42;1011.19;2.06;171.26;0.025448;0;0;13.3964
28.08.2019;19:00;297.09;77.38;1011.46;2.33;175.88;0.034102;0;0;0.0191
28.08.2019;20:00;296.43;80.74;1011.66;2.38;184.8;0.033367;0;0;0
28.08.2019;21:00;295.85;83.76;1011.75;2.31;194.68;0.023129;0;0;0
28.08.2019;22:00;295.32;85.69;1011.81;2.28;205.2;0.018642;0;0;0
28.08.2019;23:00;294.79;86.77;1011.87;2.34;216.16;0.011517;0;0;0
28.08.2019;24:00:00;294.24;87.56;1011.97;2.47;226.12;0.002134;0;0;0
29.08.2019;01:00;293.74;87.89;1012.05;2.67;234.9;0.001339;0;0;0
29.08.2019;02:00;293.35;87.65;1012.24;3.02;241.52;0.000096;0;0;0
29.08.2019;03:00;292.86;88.05;1012.51;3.29;246.18;0.000007;0;0;0
29.08.2019;04:00;292.32;89.18;1012.7;3.37;249.23;0.000016;0;0;0
29.08.2019;05:00;292.07;89.66;1013.04;3.6;253.46;0.000586;0;0;16.8504
29.08.2019;06:00;292.73;86.68;1013.36;4.28;259.64;0.006949;0;0;90.8034
29.08.2019;07:00;293.53;83.49;1013.68;4.01;265.89;0.031846;0;0;161.6479
29.08.2019;08:00;294.62;77.55;1014.06;3.83;282.41;0.023494;0;0;196.9837
29.08.2019;09:00;295.7;70.96;1014.34;3.51;293.71;0.001597;0;0;266.2513
29.08.2019;10:00;297.45;61.81;1014.55;3.39;292.5;0.010633;0;0;473.9457
29.08.2019;11:00;298.7;57.26;1014.8;3.54;283.11;0.040498;0;0;582.3685
29.08.2019;12:00;299.29;55.74;1015;3.88;277.7;0.084515;0;0;598.6228
29.08.2019;13:00;299.5;55.62;1015.1;4.32;276.9;0.123058;0;0;574.0646
29.08.2019;14:00;299.14;57.68;1015.21;4.54;278.18;0.137156;0;0;466.696
29.08.2019;15:00;298.54;60.75;1015.12;4.44;279.83;0.106241;0;0;341.9193
29.08.2019;16:00;298;63.34;1015.3;4.27;278.81;0.083763;0;0;249.7903
29.08.2019;17:00;297.12;67.95;1015.78;3.94;278.94;0.065603;0;0;120.2773
29.08.2019;18:00;295.81;76.53;1016.39;2.96;281.46;0.049465;0;0;28.212
29.08.2019;19:00;294.5;82.75;1016.95;2.76;284.46;0.022898;0;0;0.0086
29.08.2019;20:00;293.74;85.03;1017.39;2.93;289.44;0.003772;0;0;0
29.08.2019;21:00;292.99;87.21;1017.74;2.98;296.68;0.001253;0;0;0
29.08.2019;22:00;292.34;88.63;1018.09;2.98;302.95;0.000366;0;0;0
29.08.2019;23:00;291.79;89.47;1018.59;3.03;307.64;0.000101;0;0;0
29.08.2019;24:00:00;291.31;90.39;1018.98;3.05;311.19;0.000087;0;0;0
30.08.2019;01:00;290.88;91.6;1019.21;2.9;313.75;0.000087;0;0;0
30.08.2019;02:00;290.59;92.45;1019.36;2.55;316.12;0.000122;0;0;0
30.08.2019;03:00;290.55;92.11;1019.44;2.06;316.47;0.000151;0;0;0
30.08.2019;04:00;290.54;91.94;1019.61;1.64;313.83;0.000214;0;0;0
30.08.2019;05:00;290.56;91.6;1020.03;1.34;310.06;0.002251;0;0;21.0591
30.08.2019;06:00;291.67;86.99;1020.56;1.07;305.73;0.001961;0;0;131.035
30.08.2019;07:00;293.29;75.04;1020.87;0.81;290.7;0.000678;0;0;270.8925
30.08.2019;08:00;295.23;61.77;1021.12;1.13;256.06;0.001202;0;0;411.3494
30.08.2019;09:00;296.52;56.31;1021.23;1.7;242.42;0.001638;0;0;538.4564
30.08.2019;10:00;297.49;53.8;1021.18;1.99;241.88;0.003282;0;0;606.8413
30.08.2019;11:00;298.21;52.61;1021.01;2.04;244.84;0.006823;0;0;617.6002
30.08.2019;12:00;298.66;52.31;1020.76;1.92;246.41;0.011831;0;0;566.1573
30.08.2019;13:00;298.9;51.49;1020.47;1.65;246.65;0.008274;0;0;483.2745
30.08.2019;14:00;299.12;51.38;1020.1;1.29;250.74;0.007377;0;0;449.25
30.08.2019;15:00;298.92;52.56;1019.84;0.71;260.36;0.005393;0;0;318.0251
30.08.2019;16:00;298.42;54.5;1019.67;0.28;35.74;0.002494;0;0;178.3032
30.08.2019;17:00;297.68;59.79;1019.55;1.28;70.03;0.000923;0;0;99.1506
30.08.2019;18:00;296.05;71.79;1019.57;1.95;76.55;0.000865;0;0;26.1081
30.08.2019;19:00;294.67;75.77;1019.78;2.57;85.12;0.000712;0;0;0.0005
30.08.2019;20:00;294.11;78.36;1019.86;2.76;94.51;0.000776;0;0;0
30.08.2019;21:00;293.77;80.49;1019.89;2.83;101.82;0.000854;0;0;0
30.08.2019;22:00;293.46;82.39;1019.77;2.8;110.05;0.000573;0;0;0
30.08.2019;23:00;293.14;84.22;1019.6;2.73;118.16;0.000298;0;0;0
30.08.2019;24:00:00;292.75;86.24;1019.36;2.69;124.7;0.003155;0;0;0
31.08.2019;01:00;292.4;88.46;1018.92;2.64;129.17;0.000869;0;0;0
31.08.2019;02:00;292.08;90.96;1018.51;2.59;132.73;0.000281;0;0;0
31.08.2019;03:00;291.75;93.69;1018.12;2.55;135.03;0.000019;0;0;0
31.08.2019;04:00;291.47;96.12;1017.81;2.48;133.38;0;0;0;0
31.08.2019;05:00;291.44;96.91;1017.54;2.38;128.28;0.000408;0;0;17.792
31.08.2019;06:00;293.06;89.13;1017.26;2.62;123.48;0.000671;0;0;118.254
31.08.2019;07:00;294.44;83.03;1016.84;2.73;118.93;0.001227;0;0;255.8109
31.08.2019;08:00;296.69;72.59;1016.36;2.95;121.92;0.00014;0;0;392.1315
31.08.2019;09:00;299.08;61.29;1015.82;3.38;137.33;0.000339;0;0;514.7013
31.08.2019;10:00;300.66;55.15;1015.26;3.76;153.06;0.012886;0;0;602.2695
31.08.2019;11:00;301.88;50.81;1014.57;4.2;165.22;0.019793;0;0;656.8434
31.08.2019;12:00;302.82;47.04;1013.84;4.52;173.32;0.014705;0;0;663.5619
31.08.2019;13:00;303.48;44.09;1013.03;4.65;177.34;0.010089;0;0;625.9073
31.08.2019;14:00;303.78;42.31;1012.19;4.59;177.84;0.008277;0;0;544.5352
31.08.2019;15:00;303.61;42.01;1011.39;4.38;175.06;0.002474;0;0;395.224
31.08.2019;16:00;303.11;44.24;1010.65;3.87;166.97;0.000714;0;0;275.9502
31.08.2019;17:00;301.63;53.37;1010.06;3.18;153.04;0.001081;0;0;135.0899
31.08.2019;18:00;299.33;60.64;1009.69;3.74;144.53;0.000393;0;0;30.7806
31.08.2019;19:00;298.23;61.21;1009.65;5.06;143.39;0.000268;0;0;0
31.08.2019;20:00;297.8;61.75;1009.54;6.09;145.67;0.000252;0;0;0
31.08.2019;21:00;297.14;64.17;1009.27;6.55;148.18;0.000044;0;0;0
31.08.2019;22:00;296.55;66.87;1008.77;6.36;150.05;0.000002;0;0;0
31.08.2019;23:00;296;69.55;1008.26;6.01;150.85;0;0;0;0
31.08.2019;24:00:00;295.59;71.68;1007.7;5.86;152.92;0;0;0;0
01.09.2019;01:00;295.22;73.68;1007.16;5.71;154.88;0.000001;0;0;0
01.09.2019;02:00;294.82;75.72;1006.47;5.71;156.17;0.000002;0;0;0
01.09.2019;03:00;294.36;78.03;1005.79;5.77;157.83;0.000004;0;0;0
01.09.2019;04:00;293.9;80.28;1005.22;5.58;159.95;0.000006;0;0;0
01.09.2019;05:00;293.72;81.21;1004.94;5.48;165.65;0.000001;0;0;15.5971
01.09.2019;06:00;294.37;78.66;1004.85;5.52;174;0.00001;0;0;108.3154
01.09.2019;07:00;295.63;73.21;1004.91;4.84;189.27;0.000024;0;0;212.2399
01.09.2019;08:00;297.34;64.88;1005.23;4.45;222.38;0.000079;0;0;330.2628
01.09.2019;09:00;298.62;59.62;1005.67;4.68;257.57;0.007836;0;0;485.6393
01.09.2019;10:00;299.06;57.76;1006.11;5.44;277.69;0.032369;0;0;564.6919
01.09.2019;11:00;298.78;58.51;1006.64;6.13;287.77;0.065341;0;0;582.8729
01.09.2019;12:00;298.1;60.49;1007.24;6.77;294.27;0.10619;0;0;549.9399
01.09.2019;13:00;297.21;62.73;1007.8;7.17;298.63;0.106575;0;0;482.8226
01.09.2019;14:00;296.29;64.39;1008.29;7.25;302.55;0.0601;0;0;380.6445
01.09.2019;15:00;295.41;65.07;1008.73;7.14;304.24;0.051583;0;0;261.4096
01.09.2019;16:00;294.45;66.15;1009.37;6.99;305.1;0.04837;0;0;128.0898
01.09.2019;17:00;293.56;68.06;1010.01;6.76;307.11;0.019187;0;0;55.166
01.09.2019;18:00;292.73;70.29;1010.69;6.36;307.87;0.010268;0;0;10.9248
01.09.2019;19:00;292.04;72.38;1011.38;5.95;306.98;0.01352;0;0;0
01.09.2019;20:00;291.6;73.08;1011.77;5.63;305.99;0.011408;0;0;0
01.09.2019;21:00;291.21;73.26;1012.02;5.37;305.78;0.002274;0;0;0
01.09.2019;22:00;290.8;73.93;1012.26;5.16;303.8;0.000388;0;0;0
01.09.2019;23:00;290.36;74.91;1012.65;4.95;297.85;0.000266;0;0;0
01.09.2019;24:00:00;289.99;75.15;1013.13;5.05;291.7;0.001674;0;0;0
02.09.2019;01:00;289.5;75.9;1013.52;5.29;287.46;0.004969;0;0;0
02.09.2019;02:00;288.89;77.83;1013.89;5.45;283.54;0.011665;0;0;0
02.09.2019;03:00;288.33;80.06;1014.27;5.61;279.34;0.014371;0;0;0
02.09.2019;04:00;287.81;82.52;1014.63;5.63;274.74;0.011061;0;0;0
02.09.2019;05:00;287.5;83.98;1014.94;5.78;270.44;0.011054;0;0;16.3465
02.09.2019;06:00;288.11;80.51;1015.27;6.19;266.49;0.015363;0;0;124.9379
02.09.2019;07:00;289.5;69.3;1015.66;7.01;270.36;0.014879;0;0;269.0038
02.09.2019;08:00;290.6;60.24;1016.01;7.54;271.88;0.008264;0;0;408.0266
02.09.2019;09:00;291.44;54.68;1016.32;7.67;272.21;0.005595;0;0;525.4911
02.09.2019;10:00;292.12;51.23;1016.51;7.64;274.29;0.007391;0;0;612.2298
02.09.2019;11:00;292.64;49.55;1016.82;7.56;277.26;0.011193;0;0;657.9221
02.09.2019;12:00;292.95;48.56;1017.15;7.39;280.71;0.015191;0;0;650.9725
02.09.2019;13:00;292.97;48.56;1017.45;7.16;284.12;0.017862;0;0;598.9064
02.09.2019;14:00;292.81;49.1;1017.58;6.88;287.7;0.016064;0;0;516.8035
02.09.2019;15:00;292.47;50.08;1017.72;6.57;290.7;0.011417;0;0;410.7711
02.09.2019;16:00;291.97;51.63;1018.01;6.18;292;0.005347;0;0;279.9603
02.09.2019;17:00;291.31;53.89;1018.31;5.57;291.33;0.001084;0;0;145.2012
02.09.2019;18:00;289.85;61.68;1018.72;4.07;288.24;0.000375;0;0;29.7569
02.09.2019;19:00;288.42;69.62;1019.27;3.74;285.09;0.000143;0;0;0
02.09.2019;20:00;287.93;72.52;1019.53;3.81;282.32;0.000157;0;0;0
02.09.2019;21:00;287.51;75.16;1019.63;3.8;278.33;0.000251;0;0;0
02.09.2019;22:00;287.1;77.65;1019.68;3.75;272.43;0.000461;0;0;0
02.09.2019;23:00;286.71;80.02;1019.7;3.72;264.48;0.000534;0;0;0
02.09.2019;24:00:00;286.34;82.37;1019.72;3.77;256.42;0.000772;0;0;0
03.09.2019;01:00;286.02;84.42;1019.63;3.94;247.68;0.000969;0;0;0
03.09.2019;02:00;285.77;85.89;1019.53;4.17;238.28;0.001077;0;0;0
03.09.2019;03:00;285.6;86.6;1019.29;4.48;229.47;0.001164;0;0;0
03.09.2019;04:00;285.65;86.05;1018.95;4.82;221.33;0.008172;0;0;0
03.09.2019;05:00;285.8;85.08;1018.7;5.3;213.97;0.008203;0;0;11.6497
03.09.2019;06:00;286.68;80.39;1018.53;6.2;209.57;0.013771;0;0;86.853
03.09.2019;07:00;287.77;74.86;1018.28;6.51;207.84;0.039808;0;0;173.4354
03.09.2019;08:00;289;67.87;1017.98;7.26;214.84;0.174358;0;0;223.6238
03.09.2019;09:00;289.99;62.46;1017.72;8.06;221.75;0.354825;0;0;291.9456
03.09.2019;10:00;290.35;61.92;1017.46;8.86;224.47;0.451389;0;0;329.6073
03.09.2019;11:00;290.4;65.08;1017.15;9.29;226.93;0.333285;0;0;307.1932
03.09.2019;12:00;290.66;67.53;1016.88;9.27;233.1;0.192237;0;0;266.7186
03.09.2019;13:00;291.36;67.65;1016.65;8.89;240.95;0.123185;0;0;275.993
03.09.2019;14:00;292.1;67.58;1016.39;8.38;249.13;0.167323;0;0;275.3557
03.09.2019;15:00;292.3;69.74;1016.2;7.88;255.21;0.196083;0;0;230.8749
03.09.2019;16:00;292.36;71.34;1016.05;7.56;259.11;0.201969;0;0;201.1824
03.09.2019;17:00;292.1;73.96;1016.08;6.77;260.45;0.125917;0;0;132.4977
03.09.2019;18:00;291;80.53;1016.26;5.63;258.23;0.088862;0;0;25.3932
03.09.2019;19:00;290.07;85.6;1016.64;5.64;256.81;0.063193;0;0;0
03.09.2019;20:00;289.67;88.29;1016.93;5.84;255.49;0.044546;0;0;0
03.09.2019;21:00;289.25;90.96;1017.12;5.96;254.73;0.041482;0;0;0
03.09.2019;22:00;288.91;92.86;1017.31;5.93;255.97;0.040447;0;0;0
03.09.2019;23:00;288.68;93.41;1017.38;5.67;258.01;0.041008;0;0;0
03.09.2019;24:00:00;288.54;93.41;1017.35;5.23;258.57;0.037381;0;0;0
04.09.2019;01:00;288.36;93.59;1017.24;4.8;257.28;0.047701;0;0;0
04.09.2019;02:00;287.85;94.99;1017.08;4.3;255.01;0.055093;0;0;0
04.09.2019;03:00;287.45;95.65;1016.83;4.1;250.67;0.059376;0;0;0
04.09.2019;04:00;287.23;95.42;1016.57;3.93;244.42;0.054232;0;0;0
04.09.2019;05:00;287.15;94.84;1016.31;3.98;235.61;0.052903;0;0;11.7808
04.09.2019;06:00;287.93;91.7;1016.14;4.78;225.87;0.049089;0;0;99.3595
04.09.2019;07:00;288.87;88.14;1015.93;4.85;218.34;0.031772;0;0;200.676
04.09.2019;08:00;290.6;78.23;1015.63;5.57;217.37;0.02428;0;0;335.7011
04.09.2019;09:00;292.1;67.01;1015.17;6.14;215.24;0.012298;0;0;432.484
04.09.2019;10:00;293.06;60.52;1014.56;6.25;213.4;0.004925;0;0;447.1584
04.09.2019;11:00;293.64;56.46;1013.87;6.17;211.53;0.002569;0;0;416.1904
04.09.2019;12:00;294.28;53.01;1013.14;6.08;209.03;0.000973;0;0;431.3583
04.09.2019;13:00;295.06;49.84;1012.15;6.06;206.73;0.000649;0;0;474.3619
04.09.2019;14:00;295.64;48.11;1011.13;6.01;207.25;0.000151;0;0;469.6024
04.09.2019;15:00;295.79;48.08;1010.2;5.91;211.09;0.000041;0;0;387.852
04.09.2019;16:00;295.43;49.62;1009.42;5.66;216.42;0.000095;0;0;212.0848
04.09.2019;17:00;294.6;54.33;1008.89;4.39;223.69;0.00006;0;0;92.7232
04.09.2019;18:00;292.36;65.9;1008.62;3.2;233.99;0.000014;0;0;21.1997
04.09.2019;19:00;290.86;71.8;1008.58;3.19;241.95;0.000008;0;0;0
04.09.2019;20:00;290.25;74.78;1008.41;3.2;245.15;0.00118;0;0;0
04.09.2019;21:00;289.93;77.22;1008.2;3.55;246.5;0.03678;0;0;0
04.09.2019;22:00;289.84;79.57;1008.11;4.08;247.56;0.046052;0;0;0
04.09.2019;23:00;289.61;82.93;1007.99;4.32;246.01;0.012478;0;0;0
04.09.2019;24:00:00;289.48;85.82;1007.85;4.96;245.62;0.015514;0;0;0
05.09.2019;01:00;289.22;89.16;1007.83;5.51;248.32;0.027626;0;0;0
05.09.2019;02:00;288.67;92.51;1007.92;5.59;252.35;0.032843;0;0;0
05.09.2019;03:00;288.26;92.7;1008.08;5.79;256.61;0.035117;0;0;0
05.09.2019;04:00;287.73;92.18;1008.28;5.6;257.75;0.018792;0;0;0
05.09.2019;05:00;287.19;91.37;1008.62;5.59;256.09;0.005389;0;0;10.8435
05.09.2019;06:00;287.38;88.52;1008.86;5.9;249.25;0.003668;0;0;118.0156
05.09.2019;07:00;288.3;79.43;1009.09;6.34;244.18;0.000137;0;0;271.4535
05.09.2019;08:00;289.75;64.07;1009.25;7.17;239.12;0.00116;0;0;420.5398
05.09.2019;09:00;291.28;54.35;1009.23;7.93;234.8;0.005791;0;0;541.3627
05.09.2019;10:00;292.42;50.3;1009.02;8.68;232.06;0.00707;0;0;621.2088
05.09.2019;11:00;293.12;48.19;1008.93;9.4;231.11;0.019606;0;0;652.9772
05.09.2019;12:00;293.44;47.92;1008.83;9.94;235.34;0.048776;0;0;639.4408
05.09.2019;13:00;293.28;49.52;1008.89;10.14;245.97;0.072378;0;0;569.1143
05.09.2019;14:00;292.69;51.93;1009.3;10.06;260.02;0.051977;0;0;454
05.09.2019;15:00;292.12;53.6;1010.08;9.87;273.05;0.029402;0;0;377.5696
05.09.2019;16:00;291.38;55.22;1011.07;9.78;279.53;0.005338;0;0;273.672
05.09.2019;17:00;290.41;58.33;1012.01;9.39;280.51;0.003807;0;0;136.5685
05.09.2019;18:00;289.24;63.46;1012.92;8.54;279.19;0.006754;0;0;21.0529
05.09.2019;19:00;288.33;68.04;1013.95;8.06;277.37;0.009493;0;0;0
05.09.2019;20:00;287.7;70.4;1014.89;8.08;277.05;0.009415;0;0;0
05.09.2019;21:00;287.02;72.49;1015.68;8.1;277.88;0.012454;0;0;0
05.09.2019;22:00;286.44;74.43;1016.43;7.93;278.06;0.013962;0;0;0
05.09.2019;23:00;286;76.35;1017;7.77;278.7;0.01361;0;0;0
05.09.2019;24:00:00;285.79;76.8;1017.57;7.57;280.75;0.005741;0;0;0
06.09.2019;01:00;285.49;77.73;1018;6.99;279.17;0.000995;0;0;0
06.09.2019;02:00;284.98;80.5;1018.42;6.38;271.87;0.000428;0;0;0
06.09.2019;03:00;284.44;83.68;1018.79;6.19;265.49;0.000505;0;0;0
06.09.2019;04:00;283.95;86.69;1019.22;5.95;261.12;0.006235;0;0;0
06.09.2019;05:00;283.73;87.89;1019.69;5.72;255.56;0.010562;0;0;9.0263
06.09.2019;06:00;284.43;84.07;1020.09;5.84;248.88;0.003102;0;0;101.7846
06.09.2019;07:00;285.85;76.32;1020.35;5.88;242.64;0.006176;0;0;253.4522
06.09.2019;08:00;287.93;64.18;1020.47;6.63;242;0.006191;0;0;392.2322
06.09.2019;09:00;289.5;56.66;1020.4;7.2;240.16;0.005161;0;0;507.15
06.09.2019;10:00;290.64;52;1020.26;7.48;236.46;0.00473;0;0;588.2255
06.09.2019;11:00;291.54;48.54;1019.99;7.51;233.98;0.004155;0;0;633.826
06.09.2019;12:00;292.2;45.94;1019.59;7.35;233.16;0.003499;0;0;617.8433
06.09.2019;13:00;292.56;44.39;1019.15;7.11;233.45;0.001951;0;0;541.9967
06.09.2019;14:00;292.69;43.63;1018.72;6.84;233.81;0.00124;0;0;445.7321
06.09.2019;15:00;292.64;43.56;1018.26;6.53;233.58;0.00037;0;0;349.6801
06.09.2019;16:00;292.27;44.5;1017.96;6.05;232.54;0.000299;0;0;213.463
06.09.2019;17:00;291.48;48.22;1017.79;4.79;231.28;0.000504;0;0;95.4877
06.09.2019;18:00;289.55;59.23;1017.67;3.53;228.45;0.000595;0;0;13.6235
06.09.2019;19:00;288.55;63.92;1017.61;3.45;220.96;0.000614;0;0;0
06.09.2019;20:00;288.2;65.35;1017.37;3.44;210.27;0.00023;0;0;0
06.09.2019;21:00;287.91;65.61;1017.13;3.64;200.54;0.000041;0;0;0
06.09.2019;22:00;287.57;65.11;1016.88;4.06;196.4;0.000017;0;0;0
06.09.2019;23:00;287.37;63.31;1016.61;4.62;197.13;0.000249;0;0;0
06.09.2019;24:00:00;287.18;61.6;1016.3;5.17;203;0.002378;0;0;0
07.09.2019;01:00;286.67;63.36;1015.99;5.14;212.79;0.009264;0;0;0
07.09.2019;02:00;286.03;67.37;1015.77;4.63;220.72;0.01828;0;0;0
07.09.2019;03:00;285.46;71.78;1015.58;3.96;222.02;0.014655;0;0;0
07.09.2019;04:00;285.12;73.45;1015.45;3.5;217.17;0.001677;0;0;0
07.09.2019;05:00;284.88;73.37;1015.48;3.42;211.13;0.000194;0;0;4.7786
07.09.2019;06:00;285.68;68.34;1015.59;4.02;207.25;0.000188;0;0;66.9246
07.09.2019;07:00;286.8;62.62;1015.69;4.17;206.74;0.000324;0;0;174.994
07.09.2019;08:00;288.57;56.57;1015.79;4.12;212.96;0.002066;0;0;287.6273
07.09.2019;09:00;290.38;51.61;1015.95;4.19;221.04;0.014226;0;0;357.1728
07.09.2019;10:00;291.29;51.13;1015.99;4.16;222.63;0.01269;0;0;369.0532
07.09.2019;11:00;291.77;51.1;1015.9;3.99;224.4;0.015907;0;0;374.9667
07.09.2019;12:00;292.1;51.13;1015.74;3.72;228.16;0.035065;0;0;394.8741
07.09.2019;13:00;292;52.46;1015.56;3.38;232.31;0.052256;0;0;337.9747
07.09.2019;14:00;291.53;54.95;1015.6;3.03;235.63;0.073033;0;0;229.2874
07.09.2019;15:00;290.94;58.57;1015.66;2.67;237.26;0.129207;0;0;155.8744
07.09.2019;16:00;290.14;63.9;1015.87;2.31;237.48;0.196286;0;0;78.7818
07.09.2019;17:00;289.24;71.78;1016.16;1.77;240.3;0.291651;0;0;34.9206
07.09.2019;18:00;288.27;79.9;1016.45;1.3;239.67;0.468909;0;0;4.6848
07.09.2019;19:00;287.66;84.55;1016.79;1.19;240.22;0.58053;0;0;0
07.09.2019;20:00;287.27;87.26;1016.9;1.14;243.09;0.638595;0;0;0
07.09.2019;21:00;286.96;88.74;1016.92;1.09;245.99;0.646807;0;0;0
07.09.2019;22:00;286.72;89.16;1016.87;1.05;253.92;0.616204;0;0;0
07.09.2019;23:00;286.52;88.94;1016.73;0.97;266.02;0.53877;0;0;0
07.09.2019;24:00:00;286.26;88.72;1016.56;0.96;282.52;0.350428;0;0;0
08.09.2019;01:00;285.99;88.69;1016.35;1.08;301.68;0.181228;0;0;0
08.09.2019;02:00;285.82;88.18;1016.12;1.14;313.44;0.125809;0;0;0
08.09.2019;03:00;285.65;87.37;1015.9;1.05;318.72;0.119571;0;0;0
08.09.2019;04:00;285.64;86.6;1015.84;0.9;326.15;0.088466;0;0;0
08.09.2019;05:00;285.62;86.29;1016.04;0.89;338.77;0.047127;0;0;4.7219
08.09.2019;06:00;286.34;86.26;1016.16;0.97;349;0.017985;0;0;73.1503
08.09.2019;07:00;287.48;82.44;1016.36;1.2;4.93;0.028154;0;0;195.2926
08.09.2019;08:00;288.69;75.08;1016.6;1.3;31.16;0.045516;0;0;315.4824
08.09.2019;09:00;289.57;68.75;1016.83;1.49;37.66;0.103335;0;0;390.5677
08.09.2019;10:00;290.12;65.56;1016.89;1.74;38.57;0.180937;0;0;430.4771
08.09.2019;11:00;290.55;63.76;1016.74;2.02;40.54;0.190269;0;0;447.8037
08.09.2019;12:00;290.74;63.11;1016.59;2.34;42.08;0.183977;0;0;409.0682
08.09.2019;13:00;290.73;63.31;1016.45;2.48;43.97;0.133391;0;0;347.1548
08.09.2019;14:00;290.86;63.38;1016.42;2.44;44.52;0.162075;0;0;349.0021
08.09.2019;15:00;290.73;64.33;1016.31;2.62;43.97;0.109671;0;0;280.6714
08.09.2019;16:00;290.26;66.9;1016.18;2.94;43.58;0.034688;0;0;152.4152
08.09.2019;17:00;289.65;71.57;1016.14;2.84;45.22;0.013102;0;0;88.8531
08.09.2019;18:00;288.06;81.16;1016.14;2.37;47.59;0.009074;0;0;12.6674
08.09.2019;19:00;287.19;84.54;1016.25;2.49;51.9;0.00924;0;0;0
08.09.2019;20:00;286.9;86.2;1016.32;2.43;57.03;0.010512;0;0;0
08.09.2019;21:00;286.71;87.46;1016.29;2.36;61.45;0.009855;0;0;0
08.09.2019;22:00;286.65;87.78;1016.16;2.26;62.52;0.008018;0;0;0
08.09.2019;23:00;286.61;87.75;1015.93;2.15;62.21;0.009772;0;0;0
08.09.2019;24:00:00;286.68;87.35;1015.54;1.97;60.91;0.015897;0;0;0
09.09.2019;01:00;286.92;86.74;1015.04;1.82;52.81;0.033238;0;0;0
09.09.2019;02:00;286.94;87.21;1014.44;1.9;43.45;0.086872;0;0;0
09.09.2019;03:00;286.77;88.34;1013.82;2.14;36.19;0.107;0;0;0
09.09.2019;04:00;286.82;89.06;1013.25;2.47;33.74;0.091269;0;0;0
09.09.2019;05:00;286.99;89.26;1013.04;2.67;41.34;0.153347;0;0;2.0588
09.09.2019;06:00;287.64;88.81;1012.76;2.88;48.08;0.134071;0;0;35.9364
09.09.2019;07:00;288.48;87.55;1012.43;3.74;54.86;0.109815;0;0;102.0888
09.09.2019;08:00;289.03;86.08;1011.81;4.36;59.56;0.073814;0;0;166.2436
09.09.2019;09:00;289.73;81.89;1011.17;4.66;62.59;0.049876;0;0;259.9639
09.09.2019;10:00;290.38;77.11;1010.57;4.64;64.03;0.156893;0;0;315.9102
09.09.2019;11:00;290.34;76.44;1009.91;4.6;60.8;0.783887;0;0;239.7155
09.09.2019;12:00;289.84;79.68;1009.33;4.62;54.37;1.104665;0;0;137.9432
09.09.2019;13:00;289.7;81.63;1008.73;4.78;51.22;0.902637;0;0;157.3476
09.09.2019;14:00;289.64;82.68;1008.25;4.64;55.55;1.057018;0;0;153.8829
09.09.2019;15:00;289.42;84.69;1007.91;3.94;61.32;0.674721;0;0;98.6158
09.09.2019;16:00;289.14;87.35;1007.69;2.7;68.16;0.394728;0;0;53.9688
09.09.2019;17:00;288.86;90.31;1007.62;1.26;81.79;0.231518;0;0;27.8426
09.09.2019;18:00;288.41;91.11;1007.55;0.17;147.08;0.099894;0;0;4.8829
09.09.2019;19:00;287.8;93.53;1007.48;0.9;281.35;0.073677;0;0;0
09.09.2019;20:00;287.58;94.26;1007.47;1.62;292.35;0.084424;0;0;0
09.09.2019;21:00;287.59;93.99;1007.53;2.27;296.78;0.125558;0;0;0
09.09.2019;22:00;287.66;93.56;1007.28;3.09;298.84;0.114991;0;0;0
09.09.2019;23:00;287.64;93.54;1006.96;3.59;300.46;0.237551;0;0;0
09.09.2019;24:00:00;287.67;93.53;1006.82;4.01;297.13;0.924237;0;0;0
10.09.2019;01:00;287.77;93.51;1006.45;4.72;294.83;1.596691;0;0;0
10.09.2019;02:00;287.85;93.58;1005.87;5.44;293.87;1.289128;0;0;0
10.09.2019;03:00;287.92;93.67;1005.29;5.95;292.93;0.985207;0;0;0
10.09.2019;04:00;287.93;93.75;1004.93;6.38;290.56;0.854288;0;0;0
10.09.2019;05:00;287.93;93.66;1004.85;7;286.1;0.81491;0;0;0.7594
10.09.2019;06:00;287.88;93.57;1004.76;7.64;280.45;0.917235;0;0;13.4816
10.09.2019;07:00;287.8;93.32;1004.78;8.26;273.74;1.140557;0;0;33.2442
10.09.2019;08:00;287.75;92.71;1005;9.27;270.46;1.495083;0;0;52.4639
10.09.2019;09:00;287.89;91.05;1005.45;10.91;272.6;1.838314;0;0;76.4049
10.09.2019;10:00;288.16;88.9;1006.12;11.62;272.38;2.126637;0;0;103.2206
10.09.2019;11:00;288.54;85.72;1006.93;12.01;271.17;2.099938;0;0;132.4398
10.09.2019;12:00;288.91;82.46;1007.72;11.87;269.89;2.034884;0;0;139.7521
10.09.2019;13:00;289.22;79.96;1008.41;11.3;267.13;1.836292;0;0;131.3891
10.09.2019;14:00;289.46;78.47;1009.01;10.54;263.97;1.284665;0;0;114.7688
10.09.2019;15:00;289.63;77.59;1009.48;9.89;261.93;0.785407;0;0;96.364
10.09.2019;16:00;289.6;77.82;1009.98;9.52;260.81;0.476432;0;0;69.5919
10.09.2019;17:00;289.38;78.62;1010.68;9.44;260.55;0.27469;0;0;32.8954
10.09.2019;18:00;288.93;81.43;1011.44;9.15;259.49;0.138938;0;0;4.5696
10.09.2019;19:00;288.51;84.49;1012.2;8.86;258.17;0.077297;0;0;0
10.09.2019;20:00;288.04;87.69;1012.92;8.33;255.91;0.070373;0;0;0
10.09.2019;21:00;287.68;89.88;1013.73;8.15;256.01;0.072434;0;0;0
10.09.2019;22:00;287.33;91.21;1014.48;7.81;256.33;0.082016;0;0;0
10.09.2019;23:00;286.97;91.83;1015.12;7.37;257.56;0.058004;0;0;0
10.09.2019;24:00:00;286.57;92.53;1015.63;6.74;256.95;0.025919;0;0;0
11.09.2019;01:00;286.18;93.03;1016.02;6.3;252.2;0.013655;0;0;0
11.09.2019;02:00;285.8;93.33;1016.49;6.14;247.2;0.011666;0;0;0
11.09.2019;03:00;285.39;93.67;1017;5.99;244.16;0.009843;0;0;0
11.09.2019;04:00;284.94;94.23;1017.35;5.79;241.54;0.012682;0;0;0
11.09.2019;05:00;284.52;94.71;1017.85;5.54;238.23;0.01222;0;0;3.6904
11.09.2019;06:00;284.85;92.23;1018.27;5.75;233.49;0.008621;0;0;87.5777
11.09.2019;07:00;285.95;87.41;1018.52;5.57;227.99;0.000707;0;0;236.1632
11.09.2019;08:00;288.06;76.09;1018.74;6.1;226.61;0.000104;0;0;381.7322
11.09.2019;09:00;290;63.78;1018.81;6.96;226.93;0.000049;0;0;503.7087
11.09.2019;10:00;291.35;57.52;1018.86;7.17;223.7;0.000534;0;0;591.116
11.09.2019;11:00;292.42;53.64;1018.75;7.36;219.27;0.000473;0;0;633.7004
11.09.2019;12:00;293.19;50.28;1018.55;7.66;216.57;0.000171;0;0;630.6095
11.09.2019;13:00;293.7;47.46;1018.16;7.87;217.68;0.000033;0;0;583.0941
11.09.2019;14:00;293.87;46.24;1017.72;7.76;220.66;0.000021;0;0;454.9318
11.09.2019;15:00;293.57;47.35;1017.34;7.2;223.26;0.0002;0;0;275.3469
11.09.2019;16:00;292.79;51.63;1017.13;6.25;223.82;0.000006;0;0;115.3669
11.09.2019;17:00;291.44;58.89;1017.03;5.28;220.77;0.000001;0;0;39.6385
11.09.2019;18:00;290.14;64.81;1016.98;5.03;217.15;0.000001;0;0;3.4831
11.09.2019;19:00;289.55;67.13;1017.08;5.5;217.23;0.000162;0;0;0
11.09.2019;20:00;288.72;71.16;1017.2;5.89;220;0.05087;0;0;0
11.09.2019;21:00;288.22;74.9;1017.43;6.49;223.44;0.253499;0;0;0
11.09.2019;22:00;288.05;77.95;1017.67;7.16;229.46;0.469396;0;0;0
11.09.2019;23:00;287.66;83.61;1017.9;7.47;233.53;0.639893;0;0;0
11.09.2019;24:00:00;287.44;87.93;1018.04;7.61;239.63;0.425404;0;0;0
12.09.2019;01:00;287.31;90.74;1018.36;7.16;247;0.147568;0;0;0
12.09.2019;02:00;287.24;92.18;1018.77;6.73;255.7;0.045762;0;0;0
12.09.2019;03:00;287.01;93.38;1019.06;5.53;255.56;0.026344;0;0;0
12.09.2019;04:00;286.79;93.81;1019.31;5.05;250.2;0.019262;0;0;0
12.09.2019;05:00;286.8;93.4;1019.98;5.26;247.71;0.018791;0;0;1.6182
12.09.2019;06:00;287.11;92.31;1020.75;5.52;245.76;0.016238;0;0;41.5157
12.09.2019;07:00;287.85;90.36;1021.42;5.68;244.19;0.010433;0;0;132.3316
12.09.2019;08:00;289.25;84.48;1022.13;6.02;252.7;0.012479;0;0;295.0475
12.09.2019;09:00;290.84;71.95;1022.58;6.46;259.18;0.006571;0;0;460.4349
12.09.2019;10:00;291.9;62.63;1022.86;6.47;259.92;0.003715;0;0;552.8649
12.09.2019;11:00;292.6;58.04;1023.06;6.39;258.47;0.001713;0;0;603.1076
12.09.2019;12:00;293.12;55.71;1023.17;6.43;258.22;0.000991;0;0;602.116
12.09.2019;13:00;293.45;54.52;1023.12;6.51;258.47;0.000952;0;0;559.3889
12.09.2019;14:00;293.53;54.34;1022.98;6.59;260.09;0.000978;0;0;467.1353
12.09.2019;15:00;293.43;54.95;1022.78;6.47;261.97;0.001649;0;0;351.9464
12.09.2019;16:00;292.98;57.64;1022.66;5.83;263.89;0.001227;0;0;207.8546
12.09.2019;17:00;291.9;65.32;1022.7;4.4;265.88;0.000128;0;0;86.9984
12.09.2019;18:00;290.06;75.15;1022.95;3.72;266.26;0.000063;0;0;7.6407
12.09.2019;19:00;289.04;79.87;1023.25;3.72;265.41;0.00004;0;0;0
12.09.2019;20:00;288.48;82.86;1023.32;3.78;264.53;0.000024;0;0;0
12.09.2019;21:00;287.92;85.79;1023.3;3.77;262.54;0.000011;0;0;0
12.09.2019;22:00;287.47;88.16;1023.1;3.75;258.34;0.000007;0;0;0
12.09.2019;23:00;287.24;89.14;1022.89;3.8;252.15;0.000025;0;0;0
12.09.2019;24:00:00;287.36;88.6;1022.65;3.91;242.44;0.000088;0;0;0
13.09.2019;01:00;287.44;88.12;1022.22;4.32;232.84;0.000117;0;0;0
13.09.2019;02:00;287.52;87.75;1021.77;5.14;226.65;0.000064;0;0;0
13.09.2019;03:00;287.34;89.13;1021.37;5.74;224.17;0.000036;0;0;0
13.09.2019;04:00;287.17;90.92;1020.97;6.26;223.26;0.01022;0;0;0
13.09.2019;05:00;287.36;91.2;1020.59;7.03;224.92;0.111832;0;0;1.7613
13.09.2019;06:00;287.99;90.13;1020.45;7.81;230.57;0.296911;0;0;34.151
13.09.2019;07:00;289.03;88.82;1020.57;8.72;244.63;0.280657;0;0;90.5826
13.09.2019;08:00;290.29;87.16;1021.04;8.8;261.35;0.137254;0;0;193.3252
13.09.2019;09:00;291.64;78.82;1021.83;9.38;289.15;0.103126;0;0;396.063
13.09.2019;10:00;291.79;67.63;1023.13;10.31;310.75;0.048749;0;0;530.0154
13.09.2019;11:00;291.34;58.25;1024.51;10.29;315.71;0.003219;0;0;600.465
13.09.2019;12:00;291.36;51.47;1025.36;9.85;312.43;0.000085;0;0;641.0003
13.09.2019;13:00;291.34;47.68;1025.89;9.55;309.8;0.000005;0;0;604.8743
13.09.2019;14:00;291.08;46.83;1026.37;9.16;309.94;0.000003;0;0;496.5877
13.09.2019;15:00;290.69;47.95;1026.75;8.54;309.94;0.000003;0;0;327.1503
13.09.2019;16:00;290.3;50.39;1027.09;7.96;308.47;0.000002;0;0;199.0312
13.09.2019;17:00;289.57;55.69;1027.52;7.08;306.08;0.000003;0;0;91.6001
13.09.2019;18:00;288.03;65.28;1028.08;5.99;303.63;0.000009;0;0;7.8288
13.09.2019;19:00;287.49;70.52;1028.63;5.82;303.12;0.000022;0;0;0
13.09.2019;20:00;287.48;72.73;1029.05;5.99;304.69;0.000054;0;0;0
13.09.2019;21:00;286.99;76.48;1029.55;6.01;307.54;0.000091;0;0;0
13.09.2019;22:00;286.48;79.55;1029.95;6.05;308.51;0.00007;0;0;0
13.09.2019;23:00;285.95;81.55;1030.3;5.95;309.31;0.000054;0;0;0
13.09.2019;24:00:00;285.51;82.81;1030.74;5.83;308.86;0.000053;0;0;0
14.09.2019;01:00;284.97;84.31;1030.98;5.45;307.57;0.000049;0;0;0
14.09.2019;02:00;284.58;85.37;1031.04;5.09;306.16;0.00004;0;0;0
14.09.2019;03:00;284.08;87.17;1031.03;4.84;304.31;0.000022;0;0;0
14.09.2019;04:00;283.76;88.39;1031.04;4.78;301.43;0.000021;0;0;0
14.09.2019;05:00;283.63;88.6;1031.27;4.88;300.26;0.000029;0;0;1.7216
14.09.2019;06:00;284.85;82.28;1031.72;5.3;300.61;0.00006;0;0;77.839
14.09.2019;07:00;286.69;73.01;1031.72;5.68;299.52;0.000078;0;0;221.7171
14.09.2019;08:00;288.1;64.28;1031.64;5.87;300.61;0.000092;0;0;361.6427
14.09.2019;09:00;289.03;59.79;1031.66;5.64;297.59;0.000075;0;0;494.4998
14.09.2019;10:00;289.78;56.55;1031.64;5.61;294.31;0.00007;0;0;584.8649
14.09.2019;11:00;290.37;53.81;1031.42;5.54;290.25;0.000058;0;0;636.1824
14.09.2019;12:00;290.76;51.77;1030.99;5.43;287.29;0.000044;0;0;633.7811
14.09.2019;13:00;290.96;50.39;1030.38;5.31;285.08;0.000026;0;0;587.8336
14.09.2019;14:00;290.96;49.65;1029.59;5.09;282.23;0.000014;0;0;506.658
14.09.2019;15:00;290.65;49.98;1028.95;4.89;281.2;0.000008;0;0;353.7999
14.09.2019;16:00;290.04;51.87;1028.4;4.59;279.97;0.000005;0;0;186.6387
14.09.2019;17:00;288.82;62.34;1028.07;3.28;279.96;0.000004;0;0;80.0224
14.09.2019;18:00;286.77;71.05;1027.68;2.92;274.87;0.000003;0;0;6.7457
14.09.2019;19:00;286.26;71.57;1027.12;2.74;253.83;0.000003;0;0;0
14.09.2019;20:00;285.55;75.1;1026.38;3.08;231.98;0.000002;0;0;0
14.09.2019;21:00;285.07;77.98;1025.77;3.63;221.84;0.000002;0;0;0
14.09.2019;22:00;285.14;78.06;1024.95;4.3;216.82;0.000001;0;0;0
14.09.2019;23:00;285.3;76.96;1024.07;5.31;215.37;0.000001;0;0;0
14.09.2019;24:00:00;285.11;77.42;1023.36;5.89;217.43;0;0;0;0
15.09.2019;01:00;284.67;78.72;1022.5;6.14;218.28;0;0;0;0
15.09.2019;02:00;284.32;79.05;1021.44;6.46;217.66;0;0;0;0
15.09.2019;03:00;283.99;79.46;1020.41;6.61;218.41;0;0;0;0
15.09.2019;04:00;283.91;78.76;1019.4;6.92;220.57;0;0;0;0
15.09.2019;05:00;283.87;78.18;1018.28;7.35;221.57;0;0;0;0.9404
15.09.2019;06:00;284.11;76.81;1017.38;7.81;222.14;0;0;0;53.929
15.09.2019;07:00;285.27;71.55;1016.33;7.99;222.25;0.000002;0;0;157.7895
15.09.2019;08:00;287.02;64.32;1015.55;8.17;226.39;0.000011;0;0;220.5906
15.09.2019;09:00;289.32;53.95;1015.16;9.71;243.81;0.000593;0;0;332.0656
15.09.2019;10:00;290.98;51.66;1014.93;10.31;254.04;0.00081;0;0;415.3675
15.09.2019;11:00;292.16;52.13;1014.19;10.57;257.18;0.012511;0;0;506.8621
15.09.2019;12:00;292.48;55.52;1013.77;10.81;261.71;0.061459;0;0;392.7751
15.09.2019;13:00;291.95;63.78;1013.36;10.48;266.74;0.226101;0;0;246.1256
15.09.2019;14:00;291.36;72.2;1013.16;9.95;272.71;0.235369;0;0;192.4937
15.09.2019;15:00;291.4;72.38;1012.85;9.91;276.21;0.065042;0;0;238.9144
15.09.2019;16:00;291.2;68.07;1012.7;10.01;279.67;0.009899;0;0;175.7778
15.09.2019;17:00;290.35;66.34;1012.93;9.52;284.04;0.001256;0;0;46.4277
15.09.2019;18:00;289.28;69.25;1013.32;8.68;285.37;0.000042;0;0;2.8908
15.09.2019;19:00;288.6;71.6;1013.7;8.35;286.03;0.000041;0;0;0
15.09.2019;20:00;288.14;71.94;1014.02;8.53;286.06;0.000109;0;0;0
15.09.2019;21:00;287.4;73.5;1014.23;8.5;287.06;0.000005;0;0;0
15.09.2019;22:00;286.59;75.38;1014.44;8.6;288.19;0.000019;0;0;0
15.09.2019;23:00;286.04;76.45;1014.63;8.77;289.32;0.000048;0;0;0
15.09.2019;24:00:00;285.7;76.77;1014.87;8.85;290.11;0.000105;0;0;0
16.09.2019;01:00;285.5;76.34;1014.95;8.99;290.92;0.000509;0;0;0
16.09.2019;02:00;285.56;74.4;1014.95;9.06;291.9;0.000677;0;0;0
16.09.2019;03:00;285.58;72.59;1014.77;8.91;292.55;0.000648;0;0;0
16.09.2019;04:00;285.54;71.83;1014.56;8.64;291.6;0.00083;0;0;0
16.09.2019;05:00;285.39;72.07;1014.38;8.29;290.05;0.000979;0;0;0.6868
16.09.2019;06:00;285.59;71.03;1014.38;8.17;288.18;0.000866;0;0;54.0542
16.09.2019;07:00;286.42;66.61;1014.41;8.52;287.32;0.000276;0;0;169.7333
16.09.2019;08:00;287.32;61.04;1014.4;9.28;288.19;0.000248;0;0;297.9821
16.09.2019;09:00;287.9;57.97;1014.36;9.49;286.23;0.000187;0;0;350.102
16.09.2019;10:00;288.41;55.86;1014.34;9.65;284.84;0.000315;0;0;412.0026
16.09.2019;11:00;288.69;54.55;1014.15;9.72;285.59;0.000584;0;0;394.7379
16.09.2019;12:00;288.92;53.79;1014.03;9.77;287.27;0.001401;0;0;412.1139
16.09.2019;13:00;289.02;53.87;1013.79;9.61;288.49;0.002284;0;0;389.5376
16.09.2019;14:00;288.87;54.88;1013.58;9.27;289.67;0.003914;0;0;299.644
16.09.2019;15:00;288.59;56.5;1013.37;8.72;290.45;0.002809;0;0;205.3911
16.09.2019;16:00;288.38;58.18;1013.18;8.01;289.83;0.000932;0;0;136.9682
16.09.2019;17:00;287.89;61.77;1013.01;6.92;287.51;0.000747;0;0;67.4413
16.09.2019;18:00;286.99;66.65;1013.1;6.47;287.79;0.000951;0;0;3.0267
16.09.2019;19:00;286.81;67.66;1013.17;6.67;289.18;0.001385;0;0;0
16.09.2019;20:00;286.6;68.22;1013.15;6.66;289.97;0.001557;0;0;0
16.09.2019;21:00;286.12;70.29;1013.08;6.49;288.38;0.001355;0;0;0
16.09.2019;22:00;285.63;72.83;1012.88;6.49;285.83;0.000938;0;0;0
16.09.2019;23:00;285.5;73.35;1012.68;6.98;284.42;0.001528;0;0;0
16.09.2019;24:00:00;285.41;74.23;1012.43;7.24;282.58;0.005999;0;0;0
17.09.2019;01:00;285.18;76.27;1012.09;7.23;280.49;0.011631;0;0;0
17.09.2019;02:00;285.03;78.25;1011.64;7.16;277.2;0.014282;0;0;0
17.09.2019;03:00;284.75;81.52;1011.16;6.95;272.54;0.03215;0;0;0
17.09.2019;04:00;284.27;85.98;1010.56;6.67;264.41;0.034262;0;0;0
17.09.2019;05:00;283.9;89.61;1009.95;7.1;260.08;0.036668;0;0;0.3958
17.09.2019;06:00;284.18;89.35;1009.52;7.73;259.45;0.104767;0;0;41.8437
17.09.2019;07:00;284.99;86.23;1009.03;8.63;262.84;0.176977;0;0;122.5755
17.09.2019;08:00;285.55;83.26;1008.62;9.28;269.31;0.332199;0;0;144.8253
17.09.2019;09:00;285.83;78.83;1008.29;10.08;278.73;0.399809;0;0;189.135
17.09.2019;10:00;286.3;69.03;1008.11;11.01;286.87;0.124382;0;0;369.0699
17.09.2019;11:00;286.21;62.09;1008.06;11.66;289.52;0.100952;0;0;412.9678
17.09.2019;12:00;285.98;61.21;1007.96;11.97;290.71;0.086754;0;0;387.9146
17.09.2019;13:00;286.15;59.99;1007.47;12.11;291.8;0.132176;0;0;335.2066
17.09.2019;14:00;286.32;58.09;1006.99;12.38;293.26;0.099404;0;0;268.0984
17.09.2019;15:00;286.26;56.69;1006.7;12.56;295.27;0.081567;0;0;195.6987
17.09.2019;16:00;285.95;58.47;1006.6;12.39;296.71;0.047308;0;0;129.0743
17.09.2019;17:00;285.48;62.44;1006.7;11.89;297.71;0.084095;0;0;41.6874
17.09.2019;18:00;285.06;65.47;1007.18;11.32;299.98;0.083253;0;0;1.7505
17.09.2019;19:00;284.79;66.22;1007.84;11.04;304.23;0.098411;0;0;0
17.09.2019;20:00;284.5;66.78;1008.7;10.77;308.68;0.050789;0;0;0
17.09.2019;21:00;284.37;67.35;1009.4;10.44;311.32;0.015864;0;0;0
17.09.2019;22:00;284.32;68.23;1010.19;10.2;312.26;0.012988;0;0;0
17.09.2019;23:00;284.25;70.16;1010.99;9.81;312.89;0.01046;0;0;0
17.09.2019;24:00:00;284.12;73.09;1011.85;9.18;313.12;0.009459;0;0;0
18.09.2019;01:00;283.95;75.93;1012.66;8.25;311.95;0.005821;0;0;0
18.09.2019;02:00;283.57;79.54;1013.38;7.22;307.45;0.001976;0;0;0
18.09.2019;03:00;283.21;82.57;1013.91;6.73;301.07;0.001349;0;0;0
18.09.2019;04:00;282.88;85.12;1014.31;6.48;294.42;0.001987;0;0;0
18.09.2019;05:00;282.66;87.21;1014.68;6.49;291.37;0.004796;0;0;0.2273
18.09.2019;06:00;283.06;85.93;1015.18;6.78;291.09;0.006513;0;0;58.0808
18.09.2019;07:00;284.39;79.66;1015.65;7.4;291.26;0.007396;0;0;195.7442
18.09.2019;08:00;285.96;69.75;1016.02;8.55;298.68;0.003581;0;0;340.2822
18.09.2019;09:00;286.93;62.05;1016.36;9.11;302.85;0.002548;0;0;465.3288
18.09.2019;10:00;287.52;57.72;1016.58;9.39;303.84;0.004464;0;0;558.5388
18.09.2019;11:00;287.83;55.73;1016.85;9.56;303.1;0.005989;0;0;606.3281
18.09.2019;12:00;287.98;54.23;1017.07;9.65;302.14;0.008657;0;0;605.5016
18.09.2019;13:00;288;53.2;1017.29;9.63;301.21;0.005154;0;0;557.4822
18.09.2019;14:00;287.87;52.83;1017.49;9.46;300.66;0.002233;0;0;477.9104
18.09.2019;15:00;287.56;53.55;1017.64;9.18;300.63;0.002737;0;0;363.4464
18.09.2019;16:00;286.98;55.53;1017.8;8.77;301.61;0.003521;0;0;223.5217
18.09.2019;17:00;286.1;59.42;1018.01;7.77;303.09;0.004721;0;0;79.1073
18.09.2019;18:00;284.83;66.81;1018.26;6.44;303.77;0.006546;0;0;2.4638
18.09.2019;19:00;284.06;72.31;1018.53;5.81;305.04;0.00625;0;0;0
18.09.2019;20:00;283.69;75.17;1018.79;5.65;308.68;0.007334;0;0;0
18.09.2019;21:00;283.43;76.8;1019.12;5.54;313.9;0.005251;0;0;0
18.09.2019;22:00;283.27;77.96;1019.54;5.54;319.38;0.005559;0;0;0
18.09.2019;23:00;282.98;80.51;1019.9;5.25;321.64;0.006378;0;0;0
18.09.2019;24:00:00;282.68;83.04;1020.18;4.94;322.14;0.006785;0;0;0
19.09.2019;01:00;282.49;84.89;1020.41;4.71;320.53;0.00811;0;0;0
19.09.2019;02:00;282.42;86.1;1020.65;4.58;318.58;0.008046;0;0;0
19.09.2019;03:00;282.27;87.54;1020.79;4.42;316.01;0.009214;0;0;0
19.09.2019;04:00;282.13;88.65;1021.08;4.33;314.01;0.012568;0;0;0
19.09.2019;05:00;282.03;89.43;1021.65;4.37;312.95;0.011613;0;0;0.0973
19.09.2019;06:00;282.71;87.75;1022.06;4.33;309.69;0.007896;0;0;52.0312
19.09.2019;07:00;284.52;83.06;1022.69;5.1;307.44;0.016637;0;0;186.2237
19.09.2019;08:00;285.72;77.02;1023.45;5.56;310.62;0.016074;0;0;321.6207
19.09.2019;09:00;286.76;67.03;1023.97;5.81;312.15;0.006725;0;0;446.5959
19.09.2019;10:00;287.68;57.82;1024.25;5.92;311.87;0.003238;0;0;536.7559
19.09.2019;11:00;288.49;51.81;1024.26;5.87;311.03;0.000775;0;0;593.8236
19.09.2019;12:00;289.09;48.42;1024.34;6.03;310.47;0.00017;0;0;608.7842
19.09.2019;13:00;289.32;47.18;1024.3;6.18;308.56;0.000065;0;0;555.1275
19.09.2019;14:00;289.22;47.37;1024.11;6.25;306.48;0.000015;0;0;432.5383
19.09.2019;15:00;288.9;48.53;1024.2;6.4;307.63;0.000003;0;0;303.7943
19.09.2019;16:00;288.19;51.68;1024.34;6.11;308.33;0;0;0;141.6399
19.09.2019;17:00;287;59.66;1024.53;4.88;308.38;0;0;0;39.7329
19.09.2019;18:00;285.49;69.75;1024.77;4.11;308.46;0;0;0;1.3517
19.09.2019;19:00;284.36;75.66;1025.1;3.91;311.33;0;0;0;0
19.09.2019;20:00;283.6;79.49;1025.31;3.77;314.08;0;0;0;0
19.09.2019;21:00;283.14;82.14;1025.36;3.56;313.65;0;0;0;0
19.09.2019;22:00;282.76;84.85;1025.37;3.34;312.77;0;0;0;0
19.09.2019;23:00;282.45;87.28;1025.35;3.17;310.22;0;0;0;0
19.09.2019;24:00:00;282.23;89.38;1025.21;3.12;303.49;0.000001;0;0;0
20.09.2019;01:00;282.01;91.91;1024.96;3.24;296.97;0.000008;0;0;0
20.09.2019;02:00;281.78;94.62;1024.81;3.44;295.66;0.000136;0;0;0
20.09.2019;03:00;281.73;96.06;1024.73;3.65;295.89;0.000625;0;0;0
20.09.2019;04:00;281.79;96;1024.64;3.89;295.69;0.000892;0;0;0
20.09.2019;05:00;281.71;96.23;1024.6;4.09;296.79;0.00083;0;0;0.0338
20.09.2019;06:00;282.54;91.03;1024.75;4.29;298.05;0.000657;0;0;47.3773
20.09.2019;07:00;284.73;79.45;1024.74;5.27;295.5;0.000494;0;0;173.3735
20.09.2019;08:00;286.27;70.67;1024.73;5.76;295.03;0.00085;0;0;295.0276
20.09.2019;09:00;287.2;65.67;1024.65;6.06;294.8;0.005703;0;0;372.7181
20.09.2019;10:00;287.48;66.52;1024.56;6.18;292.14;0.017461;0;0;324.5824
20.09.2019;11:00;287.28;71.1;1024.48;6.32;287.2;0.031709;0;0;223.778
20.09.2019;12:00;287.2;75.75;1024.37;6.47;281.65;0.046895;0;0;180.8622
20.09.2019;13:00;287.61;77.22;1024.01;6.68;278.4;0.065705;0;0;203.3822
20.09.2019;14:00;288.33;75.71;1023.57;6.78;278.66;0.073046;0;0;235.6403
20.09.2019;15:00;288.85;74.76;1023.08;6.69;279.5;0.062138;0;0;204.0161
20.09.2019;16:00;288.69;77.61;1022.54;6;277.47;0.050321;0;0;107.0639
20.09.2019;17:00;287.98;83.39;1022.17;5.04;272.03;0.041207;0;0;36.8742
20.09.2019;18:00;287.32;87.44;1022.11;5.2;272.14;0.049858;0;0;0.6392
20.09.2019;19:00;287.09;89.45;1022.2;5.3;273.5;0.049328;0;0;0
20.09.2019;20:00;286.95;90.85;1022.17;5.41;275.23;0.041764;0;0;0
20.09.2019;21:00;286.82;92.03;1022.17;5.38;275.81;0.033082;0;0;0
20.09.2019;22:00;286.58;93.34;1022;5.15;274.18;0.042206;0;0;0
20.09.2019;23:00;286.41;93.88;1021.7;5.15;272.33;0.043212;0;0;0
20.09.2019;24:00:00;286.35;93.72;1021.46;5.28;272.02;0.04196;0;0;0
21.09.2019;01:00;286.34;93.47;1021.19;5.45;273.66;0.044058;0;0;0
21.09.2019;02:00;286.21;93.62;1020.97;5.3;272.74;0.047207;0;0;0
21.09.2019;03:00;286.06;93.31;1020.8;5.31;272.15;0.043379;0;0;0
21.09.2019;04:00;285.84;93.05;1020.54;5.15;271.68;0.041143;0;0;0
21.09.2019;05:00;285.83;92.47;1020.4;5.27;274.3;0.033345;0;0;0.0027
21.09.2019;06:00;285.97;91.39;1020.44;5.26;274.65;0.019944;0;0;24.4583
21.09.2019;07:00;286.56;89.38;1020.48;5.49;273.68;0.009988;0;0;121.3251
21.09.2019;08:00;287.55;84.12;1020.46;5.71;275.8;0.005632;0;0;252.968
21.09.2019;09:00;288.79;75.31;1020.43;5.94;280.34;0.002747;0;0;379.0992
21.09.2019;10:00;289.88;69.14;1020.35;5.62;282.04;0.001554;0;0;477.7486
21.09.2019;11:00;290.8;65.14;1020.21;5.12;283.59;0.000014;0;0;558.4034
21.09.2019;12:00;291.51;62.42;1019.94;4.61;285.6;0.000002;0;0;591.8564
21.09.2019;13:00;291.91;61.04;1019.61;4.15;287.66;0.000002;0;0;551.551
21.09.2019;14:00;292;60.74;1019.24;3.7;288.87;0;0;0;468.0823
21.09.2019;15:00;291.76;61.7;1018.85;3.24;288.53;0;0;0;349.7303
21.09.2019;16:00;291.17;64.51;1018.59;2.68;287.41;0;0;0;208.9293
21.09.2019;17:00;289.53;76.75;1018.32;1.72;290.36;0;0;0;69.6432
21.09.2019;18:00;288.33;76.29;1018.23;1.36;294.61;0;0;0;0.9848
21.09.2019;19:00;288.31;75.98;1018.14;0.7;282.25;0;0;0;0
21.09.2019;20:00;287.73;79.79;1017.93;0.55;198.7;0;0;0;0
21.09.2019;21:00;286.57;87.54;1017.76;1.23;174.49;0;0;0;0
21.09.2019;22:00;285.63;94.1;1017.57;1.86;170.48;0;0;0;0
21.09.2019;23:00;284.82;99.8;1017.36;2.36;170.3;0;0;0;0
21.09.2019;24:00:00;284.21;104.2;1017.2;2.74;172.53;0;0;0;0
22.09.2019;01:00;283.77;106.57;1016.94;2.96;176.14;0.000053;0;0;0
22.09.2019;02:00;283.41;106.89;1016.62;3.03;179.5;0.002103;0;0;0
22.09.2019;03:00;283.09;105.47;1016.23;3.01;181.32;0.003457;0;0;0
22.09.2019;04:00;282.78;103.26;1015.86;2.96;181.38;0.002983;0;0;0
22.09.2019;05:00;282.45;100.91;1015.45;2.89;178.6;0.001892;0;0;0.0007
22.09.2019;06:00;282.77;94.9;1015.24;2.74;172.23;0.000781;0;0;42.6087
22.09.2019;07:00;285.11;80.6;1015.05;2.99;161.89;0.000026;0;0;173.9983
22.09.2019;08:00;286.65;72.69;1014.86;2.86;145.68;0.000056;0;0;319.1949
22.09.2019;09:00;288.89;64.93;1014.49;2.98;130.89;0.000042;0;0;447.4362
22.09.2019;10:00;291.54;53.23;1014.1;3.72;137.51;0.000096;0;0;543.1729
22.09.2019;11:00;293;48.45;1013.68;3.74;139.19;0;0;0;594.137
22.09.2019;12:00;293.96;45.66;1013.17;3.7;139.16;0;0;0;599.0945
22.09.2019;13:00;294.59;43.95;1012.53;3.65;137;0;0;0;558.008
22.09.2019;14:00;294.86;43.31;1011.84;3.6;132.55;0;0;0;472.8493
22.09.2019;15:00;294.64;45.34;1011.29;3.45;123.9;0;0;0;352.4929
22.09.2019;16:00;293.35;57.3;1010.93;2.99;105.1;0;0;0;209.2775
22.09.2019;17:00;290.57;67;1010.87;3.87;92.84;0;0;0;67.2142
22.09.2019;18:00;288.47;73.33;1011.22;4.92;89.04;0;0;0;0.6096
22.09.2019;19:00;288.11;78.71;1011.63;6.04;88.02;0.001519;0;0;0
22.09.2019;20:00;287.65;85.8;1011.94;6.51;89.06;0.005253;0;0;0
22.09.2019;21:00;287.14;91.48;1012.08;6.47;90.17;0.00885;0;0;0
22.09.2019;22:00;286.75;94.22;1012.2;6.29;92.17;0.009041;0;0;0
22.09.2019;23:00;286.35;95.9;1012.28;6;93.99;0.011515;0;0;0
22.09.2019;24:00:00;285.91;97.26;1012.21;5.68;95.73;0.016947;0;0;0
23.09.2019;01:00;285.5;98.12;1012.05;5.44;97.5;0.02017;0;0;0
23.09.2019;02:00;285.11;98.32;1011.9;5.3;99.11;0.020253;0;0;0
23.09.2019;03:00;284.7;98.58;1011.85;5.2;100.59;0.021752;0;0;0
23.09.2019;04:00;284.36;98.74;1012;5.2;101.73;0.027016;0;0;0
23.09.2019;05:00;284.12;98.33;1012.29;5.33;103.48;0.030103;0;0;0
23.09.2019;06:00;284.31;95.47;1012.73;5.83;105.97;0.023362;0;0;38.1639
23.09.2019;07:00;285.24;89.66;1013.14;6.21;107.61;0.00401;0;0;166.6653
23.09.2019;08:00;286.72;81.15;1013.49;6.07;108.19;0;0;0;314.1353
23.09.2019;09:00;288.81;68.44;1013.64;6.18;110.29;0;0;0;437.4659
23.09.2019;10:00;290.73;58.65;1013.64;5.98;112.73;0;0;0;524.3663
23.09.2019;11:00;292.23;51.31;1013.54;5.64;116.68;0;0;0;574.8083
23.09.2019;12:00;293.06;48.56;1013.31;5.27;114.38;0;0;0;581.7058
23.09.2019;13:00;293.48;47.97;1013.09;5.06;108.87;0.000002;0;0;539.2486
23.09.2019;14:00;293.56;48.64;1012.84;4.99;103.96;0.000002;0;0;453.2713
23.09.2019;15:00;293.26;50.75;1012.67;4.9;100.17;0;0;0;330.5099
23.09.2019;16:00;292.23;58.48;1012.66;4.43;90.93;0.000004;0;0;185.6015
23.09.2019;17:00;289.95;71.39;1012.83;4.28;84.95;0;0;0;54.8228
23.09.2019;18:00;288.23;79.13;1013.18;4.69;88.06;0.002123;0;0;0.3462
23.09.2019;19:00;287.83;81.74;1013.45;4.93;96.4;0.002314;0;0;0
23.09.2019;20:00;287.39;83.98;1013.63;4.9;106.97;0.001584;0;0;0
23.09.2019;21:00;286.8;86.77;1013.71;4.78;116.01;0.001882;0;0;0
23.09.2019;22:00;286.15;89.6;1013.74;4.65;123.51;0.001179;0;0;0
23.09.2019;23:00;285.59;91.95;1013.67;4.58;131.11;0.000963;0;0;0
23.09.2019;24:00:00;285.1;93.8;1013.58;4.42;138.79;0.001434;0;0;0
24.09.2019;01:00;284.53;96.12;1013.36;4;145.24;0.003217;0;0;0
24.09.2019;02:00;284.02;98.31;1013.03;3.59;151.03;0.004221;0;0;0
24.09.2019;03:00;283.71;99.59;1012.81;3.26;155.79;0.006365;0;0;0
24.09.2019;04:00;283.92;97.5;1012.52;2.95;159.48;0.009064;0;0;0
24.09.2019;05:00;284.22;95.04;1012.37;2.73;159.61;0.0073;0;0;0
24.09.2019;06:00;284.51;93.24;1012.3;2.72;155.68;0.007128;0;0;15.7988
24.09.2019;07:00;285.13;89.97;1012.27;3.1;148.93;0.005552;0;0;66.7207
24.09.2019;08:00;285.92;86.25;1012.32;3.09;142;0.004841;0;0;138.9849
24.09.2019;09:00;287.09;80.59;1012.28;3.12;142.34;0.00834;0;0;198.4619
24.09.2019;10:00;287.99;77.12;1012.1;3.06;145.71;0.006798;0;0;223.3882
24.09.2019;11:00;288.96;73.8;1011.71;2.95;148.61;0.003924;0;0;279.4735
24.09.2019;12:00;289.94;70.49;1011.18;2.73;152.05;0.004324;0;0;321.3315
24.09.2019;13:00;290.71;68.12;1010.5;2.48;154.42;0.012472;0;0;331.0018
24.09.2019;14:00;291.05;67.36;1009.81;2.26;155.17;0.009556;0;0;280.5289
24.09.2019;15:00;291.04;68.24;1009.14;2.14;152.71;0.005357;0;0;203.5383
24.09.2019;16:00;290.58;73.34;1008.6;1.92;142.54;0.001942;0;0;109.6731
24.09.2019;17:00;289.18;82.37;1008.35;2.06;134.53;0.001475;0;0;31.2112
24.09.2019;18:00;287.88;85.61;1008.35;2.57;140.27;0.002609;0;0;0.1228
24.09.2019;19:00;287.49;87.91;1008.38;2.78;150.46;0.004173;0;0;0
24.09.2019;20:00;287.31;89.43;1008.14;2.87;156.79;0.011909;0;0;0
24.09.2019;21:00;286.95;91.96;1007.88;2.95;159.02;0.006264;0;0;0
24.09.2019;22:00;286.59;94.06;1007.62;3.04;160.88;0.004514;0;0;0
24.09.2019;23:00;286.25;95.75;1007.43;3.12;163.01;0.006649;0;0;0
24.09.2019;24:00:00;285.98;96.92;1007.08;3.12;163.12;0.00871;0;0;0
25.09.2019;01:00;285.76;97.63;1006.59;3.07;161.71;0.015981;0;0;0
25.09.2019;02:00;285.6;97.65;1006.17;2.98;159.87;0.020528;0;0;0
25.09.2019;03:00;285.52;97.24;1005.84;2.83;156.84;0.018296;0;0;0
25.09.2019;04:00;285.44;96.88;1005.57;2.74;151.38;0.012648;0;0;0
25.09.2019;05:00;285.33;96.73;1005.33;2.73;144.06;0.00932;0;0;0
25.09.2019;06:00;285.52;95.3;1005.22;2.92;136.23;0.01198;0;0;14.3934
25.09.2019;07:00;286.3;91.81;1005.17;3.62;128.87;0.019615;0;0;67.2914
25.09.2019;08:00;286.92;89.61;1005.17;3.64;119.42;0.02249;0;0;129.0694
25.09.2019;09:00;288;84.33;1005.07;3.91;115.5;0.022011;0;0;192.9354
25.09.2019;10:00;289.09;79.06;1004.86;3.98;115.1;0.032036;0;0;257.273
25.09.2019;11:00;289.91;75.67;1004.72;3.75;114.11;0.07347;0;0;265.8798
25.09.2019;12:00;290.45;73.82;1004.53;3.49;111.54;0.095748;0;0;263.2188
25.09.2019;13:00;290.54;74.07;1004.32;3.17;106.21;0.123396;0;0;206.3363
25.09.2019;14:00;290.19;76.72;1004.19;2.88;97.5;0.212689;0;0;131.8728
25.09.2019;15:00;289.65;81.59;1004.06;2.59;85.91;0.420961;0;0;80.4289
25.09.2019;16:00;288.96;87.23;1003.99;2.51;77.31;0.694865;0;0;39.3087
25.09.2019;17:00;288.18;91.22;1004.06;2.57;75.66;0.914036;0;0;10.1434
25.09.2019;18:00;287.7;92.73;1004.3;2.77;78.6;0.979452;0;0;0.0081
25.09.2019;19:00;287.49;93.49;1004.55;2.83;83;0.98076;0;0;0
25.09.2019;20:00;287.32;93.95;1004.69;2.7;88.07;0.896809;0;0;0
25.09.2019;21:00;287.18;94.24;1004.78;2.47;93.24;0.733054;0;0;0
25.09.2019;22:00;287.11;94.03;1004.88;2.18;98.07;0.559215;0;0;0
25.09.2019;23:00;287.19;93.22;1004.92;1.79;101.16;0.3909;0;0;0
25.09.2019;24:00:00;287.32;92.34;1005.09;1.36;102.6;0.261734;0;0;0
26.09.2019;01:00;287.33;91.99;1005.26;0.94;105;0.183722;0;0;0
26.09.2019;02:00;287.14;92.47;1005.47;0.63;108.23;0.136082;0;0;0
26.09.2019;03:00;286.87;93.11;1005.78;0.52;117.1;0.099974;0;0;0
26.09.2019;04:00;286.63;93.4;1006.05;0.58;132.05;0.077592;0;0;0
26.09.2019;05:00;286.37;93.64;1006.43;0.75;149.34;0.072125;0;0;0
26.09.2019;06:00;286.16;94.03;1006.89;0.95;163.47;0.062724;0;0;13.2577
26.09.2019;07:00;286.86;92.89;1007.4;1.27;175.15;0.039449;0;0;80.6474
26.09.2019;08:00;287.61;90.33;1007.83;1.6;174.31;0.034004;0;0;185.9737
26.09.2019;09:00;288.81;85.12;1008.17;1.89;173.88;0.018407;0;0;325.045
26.09.2019;10:00;289.92;78.48;1008.43;2.1;186.78;0.053758;0;0;443.3166
26.09.2019;11:00;290.79;72.67;1008.7;2.14;202.22;0.049868;0;0;499.4422
26.09.2019;12:00;291.55;67.94;1008.84;2;210.35;0.017582;0;0;515.2901
26.09.2019;13:00;292.03;64.72;1008.82;1.75;205.74;0.00636;0;0;479.0004
26.09.2019;14:00;292.24;63.05;1008.76;1.71;188.61;0.002105;0;0;397.5463
26.09.2019;15:00;292.14;63.21;1008.75;2.07;172.25;0.002097;0;0;290.1463
26.09.2019;16:00;291.56;67.48;1008.89;2.24;157.94;0.00274;0;0;150.9722
26.09.2019;17:00;289.97;79.3;1009.17;2.28;142.15;0.004101;0;0;31.8143
26.09.2019;18:00;289.05;81.49;1009.56;2.92;140.39;0.007888;0;0;0.0077
26.09.2019;19:00;288.82;81.48;1009.75;3.52;143.14;0.007625;0;0;0
26.09.2019;20:00;288.65;81.37;1009.79;4.09;146.77;0.005098;0;0;0
26.09.2019;21:00;288.34;82.19;1009.74;4.53;151.34;0.005468;0;0;0
26.09.2019;22:00;287.86;84.04;1009.59;4.7;156.77;0.004272;0;0;0
26.09.2019;23:00;287.46;85.49;1009.33;4.87;162.28;0.003126;0;0;0
26.09.2019;24:00:00;287.07;87.25;1009.02;4.94;164.49;0.004998;0;0;0
27.09.2019;01:00;286.89;88.35;1008.61;5.08;162.87;0.013153;0;0;0
27.09.2019;02:00;286.78;89.53;1008.17;5.28;160.61;0.021781;0;0;0
27.09.2019;03:00;286.65;91.15;1007.77;5.39;159.71;0.049962;0;0;0
27.09.2019;04:00;286.61;92.16;1007.39;5.44;159.51;0.115965;0;0;0
27.09.2019;05:00;286.64;92.71;1006.89;5.62;160.24;0.148311;0;0;0
27.09.2019;06:00;286.79;92.91;1006.46;5.9;162.62;0.19622;0;0;9.4263
27.09.2019;07:00;287.29;92.43;1006.22;6.19;169.33;0.549519;0;0;52.7393
27.09.2019;08:00;287.93;91.89;1006.08;5.91;176.43;1.318041;0;0;85.031
27.09.2019;09:00;288.46;91.64;1005.88;5.58;186.12;2.011866;0;0;80.9495
27.09.2019;10:00;288.88;91.63;1005.66;5.11;194.27;1.705636;0;0;90.0446
27.09.2019;11:00;289.18;91.31;1005.52;4.72;201.63;1.057841;0;0;100.7747
27.09.2019;12:00;289.31;90.59;1005.32;4.37;212.28;0.839727;0;0;105.5524
27.09.2019;13:00;289.41;89.21;1005.24;4.11;224.3;0.693468;0;0;117.8201
27.09.2019;14:00;289.72;85.06;1005.27;4.14;238.66;0.321994;0;0;180.5388
27.09.2019;15:00;289.95;80.26;1005.33;4.2;250.51;0.151101;0;0;185.696
27.09.2019;16:00;289.69;79.88;1005.44;3.49;252.71;0.08106;0;0;125.9869
27.09.2019;17:00;288.28;86.84;1005.74;2.58;248.54;0.026576;0;0;32.8007
27.09.2019;18:00;286.85;89.47;1006.04;2.77;243.37;0.0088;0;0;0.0011
27.09.2019;19:00;286.36;90.5;1006.22;2.96;237.06;0.005694;0;0;0
27.09.2019;20:00;285.93;91.84;1006.41;3.33;232.23;0.003903;0;0;0
27.09.2019;21:00;285.62;93.41;1006.59;3.57;229.84;0.001879;0;0;0
27.09.2019;22:00;285.25;95.15;1006.59;3.65;227.55;0.00118;0;0;0
27.09.2019;23:00;284.89;96.24;1006.56;3.74;223.45;0.000633;0;0;0
27.09.2019;24:00:00;284.72;96.21;1006.47;3.95;217.04;0.000838;0;0;0
28.09.2019;01:00;284.63;95.55;1006.35;4.33;211.5;0.001397;0;0;0
28.09.2019;02:00;284.55;94.65;1006.12;4.77;210.72;0.002263;0;0;0
28.09.2019;03:00;284.59;92.93;1005.99;5.16;214.25;0.013208;0;0;0
28.09.2019;04:00;284.63;91.37;1005.89;5.4;218.71;0.014855;0;0;0
28.09.2019;05:00;284.56;90.95;1005.8;5.33;219.96;0.005359;0;0;0
28.09.2019;06:00;284.45;91.23;1005.83;5.42;218.42;0.001487;0;0;18.9014
28.09.2019;07:00;285.28;88.58;1005.89;5.95;216.19;0.001282;0;0;118.3275
28.09.2019;08:00;286.53;84.5;1006.08;5.98;216.49;0.00144;0;0;206.644
28.09.2019;09:00;288.3;77.73;1006.24;6.8;228.13;0.025823;0;0;303.9782
28.09.2019;10:00;289.71;72.02;1006.28;7.38;237.51;0.10788;0;0;433.5515
28.09.2019;11:00;290.52;66.58;1006.27;7.32;241.49;0.070971;0;0;494.267
28.09.2019;12:00;290.97;62.44;1006.23;7.06;244.48;0.042076;0;0;497.9229
28.09.2019;13:00;291.2;60.07;1006.17;6.73;246.18;0.026394;0;0;460.4487
28.09.2019;14:00;291.17;59.44;1006.08;6.48;245.87;0.021198;0;0;378.2742
28.09.2019;15:00;290.71;61.26;1005.87;6.12;243.36;0.018589;0;0;214.6834
28.09.2019;16:00;289.78;66.79;1005.68;5.01;236.61;0.011386;0;0;75.199
28.09.2019;17:00;288.69;73.59;1005.62;4.49;225.54;0.00983;0;0;19.8332
28.09.2019;18:00;287.73;78.38;1005.68;5.12;217;0.011887;0;0;0
28.09.2019;19:00;287.15;81.94;1005.58;5.81;210.05;0.013668;0;0;0
28.09.2019;20:00;286.68;84.9;1005.38;6.38;206.85;0.053322;0;0;0
28.09.2019;21:00;286.56;86.14;1005.15;7.32;209.98;0.155905;0;0;0
28.09.2019;22:00;286.56;87.81;1004.63;7.95;215.52;0.201854;0;0;0
28.09.2019;23:00;286.67;89.23;1004.04;8.69;221.32;0.127415;0;0;0
28.09.2019;24:00:00;286.68;90.48;1003.65;8.97;228.48;0.060033;0;0;0
29.09.2019;01:00;286.52;91.73;1003.23;8.78;231.57;0.05351;0;0;0
29.09.2019;02:00;286.44;92.16;1002.94;8.51;235.65;0.075096;0;0;0
29.09.2019;03:00;286.44;91.74;1002.63;8.34;240.7;0.06801;0;0;0
29.09.2019;04:00;286.38;91.64;1002.4;7.82;241.12;0.119675;0;0;0
29.09.2019;05:00;286.29;92.08;1002.31;7.53;237.29;0.154743;0;0;0
29.09.2019;06:00;286.22;92.28;1002.22;7.48;230.74;0.116047;0;0;13.7819
29.09.2019;07:00;286.48;91.22;1002.13;7.84;226.99;0.105911;0;0;82.836
29.09.2019;08:00;286.88;89.6;1002.11;8.16;224.63;0.166014;0;0;147.7988
29.09.2019;09:00;287.42;86.5;1002.07;8.66;226.44;0.050899;0;0;190.5515
29.09.2019;10:00;287.8;83.91;1001.68;8.58;228.97;0.064278;0;0;143.4385
29.09.2019;11:00;288.03;81.74;1001.15;8.43;228.15;0.233132;0;0;160.7776
29.09.2019;12:00;288.47;76.46;1000.33;8.45;224.15;0.530828;0;0;287.295
29.09.2019;13:00;288.37;74.22;999.14;7.86;217.35;0.868441;0;0;228.9673
29.09.2019;14:00;288.02;78.09;997.89;6.96;207.98;1.02172;0;0;125.7656
29.09.2019;15:00;287.79;83.72;996.76;6.58;200.09;1.193849;0;0;76.1824
29.09.2019;16:00;287.55;87.32;995.22;6.4;198.99;1.697688;0;0;28.3972
29.09.2019;17:00;287.26;89.6;994.14;6.16;205.39;1.550292;0;0;4.5307
29.09.2019;18:00;287;91.86;993.32;5.53;209.28;0.657276;0;0;0
29.09.2019;19:00;287.03;92.04;992.46;6.15;218.9;0.30367;0;0;0
29.09.2019;20:00;286.99;92.5;991.5;6.24;223.63;0.445582;0;0;0
29.09.2019;21:00;286.92;92.64;990.6;6.2;220.61;0.450869;0;0;0
29.09.2019;22:00;286.92;92.29;989.66;6.39;218.06;0.99687;0;0;0
29.09.2019;23:00;287.1;91.78;988.64;7.31;218.77;1.846548;0;0;0
29.09.2019;24:00:00;287.22;92.39;987.83;7.49;221.88;1.647829;0;0;0
30.09.2019;01:00;287.4;92.68;987.16;7.55;228.17;1.136884;0;0;0
30.09.2019;02:00;287.42;93.35;986.52;6.9;229.1;0.824638;0;0;0
30.09.2019;03:00;287.38;93.65;985.89;6.51;227.58;0.509004;0;0;0
30.09.2019;04:00;287.33;93.94;985.31;6.32;226.44;0.497569;0;0;0
30.09.2019;05:00;287.36;93.82;984.73;6.47;230.36;0.815674;0;0;0
30.09.2019;06:00;287.44;93.57;984.28;6.36;241.21;1.317229;0;0;4.9607
30.09.2019;07:00;287.69;93.05;984.15;6.14;262.44;2.240599;0;0;27.0891
30.09.2019;08:00;287.74;92.35;984.85;6.68;292.44;3.355573;0;0;51.0509
30.09.2019;09:00;287.32;90.78;986.79;9.92;307.94;4.420915;0;0;85.4121
30.09.2019;10:00;286.49;87.08;989.76;12.71;307.3;3.660192;0;0;120.6276
30.09.2019;11:00;286.29;83.86;992.23;12.8;299.86;1.238986;0;0;132.2388
30.09.2019;12:00;286.83;80.65;993.79;12.18;293.19;0.180284;0;0;169.1189
30.09.2019;13:00;287.62;75.82;994.99;12.24;290.11;0.032906;0;0;222.8805
30.09.2019;14:00;288.28;70.06;996.25;12.82;290.07;0.022209;0;0;281.5162
30.09.2019;15:00;288.5;63.93;997.5;13.28;290.01;0.004175;0;0;280.6149
30.09.2019;16:00;287.95;62.01;998.66;12.91;289.02;0.000934;0;0;151.0532
30.09.2019;17:00;286.95;65.63;999.81;11.99;287.64;0.001014;0;0;28.1373
30.09.2019;18:00;286.13;70.07;1000.84;11.02;286.03;0.001956;0;0;0
30.09.2019;19:00;285.71;72.79;1001.72;10.49;284.28;0.003325;0;0;0
30.09.2019;20:00;285.13;76.48;1002.17;9.53;281.48;0.004103;0;0;0
30.09.2019;21:00;284.57;80.52;1002.6;8.62;278.28;0.006607;0;0;0
30.09.2019;22:00;284.33;82.78;1002.91;7.88;275.05;0.009868;0;0;0
30.09.2019;23:00;283.97;85.96;1003.16;6.9;270.32;0.017471;0;0;0
30.09.2019;24:00:00;283.81;88.19;1003.18;6.36;266.14;0.02904;0;0;0
01.10.2019;01:00;283.74;89.64;1003.18;5.83;263.52;0.065181;0;0;0
01.10.2019;02:00;283.67;90.7;1002.78;5.24;261.02;0.10957;0;0;0
01.10.2019;03:00;283.71;91.15;1002.33;4.92;257.63;0.125784;0;0;0
01.10.2019;04:00;283.76;91.52;1001.76;4.6;253.57;0.17196;0;0;0
01.10.2019;05:00;283.72;92.05;1001.12;4.15;244.35;0.330773;0;0;0
01.10.2019;06:00;283.81;92.08;1000.44;3.99;231.49;0.435327;0;0;3.7701
01.10.2019;07:00;284.05;91.79;999.91;4.21;220.14;0.59087;0;0;23.0437
01.10.2019;08:00;284.39;91.37;999.48;4.51;212.41;1.019928;0;0;51.1307
01.10.2019;09:00;284.75;90.85;998.57;4.36;201.35;0.751757;0;0;72.9115
01.10.2019;10:00;285.25;89.35;997.55;4.31;191.51;0.933219;0;0;109.5496
01.10.2019;11:00;285.72;87.58;996.75;4.36;192.17;0.859266;0;0;132.3276
01.10.2019;12:00;285.99;86.44;995.88;3.99;200.3;0.28499;0;0;109.6651
01.10.2019;13:00;286.24;86.03;995.2;3.47;213.53;0.172032;0;0;102.4875
01.10.2019;14:00;286.41;86.87;994.65;2.77;226.85;0.335381;0;0;83.6036
01.10.2019;15:00;286.51;88.71;994.14;2.02;236.66;0.498767;0;0;67.7077
01.10.2019;16:00;286.34;91.29;993.82;1.71;263.53;0.742257;0;0;23.1649
01.10.2019;17:00;285.96;92.43;993.88;2.16;309.05;0.708627;0;0;3.7807
01.10.2019;18:00;285.43;92.14;994.62;3.65;329.89;0.482562;0;0;0
01.10.2019;19:00;284.6;90.39;995.68;5.02;338.98;0.220077;0;0;0
01.10.2019;20:00;283.66;87.28;996.58;5.66;339.42;0.058389;0;0;0
01.10.2019;21:00;283.03;84.52;997.17;5.06;333.62;0.008249;0;0;0
01.10.2019;22:00;282.51;83.33;997.57;4.24;323.73;0.001765;0;0;0
01.10.2019;23:00;282.23;82.87;997.8;3.69;315.73;0.000877;0;0;0
01.10.2019;24:00:00;281.94;82.81;997.86;3.49;311.19;0.001921;0;0;0
02.10.2019;01:00;281.84;83;997.7;3.4;306.92;0.012199;0;0;0
02.10.2019;02:00;281.96;83.37;997.68;3.54;299.48;0.118857;0;0;0
02.10.2019;03:00;281.97;84.6;997.85;3.98;295.52;0.315601;0;0;0
02.10.2019;04:00;281.93;86.15;997.88;4.23;295.82;0.397711;0;0;0
02.10.2019;05:00;281.82;87.21;998.07;4.17;291.74;0.334537;0;0;0
02.10.2019;06:00;281.78;87.15;998.46;4.13;287.21;0.169363;0;0;4.875
02.10.2019;07:00;282.38;84.94;998.97;4.66;286.07;0.033947;0;0;48.8854
02.10.2019;08:00;283.19;81.65;999.44;5.47;288.56;0.004925;0;0;142.8931
02.10.2019;09:00;284.29;72.94;999.98;6.24;293.37;0.002622;0;0;295.6336
02.10.2019;10:00;285.34;62.77;1000.57;6.8;295.5;0.002061;0;0;432.7896
02.10.2019;11:00;286.03;57.42;1001.11;7.01;292.38;0.005631;0;0;503.1437
02.10.2019;12:00;286.36;55.71;1001.52;7.19;288.21;0.010528;0;0;494.2937
02.10.2019;13:00;286.43;56.18;1001.84;7.31;283.97;0.020423;0;0;438.4547
02.10.2019;14:00;286.34;57.72;1002.15;7.32;279.71;0.023116;0;0;352.5674
02.10.2019;15:00;286.09;59.82;1002.43;7.18;275.73;0.028844;0;0;248.7222
02.10.2019;16:00;285.46;63.82;1002.85;6.53;270.24;0.037122;0;0;121.3743
02.10.2019;17:00;284.14;72.75;1003.26;5.21;261.86;0.050958;0;0;18.4121
02.10.2019;18:00;283.4;78.45;1003.55;5.28;252.34;0.067331;0;0;0
02.10.2019;19:00;283.34;80.31;1003.77;5.98;246.76;0.083602;0;0;0
02.10.2019;20:00;283.06;83.91;1004;6.11;244.07;0.10922;0;0;0
02.10.2019;21:00;282.62;88.05;1004.25;5.7;241.64;0.088914;0;0;0
02.10.2019;22:00;282.11;91.29;1004.39;5.06;240.92;0.082447;0;0;0
02.10.2019;23:00;281.87;92.38;1004.49;4.34;240.35;0.114654;0;0;0
02.10.2019;24:00:00;281.75;92.46;1004.49;3.61;245.88;0.126961;0;0;0
03.10.2019;01:00;281.5;92.6;1004.43;2.8;261.68;0.124571;0;0;0
03.10.2019;02:00;281.21;92.69;1004.55;2.28;287.94;0.07779;0;0;0
03.10.2019;03:00;281.27;91.51;1004.77;2.39;317.92;0.050903;0;0;0
03.10.2019;04:00;281.51;90.06;1005.13;2.93;338.08;0.043165;0;0;0
03.10.2019;05:00;281.82;88.91;1005.62;3.51;347.24;0.04374;0;0;0
03.10.2019;06:00;282.09;88.15;1006.32;3.91;350.88;0.032823;0;0;6.1629
03.10.2019;07:00;282.84;86.26;1007.13;4.55;351.63;0.039728;0;0;62.4107
03.10.2019;08:00;283.44;84.31;1007.96;5.11;350.01;0.089936;0;0;142.1958
03.10.2019;09:00;283.96;78.97;1008.76;5.7;350.93;0.112126;0;0;246.0077
03.10.2019;10:00;284.22;74.79;1009.51;5.71;349.26;0.062028;0;0;271.4644
03.10.2019;11:00;284.43;72.25;1010.02;5.49;346.19;0.040683;0;0;335.6456
03.10.2019;12:00;284.76;69.37;1010.27;5.33;342.66;0.034599;0;0;410.3812
03.10.2019;13:00;284.88;67.56;1010.51;5.25;340.55;0.024418;0;0;404.2491
03.10.2019;14:00;284.79;67.05;1010.74;5.09;342.16;0.012939;0;0;350.6139
03.10.2019;15:00;284.45;67.81;1010.82;4.71;346.22;0.007245;0;0;236.3739
03.10.2019;16:00;283.86;70.13;1011.09;4.11;349.67;0.005189;0;0;108.1787
03.10.2019;17:00;282.44;80.11;1011.61;2.83;351.34;0.004586;0;0;19.5042
03.10.2019;18:00;281.43;84.56;1012.17;2.7;351.66;0.004925;0;0;0
03.10.2019;19:00;281.17;84.52;1012.54;2.44;350.87;0.00416;0;0;0
03.10.2019;20:00;281.13;83.45;1012.72;2.02;348.29;0.004725;0;0;0
03.10.2019;21:00;281.23;82.09;1012.73;1.57;340.5;0.006183;0;0;0
03.10.2019;22:00;281.04;82.44;1012.55;1.22;324.81;0.006605;0;0;0
03.10.2019;23:00;280.81;83.48;1012.36;1.16;300.36;0.006289;0;0;0
03.10.2019;24:00:00;280.47;85.33;1012.2;1.38;282.54;0.006929;0;0;0
04.10.2019;01:00;280.19;87.19;1011.96;1.58;272.97;0.006652;0;0;0
04.10.2019;02:00;280.12;87.92;1011.7;1.55;268.06;0.011097;0;0;0
04.10.2019;03:00;280.32;86.65;1011.42;1.27;261.59;0.013379;0;0;0
04.10.2019;04:00;280.43;85.74;1011.18;0.96;244.79;0.010799;0;0;0
04.10.2019;05:00;280.32;86.11;1010.97;0.77;208.01;0.013142;0;0;0
04.10.2019;06:00;280.31;86.27;1010.79;1;166.69;0.010209;0;0;6.4702
04.10.2019;07:00;281.13;84.79;1010.64;1.7;148.77;0.006458;0;0;69.6238
04.10.2019;08:00;282.26;79.36;1010.54;2.57;145.42;0.005118;0;0;167.0294
04.10.2019;09:00;283.55;68.52;1010.43;3.24;144.23;0.004852;0;0;261.7637
04.10.2019;10:00;284.19;63.4;1010.12;3.68;145.74;0.004759;0;0;304.6614
04.10.2019;11:00;284.63;60.79;1009.66;3.88;145.43;0.004233;0;0;342.8407
04.10.2019;12:00;284.93;59.23;1009.07;3.86;141.37;0.003504;0;0;352.4709
04.10.2019;13:00;284.97;58.87;1008.48;3.8;133.33;0.003012;0;0;293.2578
04.10.2019;14:00;284.73;60.02;1008.1;3.84;122.22;0.003006;0;0;198.457
04.10.2019;15:00;284.29;63.65;1007.79;3.81;110.15;0.003796;0;0;118.3849
04.10.2019;16:00;283.52;70.51;1007.55;3.76;101.01;0.006615;0;0;52.3066
04.10.2019;17:00;282.74;76.2;1007.55;4.07;97.2;0.009063;0;0;8.6489
04.10.2019;18:00;282.47;79.12;1007.6;4.54;96.61;0.015129;0;0;0
04.10.2019;19:00;282.36;81.74;1007.55;4.82;96.89;0.02188;0;0;0
04.10.2019;20:00;282.26;84.23;1007.42;4.98;96.87;0.02887;0;0;0
04.10.2019;21:00;282.19;85.8;1007.38;5.11;96;0.05256;0;0;0
04.10.2019;22:00;282.14;86.47;1007.45;5.28;93.67;0.057898;0;0;0
04.10.2019;23:00;282.05;86.72;1007.67;5.4;90.03;0.045948;0;0;0
04.10.2019;24:00:00;281.93;86.96;1007.95;5.5;85.42;0.045368;0;0;0
05.10.2019;01:00;281.8;87.08;1008.12;5.66;81.81;0.03705;0;0;0
05.10.2019;02:00;281.32;88.42;1008.29;5.6;78.13;0.042113;0;0;0
05.10.2019;03:00;281.17;88.52;1008.66;5.75;74.46;0.057744;0;0;0
05.10.2019;04:00;281.15;88.43;1009.08;5.86;71.62;0.072163;0;0;0
05.10.2019;05:00;281.21;88.21;1009.5;5.97;69.91;0.070489;0;0;0
05.10.2019;06:00;281.28;87.94;1010.24;6.02;68.83;0.079957;0;0;6.4361
05.10.2019;07:00;282.18;85.49;1011.16;6.48;68.26;0.116529;0;0;72.5835
05.10.2019;08:00;283.01;82.33;1012.15;6.87;68.07;0.180067;0;0;163.4735
05.10.2019;09:00;283.59;77.86;1013.05;7.3;67.44;0.218392;0;0;247.046
05.10.2019;10:00;283.94;73.58;1013.77;7.37;63.29;0.262468;0;0;283.7717
05.10.2019;11:00;284.1;71.72;1014.41;7.35;57.39;0.275356;0;0;285.8947
05.10.2019;12:00;284.12;71.35;1014.9;7.51;52.9;0.249861;0;0;272.5836
05.10.2019;13:00;284.08;71.25;1015.36;7.66;49.97;0.245761;0;0;258.5012
05.10.2019;14:00;283.92;71.23;1015.93;7.64;47.61;0.154277;0;0;226.8082
05.10.2019;15:00;283.51;72.67;1016.56;7.22;45.86;0.076763;0;0;145.1197
05.10.2019;16:00;282.95;75.42;1017.38;6.46;43.64;0.044649;0;0;82.2862
05.10.2019;17:00;281.97;79.94;1018.37;5.46;42.06;0.023649;0;0;13.4685
05.10.2019;18:00;281.06;83.09;1019.26;4.93;43.1;0.014467;0;0;0
05.10.2019;19:00;280.7;83.56;1019.77;4.75;45.78;0.01121;0;0;0
05.10.2019;20:00;280.28;84.52;1020.15;4.49;48.92;0.008025;0;0;0
05.10.2019;21:00;279.96;85.05;1020.41;4.33;52.88;0.005168;0;0;0
05.10.2019;22:00;279.6;85.7;1020.64;4.12;58.54;0.00317;0;0;0
05.10.2019;23:00;279.19;86.67;1020.87;3.89;64.95;0.003475;0;0;0
05.10.2019;24:00:00;278.8;87.82;1020.94;3.65;70.43;0.003638;0;0;0
06.10.2019;01:00;278.5;88.75;1020.82;3.38;75.34;0.00449;0;0;0
06.10.2019;02:00;278.31;89.2;1020.68;3.1;79.93;0.006387;0;0;0
06.10.2019;03:00;278.27;89.08;1020.65;2.82;84.84;0.009697;0;0;0
06.10.2019;04:00;278.33;88.52;1020.64;2.55;87.64;0.011539;0;0;0
06.10.2019;05:00;278.33;88.29;1020.47;2.4;89.09;0.012466;0;0;0
06.10.2019;06:00;278.35;88.09;1020.5;2.3;90.49;0.00987;0;0;6.3445
06.10.2019;07:00;279.47;85.93;1020.69;2.07;92.39;0.018852;0;0;92.3218
06.10.2019;08:00;281.3;79.82;1020.85;2.25;97.63;0.031771;0;0;210.7388
06.10.2019;09:00;282.16;74.47;1020.81;2.47;103.45;0.049275;0;0;325.2919
06.10.2019;10:00;282.76;70.64;1020.48;2.58;108.18;0.055521;0;0;386.9856
06.10.2019;11:00;283.17;67.55;1020.12;2.64;108.01;0.055575;0;0;418.1205
06.10.2019;12:00;283.38;65.6;1019.67;2.66;102.95;0.035584;0;0;382.1599
06.10.2019;13:00;283.58;64.07;1019.19;2.73;98.23;0.046929;0;0;393.178
06.10.2019;14:00;283.57;63.19;1018.67;2.84;95.42;0.015315;0;0;325.063
06.10.2019;15:00;283.37;63.26;1018.3;3.04;91.46;0.009427;0;0;226.8619
06.10.2019;16:00;282.65;68.61;1018.17;2.92;84.3;0.008226;0;0;106.7184
06.10.2019;17:00;280.61;81.47;1018.3;2.85;78.53;0.006926;0;0;14.4764
06.10.2019;18:00;279.69;85.18;1018.51;3.15;77.39;0.008143;0;0;0
06.10.2019;19:00;279.27;87.64;1018.59;3.21;75.84;0.009486;0;0;0
06.10.2019;20:00;278.93;90;1018.62;3.16;74.87;0.010391;0;0;0
06.10.2019;21:00;278.63;91.82;1018.61;3.01;75.1;0.009843;0;0;0
06.10.2019;22:00;278.54;92.2;1018.66;2.81;74.77;0.010873;0;0;0
06.10.2019;23:00;278.77;90.46;1018.68;2.52;73.08;0.014104;0;0;0
06.10.2019;24:00:00;279.09;88.4;1018.74;2.19;66.38;0.025418;0;0;0
07.10.2019;01:00;279.29;86.64;1018.8;1.87;52.45;0.03096;0;0;0
07.10.2019;02:00;279.4;85.7;1018.83;1.67;28.56;0.030689;0;0;0
07.10.2019;03:00;279.25;86.53;1018.83;1.89;5.91;0.032882;0;0;0
07.10.2019;04:00;278.93;88.48;1018.88;2.24;356.33;0.026902;0;0;0
07.10.2019;05:00;278.79;89.08;1018.87;2.41;351.26;0.020247;0;0;0
07.10.2019;06:00;278.65;88.93;1018.88;2.43;347.98;0.015042;0;0;3.8362
07.10.2019;07:00;279.61;86.49;1018.92;2.2;342.37;0.014955;0;0;63.5307
07.10.2019;08:00;280.88;79.96;1019.19;2.85;330.26;0.01652;0;0;157.53
07.10.2019;09:00;281.53;74.37;1019.47;3.38;319.83;0.033287;0;0;234.4763
07.10.2019;10:00;281.93;70.87;1019.56;3.68;314.2;0.049298;0;0;267.7081
07.10.2019;11:00;282.25;67.7;1019.32;3.68;311.57;0.052805;0;0;314.4038
07.10.2019;12:00;282.76;64.04;1018.85;3.64;306.42;0.024139;0;0;417.1801
07.10.2019;13:00;283.13;60.97;1018.25;3.71;302.13;0.007233;0;0;432.0828
07.10.2019;14:00;283.24;59.5;1017.62;3.89;299.13;0.001868;0;0;374.9968
07.10.2019;15:00;283;60.03;1017.18;4.18;301.04;0.001422;0;0;263.7743
07.10.2019;16:00;282.19;64.7;1016.89;3.64;308.58;0.001083;0;0;111.4832
07.10.2019;17:00;279.93;78.41;1016.72;2.75;323.24;0.000264;0;0;13.5062
07.10.2019;18:00;279.05;79.62;1016.57;2.23;339.51;0.000171;0;0;0
07.10.2019;19:00;279.17;76.97;1016.28;1.29;358.32;0.000124;0;0;0
07.10.2019;20:00;279.23;75.7;1015.87;0.29;58.66;0.000086;0;0;0
07.10.2019;21:00;278.94;78.7;1015.25;1.18;166.99;0.000053;0;0;0
07.10.2019;22:00;278.5;84.17;1014.49;2.33;177.37;0.000029;0;0;0
07.10.2019;23:00;278.69;86.44;1013.65;3.26;181.67;0.000013;0;0;0
07.10.2019;24:00:00;279.13;86.75;1012.7;4.21;183.02;0.000005;0;0;0
08.10.2019;01:00;279.31;87.52;1011.77;5;185.09;0.000002;0;0;0
08.10.2019;02:00;279.24;87.74;1010.76;5.29;187.41;0.000156;0;0;0
08.10.2019;03:00;279.13;85.4;1009.98;5.26;189.19;0.019945;0;0;0
08.10.2019;04:00;279.02;83.21;1009.04;5.14;186.33;0.138167;0;0;0
08.10.2019;05:00;278.88;83.63;1007.86;5.59;178.72;0.290466;0;0;0
08.10.2019;06:00;278.75;86;1006.2;6.75;173.76;0.288047;0;0;1.3936
08.10.2019;07:00;279.01;88.1;1005.08;7.18;175.69;0.695706;0;0;27.2535
08.10.2019;08:00;279.7;89.26;1003.84;7.59;177.92;0.356032;0;0;63.3936
08.10.2019;09:00;280.83;89.71;1002.56;7.9;185.81;0.384261;0;0;86.4146
08.10.2019;10:00;281.88;90.42;1001.45;7.61;190.83;0.697112;0;0;89.9834
08.10.2019;11:00;282.71;91.38;1000.36;7.57;199.97;0.69542;0;0;76.0793
08.10.2019;12:00;283.76;90.85;999.6;7.97;220.55;0.461656;0;0;78.0845
08.10.2019;13:00;284.8;90.18;999.19;8.07;238.29;0.124478;0;0;91.9907
08.10.2019;14:00;285.74;89.23;999;7.5;250.61;0.025343;0;0;123.3509
08.10.2019;15:00;286.33;88.1;999.05;6.7;258.57;0.019443;0;0;123.4219
08.10.2019;16:00;286.12;88.59;999.25;5.85;262.22;0.018721;0;0;74.8711
08.10.2019;17:00;284.56;94.76;999.8;4.69;255.8;0.010826;0;0;9.6917
08.10.2019;18:00;283.64;97.64;1000.41;4.76;249.04;0.006608;0;0;0
08.10.2019;19:00;283.05;99.13;1000.76;4.82;243.99;0.009185;0;0;0
08.10.2019;20:00;282.64;100.38;1000.8;4.8;238.96;0.012187;0;0;0
08.10.2019;21:00;282.45;100.45;1000.73;4.91;235.55;0.022802;0;0;0
08.10.2019;22:00;282.62;98.21;1000.64;5.27;234.37;0.039654;0;0;0
08.10.2019;23:00;282.87;96.25;1000.67;5.65;235.74;0.048813;0;0;0
08.10.2019;24:00:00;282.94;95.51;1000.78;5.98;240.89;0.049998;0;0;0
09.10.2019;01:00;282.75;95.49;1000.89;6.03;242.96;0.036628;0;0;0
09.10.2019;02:00;282.47;95.31;1001.04;6.04;239.84;0.022144;0;0;0
09.10.2019;03:00;282.19;94.96;1001.24;6.08;233.11;0.011987;0;0;0
09.10.2019;04:00;282.04;94.58;1001.52;6.41;226.6;0.008234;0;0;0
09.10.2019;05:00;282.05;94.42;1001.98;6.79;226.05;0.013381;0;0;0
09.10.2019;06:00;282.4;94.11;1002.3;7.02;230.04;0.020949;0;0;2.6664
09.10.2019;07:00;283.23;93.44;1002.82;7.2;233.33;0.021764;0;0;50.622
09.10.2019;08:00;284.21;92.45;1003.1;7.27;236.22;0.012489;0;0;89.0021
09.10.2019;09:00;285.04;90.97;1003.38;7.27;236.07;0.025863;0;0;159.5514
09.10.2019;10:00;285.86;87.23;1003.43;7.33;238.29;0.048206;0;0;254.1136
09.10.2019;11:00;286.58;80.7;1003.39;7.34;241.02;0.021571;0;0;289.5491
09.10.2019;12:00;287.32;71.85;1003.26;7.21;241.74;0.010661;0;0;339.9555
09.10.2019;13:00;287.51;66.48;1003;6.56;240.1;0.005157;0;0;251.908
09.10.2019;14:00;287.44;64.99;1002.75;5.92;235.37;0.005342;0;0;180.8939
09.10.2019;15:00;287.25;65.62;1002.55;5.37;228.24;0.015071;0;0;132.6579
09.10.2019;16:00;286.45;70.75;1002.25;4.38;220.85;0.017217;0;0;81.4317
09.10.2019;17:00;284.8;79.34;1001.93;3.76;215.81;0.003837;0;0;6.4368
09.10.2019;18:00;284.25;81.65;1001.63;4.1;211.62;0.003198;0;0;0
09.10.2019;19:00;284.08;83.27;1001.23;4.59;210.3;0.037951;0;0;0
09.10.2019;20:00;283.8;86.97;1000.81;4.87;211.02;0.196657;0;0;0
09.10.2019;21:00;283.51;90.99;1000.39;4.83;215.65;0.461647;0;0;0
09.10.2019;22:00;283.33;93.04;1000.15;4.88;224.39;0.51543;0;0;0
09.10.2019;23:00;283.1;93.93;999.98;4.86;230.39;0.278867;0;0;0
09.10.2019;24:00:00;282.97;93.84;999.86;5.17;235.02;0.133279;0;0;0
10.10.2019;01:00;282.9;93.67;999.78;5.56;238.04;0.119865;0;0;0
10.10.2019;02:00;282.96;93.2;999.8;6.15;244.62;0.194774;0;0;0
10.10.2019;03:00;282.96;93.05;1000.01;6.42;249.7;0.343969;0;0;0
10.10.2019;04:00;282.86;92.89;1000.37;6.65;250.64;0.427962;0;0;0
10.10.2019;05:00;282.65;93.15;1000.8;6.69;248.68;0.338624;0;0;0
10.10.2019;06:00;282.41;93.48;1001.3;6.64;246.58;0.206334;0;0;1.2499
10.10.2019;07:00;282.49;93.22;1002.03;6.82;244.47;0.11674;0;0;43.2794
10.10.2019;08:00;283.11;91.71;1002.71;7.15;244.54;0.078846;0;0;138.4194
10.10.2019;09:00;283.99;87.55;1003.34;8.04;249.69;0.091483;0;0;248.334
10.10.2019;10:00;284.86;81.7;1003.78;8.42;255.03;0.132048;0;0;327.4373
10.10.2019;11:00;285.45;77.03;1004.19;8.39;258.61;0.153262;0;0;322.3655
10.10.2019;12:00;285.8;74.55;1004.63;8.28;259.86;0.116122;0;0;298.0447
10.10.2019;13:00;286.24;71.29;1005.08;8.2;259.6;0.081165;0;0;284.5959
10.10.2019;14:00;286.59;68.38;1005.57;8.08;257.22;0.0433;0;0;253.6253
10.10.2019;15:00;286.53;68.16;1005.93;7.68;253.14;0.031131;0;0;164.6505
10.10.2019;16:00;285.83;72.22;1006.21;6.98;247.61;0.056482;0;0;65.9929
10.10.2019;17:00;284.77;78.82;1006.68;6.78;242.48;0.036684;0;0;5.0437
10.10.2019;18:00;284.32;83.02;1007.21;7.38;240.47;0.019076;0;0;0
10.10.2019;19:00;283.93;86.73;1007.78;7.82;240.84;0.01958;0;0;0
10.10.2019;20:00;283.24;91.23;1008.23;7.49;237.69;0.020433;0;0;0
10.10.2019;21:00;282.64;94.06;1008.44;7.63;233.41;0.027685;0;0;0
10.10.2019;22:00;282.38;94.23;1008.68;7.88;233.89;0.020845;0;0;0
10.10.2019;23:00;282.21;94.1;1009.03;7.87;235;0.012377;0;0;0
10.10.2019;24:00:00;282.3;92.8;1009.28;8.03;234.88;0.008617;0;0;0
11.10.2019;01:00;282.33;92.1;1009.33;7.73;232.95;0.006962;0;0;0
11.10.2019;02:00;282.04;92.99;1009.16;7.23;227.83;0.006691;0;0;0
11.10.2019;03:00;281.78;93.46;1008.99;7.22;220.73;0.006923;0;0;0
11.10.2019;04:00;281.84;92.89;1008.54;7.44;211.59;0.011836;0;0;0
11.10.2019;05:00;282.2;91.55;1007.95;7.98;208.29;0.018952;0;0;0
11.10.2019;06:00;283.08;88.59;1007.38;8.91;212.86;0.58454;0;0;1.064
11.10.2019;07:00;283.67;88.07;1007.06;9.41;215.08;2.346924;0;0;23.0251
11.10.2019;08:00;284.17;86.93;1006.82;10.25;219.92;0.70904;0;0;57.8693
11.10.2019;09:00;285.04;83.57;1006.76;10.62;227.61;0.072824;0;0;128.563
11.10.2019;10:00;286.21;79.39;1006.73;10.5;230.61;0.022927;0;0;218.8105
11.10.2019;11:00;287.05;77.65;1006.79;10.36;233.01;0.084928;0;0;227.8311
11.10.2019;12:00;287.24;79.05;1006.58;9.86;232.27;0.208991;0;0;169.6834
11.10.2019;13:00;287.23;80.71;1006.28;9.48;228.57;0.254031;0;0;155.7905
11.10.2019;14:00;287.23;81.56;1005.94;9.36;224.18;0.105135;0;0;153.4746
11.10.2019;15:00;287.02;83.13;1005.43;9.37;220.46;0.396784;0;0;102.9918
11.10.2019;16:00;286.57;85.77;1004.79;9.75;217.5;0.911857;0;0;28.1808
11.10.2019;17:00;286.34;86.94;1004.38;10.44;218.17;0.685151;0;0;1.323
11.10.2019;18:00;286.5;86.09;1004.05;11;220.94;0.343212;0;0;0
11.10.2019;19:00;286.64;85.43;1003.64;11.14;221.32;0.194295;0;0;0
11.10.2019;20:00;286.62;85.41;1003.18;11.22;221.78;0.180153;0;0;0
11.10.2019;21:00;286.55;85.89;1002.76;11.37;223.87;0.129375;0;0;0
11.10.2019;22:00;286.44;86.67;1002.43;11.45;225.52;0.030078;0;0;0
11.10.2019;23:00;286.36;86.95;1002.25;11.53;228.31;0.007763;0;0;0
11.10.2019;24:00:00;286.31;87.01;1002.13;11.48;231.29;0.024239;0;0;0
12.10.2019;01:00;286.44;86.86;1002.08;11.3;234.03;0.095591;0;0;0
12.10.2019;02:00;286.62;87.19;1002.01;10.91;236.56;0.127893;0;0;0
12.10.2019;03:00;286.66;88.57;1002.02;9.9;238.55;0.128299;0;0;0
12.10.2019;04:00;286.46;90.92;1002.11;8.32;236;0.493131;0;0;0
12.10.2019;05:00;286.27;92.4;1002.22;7.27;231.22;0.564674;0;0;0
12.10.2019;06:00;286.18;92.36;1002.51;6.72;235.55;0.436131;0;0;0.424
12.10.2019;07:00;286.19;91.42;1003.17;6.25;245.29;0.397139;0;0;17.0397
12.10.2019;08:00;286.31;90.54;1003.75;5.58;250.58;0.333285;0;0;49.4132
12.10.2019;09:00;286.51;89.65;1004.29;5.2;250.61;0.280893;0;0;76.0684
12.10.2019;10:00;286.75;88.28;1004.85;5.51;249.1;0.235712;0;0;104.3091
12.10.2019;11:00;286.97;87.46;1005.29;5.64;249.39;0.193714;0;0;117.6324
12.10.2019;12:00;287.19;87.01;1005.56;5.54;252.43;0.222313;0;0;118.4629
12.10.2019;13:00;287.26;87.35;1005.88;5.32;256.36;0.18235;0;0;110.0807
12.10.2019;14:00;287.17;87.96;1006.26;5.12;258.19;0.201815;0;0;93.6371
12.10.2019;15:00;286.93;88.5;1006.7;5.08;258.12;0.192173;0;0;72.7143
12.10.2019;16:00;286.45;89.83;1007.15;4.98;255.78;0.088168;0;0;33.8445
12.10.2019;17:00;285.76;92.29;1007.68;4.68;252.7;0.044139;0;0;3.442
12.10.2019;18:00;285.28;93.88;1008.29;4.45;251.96;0.043116;0;0;0
12.10.2019;19:00;284.81;94.58;1008.43;4.3;249.62;0.00923;0;0;0
12.10.2019;20:00;284.34;94.46;1008.62;4.57;252.41;0.002915;0;0;0
12.10.2019;21:00;284.08;94.54;1009.1;4.38;254.61;0.018598;0;0;0
12.10.2019;22:00;283.87;94.71;1009.48;3.85;254.36;0.073355;0;0;0
12.10.2019;23:00;283.76;94.58;1009.74;3.34;255.08;0.175214;0;0;0
12.10.2019;24:00:00;283.72;94.37;1009.84;2.87;254.67;0.247771;0;0;0
13.10.2019;01:00;283.74;94.17;1010;2.6;253.34;0.390078;0;0;0
13.10.2019;02:00;283.75;94;1010.3;2.4;250.93;0.435203;0;0;0
13.10.2019;03:00;283.78;93.63;1010.5;2.21;248.59;0.334033;0;0;0
13.10.2019;04:00;283.87;92.73;1010.6;1.83;237.98;0.181754;0;0;0
13.10.2019;05:00;283.89;92.22;1010.5;1.44;215.01;0.079245;0;0;0
13.10.2019;06:00;283.7;92.65;1010.4;1.4;185.1;0.041693;0;0;0.3981
13.10.2019;07:00;283.87;93.39;1010.46;1.63;168.62;0.033611;0;0;31.045
13.10.2019;08:00;285.03;91.21;1010.51;2.43;165.92;0.044176;0;0;100.9691
13.10.2019;09:00;285.97;89.82;1010.58;2.69;172.91;0.051695;0;0;166.2473
13.10.2019;10:00;287.27;87.28;1010.66;2.79;177.75;0.046747;0;0;225.3089
13.10.2019;11:00;288.77;84.32;1010.59;3.12;182.91;0.036533;0;0;301.9817
13.10.2019;12:00;290.29;80.16;1010.21;3.45;192.24;0.02384;0;0;331.0099
13.10.2019;13:00;291.32;77.08;1009.77;3.6;197.27;0.05935;0;0;310.3788
13.10.2019;14:00;291.08;81.64;1009.3;2.94;186.99;0.313962;0;0;134.86
13.10.2019;15:00;290.52;87.49;1008.51;2.87;167;0.362485;0;0;70.4252
13.10.2019;16:00;290.1;89.7;1007.85;3.66;165.68;0.214975;0;0;30.5052
13.10.2019;17:00;290.01;90.38;1007.26;4.89;173.4;0.081221;0;0;2.9699
13.10.2019;18:00;290.42;89.74;1006.71;6.37;179.92;0.033667;0;0;0
13.10.2019;19:00;290.37;90.21;1006.13;6.94;183.03;0.001287;0;0;0
13.10.2019;20:00;290.2;89.14;1005.82;7.35;189.92;0.000152;0;0;0
13.10.2019;21:00;290.03;87.32;1005.88;7.66;197.24;0.000122;0;0;0
13.10.2019;22:00;289.84;85.71;1005.93;7.88;207.05;0.000068;0;0;0
13.10.2019;23:00;289.65;84.97;1006.05;7.76;215.67;0.000084;0;0;0
13.10.2019;24:00:00;289.43;85.28;1006.26;7.4;219.83;0.000133;0;0;0
14.10.2019;01:00;289.2;86.03;1006.44;7.17;224.3;0.000056;0;0;0
14.10.2019;02:00;288.75;88.03;1006.81;7.07;232.04;0.000045;0;0;0
14.10.2019;03:00;288.32;89.72;1007.35;7.05;237.12;0.000164;0;0;0
14.10.2019;04:00;287.85;91.43;1008.11;6.98;240.01;0.00055;0;0;0
14.10.2019;05:00;287.31;93.11;1008.99;7.13;244.79;0.002951;0;0;0
14.10.2019;06:00;286.85;93.15;1009.86;7.28;248.86;0.00916;0;0;0.6463
14.10.2019;07:00;286.84;90.56;1010.9;7.35;252.43;0.004176;0;0;35.9125
14.10.2019;08:00;287.08;87.72;1011.71;7.02;254.79;0.001249;0;0;76.9927
14.10.2019;09:00;287.39;84.62;1012.34;6.68;257.85;0.000992;0;0;105.5574
14.10.2019;10:00;287.92;78.74;1013.09;7.07;264.17;0.000838;0;0;180.7327
14.10.2019;11:00;288.64;71.35;1013.72;7.15;272.21;0.000721;0;0;314.1564
14.10.2019;12:00;289.2;66.52;1013.83;6.42;279.32;0.000867;0;0;419.2918
14.10.2019;13:00;289.37;64.64;1013.6;5.05;285.64;0.000832;0;0;398.2385
14.10.2019;14:00;289.21;64.9;1013.65;3.8;292.14;0.000646;0;0;297.6804
14.10.2019;15:00;288.71;67.62;1013.9;2.94;304.8;0.000583;0;0;182.0472
14.10.2019;16:00;287.4;80.37;1013.8;1.65;338.26;0.000472;0;0;69.5377
14.10.2019;17:00;285.47;85.23;1013.75;1.99;26.43;0.000323;0;0;3.7281
14.10.2019;18:00;284.81;87.11;1013.85;2.53;47.13;0.000254;0;0;0
14.10.2019;19:00;284.64;88.48;1013.79;3.15;58.41;0.000191;0;0;0
14.10.2019;20:00;284.75;89.15;1013.65;4.1;67.2;0.00023;0;0;0
14.10.2019;21:00;284.79;90.45;1013.46;4.93;74.21;0.000754;0;0;0
14.10.2019;22:00;284.76;91.69;1013.03;5.45;80.44;0.005121;0;0;0
14.10.2019;23:00;284.74;92.2;1012.51;5.76;85.16;0.00949;0;0;0
14.10.2019;24:00:00;284.76;92.28;1011.83;6.25;89.07;0.01071;0;0;0
15.10.2019;01:00;284.77;92.46;1011.05;6.7;93.32;0.010487;0;0;0
15.10.2019;02:00;284.74;92.74;1010.26;7.02;98.83;0.010036;0;0;0
15.10.2019;03:00;284.64;93.22;1009.49;7.04;103.53;0.009478;0;0;0
15.10.2019;04:00;284.46;93.47;1008.8;6.86;108.37;0.007596;0;0;0
15.10.2019;05:00;284.15;94.19;1008.24;6.43;112.33;0.009245;0;0;0
15.10.2019;06:00;283.85;94.74;1007.85;6.06;116.48;0.010721;0;0;0.3971
15.10.2019;07:00;284.03;93.2;1007.63;6.08;120.84;0.009954;0;0;49.157
15.10.2019;08:00;285.16;89.12;1007.32;5.94;124.41;0.001;0;0;161.8761
15.10.2019;09:00;286.65;84.48;1006.93;5.31;122.41;0;0;0;261.5101
15.10.2019;10:00;288.4;79.13;1006.51;4.92;127.53;0;0;0;316.3233
15.10.2019;11:00;289.93;74.63;1006.05;4.7;138.49;0;0;0;345.4605
15.10.2019;12:00;291.01;71.79;1005.45;4.3;144.71;0;0;0;350.6615
15.10.2019;13:00;291.61;70.5;1004.91;3.82;146.95;0;0;0;311.6699
15.10.2019;14:00;291.72;71.81;1004.4;3.19;144.97;0;0;0;227.9063
15.10.2019;15:00;291.28;78.99;1003.91;2.21;137.32;0;0;0;138.5845
15.10.2019;16:00;289.81;85.73;1003.73;2.08;132.43;0;0;0;58.3137
15.10.2019;17:00;288.4;87.01;1003.89;2.21;131.56;0;0;0;2.9905
15.10.2019;18:00;287.79;90.03;1004.11;2.16;132.36;0;0;0;0
15.10.2019;19:00;287.36;92.31;1004.16;2.04;136.36;0;0;0;0
15.10.2019;20:00;287.09;93.76;1004.1;1.83;138.99;0;0;0;0
15.10.2019;21:00;286.89;94.93;1003.9;1.55;137.07;0.000789;0;0;0
15.10.2019;22:00;286.65;96.23;1003.63;1.34;126.63;0.001644;0;0;0
15.10.2019;23:00;286.31;98.1;1003.37;1.31;108.19;0.004127;0;0;0
15.10.2019;24:00:00;285.69;101.44;1002.99;1.48;91.86;0.006979;0;0;0
16.10.2019;01:00;284.95;105.1;1002.51;1.74;82.11;0.015645;0;0;0
16.10.2019;02:00;284.51;106;1001.99;1.83;77.7;0.020952;0;0;0
16.10.2019;03:00;284.43;104.52;1001.68;1.63;72.87;0.021776;0;0;0
16.10.2019;04:00;284.37;102.99;1001.56;1.22;53.88;0.02244;0;0;0
16.10.2019;05:00;284.26;102.08;1001.48;1.23;16.37;0.02392;0;0;0
16.10.2019;06:00;284.14;101.63;1001.56;1.61;358.39;0.029376;0;0;0.187
16.10.2019;07:00;284.53;99.01;1001.81;1.69;353.84;0.036668;0;0;31.7128
16.10.2019;08:00;285.72;94.25;1002.03;1.56;343.84;0.045105;0;0;79.2156
16.10.2019;09:00;286.24;92.08;1002.3;1.71;318.31;0.068526;0;0;102.8451
16.10.2019;10:00;286.43;91.85;1002.6;2.04;289.68;0.136303;0;0;105.1232
16.10.2019;11:00;286.62;91.59;1002.77;2.78;281.57;0.297815;0;0;105.848
16.10.2019;12:00;286.78;90.95;1002.88;3.86;285.73;0.605052;0;0;103.0246
16.10.2019;13:00;286.69;91.12;1003.05;4.92;289.3;1.140666;0;0;83.0489
16.10.2019;14:00;286.44;91.99;1003.41;5.83;287.53;1.91469;0;0;54.5628
16.10.2019;15:00;286.15;92.38;1004.01;6.52;284.73;2.264666;0;0;34.7276
16.10.2019;16:00;285.88;91.91;1004.64;7.02;280.78;1.857203;0;0;12.3969
16.10.2019;17:00;285.66;92.25;1005.42;6.97;275.47;1.182346;0;0;0.4137
16.10.2019;18:00;285.46;93.18;1006.12;6.61;267.71;0.51443;0;0;0
16.10.2019;19:00;285.14;94.16;1006.68;6.31;255.99;0.137676;0;0;0
16.10.2019;20:00;284.64;94.83;1007.18;6.2;246.72;0.037372;0;0;0
16.10.2019;21:00;284.11;95.03;1007.67;5.93;242.69;0.019164;0;0;0
16.10.2019;22:00;283.51;95.39;1008.05;5.38;240.04;0.012608;0;0;0
16.10.2019;23:00;282.98;95.56;1008.31;4.89;235.26;0.010414;0;0;0
16.10.2019;24:00:00;282.49;95.73;1008.39;4.45;226.88;0.009453;0;0;0
17.10.2019;01:00;282.22;95.77;1008.36;4.34;216.67;0.010676;0;0;0
17.10.2019;02:00;282.23;95.68;1008.2;4.35;209.46;0.01277;0;0;0
17.10.2019;03:00;282.82;94.87;1007.91;4.48;201.66;0.030211;0;0;0
17.10.2019;04:00;283.54;94.15;1007.67;4.66;193.46;0.183064;0;0;0
17.10.2019;05:00;284.02;93.96;1007.49;4.93;188.09;0.259499;0;0;0
17.10.2019;06:00;284.26;93.82;1007.47;5.15;190.29;0.234256;0;0;0.0324
17.10.2019;07:00;284.6;92.99;1007.8;5.39;198.27;0.091249;0;0;20.567
17.10.2019;08:00;285.28;91.62;1008.12;5.69;206.11;0.029938;0;0;70.751
17.10.2019;09:00;286.02;90.36;1008.43;5.63;207.82;0.062696;0;0;133.7126
17.10.2019;10:00;286.78;89.28;1008.74;5.43;205.8;0.085373;0;0;188.5128
17.10.2019;11:00;287.71;85.34;1008.94;5.8;213.41;0.026007;0;0;235.237
17.10.2019;12:00;288.71;79.13;1008.95;5.91;222.41;0.006574;0;0;294.14
17.10.2019;13:00;289.33;74.92;1008.86;5.7;225.31;0.010933;0;0;284.4854
17.10.2019;14:00;289.34;75.34;1008.89;5.3;224.14;0.01883;0;0;200.4851
17.10.2019;15:00;288.94;78.96;1008.98;4.47;222.07;0.023599;0;0;100.2064
17.10.2019;16:00;288.13;84.65;1009.24;3.71;220.77;0.031877;0;0;30.7959
17.10.2019;17:00;287.13;89.84;1009.77;3.42;221.4;0.024008;0;0;0.8018
17.10.2019;18:00;286.69;92.2;1010.17;3.33;221.78;0.029272;0;0;0
17.10.2019;19:00;286.3;94.21;1010.31;3.1;220.71;0.028122;0;0;0
17.10.2019;20:00;286.04;95.47;1010.42;2.93;218.06;0.03733;0;0;0
17.10.2019;21:00;285.71;96.76;1010.45;2.79;212.9;0.047115;0;0;0
17.10.2019;22:00;285.2;98.37;1010.36;2.73;205.85;0.032726;0;0;0
17.10.2019;23:00;285.14;97.9;1010.08;2.71;196.26;0.021486;0;0;0
17.10.2019;24:00:00;285.24;96.83;1009.76;3.09;186.21;0.06905;0;0;0
18.10.2019;01:00;285.49;95.13;1009.43;3.79;180.47;0.332612;0;0;0
18.10.2019;02:00;285.59;94.26;1008.97;4.26;179.2;0.819997;0;0;0
18.10.2019;03:00;285.58;94.01;1008.62;4.45;179.33;1.25637;0;0;0
18.10.2019;04:00;285.56;93.89;1008.31;4.7;179.52;1.154315;0;0;0
18.10.2019;05:00;285.48;93.97;1007.96;4.85;179.1;0.354126;0;0;0
18.10.2019;06:00;285.25;94.3;1007.74;4.79;180.69;0.058557;0;0;0.0058
18.10.2019;07:00;285.27;93.87;1007.8;5.09;186.67;0.021714;0;0;29.2021
18.10.2019;08:00;285.88;92.56;1007.75;5.41;192.69;0.009811;0;0;128.0854
18.10.2019;09:00;287.01;90.24;1007.46;4.88;192.61;0.002016;0;0;261.8943
18.10.2019;10:00;288.31;85;1007.02;4.79;192.46;0.000122;0;0;328.9067
18.10.2019;11:00;289.11;79.34;1006.57;5.16;192.06;0.000041;0;0;306.3618
18.10.2019;12:00;289.6;75.73;1005.97;5.56;190.74;0.000025;0;0;267.5948
18.10.2019;13:00;289.78;74.49;1005.52;5.8;190.52;0.000737;0;0;204.1103
18.10.2019;14:00;289.69;75.97;1005.09;5.61;187.34;0.014543;0;0;137.8414
18.10.2019;15:00;289.33;79.03;1004.51;5.47;181.01;0.058958;0;0;84.0262
18.10.2019;16:00;288.66;83;1004.02;5.67;179.78;0.170524;0;0;26.035
18.10.2019;17:00;287.93;87.18;1004.04;6.01;184.25;0.700575;0;0;0.3872
18.10.2019;18:00;287.83;88.49;1004.28;7.28;199.16;0.975745;0;0;0
18.10.2019;19:00;287.41;90.22;1004.54;7.56;215.76;0.342175;0;0;0
18.10.2019;20:00;286.43;90.23;1005.14;7.56;232.12;0.086703;0;0;0
18.10.2019;21:00;284.99;89.33;1005.93;7.32;241.25;0.004164;0;0;0
18.10.2019;22:00;283.72;90.3;1006.52;6.37;235.7;0.001104;0;0;0
18.10.2019;23:00;282.93;91.44;1007;6.03;225.63;0.000437;0;0;0
18.10.2019;24:00:00;282.49;91.87;1007.2;6.12;219.12;0.000132;0;0;0
19.10.2019;01:00;282.25;92.02;1007.31;6.12;213.87;0.000113;0;0;0
19.10.2019;02:00;282.08;92.28;1007.38;5.97;208.91;0.000079;0;0;0
19.10.2019;03:00;281.93;92.67;1007.55;5.98;204.49;0.000029;0;0;0
19.10.2019;04:00;281.61;93.77;1007.77;5.97;201.52;0.000033;0;0;0
19.10.2019;05:00;281.35;94.63;1007.86;5.96;198.65;0.00028;0;0;0
19.10.2019;06:00;281.54;93.69;1007.87;6;195.21;0.00069;0;0;0.0036
19.10.2019;07:00;281.79;93.01;1008.02;5.72;190.36;0.000678;0;0;11.9451
19.10.2019;08:00;282.27;91.83;1008.03;5.59;184.04;0.00048;0;0;44.4724
19.10.2019;09:00;282.96;89.88;1008.1;5.56;179.39;0.000031;0;0;82.0142
19.10.2019;10:00;283.8;87.53;1007.95;5.53;173.61;0.000003;0;0;110.5604
19.10.2019;11:00;284.7;85.32;1007.78;5.63;169.3;0.000013;0;0;140.0448
19.10.2019;12:00;286.26;78.56;1007.34;6.21;173.11;0.000009;0;0;250.0499
19.10.2019;13:00;287.74;72.27;1006.95;6.64;179.43;0.000124;0;0;318.8152
19.10.2019;14:00;288.45;70.56;1006.51;6.68;179.69;0.000099;0;0;258.7264
19.10.2019;15:00;288.28;73.47;1006.2;6.27;176.99;0.00006;0;0;145.1567
19.10.2019;16:00;287.35;78.88;1006.18;5.92;173.25;0.000024;0;0;40.8435
19.10.2019;17:00;286.1;85.41;1006.48;5.7;167.99;0.000011;0;0;0.6735
19.10.2019;18:00;285.53;89.25;1006.87;6.29;165.35;0.000935;0;0;0
19.10.2019;19:00;285.27;91.87;1007.11;6.6;167.91;0.037209;0;0;0
19.10.2019;20:00;285.22;92.53;1006.95;6.65;170.48;0.060847;0;0;0
19.10.2019;21:00;284.88;93.68;1006.96;6.06;173.33;0.096375;0;0;0
19.10.2019;22:00;284.43;94.62;1006.84;5.41;176.78;0.189619;0;0;0
19.10.2019;23:00;284.35;93.99;1006.85;5.25;187.67;0.129226;0;0;0
19.10.2019;24:00:00;284.02;94.97;1006.66;4.54;193.89;0.017943;0;0;0
20.10.2019;01:00;283.73;95.96;1006.98;4.47;199.75;0.016223;0;0;0
20.10.2019;02:00;283.5;96.56;1007.05;4.01;206.61;0.009631;0;0;0
20.10.2019;03:00;283.43;96.42;1007.18;3.63;212.62;0.008694;0;0;0
20.10.2019;04:00;283.32;96.56;1007.43;3.37;211.17;0.011251;0;0;0
20.10.2019;05:00;283.14;97.01;1007.63;3.17;208.33;0.016248;0;0;0
20.10.2019;06:00;283.02;97.02;1008.01;3.07;207.08;0.140816;0;0;0.0001
20.10.2019;07:00;283.5;94.9;1008.46;2.93;203.55;0.391554;0;0;9.7237
20.10.2019;08:00;284.29;92.59;1008.99;3.11;201.1;0.457832;0;0;48.8563
20.10.2019;09:00;284.95;91.08;1009.53;2.81;203.46;0.36152;0;0;110.8722
20.10.2019;10:00;285.8;90.07;1009.85;2.08;199.21;0.196445;0;0;159.021
20.10.2019;11:00;286.73;88.14;1009.94;1.75;197.78;0.111062;0;0;173.2243
20.10.2019;12:00;287.35;86.13;1009.91;1.5;199.21;0.066635;0;0;184.8063
20.10.2019;13:00;287.91;84.03;1009.84;1.17;194.76;0.04994;0;0;193.1439
20.10.2019;14:00;288.23;82.88;1009.93;0.86;185.55;0.052168;0;0;170.6458
20.10.2019;15:00;288.17;84.2;1010.11;0.21;155.77;0.061374;0;0;103.966
20.10.2019;16:00;287.3;89;1010.37;0.82;53.66;0.058456;0;0;30.8149
20.10.2019;17:00;286.17;92.91;1010.78;1.54;59.6;0.033575;0;0;0.2435
20.10.2019;18:00;285.54;95.92;1011.06;2.13;65.48;0.023692;0;0;0
20.10.2019;19:00;285.19;97.43;1011.1;2.7;71.09;0.298937;0;0;0
20.10.2019;20:00;285.29;96.76;1011.24;2.66;74.73;0.904866;0;0;0
20.10.2019;21:00;285.31;96.33;1011.71;2.52;67.89;1.321008;0;0;0
20.10.2019;22:00;285.26;96.01;1012.26;2.93;51.95;1.176452;0;0;0
20.10.2019;23:00;285.29;95.34;1012.56;4.03;44.38;0.903451;0;0;0
20.10.2019;24:00:00;285.36;94.63;1012.58;5.43;43.39;0.57893;0;0;0
21.10.2019;01:00;285.27;94.25;1012.51;6.09;45.29;0.368367;0;0;0
21.10.2019;02:00;285.18;94.21;1012.52;6.02;49.61;0.564369;0;0;0
21.10.2019;03:00;285.16;93.98;1012.77;5.84;55.27;0.880993;0;0;0
21.10.2019;04:00;285.19;94.01;1013.17;5.79;59.2;0.64182;0;0;0
21.10.2019;05:00;285.27;93.81;1013.42;6.08;63.58;0.166713;0;0;0
21.10.2019;06:00;285.21;94.12;1013.6;5.9;67.9;0.033026;0;0;0
21.10.2019;07:00;285.19;94.24;1014.34;5.29;71.89;0.0261;0;0;17.5431
21.10.2019;08:00;285.73;93.33;1015.02;5.21;73.28;0.020542;0;0;74.1884
21.10.2019;09:00;286.26;92.48;1015.36;5.02;74.56;0.013121;0;0;121.4586
21.10.2019;10:00;287.09;90.15;1015.76;4.72;82.01;0.012655;0;0;239.5553
21.10.2019;11:00;288.01;86.27;1015.98;4.27;93.59;0.006186;0;0;319.9548
21.10.2019;12:00;288.65;82.74;1015.76;3.64;105.16;0.001879;0;0;289.2549
21.10.2019;13:00;289.06;80.86;1015.78;2.83;129.94;0.000756;0;0;267.89
21.10.2019;14:00;289.18;80.85;1015.93;2.41;165.75;0.001767;0;0;194.997
21.10.2019;15:00;288.42;87.45;1016.29;1.77;194.53;0.038053;0;0;66.0852
21.10.2019;16:00;287.38;91.55;1016.24;1.77;211.67;0.012261;0;0;14.0956
21.10.2019;17:00;286.75;93.95;1016.48;2.2;210.7;0.010497;0;0;0.0848
21.10.2019;18:00;286.66;94.89;1017.1;2.85;217.42;0.010785;0;0;0
21.10.2019;19:00;286.26;97.43;1017.54;3.34;228.89;0.007582;0;0;0
21.10.2019;20:00;285.72;100.29;1017.73;3.6;239.36;0.014678;0;0;0
21.10.2019;21:00;284.91;103.74;1018;3.64;245.21;0.023046;0;0;0
21.10.2019;22:00;284.34;105.21;1018.2;3.55;249.77;0.0194;0;0;0
21.10.2019;23:00;283.98;105.62;1018.5;3.51;256.7;0.018074;0;0;0
21.10.2019;24:00:00;283.66;105.83;1018.81;3.38;260.63;0.017671;0;0;0
22.10.2019;01:00;283.37;105.87;1019.02;3.17;260.62;0.017024;0;0;0
22.10.2019;02:00;283.16;105.37;1019.15;3.06;258.14;0.016567;0;0;0
22.10.2019;03:00;282.96;104.8;1019.33;3.06;252.95;0.016342;0;0;0
22.10.2019;04:00;282.78;103.98;1019.35;3.08;245.69;0.012782;0;0;0
22.10.2019;05:00;282.59;103.17;1018.99;3;238.82;0.010602;0;0;0
22.10.2019;06:00;282.5;101.78;1019.26;3.33;237.81;0.007893;0;0;0
22.10.2019;07:00;282.84;98.26;1020.03;3.95;238.98;0.004984;0;0;28.8511
22.10.2019;08:00;284.05;92.1;1020.42;4.85;234.78;0.000787;0;0;113.2448
22.10.2019;09:00;284.62;89.19;1020.74;4.76;229.88;0.000064;0;0;162.6757
22.10.2019;10:00;285.43;85.92;1021.17;4.76;229.75;0.000036;0;0;198.4411
22.10.2019;11:00;286.83;76.59;1021.22;5.83;237.7;0.000023;0;0;299.8908
22.10.2019;12:00;287.68;69.33;1020.84;6.77;244.8;0.000058;0;0;318.573
22.10.2019;13:00;287.79;68.7;1020.46;6.71;249.29;0.000125;0;0;238.3737
22.10.2019;14:00;287.46;71.07;1020.09;6.1;251.28;0.000182;0;0;139.1409
22.10.2019;15:00;286.87;75.36;1019.94;5.33;253.27;0.000302;0;0;70.9912
22.10.2019;16:00;285.91;81.52;1020.13;4.53;254.04;0.000413;0;0;27.7832
22.10.2019;17:00;284.56;88.47;1020.6;3.97;251.52;0.000665;0;0;0.1002
22.10.2019;18:00;284.21;90.01;1021.13;4.09;249.7;0.00098;0;0;0
22.10.2019;19:00;283.53;93.33;1021.36;4.14;249.33;0.001113;0;0;0
22.10.2019;20:00;282.7;98.36;1021.29;4.12;249.04;0.001313;0;0;0
22.10.2019;21:00;282.24;101.56;1021.23;4.11;249.57;0.003239;0;0;0
22.10.2019;22:00;281.85;104.22;1021.34;4.11;251.18;0.007843;0;0;0
22.10.2019;23:00;281.6;105.16;1021.31;3.99;253.31;0.014648;0;0;0
22.10.2019;24:00:00;281.44;104.98;1021.24;3.84;255.47;0.018904;0;0;0
23.10.2019;01:00;281.31;104.42;1021.23;3.69;257.61;0.020815;0;0;0
23.10.2019;02:00;281.16;103.94;1021.07;3.48;258.7;0.02096;0;0;0
23.10.2019;03:00;281.18;102.5;1021;3.26;259.07;0.021454;0;0;0
23.10.2019;04:00;281.18;101.62;1020.75;2.94;255.62;0.021123;0;0;0
23.10.2019;05:00;281.42;99.57;1020.55;2.62;249.18;0.022032;0;0;0
23.10.2019;06:00;281.77;97.18;1020.51;2.35;238;0.02763;0;0;0
23.10.2019;07:00;282.14;95.34;1020.51;2.3;225.03;0.031222;0;0;14.8128
23.10.2019;08:00;282.98;91.59;1020.55;2.68;212.65;0.024036;0;0;73.9912
23.10.2019;09:00;283.86;88.45;1020.48;2.6;197.82;0.016599;0;0;146.0911
23.10.2019;10:00;285.04;82.74;1020.21;2.91;185.24;0.011541;0;0;221.9463
23.10.2019;11:00;285.89;77.99;1019.75;2.9;181.47;0.002873;0;0;300.5587
23.10.2019;12:00;286.65;74.13;1019.05;2.59;176.42;0.000952;0;0;316.0707
23.10.2019;13:00;287.17;71.95;1018.15;2.39;165.2;0.000338;0;0;300.3021
23.10.2019;14:00;287.43;71.35;1017.32;2.44;153.17;0.000144;0;0;240.5836
23.10.2019;15:00;287.19;74.94;1016.59;2.34;141.94;0.000061;0;0;143.4244
23.10.2019;16:00;285.52;85.5;1016.12;2.37;128.64;0.000039;0;0;39.7098
23.10.2019;17:00;284.16;89.26;1015.88;3.11;123.03;0.000035;0;0;0.0574
23.10.2019;18:00;284.05;90.56;1015.61;3.62;121.68;0.000018;0;0;0
23.10.2019;19:00;283.93;92.43;1015.03;4.19;121.33;0.000006;0;0;0
23.10.2019;20:00;283.74;95.2;1014.33;4.58;122.74;0.000332;0;0;0
23.10.2019;21:00;283.47;98.93;1013.93;4.6;126.56;0.008344;0;0;0
23.10.2019;22:00;283.3;100.73;1013.68;4.4;133.15;0.018654;0;0;0
23.10.2019;23:00;283.17;101.45;1013.39;4.19;139.13;0.016944;0;0;0
23.10.2019;24:00:00;283.01;102.35;1013.01;4.02;141.65;0.015482;0;0;0
24.10.2019;01:00;282.87;102.94;1012.64;3.92;141.98;0.015117;0;0;0
24.10.2019;02:00;282.77;102.81;1012.1;3.91;140.46;0.015659;0;0;0
24.10.2019;03:00;282.72;101.84;1011.39;4.06;136.35;0.016251;0;0;0
24.10.2019;04:00;282.74;100.2;1010.73;4.42;132.25;0.017014;0;0;0
24.10.2019;05:00;282.71;98.68;1010.37;4.75;133.18;0.018744;0;0;0
24.10.2019;06:00;282.55;97.85;1010.23;4.83;137.54;0.029289;0;0;0
24.10.2019;07:00;282.64;96.29;1010.01;5.04;139.87;0.034869;0;0;19.9366
24.10.2019;08:00;283.57;92.9;1009.72;5.38;141.63;0.03618;0;0;104.2943
24.10.2019;09:00;284.96;90.48;1009.41;5.07;144.76;0.031984;0;0;204.2785
24.10.2019;10:00;286.28;87.78;1009.1;5.21;148.89;0.029989;0;0;279.3236
24.10.2019;11:00;287.47;83.47;1008.59;5.57;153.38;0.008713;0;0;328.8442
24.10.2019;12:00;288.35;78.86;1007.82;5.57;154.64;0.001082;0;0;345.7933
24.10.2019;13:00;288.74;76.51;1007.12;5.49;157.58;0.000061;0;0;300.8654
24.10.2019;14:00;288.68;76.67;1006.86;5.26;165.65;0.000004;0;0;214.8307
24.10.2019;15:00;288.03;80.76;1006.82;4.25;173.97;0;0;0;121.2085
24.10.2019;16:00;286.09;90.86;1006.95;3.17;177.91;0;0;0;34.3676
24.10.2019;17:00;284.42;100.61;1007.12;3.39;180.9;0.000021;0;0;0.0154
24.10.2019;18:00;284.05;103.32;1007.25;3.55;184.75;0.000322;0;0;0
24.10.2019;19:00;283.91;104.2;1007.28;3.89;191.82;0.013739;0;0;0
24.10.2019;20:00;283.85;103.18;1007.41;4.21;202.42;0.024986;0;0;0
24.10.2019;21:00;283.71;102.44;1007.62;4.29;211.95;0.023964;0;0;0
24.10.2019;22:00;283.6;101.77;1007.94;4.31;219.07;0.015349;0;0;0
24.10.2019;23:00;283.62;101;1008.27;4.41;222.09;0.012248;0;0;0
24.10.2019;24:00:00;283.82;99.69;1008.52;4.68;222.72;0.011185;0;0;0
25.10.2019;01:00;284.23;97.43;1008.96;5.36;227.21;0.009714;0;0;0
25.10.2019;02:00;284.64;95.4;1009.51;5.72;234.61;0.003289;0;0;0
25.10.2019;03:00;284.81;94.17;1009.94;5.43;237.7;0.000234;0;0;0
25.10.2019;04:00;284.68;94.09;1010.38;5.47;233.14;0.000268;0;0;0
25.10.2019;05:00;284.57;94.1;1010.93;6.07;229.13;0.000771;0;0;0
25.10.2019;06:00;284.37;94.33;1011.48;6.41;228.19;0.002122;0;0;0
25.10.2019;07:00;284.28;94.28;1012.35;6.6;229.01;0.004321;0;0;20.8281
25.10.2019;08:00;284.92;92.24;1013.1;6.74;230.64;0.003089;0;0;115.3212
25.10.2019;09:00;285.75;89.96;1013.5;6.45;231.14;0.001846;0;0;169.3878
25.10.2019;10:00;286.45;88.24;1014.15;6.19;234.78;0.001444;0;0;169.0759
25.10.2019;11:00;287.16;83.42;1014.81;7.36;245.84;0.004794;0;0;220.6904
25.10.2019;12:00;287.97;76.57;1015;7.78;251.53;0.011554;0;0;318.3656
25.10.2019;13:00;288.38;71.14;1015.21;7.59;252.61;0.004111;0;0;302.0034
25.10.2019;14:00;288.25;69.1;1015.53;7.02;252.55;0.001162;0;0;184.5607
25.10.2019;15:00;287.74;70.26;1015.81;6.17;249.42;0.000395;0;0;109.9534
25.10.2019;16:00;286.28;77;1016.08;4.99;243.29;0.000185;0;0;33.5219
25.10.2019;17:00;284.66;84.15;1016.63;4.57;234.83;0.000208;0;0;0.0023
25.10.2019;18:00;284.18;86.17;1016.93;4.71;225.28;0.000242;0;0;0
25.10.2019;19:00;283.98;87.01;1017.01;5.17;218.46;0.000193;0;0;0
25.10.2019;20:00;284;86.93;1016.77;5.55;212.22;0.000079;0;0;0
25.10.2019;21:00;283.96;87.13;1016.36;5.75;204.68;0.000019;0;0;0
25.10.2019;22:00;283.93;87.13;1015.74;5.94;198.97;0.000003;0;0;0
25.10.2019;23:00;283.85;87.34;1014.92;6.39;194.27;0.000001;0;0;0
25.10.2019;24:00:00;283.77;87.54;1014.07;7.13;192.78;0;0;0;0
26.10.2019;01:00;283.74;87.44;1013.32;7.68;194.69;0.000001;0;0;0
26.10.2019;02:00;283.72;87.49;1012.71;7.96;198.81;0.000022;0;0;0
26.10.2019;03:00;283.66;88.22;1012.1;8.27;200.96;0.0001;0;0;0
26.10.2019;04:00;283.56;89.37;1011.53;8.46;201.94;0.000359;0;0;0
26.10.2019;05:00;283.46;90.5;1011.15;8.61;203.4;0.000642;0;0;0
26.10.2019;06:00;283.39;91.25;1010.8;8.85;204.21;0.000563;0;0;0
26.10.2019;07:00;283.51;90.98;1010.59;8.97;205.9;0.000727;0;0;19.1814
26.10.2019;08:00;284.66;85.73;1010.62;9.37;213.63;0.001917;0;0;104.5893
26.10.2019;09:00;286.29;79.42;1010.56;9.22;218.45;0.001002;0;0;208.2133
26.10.2019;10:00;288.03;73.69;1010.49;10.21;226.1;0.000317;0;0;278.8806
26.10.2019;11:00;289.24;69.37;1010.22;10.52;231.27;0.000017;0;0;337.6427
26.10.2019;12:00;290.01;66.62;1009.84;10.25;232.61;0.000002;0;0;338.9505
26.10.2019;13:00;290.36;65.69;1009.31;9.68;230.82;0.000001;0;0;286.3228
26.10.2019;14:00;290.39;65.35;1008.76;9.2;226.66;0;0;0;244.7287
26.10.2019;15:00;289.84;67.14;1008.26;8.65;222.56;0;0;0;146.9823
26.10.2019;16:00;288.75;71.73;1007.97;8.16;219.73;0;0;0;37.2984
26.10.2019;17:00;287.72;76.86;1007.92;7.98;217.04;0;0;0;0.0001
26.10.2019;18:00;287.16;80.44;1008.02;8;215.99;0;0;0;0
26.10.2019;19:00;286.41;84.94;1007.84;7.29;212.36;0;0;0;0
26.10.2019;20:00;285.99;86.89;1007.45;7.34;208.58;0.000001;0;0;0
26.10.2019;21:00;285.87;86.87;1007.15;7.47;207.7;0.000067;0;0;0
26.10.2019;22:00;285.89;85.79;1006.64;7.64;207.2;0.000469;0;0;0
26.10.2019;23:00;285.96;84.65;1006.05;7.94;207.7;0.001387;0;0;0
26.10.2019;24:00:00;286.05;83.93;1005.39;8.35;211.54;0.030754;0;0;0
27.10.2019;01:00;286.04;84.23;1004.74;8.45;214.04;0.129833;0;0;0
27.10.2019;02:00;286.03;84.59;1004.16;8.54;216.6;0.328233;0;0;0
27.10.2019;03:00;286.06;85.16;1003.77;8.66;221.15;0.485636;0;0;0
27.10.2019;04:00;286.04;86.87;1003.75;8.59;228.29;0.427555;0;0;0
27.10.2019;05:00;285.95;88.79;1004.28;8.18;244.03;0.317539;0;0;0
27.10.2019;06:00;285.73;87.6;1005.43;9.13;271.15;0.148496;0;0;0
27.10.2019;07:00;284.78;83.56;1007.02;9.87;286.38;0.029995;0;0;8.256
27.10.2019;08:00;284.12;79.06;1008.47;9.57;285.77;0.001483;0;0;83.9995
27.10.2019;09:00;284.47;70.88;1009.57;9.95;281.92;0.000501;0;0;205.5144
27.10.2019;10:00;284.91;62.03;1010.47;10.43;282.16;0.00034;0;0;309.9021
27.10.2019;11:00;285.11;58.15;1011.22;10.18;280.87;0.00048;0;0;330.4501
27.10.2019;12:00;285.2;58.13;1011.7;9.84;277.67;0.002042;0;0;298.015
27.10.2019;13:00;285.27;59.44;1012.07;9.55;274.2;0.004114;0;0;255.3175
27.10.2019;14:00;285.09;61.56;1012.37;8.98;269.91;0.004617;0;0;139.2116
27.10.2019;15:00;284.69;64.81;1012.48;8.2;264.42;0.006575;0;0;58.5683
27.10.2019;16:00;284.09;69.31;1012.68;7.64;258.86;0.011408;0;0;17.4387
27.10.2019;17:00;283.22;74.79;1013.02;7.28;255.05;0.016452;0;0;0
27.10.2019;18:00;282.59;79.07;1013.33;7.31;253.11;0.017134;0;0;0
27.10.2019;19:00;281.92;83.6;1013.46;7.19;251.03;0.017147;0;0;0
27.10.2019;20:00;281.4;87.16;1013.45;7.22;247.96;0.018114;0;0;0
27.10.2019;21:00;281.03;89.43;1013.44;7.38;245.21;0.016325;0;0;0
27.10.2019;22:00;280.81;90.5;1013.33;7.55;242.88;0.016;0;0;0
27.10.2019;23:00;280.63;91.04;1013.03;7.8;241.32;0.017009;0;0;0
27.10.2019;24:00:00;280.44;91.67;1012.65;8.17;241;0.02795;0;0;0
28.10.2019;01:00;280.34;92.24;1012.33;8.53;243.14;0.042211;0;0;0
28.10.2019;02:00;280.3;92.9;1012.08;8.59;247.99;0.059326;0;0;0
28.10.2019;03:00;280.47;92.56;1012.04;8.85;255.99;0.063716;0;0;0
28.10.2019;04:00;281.03;91.02;1012.24;9.31;268.38;0.053412;0;0;0
28.10.2019;05:00;281.32;90.06;1012.5;8.79;275.43;0.042648;0;0;0
28.10.2019;06:00;281.3;90;1012.91;8.08;278.83;0.032937;0;0;0
28.10.2019;07:00;281.33;89.89;1013.57;7.65;281.34;0.031475;0;0;10.3353
28.10.2019;08:00;281.78;88.42;1014.39;7.54;284.59;0.035377;0;0;70.5831
28.10.2019;09:00;282.54;84.35;1014.99;7.67;290.65;0.030337;0;0;133.9906
28.10.2019;10:00;283.32;79.4;1015.45;7.44;294.64;0.025843;0;0;193.944
28.10.2019;11:00;284.06;72.54;1015.73;7.3;298;0.017797;0;0;264.0011
28.10.2019;12:00;284.7;66.78;1015.84;7.01;298.74;0.014232;0;0;339.068
28.10.2019;13:00;284.91;64.09;1015.85;6.56;297.09;0.016085;0;0;305.7729
28.10.2019;14:00;284.76;64.35;1015.89;6.04;294.48;0.01161;0;0;229.7329
28.10.2019;15:00;284.16;68.28;1015.97;5.08;291.77;0.018086;0;0;121.6532
28.10.2019;16:00;282.52;79.22;1016.1;3.83;289.84;0.030242;0;0;23.0117
28.10.2019;17:00;281.59;85.27;1016.42;3.64;288.77;0.047707;0;0;0
28.10.2019;18:00;281.4;87.33;1016.65;3.66;287.95;0.064197;0;0;0
28.10.2019;19:00;281.21;88.81;1016.63;3.71;288.83;0.094808;0;0;0
28.10.2019;20:00;280.92;89.93;1016.58;3.5;291.18;0.070285;0;0;0
28.10.2019;21:00;280.71;90.11;1016.75;3.43;294.37;0.025147;0;0;0
28.10.2019;22:00;280.5;89.45;1016.83;3.46;301.08;0.02727;0;0;0
28.10.2019;23:00;280.42;88.52;1016.95;3.53;308.13;0.014775;0;0;0
28.10.2019;24:00:00;280.14;88.4;1017.14;3.55;312.88;0.010859;0;0;0
29.10.2019;01:00;279.72;89.01;1017.35;3.52;317.81;0.011384;0;0;0
29.10.2019;02:00;279.08;90.5;1017.63;3.45;324.56;0.0156;0;0;0
29.10.2019;03:00;278.61;91.63;1017.91;3.38;333.72;0.02006;0;0;0
29.10.2019;04:00;278.43;92.06;1018.33;3.38;346.44;0.021692;0;0;0
29.10.2019;05:00;278.42;91.57;1018.84;3.55;0.93;0.017528;0;0;0
29.10.2019;06:00;278.53;89.82;1019.35;3.81;13.56;0.016923;0;0;0
29.10.2019;07:00;278.74;87.2;1020.17;4.05;22.64;0.009252;0;0;11.8277
29.10.2019;08:00;280.32;81.81;1021.11;4.22;28.05;0.002043;0;0;97.2524
29.10.2019;09:00;281.62;74.93;1021.89;4.94;28.74;0.0006;0;0;213.0378
29.10.2019;10:00;282.34;66.44;1022.57;5.34;26.17;0.000451;0;0;299.3324
29.10.2019;11:00;282.84;58.37;1023.19;5.39;21.57;0.000146;0;0;369.4406
29.10.2019;12:00;283.02;54.4;1023.53;5.27;15.14;0.000038;0;0;377.5981
29.10.2019;13:00;282.87;53.32;1023.72;5.21;9.31;0.000004;0;0;337.8991
29.10.2019;14:00;282.5;54.04;1024.02;5.1;5.15;0;0;0;257.3176
29.10.2019;15:00;281.77;58.48;1024.39;4.56;2.54;0.000004;0;0;145.343
29.10.2019;16:00;279.61;73.13;1024.81;3.57;359.83;0.000002;0;0;31.105
29.10.2019;17:00;278.22;79.43;1025.27;3.78;359.63;0.000004;0;0;0
29.10.2019;18:00;277.94;80.68;1025.76;3.82;0.8;0.000006;0;0;0
29.10.2019;19:00;277.74;81.47;1026.15;3.79;3.23;0.000007;0;0;0
29.10.2019;20:00;277.59;82.07;1026.53;3.67;7.5;0.000022;0;0;0
29.10.2019;21:00;277.54;81.98;1026.99;3.5;12.28;0.000064;0;0;0
29.10.2019;22:00;277.56;80.75;1027.43;3.33;17.44;0.00005;0;0;0
29.10.2019;23:00;277.37;80.81;1027.69;3.18;22.86;0.000053;0;0;0
29.10.2019;24:00:00;277.13;81.01;1027.84;3.01;27.28;0.000075;0;0;0
30.10.2019;01:00;277.03;80.3;1027.96;2.79;29.72;0.00005;0;0;0
30.10.2019;02:00;277.04;78.91;1028.01;2.56;28.41;0.000029;0;0;0
30.10.2019;03:00;277.05;77.54;1028.07;2.36;24.88;0.000071;0;0;0
30.10.2019;04:00;277.1;76.26;1028.16;2.1;22.42;0.000027;0;0;0
30.10.2019;05:00;277.04;75.97;1028.24;1.88;19.22;0.000003;0;0;0
30.10.2019;06:00;276.94;76.01;1028.37;1.78;15.32;0;0;0;0
30.10.2019;07:00;277.12;74.59;1028.75;1.64;14.35;0;0;0;14.4823
30.10.2019;08:00;278.09;71.49;1029.07;1.33;12.87;0;0;0;116.2238
30.10.2019;09:00;279.63;66.36;1029.32;1.11;4.53;0;0;0;231.8717
30.10.2019;10:00;281.04;55.95;1029.45;0.84;1.94;0;0;0;319.4823
30.10.2019;11:00;281.75;51.69;1029.41;0.41;353.7;0;0;0;368.6172
30.10.2019;12:00;282.1;50;1029.01;0.19;297.95;0;0;0;372.9062
30.10.2019;13:00;282.25;49.19;1028.57;0.38;283.75;0;0;0;330.9315
30.10.2019;14:00;282.12;49.59;1028.2;0.54;281.42;0;0;0;249.3914
30.10.2019;15:00;281.53;57.38;1027.85;0.69;293.81;0;0;0;138.0537
30.10.2019;16:00;280.41;58.59;1027.72;0.85;305.59;0;0;0;27.5259
30.10.2019;17:00;279.7;59.01;1027.75;0.8;299.29;0;0;0;0
30.10.2019;18:00;279.25;61.16;1027.8;0.86;269.61;0;0;0;0
30.10.2019;19:00;278.56;65.17;1027.79;1.29;249.95;0;0;0;0
30.10.2019;20:00;277.52;71.79;1027.88;1.78;246.36;0;0;0;0
30.10.2019;21:00;276.99;76.26;1027.98;2.24;247.81;0;0;0;0
30.10.2019;22:00;276.39;80.92;1027.81;2.64;249.1;0;0;0;0
30.10.2019;23:00;275.52;87.04;1027.41;3.01;250.87;0;0;0;0
30.10.2019;24:00:00;274.82;92.46;1027.06;3.24;252.09;0;0;0;0
31.10.2019;01:00;274.3;97.04;1026.78;3.39;253.44;0;0;0;0
31.10.2019;02:00;273.9;101.16;1026.54;3.53;256.84;0;0;0;0
31.10.2019;03:00;273.69;103.65;1026.33;3.61;260.1;0.000078;0;0;0
31.10.2019;04:00;274.21;99.7;1026.27;3.49;261.28;0.000768;0.000231;0;0
31.10.2019;05:00;274.85;94.99;1026.1;4.01;260.77;0.000024;0.002047;0.000001;0
31.10.2019;06:00;274.94;95.15;1025.95;3.95;260.03;0.000863;0.000155;0;0
31.10.2019;07:00;275.15;93.86;1025.89;3.85;258.9;0.001258;0.000146;0;7.8138
31.10.2019;08:00;275.97;89.22;1025.95;3.99;255.78;0.001326;0.000104;0;65.9227
31.10.2019;09:00;276.92;84.83;1025.91;4.05;252.19;0.000312;0.000009;0;158.0842
31.10.2019;10:00;278.23;78.24;1025.83;4.08;249.46;0.000117;0;0;298.5066
31.10.2019;11:00;279.82;68.06;1025.64;4.11;251.01;0.000044;0;0;343.6099
31.10.2019;12:00;280.66;63.08;1025.37;3.99;253.62;0.000069;0;0;344.0667
31.10.2019;13:00;281;61.36;1024.93;3.75;256.04;0.000111;0;0;300.3017
31.10.2019;14:00;280.95;61.67;1024.44;3.37;258.53;0.000094;0;0;214.3542
31.10.2019;15:00;280.27;70.52;1024.11;2.5;261.5;0.000085;0;0;125.8806
31.10.2019;16:00;278.56;75.19;1023.89;2.4;261.79;0.000068;0;0;23.8895
31.10.2019;17:00;277.81;75.99;1023.85;2.3;257.97;0.000063;0;0;0
31.10.2019;18:00;277.36;78.76;1023.83;2.25;251.61;0.000058;0;0;0
31.10.2019;19:00;276.78;82.37;1023.76;2.32;242.55;0.000053;0;0;0
31.10.2019;20:00;276.09;86.8;1023.56;2.46;231.95;0.00004;0;0;0
31.10.2019;21:00;275.38;91.62;1023.4;2.64;223.06;0.000026;0;0;0
31.10.2019;22:00;274.75;95.93;1023.14;2.84;213.82;0.000015;0;0;0
31.10.2019;23:00;274.2;99.5;1022.78;3.08;206.12;0.00001;0;0;0
31.10.2019;24:00:00;273.73;102.4;1022.32;3.29;201.1;0.000057;0;0;0
01.11.2019;01:00;273.31;104.58;1021.86;3.44;196.36;0.000149;0;0;0
01.11.2019;02:00;272.92;105.93;1021.27;3.5;190.87;0.000052;0;0;0
01.11.2019;03:00;272.77;105.03;1020.57;3.49;184.48;0.000003;0.000204;0;0
01.11.2019;04:00;272.81;102.27;1019.85;3.63;175.69;0.000002;0.0008;0;0
01.11.2019;05:00;272.83;99.72;1019.04;3.91;165.96;0;0.001113;0;0
01.11.2019;06:00;272.89;97.71;1018.16;4.28;158.34;0;0.001014;0;0
01.11.2019;07:00;273.29;93.95;1017.51;5.03;153.96;0;0.002066;0.000001;7.639
01.11.2019;08:00;274.34;87.09;1016.89;5.95;152.57;0;0.000807;0;65.9566
01.11.2019;09:00;275.43;81.99;1016.03;6.1;150.65;0;0;0;191.509
01.11.2019;10:00;277.13;75.07;1014.88;6.79;152.87;0;0;0;269.3171
01.11.2019;11:00;278.54;70.48;1013.57;7.34;155.08;0;0;0;270.6335
01.11.2019;12:00;279.4;67.3;1011.9;7.92;155.44;0;0;0;226.9157
01.11.2019;13:00;279.73;65.77;1010.32;8.12;156.54;0;0;0;168.0062
01.11.2019;14:00;279.75;65.79;1009.07;7.88;158.79;0;0;0;107.2552
01.11.2019;15:00;279.42;67.7;1007.65;7.53;159.09;0;0;0;50.5003
01.11.2019;16:00;278.71;71.84;1006.4;6.94;158.86;0;0;0;8.8305
01.11.2019;17:00;278.04;76.62;1005.38;6.56;158.13;0.001375;0;0;0
01.11.2019;18:00;277.75;79.18;1004.23;6.61;159.53;0.039819;0;0;0
01.11.2019;19:00;277.49;81.76;1002.99;6.57;162.94;0.281998;0;0;0
01.11.2019;20:00;277.15;86.02;1001.77;6.41;165.87;0.656522;0;0;0
01.11.2019;21:00;276.88;90.15;1000.57;6.26;167.82;0.718883;0;0;0
01.11.2019;22:00;276.82;92.35;999.45;5.98;169.21;0.494137;0;0;0
01.11.2019;23:00;276.94;93.18;998.27;5.69;170.19;0.236377;0;0;0
01.11.2019;24:00:00;277.15;93.79;997.18;5.54;172.82;0.10885;0;0;0
02.11.2019;01:00;277.49;94.34;996.16;5.38;176.78;0.082494;0;0;0
02.11.2019;02:00;277.81;94.75;995.14;5.34;176.42;0.17118;0;0;0
02.11.2019;03:00;278.13;94.91;994.06;5.4;175.39;0.523803;0;0;0
02.11.2019;04:00;278.58;94.73;993.18;5.61;175.86;0.7747;0;0;0
02.11.2019;05:00;278.98;94.55;992.28;5.79;174.28;0.617488;0;0;0
02.11.2019;06:00;279.21;94.52;991.34;5.66;172.82;0.542272;0;0;0
02.11.2019;07:00;279.37;94.53;990.7;5.64;174.48;0.496463;0;0;1.2075
02.11.2019;08:00;279.72;94.33;990.42;5.89;181.54;0.245095;0;0;15.1619
02.11.2019;09:00;280.29;94.09;990.04;5.92;187.13;0.096481;0;0;42.849
02.11.2019;10:00;281.12;93.6;989.52;5.52;185.78;0.04041;0;0;91.1934
02.11.2019;11:00;282.28;92.49;989.02;5.74;186.42;0.065223;0;0;130.5021
02.11.2019;12:00;283.14;91.69;988.54;5.91;187.12;0.413465;0;0;122.394
02.11.2019;13:00;283.34;92.54;988.1;5.57;187.68;0.811628;0;0;64.4825
02.11.2019;14:00;283.61;93.16;987.94;5.72;200.19;0.422411;0;0;43.2498
02.11.2019;15:00;284.3;93.57;987.96;5.57;214.63;0.075821;0;0;55.8895
02.11.2019;16:00;284.37;96.26;988.16;5.12;224;0.021243;0;0;12.01
02.11.2019;17:00;284.69;96.58;988.59;5.38;227.48;0.027944;0;0;0
02.11.2019;18:00;284.69;96.44;988.9;5.04;225.66;0.023202;0;0;0
02.11.2019;19:00;284.59;95.95;988.99;4.76;220.22;0.024331;0;0;0
02.11.2019;20:00;284.36;95.68;989.1;4.82;214.11;0.046916;0;0;0
02.11.2019;21:00;284.32;94.91;989.28;5.28;210.91;0.046997;0;0;0
02.11.2019;22:00;283.81;95.28;989.45;4.92;208.66;0.014464;0;0;0
02.11.2019;23:00;283.35;95.51;989.49;4.76;206.43;0.014135;0;0;0
02.11.2019;24:00:00;283.24;95.25;989.27;4.82;204.58;0.010451;0;0;0
03.11.2019;01:00;283.14;95.19;989.12;4.56;199.74;0.008432;0;0;0
03.11.2019;02:00;282.94;95.34;988.86;4.52;192.35;0.022379;0;0;0
03.11.2019;03:00;283;94.84;988.65;4.66;188.17;0.091464;0;0;0
03.11.2019;04:00;282.85;94.85;988.49;4.27;188.19;0.215107;0;0;0
03.11.2019;05:00;282.52;95.27;988.27;3.86;184.29;0.323802;0;0;0
03.11.2019;06:00;282.35;95.2;988.09;3.83;180.3;0.383191;0;0;0
03.11.2019;07:00;282.5;94.57;988.09;4.34;182.99;0.379925;0;0;1.6668
03.11.2019;08:00;283;93.7;987.95;4.89;185.76;0.109606;0;0;32.2665
03.11.2019;09:00;283.74;92.92;987.86;5.14;185.71;0.030894;0;0;129.0739
03.11.2019;10:00;284.6;91.66;987.95;5.24;189.77;0.010325;0;0;190.9933
03.11.2019;11:00;285.13;89.68;988.09;5.06;193.79;0.007399;0;0;194.3351
03.11.2019;12:00;285.42;86.97;988.02;4.56;196.92;0.004684;0;0;201.5831
03.11.2019;13:00;285.8;83.12;987.86;4.07;196.65;0.001997;0;0;256.9005
03.11.2019;14:00;285.78;81.82;987.71;3.37;192.05;0.000985;0;0;181.4253
03.11.2019;15:00;285.01;87.57;987.64;2.19;179.02;0.001045;0;0;80.4507
03.11.2019;16:00;283.54;92.23;987.84;2.49;167.98;0.002507;0;0;11.4585
03.11.2019;17:00;283.14;94.33;988.1;2.69;163.73;0.006185;0;0;0
03.11.2019;18:00;283.15;95.27;988.08;2.79;160.85;0.012722;0;0;0
03.11.2019;19:00;283.13;95.74;988.02;2.85;159.4;0.025861;0;0;0
03.11.2019;20:00;283.1;95.49;988;2.88;156.5;0.030978;0;0;0
03.11.2019;21:00;282.91;95.59;988.04;2.67;151.97;0.028645;0;0;0
03.11.2019;22:00;282.65;95.66;988;2.39;143.8;0.019992;0;0;0
03.11.2019;23:00;282.32;96.01;987.77;2.28;129.49;0.014294;0;0;0
03.11.2019;24:00:00;282.05;96.33;987.44;2.54;114.79;0.016028;0;0;0
04.11.2019;01:00;282.05;95.8;987.25;2.98;106.02;0.023558;0;0;0
04.11.2019;02:00;282.09;95.22;987;3.45;101.5;0.058489;0;0;0
04.11.2019;03:00;282.08;95.03;986.76;3.61;99.51;0.374765;0;0;0
04.11.2019;04:00;282.11;94.85;986.62;3.83;98.03;0.730454;0;0;0
04.11.2019;05:00;282.12;94.78;986.55;3.88;100.53;1.391983;0;0;0
04.11.2019;06:00;282.1;94.71;986.67;3.58;106.08;1.825937;0;0;0
04.11.2019;07:00;281.97;94.87;986.88;3.17;110.14;1.913765;0;0;0.5385
04.11.2019;08:00;282.1;94.53;987.12;3.04;112.93;1.793142;0;0;9.7584
04.11.2019;09:00;282.37;93.94;987.28;2.9;112.8;1.316506;0;0;24.3107
04.11.2019;10:00;282.7;93.36;987.33;2.92;106.26;0.901323;0;0;40.0559
04.11.2019;11:00;283.08;92.72;987.29;3.23;100.05;0.970188;0;0;55.0534
04.11.2019;12:00;283.35;92.52;987.29;3.42;99.43;1.381707;0;0;54.9261
04.11.2019;13:00;283.43;92.62;987.49;3.39;102.01;1.388841;0;0;42.9793
04.11.2019;14:00;283.25;93.09;987.71;3.02;102.39;1.044315;0;0;28.8005
04.11.2019;15:00;282.91;93.61;987.92;2.73;101.44;0.717665;0;0;13.3939
04.11.2019;16:00;282.5;94.33;988.12;2.64;97.99;0.561933;0;0;1.8679
04.11.2019;17:00;282.36;94.54;988.34;2.54;94.76;0.558076;0;0;0
04.11.2019;18:00;282.37;94.31;988.52;2.31;94.21;0.655993;0;0;0
04.11.2019;19:00;282.43;93.71;988.64;2.05;91.52;0.719691;0;0;0
04.11.2019;20:00;282.47;93.04;988.75;1.97;82.4;0.65814;0;0;0
04.11.2019;21:00;282.38;92.72;988.89;2.17;72.17;0.583011;0;0;0
04.11.2019;22:00;282.25;92.82;989.11;2.38;64.47;0.519033;0;0;0
04.11.2019;23:00;282.06;93.11;989.37;2.52;59.28;0.435915;0;0;0
04.11.2019;24:00:00;281.85;93.35;989.57;2.59;53.25;0.32113;0;0;0
05.11.2019;01:00;281.64;93.52;989.77;2.72;47.17;0.288298;0;0;0
05.11.2019;02:00;281.46;93.43;989.87;2.84;43.33;0.434318;0;0;0
05.11.2019;03:00;281.29;93.29;990.1;2.87;40.94;0.700193;0;0;0
05.11.2019;04:00;281.16;93.05;990.47;2.9;39.44;0.781633;0;0;0
05.11.2019;05:00;281.02;92.81;990.79;3.08;38.48;0.614814;0;0;0
05.11.2019;06:00;280.92;92.29;991.08;3.47;39.36;0.414276;0;0;0
05.11.2019;07:00;280.76;91.85;991.5;3.78;41.69;0.30167;0;0;0.9403
05.11.2019;08:00;280.85;91;992.07;4.05;43.97;0.17935;0;0;18.0893
05.11.2019;09:00;281.2;89.18;992.57;4.26;47.02;0.094045;0;0;57.2377
05.11.2019;10:00;281.47;87.41;993.29;3.82;58.69;0.563494;0;0;87.2476
05.11.2019;11:00;281.37;87.44;993.63;3.48;67.98;0.964137;0;0;71.3683
05.11.2019;12:00;281.25;88.26;993.69;3.53;64.25;0.764333;0;0;67.6041
05.11.2019;13:00;281.14;89.03;993.54;3.79;57.6;0.595126;0;0;57.291
05.11.2019;14:00;280.98;90.04;993.48;3.96;54.23;0.549536;0;0;34.7831
05.11.2019;15:00;280.75;91.13;993.49;4.13;53.47;0.644117;0;0;15.3123
05.11.2019;16:00;280.45;92.08;993.71;4.39;54.41;0.871811;0;0;1.5262
05.11.2019;17:00;280.27;92.53;994.03;4.72;55.86;1.147152;0;0;0
05.11.2019;18:00;280.12;92.95;994.24;4.9;56.71;1.23341;0;0;0
05.11.2019;19:00;279.96;93.29;994.31;4.97;56.63;1.16903;0;0;0
05.11.2019;20:00;279.82;93.41;994.28;4.96;55.98;1.070438;0;0;0
05.11.2019;21:00;279.77;93.29;994.25;4.88;54.23;0.991558;0;0;0
05.11.2019;22:00;279.79;93.15;994.29;4.81;51.38;0.952967;0;0;0
05.11.2019;23:00;279.82;93.07;994.39;4.78;48.83;0.906997;0;0;0
05.11.2019;24:00:00;279.87;93;994.39;4.73;46.97;0.816346;0;0;0
06.11.2019;01:00;279.93;92.89;994.41;4.61;45.12;0.695575;0;0;0
06.11.2019;02:00;280;92.85;994.34;4.45;42.55;0.570712;0;0;0
06.11.2019;03:00;280.05;92.75;994.25;4.32;39.11;0.436909;0;0;0
06.11.2019;04:00;280.03;92.83;994.26;4.19;35.45;0.375367;0;0;0
06.11.2019;05:00;279.94;92.85;994.35;4.01;32.33;0.333581;0;0;0
06.11.2019;06:00;279.86;92.58;994.58;3.8;29.93;0.259675;0;0;0
06.11.2019;07:00;279.84;91.95;995.02;3.54;27.73;0.181108;0;0;1.2212
06.11.2019;08:00;280.28;90.41;995.59;3.38;24.83;0.127536;0;0;22.0785
06.11.2019;09:00;280.81;88.23;996.11;3.48;19.89;0.109906;0;0;51.925
06.11.2019;10:00;281.08;85.81;996.56;3.42;15.21;0.116657;0;0;90.572
06.11.2019;11:00;281.26;82.34;996.93;3.04;8.01;0.125893;0;0;147.7722
06.11.2019;12:00;281.43;79.18;997.25;2.66;352.26;0.091216;0;0;182.8661
06.11.2019;13:00;281.26;78.98;997.55;2.48;336.8;0.079733;0;0;125.1773
06.11.2019;14:00;280.99;80.49;997.86;2.28;326.95;0.058684;0;0;84.933
06.11.2019;15:00;280.6;84.78;998.12;1.72;321.35;0.052654;0;0;41.723
06.11.2019;16:00;279.86;88.12;998.53;1.56;319.62;0.039399;0;0;4.8216
06.11.2019;17:00;279.62;87.42;998.94;1.47;320.71;0.03398;0;0;0
06.11.2019;18:00;279.52;86.89;999.29;1.23;322.88;0.030186;0;0;0
06.11.2019;19:00;279.61;86.07;999.63;0.87;324.18;0.029051;0;0;0
06.11.2019;20:00;279.71;85.46;999.97;0.4;310.84;0.043128;0;0;0
06.11.2019;21:00;279.64;86.26;1000.35;0.34;204.97;0.072501;0;0;0
06.11.2019;22:00;279.29;88.76;1000.62;0.79;185.52;0.081928;0;0;0
06.11.2019;23:00;279.09;90.69;1000.8;1.19;187.77;0.056572;0;0;0
06.11.2019;24:00:00;278.86;92.54;1000.81;1.46;193.54;0.049581;0;0;0
07.11.2019;01:00;278.71;93.76;1000.79;1.59;201.62;0.04852;0;0;0
07.11.2019;02:00;278.54;94.45;1000.74;1.63;210.72;0.057836;0;0;0
07.11.2019;03:00;278.34;94.85;1000.72;1.64;218.9;0.052185;0;0;0
07.11.2019;04:00;278.32;94.52;1000.73;1.59;221.1;0.045103;0;0;0
07.11.2019;05:00;278.45;93.61;1000.86;1.8;221.48;0.041849;0;0;0
07.11.2019;06:00;278.37;93;1001.11;1.98;219.19;0.039764;0;0;0
07.11.2019;07:00;278.3;92.53;1001.51;2.29;213.11;0.037605;0;0;1.0621
07.11.2019;08:00;278.35;92.24;1001.87;2.51;205.49;0.030388;0;0;25.5361
07.11.2019;09:00;278.77;91.68;1002.05;2.68;199.5;0.022197;0;0;71.1232
07.11.2019;10:00;279.28;90.56;1002.25;2.78;196.47;0.021354;0;0;123.1108
07.11.2019;11:00;279.56;88.59;1002.31;2.65;191.57;0.018295;0;0;174.501
07.11.2019;12:00;279.87;85.98;1002.2;2.56;181.75;0.015446;0;0;203.6499
07.11.2019;13:00;280.15;84.23;1001.97;2.49;166.12;0.012629;0;0;181.5045
07.11.2019;14:00;280.26;84.25;1001.88;2.71;149.18;0.012264;0;0;125.9733
07.11.2019;15:00;280.06;87.49;1001.97;2.92;139.54;0.019358;0;0;56.6493
07.11.2019;16:00;279.6;92.14;1002.29;3.18;137.04;0.061336;0;0;5.0964
07.11.2019;17:00;279.87;93.13;1002.55;3.75;136.55;0.091164;0;0;0
07.11.2019;18:00;280.35;93.15;1002.61;4.4;136.45;0.064332;0;0;0
07.11.2019;19:00;280.78;93.39;1002.48;4.89;135.36;0.036783;0;0;0
07.11.2019;20:00;280.68;94.91;1002.46;4.93;136.83;0.024543;0;0;0
07.11.2019;21:00;280.47;95.59;1002.51;5.25;140.38;0.016721;0;0;0
07.11.2019;22:00;280.28;95.19;1002.67;5.47;148.37;0.009705;0;0;0
07.11.2019;23:00;279.96;94.48;1002.82;5.55;158.87;0.003704;0;0;0
07.11.2019;24:00:00;279.38;94.46;1002.91;5.53;167.8;0.000867;0;0;0
08.11.2019;01:00;278.78;95.12;1003.21;5.43;176.59;0.000399;0;0;0
08.11.2019;02:00;278.65;94.7;1003.44;5.39;185.1;0.000757;0;0;0
08.11.2019;03:00;278.58;94.65;1003.67;5;193.43;0.001404;0;0;0
08.11.2019;04:00;278.49;95;1004.13;4.6;202.02;0.002829;0;0;0
08.11.2019;05:00;278.5;95.3;1004.53;4.18;209.88;0.004094;0;0;0
08.11.2019;06:00;278.55;95.38;1005.03;3.73;215.53;0.004678;0;0;0
08.11.2019;07:00;278.44;95.44;1005.56;3.27;218.97;0.004395;0;0;1.3241
08.11.2019;08:00;278.48;94.65;1006.37;3.08;219.15;0.003688;0;0;33.7765
08.11.2019;09:00;278.87;93.03;1006.85;2.69;216.55;0.001973;0;0;97.5958
08.11.2019;10:00;279.65;89.66;1007.18;2.27;212.44;0.000527;0;0;169.8151
08.11.2019;11:00;280.46;85.91;1007.43;1.86;205.39;0.000096;0;0;183.3885
08.11.2019;12:00;281;83.63;1007.38;1.29;194.9;0.00001;0;0;160.7056
08.11.2019;13:00;281.32;82.43;1007.16;0.72;162.16;0.00001;0;0;126.6773
08.11.2019;14:00;281.28;85.16;1006.96;0.57;99.83;0.00005;0;0;76.3921
08.11.2019;15:00;280.65;87.69;1006.94;1.07;77.54;0.00067;0;0;31.6754
08.11.2019;16:00;279.93;90.26;1006.96;1.66;72.16;0.005039;0;0;2.4108
08.11.2019;17:00;279.57;93.55;1006.82;2.17;69.49;0.025844;0;0;0
08.11.2019;18:00;279.45;95.69;1006.67;2.5;69.91;0.090566;0;0;0
08.11.2019;19:00;279.45;96.81;1006.54;2.61;67.47;0.174879;0;0;0
08.11.2019;20:00;279.46;97.49;1006.39;2.59;58.62;0.228762;0;0;0
08.11.2019;21:00;279.51;97.86;1006.03;2.77;44.95;0.182677;0;0;0
08.11.2019;22:00;279.78;97.36;1005.52;3.2;38.08;0.236053;0;0;0
08.11.2019;23:00;280.23;96.12;1005.02;3.7;36.68;0.394677;0;0;0
08.11.2019;24:00:00;280.56;95.17;1004.52;3.92;39.07;0.413712;0;0;0
09.11.2019;01:00;280.79;94.58;1004;3.82;40.82;0.435272;0;0;0
09.11.2019;02:00;280.84;94.49;1003.42;3.41;42.28;0.519019;0;0;0
09.11.2019;03:00;280.83;94.47;1002.76;3.23;41.3;0.403647;0;0;0
09.11.2019;04:00;280.75;94.62;1002.33;2.87;41.44;0.443327;0;0;0
09.11.2019;05:00;280.7;94.41;1002.16;2.35;43.29;0.500816;0;0;0
09.11.2019;06:00;280.84;93.36;1002.05;1.59;43.09;0.641346;0;0;0
09.11.2019;07:00;280.85;92.91;1002.01;0.88;23.51;0.728349;0;0;0.1303
09.11.2019;08:00;280.64;93.7;1002.07;0.8;331.68;0.684996;0;0;7.1147
09.11.2019;09:00;280.73;93.71;1001.95;1.23;310.09;0.419086;0;0;21.8065
09.11.2019;10:00;281.22;92.52;1001.84;2.01;299.36;0.175525;0;0;46.2308
09.11.2019;11:00;281.61;91.26;1001.71;2.97;296.32;0.063831;0;0;95.1408
09.11.2019;12:00;281.92;88.76;1001.71;3.65;296.81;0.048433;0;0;149.1768
09.11.2019;13:00;281.79;87.98;1001.89;4.1;293.92;0.078113;0;0;106.7994
09.11.2019;14:00;281.43;89.03;1002.1;4.54;291.89;0.062416;0;0;61.999
09.11.2019;15:00;280.95;90.85;1002.39;5.03;288.58;0.034507;0;0;26.3533
09.11.2019;16:00;280.46;91.52;1002.79;5.55;286.88;0.023631;0;0;2.1205
09.11.2019;17:00;280.26;91.01;1003.21;6.03;286.45;0.020902;0;0;0
09.11.2019;18:00;280.2;91.05;1003.7;6.22;284.99;0.02218;0;0;0
09.11.2019;19:00;280.2;90.94;1004.13;6.34;284.14;0.022092;0;0;0
09.11.2019;20:00;280.2;90.81;1004.59;6.32;283.59;0.02302;0;0;0
09.11.2019;21:00;280.11;90.89;1005.07;6.04;282.14;0.027578;0;0;0
09.11.2019;22:00;279.89;91.78;1005.54;5.52;278.57;0.03599;0;0;0
09.11.2019;23:00;279.49;93.38;1006.01;5.01;272.49;0.038668;0;0;0
09.11.2019;24:00:00;279.13;93.98;1006.56;4.89;266.6;0.034412;0;0;0
10.11.2019;01:00;278.72;94.51;1007.08;4.78;261.16;0.032926;0;0;0
10.11.2019;02:00;278.35;94.75;1007.52;4.65;256.68;0.030054;0;0;0
10.11.2019;03:00;277.94;94.84;1007.87;4.34;252.51;0.026338;0;0;0
10.11.2019;04:00;277.69;94.21;1008.29;4.1;248.69;0.024212;0;0;0
10.11.2019;05:00;277.46;93.81;1008.8;3.93;246.58;0.023556;0;0;0
10.11.2019;06:00;277.2;93.8;1009.24;3.53;245.51;0.025545;0;0;0
10.11.2019;07:00;276.98;93.68;1009.81;3.2;243.43;0.026536;0;0;0.5151
10.11.2019;08:00;276.95;93.16;1010.62;3.09;238.37;0.027656;0;0;23.1293
10.11.2019;09:00;277.25;92.4;1011.22;3.14;231.59;0.023362;0;0;67.8982
10.11.2019;10:00;277.78;91.28;1011.73;3.17;231.73;0.019027;0;0;95.2552
10.11.2019;11:00;278.41;89.75;1011.96;3.21;241.27;0.019208;0;0;118.6925
10.11.2019;12:00;278.63;88.79;1011.88;3.06;249.67;0.018696;0;0;123.835
10.11.2019;13:00;278.72;88.06;1011.85;2.89;255.16;0.019768;0;0;108.3351
10.11.2019;14:00;278.69;88.01;1011.94;2.66;254.32;0.019781;0;0;75.4527
10.11.2019;15:00;278.44;89.27;1012.22;2.39;247.18;0.019794;0;0;32.4348
10.11.2019;16:00;277.97;91.21;1012.66;2.43;236.88;0.019344;0;0;2.5401
10.11.2019;17:00;277.66;92.46;1013.08;2.65;228.94;0.017804;0;0;0
10.11.2019;18:00;277.49;93.33;1013.28;2.93;224.55;0.014057;0;0;0
10.11.2019;19:00;277.43;93.92;1013.28;3.2;222.61;0.009379;0;0;0
10.11.2019;20:00;277.44;94.16;1013.13;3.44;222.74;0.007402;0;0;0
10.11.2019;21:00;277.36;94.63;1013.05;3.58;223.9;0.005984;0;0;0
10.11.2019;22:00;277.26;94.92;1012.88;3.63;224.05;0.004612;0;0;0
10.11.2019;23:00;276.91;95.65;1012.56;3.61;220.25;0.00339;0;0;0
10.11.2019;24:00:00;276.49;96.24;1012.37;3.89;215.17;0.003011;0;0;0
11.11.2019;01:00;276.12;96.32;1012.37;4.23;213.5;0.003375;0;0;0
11.11.2019;02:00;275.85;95.49;1012.38;4.6;213.28;0.004509;0;0;0
11.11.2019;03:00;275.5;95.41;1012.11;4.51;207.93;0.007266;0;0;0
11.11.2019;04:00;275.16;95.56;1011.75;4.51;199.91;0.01119;0.000693;0;0
11.11.2019;05:00;274.91;95.68;1011.48;4.66;194.44;0.012148;0.006031;0.000001;0
11.11.2019;06:00;274.72;95.75;1011.21;4.81;189.59;0.006929;0.010383;0.000004;0
11.11.2019;07:00;274.63;95.75;1010.95;5.01;182.86;0.00458;0.008744;0.000004;0.5224
11.11.2019;08:00;274.88;94.65;1010.8;5.46;177.72;0.012857;0.00481;0.000001;29.9736
11.11.2019;09:00;275.4;92.89;1010.5;5.8;174.61;0.012208;0.000463;0;82.7582
11.11.2019;10:00;276.21;90.85;1010.12;6.08;173.22;0.002832;0;0;131.9952
11.11.2019;11:00;277.15;87.37;1009.79;6.38;174.16;0.00036;0;0;165.1496
11.11.2019;12:00;278.25;81.76;1009.25;6.4;176.75;0.000001;0;0;219.1758
11.11.2019;13:00;278.99;77.56;1008.69;6.18;176.5;0;0;0;195.1529
11.11.2019;14:00;279.26;76.18;1008.08;5.85;171.62;0;0;0;136.0249
11.11.2019;15:00;278.58;81.32;1007.39;5.15;162.73;0;0;0;61.2181
11.11.2019;16:00;277.18;89.24;1006.93;5.31;156.58;0;0;0;4.5109
11.11.2019;17:00;276.91;91.4;1006.54;6.14;153.5;0;0;0;0
11.11.2019;18:00;276.63;93.05;1006.16;6.4;152.01;0;0;0;0
11.11.2019;19:00;276.37;93.64;1005.84;6.71;152.11;0.000001;0;0;0
11.11.2019;20:00;276.1;92.92;1005.54;7.25;153.31;0.000007;0;0;0
11.11.2019;21:00;275.7;92.86;1005.18;7.42;152.95;0.000009;0;0;0
11.11.2019;22:00;275.36;92.84;1004.7;7.38;153.29;0.000029;0;0;0
11.11.2019;23:00;275.31;92.15;1004.21;7.25;155.72;0.000041;0.000007;0;0
11.11.2019;24:00:00;275.35;92.13;1003.79;6.85;160.3;0.000066;0.000004;0;0
12.11.2019;01:00;275.36;92.62;1003.33;6.4;163.71;0.000342;0;0;0
12.11.2019;02:00;275.36;93.09;1003.07;6.28;165.7;0.000901;0;0;0
12.11.2019;03:00;275.4;93.23;1002.78;6.08;167.12;0.001356;0;0;0
12.11.2019;04:00;275.45;93.16;1002.52;5.93;170.28;0.00101;0.000005;0;0
12.11.2019;05:00;275.45;93.11;1002.43;5.92;174.86;0.001531;0.000002;0;0
12.11.2019;06:00;275.43;93.09;1002.35;5.89;179.74;0.001037;0;0;0
12.11.2019;07:00;275.48;93;1002.94;6.14;184.05;0.003608;0;0;0.253
12.11.2019;08:00;275.73;91.81;1003.46;6.41;187.88;0.004051;0;0;20.799
12.11.2019;09:00;276.5;88.34;1003.66;6.42;191.25;0.001299;0;0;79.544
12.11.2019;10:00;277.55;84.15;1003.69;6.53;191.74;0.000304;0;0;157.547
12.11.2019;11:00;278.88;79.25;1003.6;6.62;193.67;0.000134;0;0;259.9764
12.11.2019;12:00;280.05;74.38;1003.12;6.48;196.73;0.000135;0;0;274.3192
12.11.2019;13:00;280.64;71.4;1002.81;6.16;195.17;0.0001;0;0;238.0862
12.11.2019;14:00;280.6;71.66;1002.59;5.69;187.21;0.00005;0;0;165.204
12.11.2019;15:00;279.42;79.13;1002.83;4.76;177.06;0.000023;0;0;65.9358
12.11.2019;16:00;277.63;88.74;1003.04;5.03;166.96;0.000017;0;0;3.9487
12.11.2019;17:00;276.89;94.96;1002.79;5.25;164.73;0.000029;0;0;0
12.11.2019;18:00;276.62;97.74;1003;5.75;166.29;0.000435;0;0;0
12.11.2019;19:00;276.85;95.24;1002.93;6.44;167.3;0.002131;0;0;0
12.11.2019;20:00;277.01;93.5;1002.94;6.5;169.74;0.002163;0;0;0
12.11.2019;21:00;276.8;94.71;1002.56;5.61;171.89;0.001046;0;0;0
12.11.2019;22:00;276.87;94.1;1002.26;5.38;172.22;0.000826;0;0;0
12.11.2019;23:00;276.92;93.88;1002.21;5.4;169.9;0.001012;0;0;0
12.11.2019;24:00:00;276.87;94.24;1001.77;5.12;168.38;0.001366;0;0;0
13.11.2019;01:00;276.82;94.21;1001.3;4.77;172.67;0.001257;0;0;0
13.11.2019;02:00;276.7;94.22;1001.01;4.4;179.53;0.001333;0;0;0
13.11.2019;03:00;276.53;94.48;1000.64;4.17;183.89;0.001323;0;0;0
13.11.2019;04:00;276.38;94.86;1000.51;4.04;182.67;0.001683;0;0;0
13.11.2019;05:00;276.22;95.42;1000.44;4.1;178.56;0.002136;0;0;0
13.11.2019;06:00;276.21;95.1;1000.29;4.21;177.24;0.002222;0;0;0
13.11.2019;07:00;275.97;96.01;1000.18;4.05;175.65;0.003178;0;0;0.3143
13.11.2019;08:00;276.07;94.54;1000.58;4.68;174.2;0.005776;0;0;26.798
13.11.2019;09:00;276.41;92.79;1000.72;4.76;175.68;0.00554;0;0;71.8642
13.11.2019;10:00;277.19;90.13;1000.6;4.77;178.64;0.001903;0;0;134.7936
13.11.2019;11:00;278.65;83.45;1000.42;5.02;184.41;0.000062;0;0;224.3079
13.11.2019;12:00;279.48;78.65;1000.23;5.1;187.56;0.000279;0;0;175.4929
13.11.2019;13:00;279.52;78.95;999.9;4.41;185.18;0.000406;0;0;86.4641
13.11.2019;14:00;279.28;82.29;999.62;3.83;178.56;0.00036;0;0;55.3358
13.11.2019;15:00;278.63;87.16;999.59;3.71;174.82;0.000457;0;0;25.507
13.11.2019;16:00;277.91;91.83;999.8;4.01;175.26;0.000226;0;0;1.3106
13.11.2019;17:00;277.75;94.03;1000.21;4.48;179.42;0.000159;0;0;0
13.11.2019;18:00;277.65;94.83;1000.51;4.58;184.05;0.00022;0;0;0
13.11.2019;19:00;277.58;94.01;1000.57;4.41;189.76;0.00085;0;0;0
13.11.2019;20:00;277.4;93.46;1000.6;4.11;195.86;0.002233;0;0;0
13.11.2019;21:00;277.37;92.51;1000.86;3.95;199.29;0.002124;0;0;0
13.11.2019;22:00;277.27;92.48;1001.06;3.56;200.75;0.004253;0;0;0
13.11.2019;23:00;277.2;92.59;1001.15;3.43;204.86;0.007549;0;0;0
13.11.2019;24:00:00;277.23;92.54;1001.23;3.35;211.67;0.012792;0;0;0
14.11.2019;01:00;277.17;93.27;1001.38;3.26;215.49;0.030029;0;0;0
14.11.2019;02:00;277.08;94.21;1001.75;3.29;214.75;0.055651;0;0;0
14.11.2019;03:00;277.07;94.79;1002.16;3.49;215.97;0.066651;0;0;0
14.11.2019;04:00;277.06;95.17;1002.68;3.65;215.44;0.041838;0;0;0
14.11.2019;05:00;277;95.58;1003.39;3.75;215.4;0.037323;0;0;0
14.11.2019;06:00;276.87;96.05;1004.11;3.75;216.04;0.022841;0;0;0
14.11.2019;07:00;276.81;95.93;1004.97;3.71;214.19;0.014482;0;0;0.1417
14.11.2019;08:00;277.13;94.38;1005.97;3.86;207.68;0.012165;0;0;27.7532
14.11.2019;09:00;277.87;91.73;1006.93;3.82;200.47;0.008833;0;0;89.137
14.11.2019;10:00;278.8;88.79;1007.82;3.6;196.3;0.004975;0;0;160.4232
14.11.2019;11:00;279.93;83.88;1008.53;3.5;193.09;0.002389;0;0;220.3486
14.11.2019;12:00;280.77;79.17;1008.96;3.17;182.85;0.001264;0;0;244.3187
14.11.2019;13:00;281.23;76.11;1009.22;2.91;164.5;0.000863;0;0;221.2517
14.11.2019;14:00;281.17;76.97;1009.5;2.78;145.94;0.000356;0;0;157.5049
14.11.2019;15:00;279.63;85.59;1009.97;2.74;131.95;0.000223;0;0;65.4526
14.11.2019;16:00;277.75;94.23;1010.41;3.7;125.07;0.000155;0;0;2.6948
14.11.2019;17:00;277.37;96.98;1010.71;4.27;123.01;0.000108;0;0;0
14.11.2019;18:00;277.19;98.32;1011;4.75;123.17;0.00007;0;0;0
14.11.2019;19:00;276.95;99.43;1011.44;5.17;124.57;0.00003;0;0;0
14.11.2019;20:00;276.7;99.7;1012.04;5.55;125.38;0.000048;0;0;0
14.11.2019;21:00;276.7;97.57;1012.56;6.07;124.23;0.000324;0;0;0
14.11.2019;22:00;276.54;96.05;1012.89;6.31;121.23;0.001004;0;0;0
14.11.2019;23:00;276.32;95.54;1012.98;6.32;115.46;0.000887;0;0;0
14.11.2019;24:00:00;275.97;96.33;1012.74;6.31;106.12;0.001562;0;0;0
15.11.2019;01:00;276.19;93.86;1012.25;7.28;98.63;0.001678;0;0;0
15.11.2019;02:00;276.04;93.37;1011.68;7.73;96.03;0.001625;0.000073;0;0
15.11.2019;03:00;275.88;92.61;1011.21;8.23;93.54;0.001897;0.000224;0.000001;0
15.11.2019;04:00;275.86;91.31;1010.72;8.81;92.24;0.001546;0.000085;0;0
15.11.2019;05:00;276;90.42;1010.39;9.32;93.55;0.001682;0;0;0
15.11.2019;06:00;276.22;90.24;1010.12;9.62;95.15;0.00999;0;0;0
15.11.2019;07:00;276.48;90.09;1010.06;9.76;96.21;0.010906;0;0;0.1025
15.11.2019;08:00;276.84;89.52;1010.08;9.82;96.49;0.002675;0;0;25.5776
15.11.2019;09:00;277.41;88.2;1009.76;9.97;95.81;0.000481;0;0;91.2981
15.11.2019;10:00;278.21;86.63;1009.13;10.13;95.24;0.000358;0;0;157.2273
15.11.2019;11:00;279.11;84.98;1008.6;10.14;97.33;0.000719;0;0;178.3388
15.11.2019;12:00;279.87;84.27;1008.04;9.74;98.48;0.001426;0;0;158.7124
15.11.2019;13:00;280.3;85.16;1007.36;9.27;97.86;0.003513;0;0;107.3711
15.11.2019;14:00;280.58;86.63;1006.72;8.83;96.67;0.005228;0;0;60.0142
15.11.2019;15:00;280.67;88.88;1006.42;8.5;97.38;0.00427;0;0;24.0514
15.11.2019;16:00;280.61;91.53;1006.38;8.18;99.58;0.006237;0;0;0.8546
15.11.2019;17:00;280.68;92.96;1006.27;7.97;101.35;0.009256;0;0;0
15.11.2019;18:00;280.83;93.36;1006.1;7.85;103.08;0.011643;0;0;0
15.11.2019;19:00;280.92;93.54;1005.93;7.69;104.36;0.012715;0;0;0
15.11.2019;20:00;280.96;93.85;1005.71;7.46;104.82;0.012881;0;0;0
15.11.2019;21:00;280.93;94.22;1005.53;7.18;105.86;0.014813;0;0;0
15.11.2019;22:00;280.95;94.3;1005.29;6.81;106.23;0.018615;0;0;0
15.11.2019;23:00;280.99;94.31;1005.13;6.5;108.8;0.027289;0;0;0
15.11.2019;24:00:00;281.05;94.1;1004.73;6.06;115.58;0.042166;0;0;0
16.11.2019;01:00;280.98;94.34;1003.93;5.58;113.71;0.041392;0;0;0
16.11.2019;02:00;280.98;94.29;1003.54;5.91;119.21;0.051051;0;0;0
16.11.2019;03:00;281.02;94.16;1003.21;5.64;128.45;0.048082;0;0;0
16.11.2019;04:00;280.7;95.38;1002.48;4.67;123.74;0.012112;0;0;0
16.11.2019;05:00;280.34;96.52;1002.05;4.95;119.36;0.007891;0;0;0
16.11.2019;06:00;280.36;96.13;1001.69;5.23;120.97;0.116019;0;0;0
16.11.2019;07:00;280.48;94.97;1001.39;5.35;122.41;1.266815;0;0;0.0086
16.11.2019;08:00;280.79;93.81;1001.2;5.54;131.57;1.473526;0;0;5.2102
16.11.2019;09:00;281.05;93.35;1000.81;5.39;137.91;0.69602;0;0;29.0436
16.11.2019;10:00;281.54;92.49;1000.49;5.35;146.79;0.18523;0;0;81.7258
16.11.2019;11:00;282.31;90.88;1000.4;5.96;167.35;0.041681;0;0;148.9872
16.11.2019;12:00;282.9;88.59;1000.45;6.77;184.98;0.014677;0;0;178.1731
16.11.2019;13:00;282.48;86.98;1000.75;7.6;194.77;0.032036;0;0;129.5528
16.11.2019;14:00;281.16;88.11;1001.39;8.39;201.74;0.063474;0;0;38.0886
16.11.2019;15:00;279.78;89.32;1002.41;9.24;208.51;0.092972;0;0;5.4221
16.11.2019;16:00;278.87;90.16;1003.63;9.58;215.79;0.064392;0;0;0.1426
16.11.2019;17:00;278.44;90.67;1005.11;9.69;219.95;0.026097;0;0;0
16.11.2019;18:00;278.21;90.77;1006.65;9.67;219.04;0.008808;0;0;0
16.11.2019;19:00;277.81;91.56;1007.61;9.15;217.25;0.001024;0;0;0
16.11.2019;20:00;277.31;92.84;1008.63;8.48;214.02;0.000196;0;0;0
16.11.2019;21:00;276.89;93.68;1009.68;8.11;211;0.000266;0;0;0
16.11.2019;22:00;276.66;93.78;1010.39;7.67;212.19;0.000524;0;0;0
16.11.2019;23:00;276.53;93.93;1011.01;7.15;213.08;0.000634;0;0;0
16.11.2019;24:00:00;276.23;95.04;1011.43;6.29;209.78;0.001027;0;0;0
17.11.2019;01:00;276.41;94;1012.09;6.4;205.29;0.000759;0;0;0
17.11.2019;02:00;275.53;98.46;1012.62;5.17;201.06;0.000534;0;0;0
17.11.2019;03:00;275.66;96.66;1013.28;5.52;194.79;0.002819;0;0;0
17.11.2019;04:00;275.76;95.17;1013.98;5.37;191.41;0.005776;0;0;0
17.11.2019;05:00;275.46;95.72;1014.54;4.52;188.48;0.007811;0;0;0
17.11.2019;06:00;275.31;95.22;1014.97;3.97;183.43;0.010523;0;0;0
17.11.2019;07:00;275.33;95.04;1015.33;3.38;177.89;0.008403;0;0;0.0155
17.11.2019;08:00;275.52;94.51;1015.63;2.78;169.6;0.006262;0;0;17.463
17.11.2019;09:00;276.05;93.11;1015.92;2.27;159.13;0.003532;0;0;61.782
17.11.2019;10:00;276.9;90.74;1015.88;1.96;134.76;0.001071;0;0;115.8153
17.11.2019;11:00;278.24;85.81;1015.55;2.31;105.26;0.001514;0;0;195.145
17.11.2019;12:00;279.2;82.63;1015;3.05;82.92;0.0232;0;0;176.5302
17.11.2019;13:00;279.77;82.13;1014.26;4.03;69.32;0.080268;0;0;127.9279
17.11.2019;14:00;279.91;84.75;1013.33;4.84;60.75;0.185327;0;0;58.8625
17.11.2019;15:00;279.94;88.15;1012.49;5.55;59.43;0.388914;0;0;12.2458
17.11.2019;16:00;280.19;89.77;1011.84;6.49;61.65;0.451613;0;0;0.1292
17.11.2019;17:00;280.52;90.61;1011.24;7.17;64.55;0.389835;0;0;0
17.11.2019;18:00;280.71;91.98;1010.47;7.54;68.71;0.419499;0;0;0
17.11.2019;19:00;280.84;93.2;1009.54;7.75;77;0.467994;0;0;0
17.11.2019;20:00;280.88;94.19;1008.7;7.51;82.78;0.175474;0;0;0
17.11.2019;21:00;280.83;95.27;1007.97;6.87;83.78;0.02473;0;0;0
17.11.2019;22:00;280.87;95.66;1007.36;6.54;86.64;0.015002;0;0;0
17.11.2019;23:00;280.83;95.88;1006.9;6.46;91;0.011912;0;0;0
17.11.2019;24:00:00;280.73;95.84;1006.34;6.47;98.62;0.013481;0;0;0
18.11.2019;01:00;280.59;95.68;1005.73;6.42;105.55;0.014993;0;0;0
18.11.2019;02:00;280.49;95.65;1005.07;6.25;108.68;0.015629;0;0;0
18.11.2019;03:00;280.49;95.71;1004.51;6.11;109.03;0.014537;0;0;0
18.11.2019;04:00;280.53;95.64;1004.1;6.06;110.77;0.011851;0;0;0
18.11.2019;05:00;280.53;95.63;1003.97;6.04;113.68;0.01228;0;0;0
18.11.2019;06:00;280.45;95.66;1003.97;6.09;117.1;0.014801;0;0;0
18.11.2019;07:00;280.3;95.71;1003.97;5.99;118.84;0.01884;0;0;0.0055
18.11.2019;08:00;280.33;95.38;1004.04;5.98;122.31;0.01657;0;0;15.8693
18.11.2019;09:00;280.97;94.56;1003.89;5.99;128.2;0.012533;0;0;62.2637
18.11.2019;10:00;281.49;93.57;1003.74;5.26;126.55;0.016206;0;0;104.808
18.11.2019;11:00;282.31;91.53;1003.4;5.12;125.65;0.007503;0;0;138.8887
18.11.2019;12:00;283.24;89.03;1002.89;5.16;128.66;0.005801;0;0;161.1576
18.11.2019;13:00;283.78;88.53;1002.41;4.76;127.32;0.044036;0;0;124.2311
18.11.2019;14:00;283.64;90.96;1002.16;4.28;129.2;0.072823;0;0;59.3286
18.11.2019;15:00;283.14;93.71;1002.34;4.2;141.6;0.103528;0;0;22.3888
18.11.2019;16:00;282.96;93.76;1002.71;5;162.73;0.184401;0;0;0.2225
18.11.2019;17:00;282.29;91.64;1003.43;6.35;186.48;0.132998;0;0;0
18.11.2019;18:00;280.66;90.88;1004.4;6.9;199.87;0.035689;0;0;0
18.11.2019;19:00;279.43;91.07;1005.27;6.87;202.68;0.004776;0;0;0
18.11.2019;20:00;278.73;92.36;1006;6.36;196.15;0.000561;0;0;0
18.11.2019;21:00;278.2;94.06;1006.51;6.13;187.31;0.000401;0;0;0
18.11.2019;22:00;277.88;94.43;1006.83;6.39;179.04;0.001165;0;0;0
18.11.2019;23:00;277.54;94.01;1007.04;6.96;177.74;0.000562;0;0;0
18.11.2019;24:00:00;277.36;91.61;1007.29;7.51;176.11;0.001089;0;0;0
19.11.2019;01:00;277.19;89.06;1007.43;7.98;175.42;0.001357;0;0;0
19.11.2019;02:00;276.74;89.74;1007.28;7.67;170.98;0.000893;0;0;0
19.11.2019;03:00;276.56;89.78;1007.05;8.06;169.58;0.000572;0;0;0
19.11.2019;04:00;276.57;89.37;1006.76;8.41;168.84;0.003746;0;0;0
19.11.2019;05:00;276.77;88.85;1006.41;8.74;169.08;0.068223;0;0;0
19.11.2019;06:00;277.13;88.69;1006.14;9.14;173.04;0.196883;0;0;0
19.11.2019;07:00;277.64;88.66;1006.26;9.67;181.52;0.156899;0;0;0.0007
19.11.2019;08:00;278.38;89.06;1006.82;10.07;192.6;0.088961;0;0;3.5429
19.11.2019;09:00;279.36;89.27;1007.71;10.82;203.69;0.093601;0;0;16.8892
19.11.2019;10:00;280.06;89.48;1008.82;10.87;209.57;0.053612;0;0;39.2676
19.11.2019;11:00;280.61;88.42;1009.95;10.65;212.76;0.02707;0;0;73.3176
19.11.2019;12:00;281.09;85.57;1010.87;10.3;217.28;0.006441;0;0;104.0098
19.11.2019;13:00;281.37;83.09;1011.62;9.51;220.96;0.004981;0;0;109.5886
19.11.2019;14:00;281.35;82.42;1012.33;8.42;222.09;0.002912;0;0;79.1054
19.11.2019;15:00;280.94;83.85;1013.24;7.35;220.9;0.002892;0;0;29.2259
19.11.2019;16:00;280.3;86.11;1014.31;6.61;217.48;0.002977;0;0;0.4072
19.11.2019;17:00;279.73;88.15;1015.17;5.9;213.85;0.002751;0;0;0
19.11.2019;18:00;279.18;90.17;1015.91;5.14;210.75;0.002304;0;0;0
19.11.2019;19:00;278.74;91.8;1016.61;4.53;208.27;0.001992;0;0;0
19.11.2019;20:00;278.47;92.66;1017.2;4.02;206.48;0.002066;0;0;0
19.11.2019;21:00;278.25;93.34;1017.62;3.49;207.61;0.006581;0;0;0
19.11.2019;22:00;278.02;93.87;1017.97;3.05;213.28;0.052409;0;0;0
19.11.2019;23:00;277.86;94.21;1018.21;2.55;222.05;0.117034;0;0;0
19.11.2019;24:00:00;277.88;93.65;1018.19;1.96;235.54;0.172198;0;0;0
20.11.2019;01:00;277.93;93.08;1018.09;1.43;258.68;0.23487;0;0;0
20.11.2019;02:00;277.91;92.9;1017.99;1.11;295.43;0.320333;0;0;0
20.11.2019;03:00;277.87;92.63;1018.02;1.15;331.72;0.467155;0;0;0
20.11.2019;04:00;277.92;92.53;1018.08;1.43;3.68;0.503286;0;0;0
20.11.2019;05:00;277.91;93.07;1018.12;1.88;26.49;0.453221;0;0;0
20.11.2019;06:00;277.82;94.1;1018.12;2.33;37.36;0.368519;0;0;0
20.11.2019;07:00;277.88;94.82;1018.06;2.73;40.28;0.277109;0;0;0
20.11.2019;08:00;278.34;94.48;1017.91;2.97;41.05;0.222186;0;0;9.2346
20.11.2019;09:00;279.2;93.32;1017.68;2.96;43.79;0.240518;0;0;33.571
20.11.2019;10:00;279.83;92.7;1017.17;2.69;49.89;0.241643;0;0;52.0423
20.11.2019;11:00;280.19;92.43;1016.55;2.18;56.19;0.238771;0;0;64.5797
20.11.2019;12:00;280.4;91.89;1015.94;1.75;78.45;0.24526;0;0;71.1984
20.11.2019;13:00;280.43;91.78;1015.53;1.86;117.8;0.23415;0;0;62.5517
20.11.2019;14:00;280.25;93.06;1015.21;2.07;143.39;0.184049;0;0;38.1713
20.11.2019;15:00;279.74;94.48;1015.12;2.2;157.48;0.139064;0;0;13.8667
20.11.2019;16:00;279.21;95.46;1015.23;2.53;165.07;0.101216;0;0;0.1198
20.11.2019;17:00;279.02;95.66;1015.42;2.76;166.83;0.074367;0;0;0
20.11.2019;18:00;278.89;95.63;1015.64;2.77;166.52;0.044832;0;0;0
20.11.2019;19:00;278.67;95.9;1015.83;2.71;165.45;0.021291;0;0;0
20.11.2019;20:00;278.49;96.09;1016.05;2.65;163.25;0.019121;0;0;0
20.11.2019;21:00;278.49;95.94;1016.19;2.46;157.85;0.017789;0;0;0
20.11.2019;22:00;278.58;95.66;1016.15;2.19;148.84;0.015116;0;0;0
20.11.2019;23:00;278.6;95.61;1016.06;2.08;138.22;0.014763;0;0;0
20.11.2019;24:00:00;278.63;95.62;1015.84;2.15;127.94;0.014775;0;0;0
21.11.2019;01:00;278.71;95.52;1015.44;2.41;117.96;0.013447;0;0;0
21.11.2019;02:00;278.79;95.4;1014.99;2.71;110.66;0.015548;0;0;0
21.11.2019;03:00;278.93;95.2;1014.57;2.94;107.09;0.021915;0;0;0
21.11.2019;04:00;279.13;95.15;1014.25;3.11;104.46;0.032134;0;0;0
21.11.2019;05:00;279.5;94.98;1013.96;3.36;101.98;0.044413;0;0;0
21.11.2019;06:00;279.86;95;1013.59;3.58;102.15;0.051532;0;0;0
21.11.2019;07:00;280.16;95.13;1013.29;3.66;102.69;0.05171;0;0;0
21.11.2019;08:00;280.55;94.87;1013.18;3.99;104.12;0.05706;0;0;5.7622
21.11.2019;09:00;281.08;94.05;1012.9;4.44;104.49;0.064106;0;0;25.1766
21.11.2019;10:00;281.54;93.51;1012.61;4.59;103.32;0.049403;0;0;53.8642
21.11.2019;11:00;282.01;92.77;1012.2;4.86;102.78;0.065722;0;0;81.9434
21.11.2019;12:00;282.36;92.45;1011.68;4.98;99.55;0.051773;0;0;96.61
21.11.2019;13:00;282.44;92.6;1011.13;5.09;95.77;0.047237;0;0;75.3113
21.11.2019;14:00;282.29;93.09;1010.6;5.22;93.09;0.047479;0;0;41.8214
21.11.2019;15:00;282.02;93.46;1010.17;5.47;94.8;0.039693;0;0;12.8675
21.11.2019;16:00;281.79;93.72;1009.83;5.69;97.15;0.039567;0;0;0.0705
21.11.2019;17:00;281.74;93.64;1009.49;5.93;101.71;0.04742;0;0;0
21.11.2019;18:00;281.67;93.77;1009.18;5.95;105.92;0.063448;0;0;0
21.11.2019;19:00;281.62;93.67;1008.92;6.02;111.61;0.117387;0;0;0
21.11.2019;20:00;281.53;93.69;1008.67;5.93;115.85;0.303748;0;0;0
21.11.2019;21:00;281.36;93.78;1008.42;5.74;115.55;0.699942;0;0;0
21.11.2019;22:00;281.23;93.73;1008.17;5.66;114.51;1.099395;0;0;0
21.11.2019;23:00;281.07;93.77;1008;5.75;113.89;1.276095;0;0;0
21.11.2019;24:00:00;280.93;93.76;1007.87;5.82;116.93;1.127619;0;0;0
22.11.2019;01:00;280.85;93.94;1007.68;5.7;122.83;0.771227;0;0;0
22.11.2019;02:00;280.78;94.28;1007.6;5.46;128.27;0.412986;0;0;0
22.11.2019;03:00;280.74;94.57;1007.64;5.27;134.51;0.195657;0;0;0
22.11.2019;04:00;280.79;94.54;1007.78;5.35;145.48;0.083586;0;0;0
22.11.2019;05:00;280.71;94.83;1007.98;5;152.47;0.04034;0;0;0
22.11.2019;06:00;280.59;94.94;1008.18;4.78;157.57;0.044673;0;0;0
22.11.2019;07:00;280.47;95.02;1008.55;4.67;160.66;0.048429;0;0;0
22.11.2019;08:00;280.35;95;1009.1;4.73;163.11;0.04962;0;0;8.7116
22.11.2019;09:00;280.48;94.51;1009.62;4.93;166.74;0.045853;0;0;41.1816
22.11.2019;10:00;280.85;93.89;1010.03;4.77;168.7;0.030919;0;0;82.3116
22.11.2019;11:00;281.47;92.14;1010.19;4.56;167.38;0.013069;0;0;120.4399
22.11.2019;12:00;282.11;89.79;1010.17;4.49;163.4;0.004385;0;0;153.9041
22.11.2019;13:00;282.49;88.17;1010.14;4.4;157.5;0.001596;0;0;145.6252
22.11.2019;14:00;282.38;89.15;1010.26;4.13;149.8;0.002699;0;0;88.8193
22.11.2019;15:00;281.67;92.21;1010.49;3.91;143.97;0.007985;0;0;26.2433
22.11.2019;16:00;281.14;94.04;1010.76;4.39;139.46;0.016783;0;0;0.1153
22.11.2019;17:00;281.15;93.5;1010.89;5;136.27;0.024837;0;0;0
22.11.2019;18:00;281.16;93.09;1010.95;5.23;134.49;0.022523;0;0;0
22.11.2019;19:00;281.33;93.17;1010.95;5.27;130.62;0.016391;0;0;0
22.11.2019;20:00;281.4;94.28;1010.93;5.32;126.06;0.012504;0;0;0
22.11.2019;21:00;281.36;95.2;1010.92;5.57;122.15;0.016444;0;0;0
22.11.2019;22:00;281.43;94.79;1010.86;6.22;124.36;0.020505;0;0;0
22.11.2019;23:00;281.26;94.79;1010.87;6.54;127.3;0.020957;0;0;0
22.11.2019;24:00:00;280.97;94.68;1010.8;6.66;126.67;0.019557;0;0;0
23.11.2019;01:00;280.63;94.65;1010.65;6.81;123.31;0.013322;0;0;0
23.11.2019;02:00;280.23;94.65;1010.45;6.98;119.52;0.006819;0;0;0
23.11.2019;03:00;279.83;94.58;1010.27;7.1;117.32;0.007761;0;0;0
23.11.2019;04:00;279.52;94.32;1010.29;7.09;115.64;0.011531;0;0;0
23.11.2019;05:00;279.29;94.22;1010.28;7.13;113.97;0.016537;0;0;0
23.11.2019;06:00;279.13;94.06;1010.11;7.12;111.96;0.025157;0;0;0
23.11.2019;07:00;279.04;93.78;1009.88;7.3;110.1;0.025978;0;0;0
23.11.2019;08:00;278.97;93.32;1009.75;7.52;108.62;0.020711;0;0;7.5995
23.11.2019;09:00;279.08;92.13;1009.65;7.7;107.79;0.013428;0;0;38.5719
23.11.2019;10:00;279.36;89.95;1009.51;7.78;106.14;0.007971;0;0;80.9278
23.11.2019;11:00;279.73;87;1009.27;7.86;105.85;0.008372;0;0;113.0671
23.11.2019;12:00;280.06;83.88;1008.99;7.94;108.18;0.008268;0;0;108.9297
23.11.2019;13:00;280.23;81.97;1008.78;7.82;107.71;0.003723;0;0;106.2498
23.11.2019;14:00;280.22;81.15;1008.72;7.69;105.73;0.001009;0;0;88.4837
23.11.2019;15:00;279.59;83.64;1008.84;7.3;102.5;0.000187;0;0;34.4051
23.11.2019;16:00;278.54;87.77;1009.08;7.45;101.17;0.000017;0;0;0.0918
23.11.2019;17:00;277.74;90.38;1009.33;7.74;102.2;0.000018;0;0;0
23.11.2019;18:00;277.08;92.17;1009.63;7.83;105.08;0.00004;0;0;0
23.11.2019;19:00;276.65;93.32;1009.91;7.72;108.66;0.000202;0;0;0
23.11.2019;20:00;276.44;93.79;1010.1;7.47;110.6;0.000567;0;0;0
23.11.2019;21:00;276.3;94.14;1010.35;6.98;109.19;0.001503;0;0;0
23.11.2019;22:00;276.31;93.8;1010.54;6.78;106.92;0.003954;0;0;0
23.11.2019;23:00;276.37;93.38;1010.65;6.88;106.3;0.008919;0;0;0
23.11.2019;24:00:00;276.3;93.79;1010.7;6.82;104.44;0.014146;0;0;0
24.11.2019;01:00;276.24;94.05;1010.59;6.78;101.81;0.019507;0;0;0
24.11.2019;02:00;276.19;94.18;1010.5;6.8;99.83;0.022779;0;0;0
24.11.2019;03:00;276.15;94.24;1010.48;6.83;99.72;0.022144;0;0;0
24.11.2019;04:00;276.16;94.21;1010.48;6.83;100.62;0.01713;0;0;0
24.11.2019;05:00;276.2;94.05;1010.48;6.75;101.56;0.013616;0;0;0
24.11.2019;06:00;276.19;93.83;1010.61;6.54;101.6;0.012318;0;0;0
24.11.2019;07:00;276.17;93.57;1010.95;6.4;101.4;0.014364;0;0;0
24.11.2019;08:00;276.22;93.1;1011.34;6.3;100.34;0.020704;0;0;8.3096
24.11.2019;09:00;276.6;91.46;1011.51;6.35;99.13;0.018709;0;0;39.7318
24.11.2019;10:00;277.1;89.46;1011.57;6.35;97.72;0.009902;0;0;68.5824
24.11.2019;11:00;277.65;87.32;1011.5;6.2;96.24;0.005268;0;0;102.7031
24.11.2019;12:00;278.32;84.61;1011.28;6.22;96.99;0.002569;0;0;127.4329
24.11.2019;13:00;278.81;82.73;1011.05;6.23;97.43;0.001104;0;0;130.6887
24.11.2019;14:00;278.92;82.76;1010.99;6.04;98.21;0.000479;0;0;97.6438
24.11.2019;15:00;278.31;87.05;1011.14;5.08;98.56;0.000436;0;0;30.7212
24.11.2019;16:00;277.64;90.94;1011.37;5.03;101.35;0.000708;0;0;0.0386
24.11.2019;17:00;277.7;90.92;1011.55;5.48;104.52;0.002236;0;0;0
24.11.2019;18:00;277.67;91.37;1011.68;5.66;107.81;0.005121;0;0;0
24.11.2019;19:00;277.5;92.06;1011.78;5.56;111.35;0.006782;0;0;0
24.11.2019;20:00;277.16;93.05;1012;5.26;114.47;0.013385;0;0;0
24.11.2019;21:00;276.85;93.44;1012.16;4.89;116.09;0.023182;0;0;0
24.11.2019;22:00;276.65;93.62;1012.27;4.49;115.52;0.016482;0;0;0
24.11.2019;23:00;276.56;93.55;1012.3;4.42;112.91;0.013153;0;0;0
24.11.2019;24:00:00;276.54;93.44;1012.08;4.55;109.72;0.008275;0;0;0
25.11.2019;01:00;276.53;93.47;1011.76;4.65;107.84;0.009051;0;0;0
25.11.2019;02:00;276.42;93.93;1011.53;4.53;107.28;0.009921;0;0;0
25.11.2019;03:00;276.2;94.47;1011.54;4.21;108.21;0.009945;0;0;0
25.11.2019;04:00;276.07;94.3;1011.78;4.17;110.71;0.013015;0;0;0
25.11.2019;05:00;275.95;93.89;1012.07;4.15;114.47;0.018254;0;0;0
25.11.2019;06:00;275.78;93.85;1012.22;4.24;116.68;0.016928;0;0;0
25.11.2019;07:00;275.69;93.92;1012.24;4.29;116.74;0.015347;0;0;0
25.11.2019;08:00;275.77;93.74;1012.31;4.34;117.29;0.017953;0;0;6.5714
25.11.2019;09:00;276.08;92.97;1012.35;4.34;120.05;0.01838;0;0;28.5176
25.11.2019;10:00;276.45;92.25;1012.29;4.12;123.05;0.017164;0;0;47.5029
25.11.2019;11:00;276.82;91.56;1012.05;3.91;124.02;0.015391;0;0;60.3514
25.11.2019;12:00;277.17;91.03;1011.67;3.84;123.07;0.016718;0;0;67.2999
25.11.2019;13:00;277.4;90.88;1011.44;3.82;121.83;0.024346;0;0;51.0683
25.11.2019;14:00;277.47;91.21;1011.41;3.76;121.5;0.02999;0;0;32.908
25.11.2019;15:00;277.37;92.13;1011.47;3.66;121.25;0.028588;0;0;8.912
25.11.2019;16:00;277.23;93.01;1011.45;3.83;120.46;0.025088;0;0;0.0025
25.11.2019;17:00;277.15;93.27;1011.3;4.25;122.02;0.02311;0;0;0
25.11.2019;18:00;277.08;93.47;1011.1;4.59;125.17;0.02155;0;0;0
25.11.2019;19:00;277.04;93.63;1010.9;4.71;129.16;0.019974;0;0;0
25.11.2019;20:00;277.01;93.72;1010.72;4.68;133.26;0.020448;0;0;0
25.11.2019;21:00;276.99;93.75;1010.52;4.6;136.11;0.017918;0;0;0
25.11.2019;22:00;276.98;93.75;1010.31;4.46;138.66;0.015029;0;0;0
25.11.2019;23:00;276.97;93.82;1010.01;4.26;140.38;0.01901;0;0;0
25.11.2019;24:00:00;276.98;93.96;1009.65;4.06;141.7;0.0307;0;0;0
26.11.2019;01:00;276.97;94.26;1009.19;3.92;141.68;0.027248;0;0;0
26.11.2019;02:00;277.01;94.46;1008.68;3.97;140.71;0.025608;0;0;0
26.11.2019;03:00;276.99;94.86;1008.12;4.02;139.02;0.019768;0;0;0
26.11.2019;04:00;277.02;95.04;1007.62;4.2;138.8;0.013711;0;0;0
26.11.2019;05:00;277.11;95;1007.27;4.34;140.67;0.014342;0;0;0
26.11.2019;06:00;277.24;94.91;1007.06;4.41;144.52;0.016706;0;0;0
26.11.2019;07:00;277.33;94.97;1006.93;4.26;147.44;0.017812;0;0;0
26.11.2019;08:00;277.45;94.88;1006.88;4.28;150.82;0.015784;0;0;5.1443
26.11.2019;09:00;277.65;94.48;1006.43;4.55;150.11;0.011357;0;0;20.9191
26.11.2019;10:00;277.89;94.01;1005.99;4.54;152.96;0.027609;0;0;35.2169
26.11.2019;11:00;278.08;93.56;1005.53;4.54;159.5;0.024971;0;0;41.7654
26.11.2019;12:00;278.28;92.68;1005;4.74;168.98;0.016629;0;0;50.3208
26.11.2019;13:00;278.48;91.68;1004.62;4.69;176.67;0.02285;0;0;56.4616
26.11.2019;14:00;278.55;91.77;1004.34;4.19;179.68;0.028901;0;0;26.9734
26.11.2019;15:00;278.51;92.74;1004.2;3.77;178.17;0.024356;0;0;6.2284
26.11.2019;16:00;278.54;93.17;1004.07;3.99;176.35;0.024751;0;0;0.0005
26.11.2019;17:00;278.62;93.31;1003.7;4.38;174.31;0.020864;0;0;0
26.11.2019;18:00;278.67;93.5;1003.37;4.56;174.53;0.014808;0;0;0
26.11.2019;19:00;278.71;93.7;1003.08;4.59;176.12;0.012203;0;0;0
26.11.2019;20:00;278.78;93.8;1002.87;4.65;177.2;0.011717;0;0;0
26.11.2019;21:00;278.91;93.66;1002.6;4.61;178.2;0.016417;0;0;0
26.11.2019;22:00;279.09;93.43;1002.24;4.4;178.73;0.023312;0;0;0
26.11.2019;23:00;279.22;93.39;1001.7;4.2;175.72;0.026263;0;0;0
26.11.2019;24:00:00;279.28;93.56;1001.04;4.22;170.59;0.025104;0;0;0
27.11.2019;01:00;279.27;93.86;1000.33;4.43;165.2;0.026025;0;0;0
27.11.2019;02:00;279.21;94.16;999.78;4.71;163.36;0.025554;0;0;0
27.11.2019;03:00;279.04;94.63;999.25;4.87;163.56;0.01716;0;0;0
27.11.2019;04:00;278.82;94.94;998.77;4.96;161.69;0.012188;0;0;0
27.11.2019;05:00;278.65;95.01;998.26;5.12;160.29;0.00863;0;0;0
27.11.2019;06:00;278.44;95.27;997.76;5.22;158.94;0.006868;0;0;0
27.11.2019;07:00;278.25;95.46;997.28;5.45;157.6;0.007747;0;0;0
27.11.2019;08:00;278.19;95.26;996.97;5.87;155.28;0.010418;0;0;9.014
27.11.2019;09:00;278.42;94.12;996.79;6.48;157.54;0.008773;0;0;46.5525
27.11.2019;10:00;278.84;92.65;996.49;6.69;159.1;0.01312;0;0;65.6612
27.11.2019;11:00;279.21;91.31;995.68;6.56;155.64;0.046044;0;0;67.1211
27.11.2019;12:00;279.44;90.4;994.75;6.45;152.02;0.076177;0;0;60.1445
27.11.2019;13:00;279.5;90.36;993.98;6.54;151.4;0.105877;0;0;42.1397
27.11.2019;14:00;279.44;91;993.37;6.57;153.61;0.212235;0;0;23.3079
27.11.2019;15:00;279.29;91.96;992.84;6.52;157.39;0.235111;0;0;6.7388
27.11.2019;16:00;279.12;92.95;992.37;6.45;161.76;0.111977;0;0;0.0004
27.11.2019;17:00;279;93.71;991.96;6.32;166.73;0.120283;0;0;0
27.11.2019;18:00;278.94;94.31;991.62;6.2;171.1;0.153733;0;0;0
27.11.2019;19:00;278.95;94.74;991.35;6.02;174.1;0.076942;0;0;0
27.11.2019;20:00;278.9;95.25;991.1;5.88;174.85;0.026691;0;0;0
27.11.2019;21:00;278.75;95.71;990.89;5.9;174.85;0.009881;0;0;0
27.11.2019;22:00;278.57;95.89;990.63;5.87;173.57;0.012241;0;0;0
27.11.2019;23:00;278.43;95.86;990.12;5.9;171.4;0.017081;0;0;0
27.11.2019;24:00:00;278.34;95.8;989.44;6.02;169.02;0.018082;0;0;0
28.11.2019;01:00;278.31;95.73;988.74;6.33;168.01;0.026669;0;0;0
28.11.2019;02:00;278.39;95.67;988.05;6.69;170.13;0.047482;0;0;0
28.11.2019;03:00;278.52;95.64;987.38;6.95;175.39;0.042227;0;0;0
28.11.2019;04:00;278.69;95.59;986.94;7.22;181.09;0.01824;0;0;0
28.11.2019;05:00;278.78;95.61;986.74;7.42;183.33;0.017135;0;0;0
28.11.2019;06:00;278.9;95.5;986.62;7.7;183.95;0.045546;0;0;0
28.11.2019;07:00;279.11;95.31;986.43;8.01;184.66;0.114037;0;0;0
28.11.2019;08:00;279.37;95.1;986.41;8.18;187.8;0.121096;0;0;4.6348
28.11.2019;09:00;279.79;94.54;986.38;8.33;192.49;0.097616;0;0;32.2784
28.11.2019;10:00;280.46;93.41;986.31;8.31;195.49;0.097249;0;0;74.7015
28.11.2019;11:00;281.3;91.71;986.12;8.36;198.23;0.04311;0;0;118.4888
28.11.2019;12:00;282.12;89.89;985.72;8.12;200.1;0.01494;0;0;138.0314
28.11.2019;13:00;282.68;88.48;985.17;8.05;199.99;0.064944;0;0;128.054
28.11.2019;14:00;282.77;88.14;984.71;8.01;200.17;0.156575;0;0;68.2204
28.11.2019;15:00;282.45;88.96;984.31;8.1;202.04;0.240932;0;0;15.7426
28.11.2019;16:00;282.12;89.35;984.02;8.84;207.2;0.338638;0;0;0.0001
28.11.2019;17:00;281.8;90.32;983.72;8.94;210.24;0.37507;0;0;0
28.11.2019;18:00;281.53;91.34;983.42;8.77;212.88;0.341568;0;0;0
28.11.2019;19:00;281.38;92.21;983.27;8.51;217.83;0.32409;0;0;0
28.11.2019;20:00;281.28;93.11;983.34;7.96;225.22;0.316454;0;0;0
28.11.2019;21:00;281.19;93.85;983.63;7.28;236.03;0.218191;0;0;0
28.11.2019;22:00;281.14;93.85;984.21;7.28;251.32;0.118288;0;0;0
28.11.2019;23:00;281.03;93.22;985.03;8.02;264.96;0.086935;0;0;0
28.11.2019;24:00:00;280.58;92.47;985.93;8.2;268.81;0.048251;0;0;0
29.11.2019;01:00;280;91.71;986.64;8.14;266.95;0.031726;0;0;0
29.11.2019;02:00;279.46;91.83;987.18;7.92;262.53;0.045208;0;0;0
29.11.2019;03:00;279;92.46;987.59;7.84;259.28;0.055511;0;0;0
29.11.2019;04:00;278.7;91.57;988.01;8.43;256.89;0.049869;0;0;0
29.11.2019;05:00;278.12;90.94;988.48;8.72;256.71;0.040075;0;0;0
29.11.2019;06:00;277.64;90.07;988.93;8.92;260.08;0.033418;0;0;0
29.11.2019;07:00;277.26;89.11;989.51;9.37;265.93;0.023999;0;0;0
29.11.2019;08:00;276.98;88.29;990.32;9.98;271.87;0.032542;0;0;10.2405
29.11.2019;09:00;276.94;85.62;991.17;10.8;277.74;0.060394;0;0;52.7277
29.11.2019;10:00;277.05;83.24;992.13;11.26;284.4;0.066294;0;0;83.2042
29.11.2019;11:00;277.23;79.88;993.19;11.79;293.5;0.064656;0;0;119.2328
29.11.2019;12:00;277.22;76.66;994.44;12.16;302.18;0.065132;0;0;107.6967
29.11.2019;13:00;277.13;75.36;995.96;12.14;309.58;0.065129;0;0;89.8344
29.11.2019;14:00;277.04;73.8;997.72;11.9;316.33;0.037578;0;0;46.0514
29.11.2019;15:00;276.98;71.68;999.47;11.12;321.02;0.009683;0;0;16.6005
29.11.2019;16:00;276.72;71.22;1001.12;10.25;324.3;0.000764;0;0;0.0001
29.11.2019;17:00;276.38;72.78;1002.67;9.35;325.68;0.000012;0;0;0
29.11.2019;18:00;276.06;75.39;1004.1;8.42;325.22;0;0;0;0
29.11.2019;19:00;275.8;78.33;1005.45;7.5;323.37;0;0;0;0
29.11.2019;20:00;275.56;80.95;1006.67;6.78;319.04;0.000001;0;0;0
29.11.2019;21:00;275.42;82.25;1007.84;6.36;314.35;0.000001;0;0;0
29.11.2019;22:00;275.16;83.28;1008.84;5.95;310.41;0.000001;0;0;0
29.11.2019;23:00;274.87;83.94;1009.76;5.63;306.31;0.000001;0;0;0
29.11.2019;24:00:00;274.62;84.7;1010.61;5.42;301.25;0;0;0;0
30.11.2019;01:00;274.35;86.08;1011.29;5.23;295.4;0.000001;0.000097;0;0
30.11.2019;02:00;274.09;87.92;1011.91;5.15;289.28;0.000002;0.000153;0;0
30.11.2019;03:00;273.93;89.52;1012.49;5.17;283.8;0.000016;0.000048;0;0
30.11.2019;04:00;273.79;92.12;1012.95;5.24;279.11;0.000013;0.00019;0;0
30.11.2019;05:00;273.65;94.89;1013.39;5.23;277.54;0.000009;0.000248;0;0
30.11.2019;06:00;273.83;94.79;1013.79;5.25;277.88;0.000019;0.001078;0;0
30.11.2019;07:00;274.1;93.13;1014.2;5.33;278.45;0.000024;0.003314;0.000001;0
30.11.2019;08:00;274.26;92.14;1014.69;5.19;278.77;0.000032;0.003769;0.000001;11.7651
30.11.2019;09:00;275.48;86.78;1015.23;5.29;281.98;0.000161;0.001154;0;71.8306
30.11.2019;10:00;276.96;80.3;1015.68;5.56;288.44;0.000846;0;0;160.811
30.11.2019;11:00;278.1;74.79;1015.99;5.8;292.69;0.001885;0;0;203.2559
30.11.2019;12:00;278.64;71.92;1016.18;5.79;294.77;0.004472;0;0;177.9341
30.11.2019;13:00;278.56;72.08;1016.56;5.54;295.59;0.006274;0;0;125.142
30.11.2019;14:00;278.1;73.92;1017.06;5.04;296.34;0.006316;0;0;67.1905
30.11.2019;15:00;277.15;79.25;1017.64;4.34;295.3;0.004442;0;0;16.254
30.11.2019;16:00;276.37;83.28;1018.09;4.16;293.73;0.003469;0;0;0
30.11.2019;17:00;276.06;85.11;1018.29;4.08;293.15;0.002846;0;0;0
30.11.2019;18:00;275.85;86.38;1018.47;3.99;293.11;0.002944;0;0;0
30.11.2019;19:00;275.75;87.02;1018.72;3.97;293.01;0.003475;0;0;0
30.11.2019;20:00;275.7;87.31;1018.97;3.94;293.31;0.004536;0;0;0
30.11.2019;21:00;275.65;87.61;1019.27;3.84;292.96;0.006118;0;0;0
30.11.2019;22:00;275.61;87.94;1019.62;3.73;291.98;0.007384;0;0;0
30.11.2019;23:00;275.47;88.62;1019.86;3.58;290.81;0.008103;0.000129;0;0
30.11.2019;24:00:00;275.32;89.52;1019.94;3.44;288.51;0.00858;0.000827;0;0
01.12.2019;01:00;275.18;91.15;1019.86;3.34;284.8;0.010105;0.000606;0;0
01.12.2019;02:00;275.04;92.97;1019.83;3.29;280.43;0.012503;0.000534;0;0
01.12.2019;03:00;274.93;94.57;1019.69;3.27;276.3;0.013002;0.000735;0;0
01.12.2019;04:00;274.78;95.76;1019.61;3.22;271.52;0.017694;0.000552;0;0
01.12.2019;05:00;274.82;95.29;1019.62;3.31;266.5;0.023426;0.000486;0;0
01.12.2019;06:00;274.98;93.86;1019.65;3.68;260.56;0.027003;0.000435;0;0
01.12.2019;07:00;275.02;93.21;1019.67;3.93;256.46;0.03177;0.00027;0;0
01.12.2019;08:00;275.05;92.93;1019.87;4.02;255.08;0.036384;0;0;4.3434
01.12.2019;09:00;275.4;91.75;1020;4.1;255.11;0.033605;0;0;27.9136
01.12.2019;10:00;275.9;90.33;1019.9;4.34;257.19;0.030346;0;0;63.3259
01.12.2019;11:00;276.28;89.25;1019.56;4.52;257.96;0.030262;0;0;81.313
01.12.2019;12:00;276.52;88.7;1019.21;4.73;256.78;0.037748;0;0;80.1082
01.12.2019;13:00;276.62;88.67;1018.83;4.82;255.26;0.037595;0;0;67.7868
01.12.2019;14:00;276.48;89.73;1018.42;4.72;254.2;0.035596;0;0;40.2712
01.12.2019;15:00;276.11;91.39;1018.1;4.55;255.91;0.050026;0;0;8.7475
01.12.2019;16:00;275.9;92.26;1018.08;4.65;259.82;0.048708;0;0;0
01.12.2019;17:00;275.87;92.39;1018.01;4.6;264.2;0.050098;0;0;0
01.12.2019;18:00;275.83;92.69;1017.84;4.36;268.04;0.045198;0;0;0
01.12.2019;19:00;275.81;92.82;1017.68;4.23;271.06;0.041247;0;0;0
01.12.2019;20:00;275.8;92.95;1017.39;4.17;270.74;0.038466;0;0;0
01.12.2019;21:00;275.76;93.08;1016.99;4.13;266.57;0.042362;0;0;0
01.12.2019;22:00;275.7;93.24;1016.57;4.28;260.92;0.050552;0;0;0
01.12.2019;23:00;275.65;93.35;1016.18;4.63;256.06;0.053271;0;0;0
01.12.2019;24:00:00;275.7;93.4;1015.84;5.21;254.03;0.069451;0;0;0
02.12.2019;01:00;275.68;93.87;1015.47;5.66;253.73;0.085564;0;0;0
02.12.2019;02:00;275.62;94.57;1015.03;5.99;253.92;0.068685;0;0;0
02.12.2019;03:00;275.67;94.81;1014.63;6.29;257.03;0.092607;0;0;0
02.12.2019;04:00;275.83;94.54;1014.42;6.78;263.27;0.120097;0;0;0
02.12.2019;05:00;275.99;94.38;1013.81;6.75;264.32;0.094168;0;0;0
02.12.2019;06:00;276.2;94.12;1013.46;6.96;268.46;0.063736;0;0;0
02.12.2019;07:00;276.6;93.82;1013.42;7.13;276.34;0.039948;0;0;0
02.12.2019;08:00;276.87;93.7;1013.7;7.06;281.99;0.023566;0;0;5.9857
02.12.2019;09:00;277.27;92.59;1014.06;7.06;284.42;0.009555;0;0;57.5757
02.12.2019;10:00;277.77;90.76;1014.39;7.27;286.47;0.008755;0;0;121.8554
02.12.2019;11:00;278.29;88.05;1014.47;7.42;288.09;0.022738;0;0;168.6684
02.12.2019;12:00;278.59;84.64;1014.36;7.72;291.65;0.024292;0;0;168.4144
02.12.2019;13:00;278.6;82.77;1014.28;7.52;293.66;0.030775;0;0;136.5198
02.12.2019;14:00;278.32;82.73;1014.37;7.26;296.63;0.027965;0;0;70.5674
02.12.2019;15:00;277.73;84.37;1014.64;6.81;301.64;0.032595;0;0;15.1663
02.12.2019;16:00;277.19;85.9;1015.08;6.56;308.84;0.021358;0;0;0
02.12.2019;17:00;276.85;86;1015.52;6.42;318.07;0.015739;0;0;0
02.12.2019;18:00;276.64;84.96;1016.23;6.28;328.74;0.01158;0;0;0
02.12.2019;19:00;276.43;83.34;1017.04;5.9;338.45;0.004648;0;0;0
02.12.2019;20:00;275.44;83.78;1017.77;4.83;345.59;0.000443;0;0;0
02.12.2019;21:00;274.31;83.84;1018.45;4.26;347.09;0.000049;0;0;0
02.12.2019;22:00;273.64;82.3;1019.22;4.08;343.42;0.000004;0;0;0
02.12.2019;23:00;273.23;80.93;1020.19;4.04;338.99;0.000001;0;0;0
02.12.2019;24:00:00;272.91;80.49;1020.91;3.89;333.49;0;0;0;0
03.12.2019;01:00;272.71;80.96;1021.24;3.61;323.87;0;0;0;0
03.12.2019;02:00;272.66;82.29;1021.63;3.42;312.85;0.000001;0;0;0
03.12.2019;03:00;272.53;85.31;1022.05;3.54;300.71;0.000001;0;0;0
03.12.2019;04:00;272.45;88.39;1022.23;3.65;290.04;0.000003;0;0;0
03.12.2019;05:00;272.41;91;1022.3;3.64;280.88;0.000005;0.000002;0;0
03.12.2019;06:00;272.37;93.39;1022.57;3.61;273.35;0.000004;0.000271;0;0
03.12.2019;07:00;272.54;94.65;1022.67;3.73;265.25;0.000003;0.000461;0;0
03.12.2019;08:00;273.02;93.73;1022.85;3.82;257.33;0.000003;0.000257;0;8.958
03.12.2019;09:00;274.16;89.46;1022.74;4.7;249.5;0.000004;0.000189;0;37.6156
03.12.2019;10:00;274.76;88.24;1022.88;5.02;245.69;0.000041;0.000075;0;66.0999
03.12.2019;11:00;275.07;88.26;1022.82;4.82;235.68;0.004295;0.000025;0;72.9918
03.12.2019;12:00;275.23;89;1022.5;5.11;231.4;0.039562;0.000001;0;71.0981
03.12.2019;13:00;275.11;91.2;1021.8;5.38;225.96;0.080339;0;0;36.7513
03.12.2019;14:00;275.1;93.25;1021.05;5.68;222.17;0.150339;0;0;21.0143
03.12.2019;15:00;275.45;94.73;1020.57;6.04;227.67;0.23287;0;0;5.766
03.12.2019;16:00;276.14;95.79;1020.16;6.46;235.84;0.142416;0;0;0
03.12.2019;17:00;276.83;96.34;1019.62;6.92;242.58;0.098084;0;0;0
03.12.2019;18:00;277.24;96.54;1019.38;6.93;242.9;0.103917;0;0;0
03.12.2019;19:00;277.41;96;1019.03;7.41;240.43;0.066954;0;0;0
03.12.2019;20:00;277.63;95.34;1018.76;8.15;242.94;0.070651;0;0;0
03.12.2019;21:00;278.18;94.32;1018.56;8.98;251.91;0.091551;0;0;0
03.12.2019;22:00;278.62;94.08;1018.55;8.94;256.32;0.083121;0;0;0
03.12.2019;23:00;278.89;93.98;1018.52;8.75;259.3;0.050974;0;0;0
03.12.2019;24:00:00;278.99;94;1018.49;8.49;260.53;0.033391;0;0;0
04.12.2019;01:00;278.85;94.39;1018.32;7.99;259.82;0.024832;0;0;0
04.12.2019;02:00;278.73;94.39;1018.14;7.87;259.73;0.01956;0;0;0
04.12.2019;03:00;278.49;94.77;1018.03;7.3;257.21;0.030081;0;0;0
04.12.2019;04:00;278.32;94.64;1018.01;7.58;258.01;0.050861;0;0;0
04.12.2019;05:00;278.15;94.64;1018.15;7.24;255.55;0.059363;0;0;0
04.12.2019;06:00;277.98;94.63;1018.3;6.94;252.42;0.05825;0;0;0
04.12.2019;07:00;277.83;94.67;1018.4;6.64;249.74;0.056966;0;0;0
04.12.2019;08:00;277.72;94.51;1018.66;6.54;248.45;0.05596;0;0;3.0823
04.12.2019;09:00;277.76;94.17;1019;6.4;245.88;0.05343;0;0;25.0389
04.12.2019;10:00;277.96;93.52;1019.22;6.39;243.78;0.046179;0;0;50.5652
04.12.2019;11:00;278.23;92.73;1019.18;6.35;241.57;0.037599;0;0;68.8254
04.12.2019;12:00;278.46;91.81;1018.98;6.44;240.75;0.028184;0;0;77.3495
04.12.2019;13:00;278.59;91.5;1018.79;6.31;239.99;0.019148;0;0;71.9311
04.12.2019;14:00;278.51;91.94;1018.66;5.92;239.2;0.011666;0;0;43.5158
04.12.2019;15:00;278.07;93.35;1018.64;5.6;240.73;0.009537;0;0;10.8902
04.12.2019;16:00;277.7;93.95;1018.71;5.58;242.77;0.00895;0;0;0
04.12.2019;17:00;277.42;94.39;1018.85;5.47;243.41;0.006144;0;0;0
04.12.2019;18:00;277.18;94.9;1018.98;5.29;241.34;0.006279;0;0;0
04.12.2019;19:00;277.05;94.92;1019.17;5.23;239.65;0.005909;0;0;0
04.12.2019;20:00;276.91;94.89;1019.17;5.22;238.13;0.002498;0;0;0
04.12.2019;21:00;276.74;94.92;1018.99;5.25;236.2;0.003286;0;0;0
04.12.2019;22:00;276.52;94.82;1018.82;5.27;233.46;0.00452;0;0;0
04.12.2019;23:00;276.09;95.57;1018.59;5.17;233.15;0.002238;0;0;0
04.12.2019;24:00:00;275.72;95.54;1018.37;5.28;229.55;0.005011;0;0;0
05.12.2019;01:00;275.58;95.24;1018.18;5.46;226.52;0.01017;0;0;0
05.12.2019;02:00;275.4;95.21;1018.03;5.45;226.67;0.011046;0;0;0
05.12.2019;03:00;275.34;94.93;1017.86;5.38;227.44;0.024959;0;0;0
05.12.2019;04:00;275.24;95.06;1017.65;5.15;227.19;0.031796;0;0;0
05.12.2019;05:00;275.24;95.17;1017.44;4.91;225.32;0.030105;0;0;0
05.12.2019;06:00;275.21;95.13;1017.25;4.88;223.32;0.028419;0;0;0
05.12.2019;07:00;275.18;95.08;1017.03;4.97;220.94;0.027657;0;0;0
05.12.2019;08:00;275.15;95.01;1016.95;5.15;219.75;0.02616;0;0;3.7673
05.12.2019;09:00;275.13;94.12;1016.79;5.63;220.39;0.020363;0;0;30.4073
05.12.2019;10:00;275.21;92.59;1016.5;6.01;222.48;0.009809;0;0;65.3987
05.12.2019;11:00;275.91;89.21;1015.91;6.25;223.28;0.001177;0;0;110.9362
05.12.2019;12:00;276.84;84.94;1015.16;6.39;224.38;0.000058;0;0;179.1908
05.12.2019;13:00;277.47;82.31;1014.59;6.33;225.26;0;0;0;170.747
05.12.2019;14:00;277.37;83.6;1014.05;5.85;222.59;0;0;0;102.5928
05.12.2019;15:00;276.26;88.75;1013.67;5.7;219.74;0;0;0;21.4409
05.12.2019;16:00;275.56;91.37;1013.45;6.66;218.66;0;0;0;0
05.12.2019;17:00;275.12;93.06;1012.89;7.25;216.37;0;0;0;0
05.12.2019;18:00;274.75;94.62;1012.33;7.49;217.06;0.000002;0;0;0
05.12.2019;19:00;274.76;94.04;1012.09;7.65;221.61;0.000026;0;0;0
05.12.2019;20:00;274.75;93.93;1011.66;7.82;222.76;0.000256;0.00005;0;0
05.12.2019;21:00;274.64;94.38;1011;7.96;221.29;0.00067;0.000458;0.000001;0
05.12.2019;22:00;274.55;94.37;1010.31;8.17;218.72;0.000446;0.000715;0.000001;0
05.12.2019;23:00;274.29;94.33;1009.56;8.66;216.93;0.000192;0.002985;0.000002;0
05.12.2019;24:00:00;273.99;93.46;1008.57;9.67;217.16;0.000091;0.002837;0.000002;0
06.12.2019;01:00;273.65;93.33;1007.45;10.19;215.65;0.00094;0.00098;0.000001;0
06.12.2019;02:00;273.3;93.09;1006.37;10.69;216.18;0.002772;0.002637;0.000002;0
06.12.2019;03:00;273.17;91.91;1005.39;11.22;218.51;0.066372;0.015514;0.00001;0
06.12.2019;04:00;273.41;90.14;1004.67;11.42;220.42;0.278283;0.121051;0.00037;0
06.12.2019;05:00;274.08;87.75;1004.28;11.5;222.56;0.334921;0.429426;0.001285;0
06.12.2019;06:00;274.92;85.9;1004.1;11.6;226.09;0.69332;0.041879;0.002232;0
06.12.2019;07:00;275.48;86.07;1003.99;11.36;229.16;0.41989;0.030021;0.002394;0
06.12.2019;08:00;275.82;86.95;1004.05;10.73;229.31;0.214494;0;0.002338;1.2615
06.12.2019;09:00;276.06;87.36;1004.24;10.38;228.51;0.144801;0;0.002241;9.4803
06.12.2019;10:00;276.34;87.45;1004.25;10.06;227.63;0.164391;0;0.00213;22.2478
06.12.2019;11:00;276.65;87.97;1003.92;9.81;225.99;0.274132;0;0.001947;33.6645
06.12.2019;12:00;276.95;88.59;1003.39;9.62;224.98;0.271669;0;0.001821;36.438
06.12.2019;13:00;277.16;89.2;1002.9;9.43;223.56;0.301511;0;0.001698;27.2619
06.12.2019;14:00;277.26;89.74;1002.41;9.33;221.61;0.297608;0;0.001585;14.5022
06.12.2019;15:00;277.26;90.09;1001.91;9.25;219.79;0.263924;0;0.001483;2.6307
06.12.2019;16:00;277.21;90.36;1001.4;9.14;218.24;0.170364;0;0.001391;0
06.12.2019;17:00;277.2;90.56;1000.79;9.02;216.86;0.291042;0;0.001307;0
06.12.2019;18:00;277.22;90.88;1000.27;9.07;215.68;0.659163;0;0.001227;0
06.12.2019;19:00;277.13;91.53;999.88;9.16;215.07;0.530381;0;0.00115;0
06.12.2019;20:00;277.08;91.81;999.35;9.17;215.01;0.198355;0;0.00108;0
06.12.2019;21:00;277.18;91.68;998.83;9.15;216.06;0.164661;0;0.001014;0
06.12.2019;22:00;277.41;91.48;998.33;9.08;217.93;0.150555;0;0.000951;0
06.12.2019;23:00;277.69;91.47;997.86;8.94;220.27;0.086972;0;0.00089;0
06.12.2019;24:00:00;278.02;91.63;997.32;8.82;222.08;0.04158;0;0.000833;0
07.12.2019;01:00;278.4;91.53;996.67;8.85;223.55;0.029634;0;0.000779;0
07.12.2019;02:00;278.71;91.38;996.18;8.88;223.73;0.042874;0;0.000725;0
07.12.2019;03:00;278.85;91.46;995.8;8.89;222.92;0.079288;0;0.000674;0
07.12.2019;04:00;278.91;91.71;995.6;8.87;223.21;0.135434;0;0.000626;0
07.12.2019;05:00;278.95;91.98;995.47;8.79;224.86;0.116943;0;0.000582;0
07.12.2019;06:00;278.93;92.53;995.38;8.64;228.6;0.213612;0;0.000544;0
07.12.2019;07:00;278.9;93.37;995.45;8.41;235.3;0.50057;0;0.00051;0
07.12.2019;08:00;279.24;93.83;995.84;8.62;247.14;0.542084;0;0.000477;1.8773
07.12.2019;09:00;280.24;93.33;996.66;9.5;265.18;0.210893;0;0.000437;20.5942
07.12.2019;10:00;280.97;90.71;997.88;10.74;281.81;0.045563;0;0.000386;58.3368
07.12.2019;11:00;280.85;86.63;999.1;10.85;285.78;0.02653;0;0.000334;88.2106
07.12.2019;12:00;280.72;83.73;1000.06;10.26;281.76;0.009138;0;0.000293;99.9733
07.12.2019;13:00;280.79;82.38;1000.68;9.61;276.14;0.011378;0;0.000263;88.7945
07.12.2019;14:00;280.68;84;1001.26;8.92;272.22;0.041942;0;0.000241;56.3464
07.12.2019;15:00;280.18;88.47;1001.71;8.1;269.11;0.056063;0;0.000225;11.8678
07.12.2019;16:00;279.79;91.9;1002.42;7.93;269.4;0.057683;0;0.000215;0
07.12.2019;17:00;279.6;93.04;1003.27;7.99;272.06;0.038095;0;0.000195;0
07.12.2019;18:00;279.4;93.4;1003.9;7.52;271.67;0.01966;0;0.000176;0
07.12.2019;19:00;279.47;92.96;1004.22;7.24;267.49;0.01391;0;0.000168;0
07.12.2019;20:00;279.27;93.86;1004.82;6.77;264.73;0.015819;0;0.000161;0
07.12.2019;21:00;279.11;94.62;1005.02;6.61;259.04;0.016682;0;0.000155;0
07.12.2019;22:00;279.14;95.06;1005.19;6.41;254.3;0.02426;0;0.000149;0
07.12.2019;23:00;279.41;95.05;1004.95;6.4;250.06;0.058007;0;0.000142;0
07.12.2019;24:00:00;279.81;94.36;1004.35;6.61;244.41;0.149136;0;0.000135;0
08.12.2019;01:00;279.94;93.9;1003.8;6.92;239.44;0.239643;0;0.000127;0
08.12.2019;02:00;279.73;93.74;1003.36;7.09;234.21;0.128242;0;0.00012;0
08.12.2019;03:00;279.31;94.06;1002.55;7.34;226.43;0.031205;0;0.000115;0
08.12.2019;04:00;279.26;93.5;1001.49;8.05;219.47;0.012534;0;0.000109;0
08.12.2019;05:00;279.48;92.43;1000.36;8.63;215.06;0.023515;0;0.000103;0
08.12.2019;06:00;279.86;90.33;999.29;9.88;215.85;0.016595;0;0.000071;0
08.12.2019;07:00;280.03;88.77;998.16;10.28;214.9;0.005946;0;0.000057;0
08.12.2019;08:00;280.14;86.82;997.02;10.77;213.28;0.001233;0;0.000051;2.3552
08.12.2019;09:00;280.37;84.64;996;11.32;213.43;0.010321;0;0.000045;17.5616
08.12.2019;10:00;280.57;82.9;994.93;11.97;214.7;0.204402;0;0.000039;31.6076
08.12.2019;11:00;280.66;83.12;993.56;12.43;215.75;0.542128;0;0.000017;38.4667
08.12.2019;12:00;280.79;84.65;992.46;12.57;218.92;0.457916;0;0;30.3944
08.12.2019;13:00;281.1;86.06;991.68;12.36;224.28;0.486969;0;0;19.4346
08.12.2019;14:00;281.53;87.31;991.19;11.65;230.32;0.261852;0;0;12.5593
08.12.2019;15:00;281.74;88.82;991.02;10.63;234.61;0.089334;0;0;2.9378
08.12.2019;16:00;281.68;90.29;990.94;9.78;236.11;0.077778;0;0;0
08.12.2019;17:00;281.39;90.84;991.01;9.52;238.76;0.068882;0;0;0
08.12.2019;18:00;280.9;90.89;991.25;9.41;241.1;0.018439;0;0;0
08.12.2019;19:00;280.29;91.02;991.47;8.98;240.92;0.002757;0;0;0
08.12.2019;20:00;279.71;91.1;991.45;8.62;237.6;0.000997;0;0;0
08.12.2019;21:00;279.23;91.9;991.25;8.25;231.91;0.003807;0;0;0
08.12.2019;22:00;278.82;93.26;991.16;8.07;225.98;0.004519;0;0;0
08.12.2019;23:00;278.61;93.78;991.08;8.13;222.63;0.004759;0;0;0
08.12.2019;24:00:00;278.45;94;991;8.19;220.63;0.006701;0;0;0
09.12.2019;01:00;278.38;93.95;990.96;8.39;222.25;0.005736;0;0;0
09.12.2019;02:00;278.35;93.96;991.1;8.27;224.44;0.006353;0;0;0
09.12.2019;03:00;278.33;93.91;991.24;8.24;225.72;0.005797;0;0;0
09.12.2019;04:00;278.15;94.3;991.53;8.1;225.82;0.003254;0;0;0
09.12.2019;05:00;277.95;94.7;991.92;7.92;223.44;0.001814;0;0;0
09.12.2019;06:00;278.02;93.94;992.3;8.2;222.05;0.002778;0;0;0
09.12.2019;07:00;278.15;92.44;992.51;8.63;223.73;0.003318;0;0;0
09.12.2019;08:00;277.9;92.56;992.65;8.47;221.31;0.004424;0;0;6.3836
09.12.2019;09:00;278.01;92.2;992.92;8.44;219.24;0.009838;0;0;60.2257
09.12.2019;10:00;278.65;90.39;993.26;8.47;219.11;0.009411;0;0;109.882
09.12.2019;11:00;279.42;87.77;993.37;8.34;221.94;0.010521;0;0;124.5644
09.12.2019;12:00;279.96;85.29;993.38;8.19;225.09;0.013347;0;0;114.9577
09.12.2019;13:00;280.2;84.09;993.47;7.88;226.57;0.017344;0;0;80.5526
09.12.2019;14:00;280.17;83.99;993.68;7.53;228.16;0.020965;0;0;40.16
09.12.2019;15:00;279.81;86.02;994.13;7.2;229.73;0.022881;0;0;7.2306
09.12.2019;16:00;279.4;88.73;994.72;7.12;230.23;0.026581;0;0;0
09.12.2019;17:00;279.18;90.46;995.38;7.17;234.5;0.034554;0;0;0
09.12.2019;18:00;278.99;91.66;996.3;7.05;244.76;0.044539;0;0;0
09.12.2019;19:00;278.64;92.84;997.29;6.97;254.78;0.015317;0;0;0
09.12.2019;20:00;278.3;92.4;998.39;7.18;262.72;0.003007;0;0;0
09.12.2019;21:00;277.91;90.63;999.66;7.93;273.14;0.000906;0;0;0
09.12.2019;22:00;277.48;87.89;1001.14;8.82;285.14;0.001434;0;0;0
09.12.2019;23:00;277.23;82.67;1002.66;9.59;296.14;0.00088;0;0;0
09.12.2019;24:00:00;277.05;80.11;1003.88;9.51;297.84;0.000664;0;0;0
10.12.2019;01:00;277.01;79.45;1005.05;9.72;299.77;0.000639;0;0;0
10.12.2019;02:00;277.04;77.65;1006.36;10.2;305.72;0.000447;0;0;0
10.12.2019;03:00;276.9;76.4;1007.77;10.29;312.08;0.000206;0;0;0
10.12.2019;04:00;276.73;76.04;1009.48;10.08;316.47;0.000026;0;0;0
10.12.2019;05:00;276.45;76.33;1011.32;9.28;319.89;0.000017;0;0;0
10.12.2019;06:00;275.88;78.36;1013.08;7.92;321.55;0.000005;0.000002;0;0
10.12.2019;07:00;275.14;80.62;1014.63;6.56;323.3;0.000002;0.000002;0;0
10.12.2019;08:00;274.22;83.06;1015.77;5.15;325.36;0;0.000007;0;8.2066
10.12.2019;09:00;274.95;79.75;1016.66;4.07;321.62;0;0.000002;0;80.1952
10.12.2019;10:00;276.56;73.52;1017.77;3.87;309.36;0;0;0;156.6436
10.12.2019;11:00;277.53;69.4;1018.66;3.71;296.88;0;0;0;201.3028
10.12.2019;12:00;278.08;68.25;1018.88;3.09;279.33;0;0;0;203.3568
10.12.2019;13:00;278.14;72.09;1019.02;2.91;256.23;0.000001;0;0;162.1527
10.12.2019;14:00;277.07;82.39;1019.18;2.87;237.47;0.000014;0;0;80.6252
10.12.2019;15:00;275.47;93.48;1019.23;3.56;225.14;0.00008;0;0;14.0731
10.12.2019;16:00;274.72;101.39;1018.91;4.24;214.9;0.000199;0;0;0
10.12.2019;17:00;275;100.06;1018.55;5.1;209.41;0.000538;0;0;0
10.12.2019;18:00;275.23;96.89;1018.25;5.87;204.54;0.00279;0;0;0
10.12.2019;19:00;275.4;94.26;1017.8;6.5;200.22;0.002852;0;0;0
10.12.2019;20:00;274.97;95.95;1017.39;6.55;197.74;0.000612;0;0;0
10.12.2019;21:00;274.72;95.61;1016.84;7.01;191.43;0.000643;0;0;0
10.12.2019;22:00;274.59;94.71;1016.02;7.62;185.51;0.000617;0;0;0
10.12.2019;23:00;274.45;94.17;1015.17;8.06;182.61;0.00027;0.000157;0;0
10.12.2019;24:00:00;274.39;93.4;1014.2;8.42;181.38;0.00003;0.000148;0;0
11.12.2019;01:00;274.38;92.66;1013.25;8.64;182.44;0.000012;0.000029;0;0
11.12.2019;02:00;274.47;91.17;1012.24;8.98;184.72;0.001637;0.000001;0;0
11.12.2019;03:00;274.59;89.08;1011.19;9.24;186.57;0.019019;0;0;0
11.12.2019;04:00;274.73;87.65;1010.35;8.94;190.31;0.073641;0.000001;0;0
11.12.2019;05:00;274.78;87.49;1009.89;8.35;194.79;0.18015;0.000028;0;0
11.12.2019;06:00;274.91;87.04;1009.5;8.36;197.79;0.266009;0.000331;0;0
11.12.2019;07:00;274.98;87.56;1009.06;7.99;197.1;0.266613;0.001456;0.000001;0
11.12.2019;08:00;275.1;87.71;1008.66;7.66;197.81;0.231137;0.003635;0.000002;0.9627
11.12.2019;09:00;275.4;87.22;1008.38;7.53;202.4;0.181636;0.002313;0.000001;8.8915
11.12.2019;10:00;275.63;87.33;1008.12;7.12;200.84;0.190198;0;0.000012;18.5377
11.12.2019;11:00;275.75;87.57;1007.75;6.9;198.99;0.408387;0;0.000031;24.0371
11.12.2019;12:00;275.51;88.96;1007.21;6.63;195.76;0.733406;0;0.00003;26.8566
11.12.2019;13:00;274.95;91.02;1006.71;6.43;193.16;0.875429;0.127195;0.000197;21.5428
11.12.2019;14:00;274.71;91.91;1006.29;6.27;193.17;0.7933;0.122752;0.000911;11.636
11.12.2019;15:00;274.6;92.68;1005.94;6.02;192.27;0.586429;0.113329;0.001587;1.8832
11.12.2019;16:00;274.58;93.03;1005.51;5.93;189.83;0.529083;0.023618;0.001533;0
11.12.2019;17:00;274.63;93.1;1005.09;5.82;186.67;0.502531;0.043876;0.001683;0
11.12.2019;18:00;274.73;92.81;1004.67;5.77;185.13;0.485197;0.046341;0.001916;0
11.12.2019;19:00;274.84;92.46;1004.3;5.61;184.21;0.464413;0.040771;0.002096;0
11.12.2019;20:00;274.86;92.2;1003.89;5.42;183.65;0.479444;0.01058;0.00224;0
11.12.2019;21:00;274.73;92.41;1003.42;5.15;183.19;0.435377;0.009867;0.002544;0
11.12.2019;22:00;274.54;92.8;1002.81;4.81;182.93;0.326846;0.075175;0.002905;0
11.12.2019;23:00;274.33;93.12;1002.28;4.51;182.82;0.251739;0.160586;0.003618;0
11.12.2019;24:00:00;274.23;93.15;1001.62;4.23;182.03;0.15649;0.317076;0.005019;0
12.12.2019;01:00;274.16;93.26;1000.95;4.1;179.96;0.151775;0.404895;0.006867;0
12.12.2019;02:00;274.11;93.42;1000.41;4.16;179.08;0.189233;0.418442;0.009086;0
12.12.2019;03:00;274.01;93.74;999.96;4.16;181.05;0.16795;0.317046;0.010972;0
12.12.2019;04:00;273.91;94;999.57;4.12;186.39;0.112131;0.166561;0.012236;0
12.12.2019;05:00;273.79;94.3;999.24;4.12;194.43;0.069105;0.094912;0.013044;0
12.12.2019;06:00;273.74;94.51;998.98;4.18;203.08;0.055194;0.044415;0.013508;0
12.12.2019;07:00;273.76;94.68;998.77;4.22;210.83;0.033896;0.031259;0.013773;0
12.12.2019;08:00;273.96;94.66;998.65;4.31;216.74;0.018873;0.032313;0.013973;1.8318
12.12.2019;09:00;274.45;94.33;998.71;4.68;220.86;0.018029;0.019851;0.014093;17.1672
12.12.2019;10:00;275.01;94.05;998.74;4.85;224;0.015443;0;0.013905;35.5498
12.12.2019;11:00;275.67;93.63;998.66;4.96;223.56;0.011573;0;0.013144;55.1469
12.12.2019;12:00;276.24;93.23;998.55;5.11;221.65;0.015585;0;0.012499;55.074
12.12.2019;13:00;276.48;93.15;998.41;5.26;216.51;0.020465;0;0.012087;42.7457
12.12.2019;14:00;276.57;93.16;998.3;5.41;213.69;0.019417;0;0.011708;22.9067
12.12.2019;15:00;276.54;93.68;998.08;5.34;210.41;0.013645;0;0.011389;3.9918
12.12.2019;16:00;276.52;94.12;997.81;5.37;205.34;0.012344;0;0.011122;0
12.12.2019;17:00;276.38;94.59;997.52;5.36;199.17;0.016324;0;0.010887;0
12.12.2019;18:00;276.22;94.85;997.32;5.52;195.93;0.021215;0;0.010678;0
12.12.2019;19:00;276.01;94.95;997.13;5.58;192.7;0.030953;0;0.010497;0
12.12.2019;20:00;275.8;94.8;996.79;5.61;187.31;0.025714;0;0.010341;0
12.12.2019;21:00;275.58;94.82;996.3;5.52;180.06;0.015808;0;0.010211;0
12.12.2019;22:00;275.34;94.79;995.65;5.57;172.48;0.007118;0;0.010132;0
12.12.2019;23:00;275.06;94.99;994.84;5.7;166.09;0.006165;0;0.01009;0
12.12.2019;24:00:00;275;94.73;993.94;6.13;160.27;0.010882;0;0.010051;0
13.12.2019;01:00;274.89;94.85;992.88;6.38;154.68;0.006824;0.000023;0.009988;0
13.12.2019;02:00;274.63;95.12;991.8;6.68;150.41;0.0024;0.000931;0.009937;0
13.12.2019;03:00;274.18;95.6;990.69;6.79;144.02;0.000722;0.00595;0.009927;0
13.12.2019;04:00;273.89;95.46;989.59;6.98;139.28;0.000602;0.011934;0.009962;0
13.12.2019;05:00;273.69;95.13;988.51;7.14;136.43;0.003327;0.012157;0.010006;0
13.12.2019;06:00;273.57;94.72;987.49;7.29;133.1;0.003657;0.012503;0.010098;0
13.12.2019;07:00;273.42;94.37;986.61;7.38;130.56;0.003314;0.011078;0.010293;0
13.12.2019;08:00;273.29;94.1;985.91;7.36;129.01;0.002585;0.009943;0.010334;4.0128
13.12.2019;09:00;273.53;93.12;985.37;7.43;128.95;0.00133;0.006783;0.010207;43.6989
13.12.2019;10:00;274.26;90.69;984.79;7.59;132.17;0.000802;0.00066;0.010138;97.2771
13.12.2019;11:00;275.03;88.27;983.99;7.05;131.51;0.000049;0;0.009948;151.3692
13.12.2019;12:00;275.5;86.94;983.15;6.72;126.6;0.000008;0;0.009662;167.9729
13.12.2019;13:00;275.7;86.44;982.49;6.49;122.91;0.000004;0;0.009399;146.5864
13.12.2019;14:00;275.45;88.08;981.96;6.08;119.63;0.000003;0;0.009276;82.6349
13.12.2019;15:00;274.43;92.47;981.74;5.73;119.56;0.000016;0;0.009261;13.3986
13.12.2019;16:00;273.73;95.87;981.7;5.82;123.3;0.000035;0.000001;0.009271;0
13.12.2019;17:00;273.69;96.11;981.63;5.86;129.07;0.000314;0.000157;0.009281;0
13.12.2019;18:00;273.79;95.49;981.52;5.66;135.11;0.001766;0.001146;0.009291;0
13.12.2019;19:00;273.7;95.07;981.43;5.24;142.68;0.002784;0.002324;0.009312;0
13.12.2019;20:00;273.31;95.33;981.48;4.65;151.12;0.001607;0.002867;0.009337;0
13.12.2019;21:00;272.72;96.05;981.46;4.12;157.58;0.001203;0.004485;0.009697;0
13.12.2019;22:00;272.71;94.07;981.44;4.16;160.66;0.000488;0.010105;0.009791;0
13.12.2019;23:00;272.53;92.99;981.42;4.13;162.24;0.000229;0.010276;0.009919;0
13.12.2019;24:00:00;272.22;93.11;981.31;3.98;163.46;0.000264;0.007871;0.01004;0
14.12.2019;01:00;271.97;93.49;981.33;4.07;163.82;0.000085;0.006993;0.01009;0
14.12.2019;02:00;271.87;93.8;981.34;4.24;164.77;0.000032;0.010846;0.010162;0
14.12.2019;03:00;272.11;93.3;981.29;4.23;167.53;0.000529;0.041229;0.010329;0
14.12.2019;04:00;272.48;92.92;981.05;4.12;172.79;0.001743;0.155871;0.010867;0
14.12.2019;05:00;272.77;92.88;980.88;4.14;177.46;0.004381;0.373591;0.012231;0
14.12.2019;06:00;273.11;93.01;980.69;4.35;184.01;0.033153;0.433108;0.014331;0
14.12.2019;07:00;273.58;93.35;980.56;4.76;194.48;0.109487;0.256425;0.016144;0
14.12.2019;08:00;274.28;93.84;980.71;5.25;205.85;0.273619;0.013943;0.016695;0.9239
14.12.2019;09:00;274.95;93.92;980.85;5.44;209.31;0.171616;0;0.01578;15.7811
14.12.2019;10:00;275.44;93.5;981.14;5.43;202.43;0.045637;0;0.015066;53.4897
14.12.2019;11:00;275.94;92.44;981.35;5.79;197.56;0.01644;0;0.014654;85.3366
14.12.2019;12:00;276.12;92.13;981.54;5.81;195.39;0.037695;0;0.014216;72.9871
14.12.2019;13:00;276.04;92.42;981.91;6.04;197.58;0.072762;0;0.013833;47.6219
14.12.2019;14:00;275.8;92.99;982.43;6.18;202.21;0.148426;0;0.013508;25.3762
14.12.2019;15:00;275.25;94.04;983.04;6.33;206.54;0.439189;0.024171;0.013316;4.0751
14.12.2019;16:00;274.81;94.47;983.8;6.96;211.75;0.503653;0;0.013241;0
14.12.2019;17:00;275.09;94.38;984.52;7.5;217.54;0.187179;0;0.013387;0
14.12.2019;18:00;275.74;94.35;985.27;8.19;221.72;0.052212;0;0.012629;0
14.12.2019;19:00;276.22;93.94;986.16;8.92;226.27;0.023746;0;0.012092;0
14.12.2019;20:00;276.41;93.63;987.17;9.11;230.47;0.018544;0;0.011524;0
14.12.2019;21:00;276.5;92.81;988.18;9.27;233.39;0.011088;0;0.010999;0
14.12.2019;22:00;276.39;91.91;989.19;9.22;235.95;0.005227;0;0.010523;0
14.12.2019;23:00;275.91;92.04;990.23;8.71;235.33;0.001693;0;0.010226;0
14.12.2019;24:00:00;275.35;93.07;991.11;8.45;233.24;0.000659;0;0.010104;0
15.12.2019;01:00;275.18;93.69;991.91;8.48;233.5;0.001721;0;0.010011;0
15.12.2019;02:00;275.44;94.21;992.49;8.1;233.94;0.002739;0;0.009847;0
15.12.2019;03:00;275.63;94.65;993.15;7.63;236.17;0.001859;0;0.009664;0
15.12.2019;04:00;275.3;95.4;993.56;6.9;231.84;0.000602;0;0.009551;0
15.12.2019;05:00;274.76;95.68;993.73;6.85;216.86;0.001913;0.000235;0.009595;0
15.12.2019;06:00;274.55;94.73;993.69;7.29;204.87;0.001358;0.001698;0.00943;0
15.12.2019;07:00;274.33;95.15;993.14;7.11;191.42;0.001942;0.000662;0.009355;0
15.12.2019;08:00;274.58;94.76;992.55;7.56;180.62;0.034609;0.000763;0.009286;2.3359
15.12.2019;09:00;275.21;94.46;991.61;8.33;170.02;0.851508;0;0.008996;14.8835
15.12.2019;10:00;275.47;94.5;990.49;9.07;167.77;2.693736;0.085583;0.008842;45.3838
15.12.2019;11:00;275.85;92.49;990.14;9.74;192.66;0.61358;0;0.008495;45.8067
15.12.2019;12:00;278.18;88.6;990.19;9.93;226.78;0.005434;0;0.007751;143.7638
15.12.2019;13:00;279.78;82.88;990.85;10.63;240.76;0.000352;0;0.006937;152.9669
15.12.2019;14:00;279.72;77.98;991.94;11.34;242.47;0.00061;0;0.006196;83.842
15.12.2019;15:00;279.01;77.98;993.06;11.27;240.4;0.000264;0;0.005663;12.8614
15.12.2019;16:00;278.39;79.6;993.95;11.16;236.88;0.000092;0;0.00528;0
15.12.2019;17:00;278.16;80.98;994.74;11.39;235.27;0.000578;0;0.004929;0
15.12.2019;18:00;278.34;81.88;995.58;12.19;237.11;0.002945;0;0.004518;0
15.12.2019;19:00;278.51;83.28;996.65;12.28;240.91;0.007842;0;0.004062;0
15.12.2019;20:00;278.63;84.45;997.81;11.86;244.28;0.008887;0;0.003648;0
15.12.2019;21:00;278.64;85.81;999.01;11.27;247.82;0.00813;0;0.003299;0
15.12.2019;22:00;278.47;87.7;1000.23;10.34;250.36;0.010647;0;0.003022;0
15.12.2019;23:00;278.14;89.8;1001.5;9.25;250.99;0.008892;0;0.002829;0
15.12.2019;24:00:00;277.92;90.89;1002.69;8.5;251.83;0.006611;0;0.00269;0
16.12.2019;01:00;277.68;92.04;1003.79;7.65;250.69;0.006254;0;0.002588;0
16.12.2019;02:00;277.36;93.21;1004.6;6.81;244.04;0.005844;0;0.002519;0
16.12.2019;03:00;277.08;93.55;1005.15;6.57;237.09;0.003189;0;0.002465;0
16.12.2019;04:00;276.84;93.16;1005.5;6.23;229.36;0.001686;0;0.002418;0
16.12.2019;05:00;276.54;92.92;1005.69;5.95;220.56;0.000757;0;0.002377;0
16.12.2019;06:00;276.09;93.63;1005.96;5.78;208.51;0.00022;0;0.002348;0
16.12.2019;07:00;275.72;94.34;1006.45;6.23;199.03;0.000538;0;0.002317;0
16.12.2019;08:00;275.61;94.52;1006.93;6.45;193.4;0.001695;0;0.002273;1.721
16.12.2019;09:00;276.07;93.5;1007.18;6.51;192.2;0.000944;0;0.002214;17.724
16.12.2019;10:00;276.69;92.96;1007.16;6.27;190.53;0.000181;0;0.002143;49.6628
16.12.2019;11:00;277.42;91.95;1006.81;6.3;190.02;0.000023;0;0.002059;79.8831
16.12.2019;12:00;277.93;91.66;1006.29;6.05;188.64;0.000002;0;0.001968;96.0665
16.12.2019;13:00;278.13;92.16;1005.76;5.71;187.69;0.000005;0;0.001887;73.2121
16.12.2019;14:00;278.06;93.2;1005.3;5.56;188.94;0.000046;0;0.001821;35.7747
16.12.2019;15:00;277.79;94.73;1005.03;5.42;190.21;0.000301;0;0.00177;5.4802
16.12.2019;16:00;277.66;95.48;1004.89;5.57;192.58;0.001324;0;0.001726;0
16.12.2019;17:00;277.62;95.81;1004.84;5.53;195.69;0.002517;0;0.001681;0
16.12.2019;18:00;277.63;96.06;1004.82;5.23;200.02;0.006108;0;0.001636;0
16.12.2019;19:00;277.66;96.21;1004.82;4.81;205.02;0.016652;0;0.001591;0
16.12.2019;20:00;277.67;96.49;1004.95;4.26;209.87;0.023095;0;0.001548;0
16.12.2019;21:00;277.58;97.57;1005.02;3.6;214.26;0.016019;0;0.001509;0
16.12.2019;22:00;277.5;98.67;1004.98;3.15;216.7;0.009334;0;0.001476;0
16.12.2019;23:00;277.37;99.71;1005.07;2.88;218.37;0.007732;0;0.001448;0
16.12.2019;24:00:00;277.3;100.23;1005.05;2.72;214.19;0.006446;0;0.001425;0
17.12.2019;01:00;277.39;100;1004.84;2.55;201.62;0.005512;0;0.001402;0
17.12.2019;02:00;277.67;99;1004.54;2.55;186.48;0.012138;0;0.001374;0
17.12.2019;03:00;278.03;97.5;1004.2;2.77;174.96;0.022741;0;0.001337;0
17.12.2019;04:00;278.22;96.11;1003.69;3.55;163.4;0.0156;0;0.001294;0
17.12.2019;05:00;277.92;95.84;1003.22;4.36;155.71;0.012645;0;0.001252;0
17.12.2019;06:00;277.6;95.56;1002.73;5.11;152.71;0.010942;0;0.001212;0
17.12.2019;07:00;277.34;95.39;1002.24;5.45;153.48;0.008979;0;0.001174;0
17.12.2019;08:00;277.18;95.22;1002.09;6.03;162.79;0.006701;0;0.001136;1.1104
17.12.2019;09:00;277.55;94.07;1002.06;6.6;180.22;0.01862;0;0.001091;15.5194
17.12.2019;10:00;278.02;93.29;1002.03;6.18;187.45;0.079723;0;0.001034;45.1129
17.12.2019;11:00;278.76;92.04;1001.76;5.82;189.91;0.074843;0;0.000983;66.4455
17.12.2019;12:00;279.41;91.16;1001.51;5.57;189.04;0.042155;0;0.000928;82.9328
17.12.2019;13:00;279.9;90.38;1001.5;5.35;190.65;0.017365;0;0.000875;68.7414
17.12.2019;14:00;280.11;90.11;1001.57;5.2;192.49;0.006072;0;0.000829;37.5101
17.12.2019;15:00;280.06;90.54;1001.69;5.57;194.8;0.00583;0;0.000788;6.6413
17.12.2019;16:00;280.17;90.46;1001.85;6.13;196.67;0.002558;0;0.000749;0
17.12.2019;17:00;280.22;90.51;1002.02;6.46;197.63;0.000164;0;0.000711;0
17.12.2019;18:00;280.13;90.8;1002.08;6.69;196.45;0.000008;0;0.000675;0
17.12.2019;19:00;280.06;90.63;1002.07;6.91;195.56;0.000008;0;0.000641;0
17.12.2019;20:00;280.09;89.99;1001.9;7.02;195.71;0.000011;0;0.000608;0
17.12.2019;21:00;280.21;89.25;1001.62;7.07;195.81;0.00001;0;0.000576;0
17.12.2019;22:00;280.42;88.23;1001.32;7.12;196.77;0.000096;0;0.000543;0
17.12.2019;23:00;280.7;87.37;1001.12;7.42;198.54;0.003776;0;0.00051;0
17.12.2019;24:00:00;281.04;87.01;1001;8.15;201.67;0.112972;0;0.000472;0
18.12.2019;01:00;281.42;86.97;1000.63;8.39;203.2;0.255449;0;0.000435;0
18.12.2019;02:00;282.54;82.89;1000.34;9.98;213.49;0.094289;0;0.000393;0
18.12.2019;03:00;283.23;82.02;1000.98;10.92;232.36;0.026339;0;0.000338;0
18.12.2019;04:00;282.71;86.26;1002.12;9.89;248.63;0.005735;0;0.000297;0
18.12.2019;05:00;281.71;88.72;1003.73;9.84;262.94;0.00926;0;0.000266;0
18.12.2019;06:00;280.51;88.4;1005.56;9.49;272.68;0.012109;0;0.000243;0
18.12.2019;07:00;279.65;87.33;1007.23;8.58;276.38;0.005239;0;0.000226;0
18.12.2019;08:00;279.22;86.99;1008.81;7.6;276.28;0.001989;0;0.000216;2.8333
18.12.2019;09:00;279.32;85.8;1010.27;7.05;270.44;0.000982;0;0.000206;36.2658
18.12.2019;10:00;279.69;84.31;1011.47;6.92;260.83;0.000645;0;0.000196;74.8874
18.12.2019;11:00;280.1;82.96;1012.29;7.13;252.68;0.000532;0;0.000183;112.402
18.12.2019;12:00;280.57;80.98;1012.75;7.48;251.39;0.001189;0;0.00017;154.0463
18.12.2019;13:00;280.68;80.81;1013.32;7.27;252.18;0.003961;0;0.000158;135.7567
18.12.2019;14:00;280.24;83.46;1014.1;6.75;252.28;0.005174;0;0.000149;75.4092
18.12.2019;15:00;279.33;88.02;1014.95;6.15;252.67;0.004093;0;0.000144;10.2249
18.12.2019;16:00;278.93;89.97;1015.88;6.08;252.9;0.002922;0;0.00014;0
18.12.2019;17:00;278.86;90.23;1016.83;5.86;254.4;0.003006;0;0.000135;0
18.12.2019;18:00;278.7;91.21;1017.64;5.19;255.04;0.005064;0;0.000131;0
18.12.2019;19:00;278.49;92.41;1018.23;4.4;251.14;0.005572;0;0.000128;0
18.12.2019;20:00;278.18;93.88;1018.66;3.58;244.17;0.005104;0;0.000125;0
18.12.2019;21:00;277.97;94.72;1018.88;3.02;232.82;0.003289;0;0.000114;0
18.12.2019;22:00;277.61;96.38;1019.06;2.83;219.46;0.001227;0;0.000107;0
18.12.2019;23:00;277.28;97.63;1019.28;2.78;209.89;0.001269;0;0.000105;0
18.12.2019;24:00:00;276.98;97.43;1019.39;3.09;199.98;0.006042;0;0.000104;0
19.12.2019;01:00;276.95;95.81;1019.35;3.49;188.77;0.012641;0;0.000102;0
19.12.2019;02:00;276.98;95.36;1019.21;3.72;176.02;0.013476;0;0.0001;0
19.12.2019;03:00;276.6;95.34;1018.99;3.99;162.49;0.022159;0;0.000097;0
19.12.2019;04:00;276.17;95.37;1018.82;4.45;151.37;0.027098;0;0.000095;0
19.12.2019;05:00;275.85;95.25;1018.58;5.11;145.74;0.026178;0;0.000094;0
19.12.2019;06:00;275.76;95.02;1018.25;5.68;143.08;0.022906;0;0.000092;0
19.12.2019;07:00;275.9;94.81;1017.91;6.2;142.23;0.028292;0;0.00009;0
19.12.2019;08:00;276.08;94.77;1017.55;6.66;142.61;0.033996;0;0.000087;1.457
19.12.2019;09:00;276.27;94.49;1017.22;6.96;143.3;0.035513;0;0.000084;17.587
19.12.2019;10:00;276.65;93.73;1016.74;7.3;147.67;0.025987;0;0.000081;36.9714
19.12.2019;11:00;277.17;93.08;1016.08;7.47;153.16;0.01516;0;0.000076;56.9844
19.12.2019;12:00;277.76;92.58;1015.23;7.19;154.88;0.009754;0;0.000072;66.3918
19.12.2019;13:00;278.25;92.41;1014.44;6.83;155.21;0.007823;0;0.000068;60.2369
19.12.2019;14:00;278.48;93.01;1013.76;6.5;154.44;0.007939;0;0.000063;35.3468
19.12.2019;15:00;278.49;94.11;1013.2;6.03;151.55;0.012942;0;0.000059;5.3134
19.12.2019;16:00;278.49;94.46;1012.62;6.13;148.59;0.015901;0;0.000057;0
19.12.2019;17:00;278.51;94.54;1011.96;6.43;147;0.011821;0;0.000054;0
19.12.2019;18:00;278.49;94.72;1011.2;6.65;146.23;0.008844;0;0.000028;0
19.12.2019;19:00;278.44;94.76;1010.51;6.71;146.77;0.010682;0;0.000008;0
19.12.2019;20:00;278.4;94.87;1009.65;6.59;147.07;0.013644;0;0.000007;0
19.12.2019;21:00;278.51;94.97;1008.58;6.32;146.54;0.011126;0;0.000006;0
19.12.2019;22:00;278.67;95.27;1007.45;5.97;145.01;0.009201;0;0.000006;0
19.12.2019;23:00;278.8;95.65;1006.26;5.58;143.3;0.009534;0;0.000006;0
19.12.2019;24:00:00;278.92;95.59;1005.09;5.38;146.09;0.011156;0;0.000002;0
20.12.2019;01:00;278.86;95.8;1003.99;4.97;150.75;0.01178;0;0;0
20.12.2019;02:00;278.55;96.53;1003.07;4.45;154.14;0.012212;0;0;0
20.12.2019;03:00;278.28;96.39;1002.29;4.24;160.07;0.019838;0;0;0
20.12.2019;04:00;278.1;95.39;1001.53;4.35;166.79;0.034522;0;0;0
20.12.2019;05:00;277.81;95.17;1000.54;4.37;166.2;0.03897;0;0;0
20.12.2019;06:00;277.61;95.09;999.49;4.56;161.32;0.032204;0;0;0
20.12.2019;07:00;277.49;95.01;998.64;4.78;161.04;0.019669;0;0;0
20.12.2019;08:00;277.39;95.17;997.97;4.77;163.67;0.017033;0;0;1.7136
20.12.2019;09:00;277.56;94.54;997.13;5.05;162.36;0.015877;0;0;25.7283
20.12.2019;10:00;277.94;93.19;996.16;5.4;159.15;0.011695;0;0;57.3773
20.12.2019;11:00;278.63;90.94;995.03;5.64;154.73;0.005371;0;0;99.9467
20.12.2019;12:00;279.47;88.7;993.93;5.63;150.45;0.003072;0;0;141.4923
20.12.2019;13:00;279.84;89.27;993;5.39;148.2;0.002999;0;0;124.7287
20.12.2019;14:00;279.57;92.46;992.18;5.01;143.88;0.004196;0;0;67.4172
20.12.2019;15:00;278.99;96.29;991.35;5.24;142.64;0.005628;0;0;9.6574
20.12.2019;16:00;279.11;96.36;990.54;5.91;144.74;0.006003;0;0;0
20.12.2019;17:00;279.25;96.2;989.66;5.76;144.69;0.005323;0;0;0
20.12.2019;18:00;279.24;96.46;988.82;5.68;148.2;0.003547;0;0;0
20.12.2019;19:00;279.19;96.2;988.34;5.71;155.69;0.003576;0;0;0
20.12.2019;20:00;279.02;96.11;987.85;5.68;163.14;0.006765;0;0;0
20.12.2019;21:00;278.76;95.96;987.33;5.56;169.48;0.011737;0;0;0
20.12.2019;22:00;278.58;95.59;987.04;5.39;177.89;0.014602;0;0;0
20.12.2019;23:00;278.48;95.44;987.01;5.33;189.28;0.017978;0;0;0
20.12.2019;24:00:00;278.48;95.38;987.11;5.3;200.65;0.100066;0;0;0
21.12.2019;01:00;278.56;95.24;987.33;5.21;212.78;0.535158;0;0;0
21.12.2019;02:00;278.9;94.48;987.8;5.21;225.95;1.106663;0;0;0
21.12.2019;03:00;279.49;93.95;988.37;5.21;242.15;0.926114;0;0;0
21.12.2019;04:00;279.55;95.55;988.83;4.31;250.47;0.365406;0;0;0
21.12.2019;05:00;279.17;97.75;988.97;3.51;249.7;0.067563;0;0;0
21.12.2019;06:00;279.1;97.77;989.23;3.74;240.19;0.006339;0;0;0
21.12.2019;07:00;279.14;96.61;989.55;4.51;234.83;0.002843;0;0;0
21.12.2019;08:00;278.87;96.11;989.89;4.71;234.4;0.005634;0;0;1.6464
21.12.2019;09:00;278.75;95.27;990.23;4.89;237.26;0.005979;0;0;21.011
21.12.2019;10:00;278.98;94.48;990.6;4.87;241.37;0.002077;0;0;56.7543
21.12.2019;11:00;279.12;93.97;990.87;4.6;236.91;0.001887;0;0;83.0423
21.12.2019;12:00;279.52;92.35;991.08;4.46;231.43;0.001617;0;0;108.0295
21.12.2019;13:00;279.78;91.19;991.01;3.93;226.91;0.002889;0;0;108.9051
21.12.2019;14:00;279.19;94.11;990.76;2.95;223.03;0.004329;0;0;59.2647
21.12.2019;15:00;277.99;99.35;990.53;2.85;219.13;0.004683;0;0;8.2069
21.12.2019;16:00;277.57;101.18;990.34;2.9;211.06;0.005661;0;0;0
21.12.2019;17:00;277.72;100.35;990.27;3.07;201.5;0.006132;0;0;0
21.12.2019;18:00;277.71;100.23;990.25;3.2;196.95;0.004301;0;0;0
21.12.2019;19:00;277.36;101.2;990.06;3.15;192.55;0.003349;0;0;0
21.12.2019;20:00;277.5;98.07;989.71;3.41;184.22;0.011781;0;0;0
21.12.2019;21:00;277.38;95.93;989.36;3.88;175.16;0.018572;0;0;0
21.12.2019;22:00;277.15;95.81;989.19;3.92;171.36;0.017646;0;0;0
21.12.2019;23:00;276.63;95.73;988.97;3.9;166.06;0.0272;0;0;0
21.12.2019;24:00:00;276.12;95.56;988.72;3.93;160.27;0.03164;0;0;0
22.12.2019;01:00;275.79;95.36;988.39;3.94;153.77;0.028788;0;0;0
22.12.2019;02:00;275.62;95.22;987.96;4.12;146.09;0.025979;0;0;0
22.12.2019;03:00;275.53;95.12;987.61;4.3;142.66;0.025063;0;0;0
22.12.2019;04:00;275.48;95.02;987.4;4.34;143.74;0.025778;0;0;0
22.12.2019;05:00;275.54;94.95;987.25;4.33;143.48;0.028126;0;0;0
22.12.2019;06:00;275.74;94.96;987.11;4.39;139.93;0.032678;0;0;0
22.12.2019;07:00;275.98;95.03;987.13;4.51;138.17;0.032827;0;0;0
22.12.2019;08:00;276.25;95;987.38;4.65;138.64;0.030221;0;0;1.362
22.12.2019;09:00;276.55;94.46;987.64;5.03;140.72;0.029757;0;0;19.3829
22.12.2019;10:00;276.49;93.72;987.85;5.76;142.93;0.024897;0;0;43.9106
22.12.2019;11:00;276.48;93.35;987.6;6.06;141.26;0.020003;0;0;53.8341
22.12.2019;12:00;276.56;93.02;987.39;6.02;143.01;0.014399;0;0;56.2151
22.12.2019;13:00;276.58;92.93;987.18;5.79;141.72;0.010251;0;0;42.0668
22.12.2019;14:00;276.53;93.33;986.85;5.59;135.82;0.008284;0;0;17.1465
22.12.2019;15:00;276.53;93.89;986.85;5.57;133;0.01054;0;0;2.0726
22.12.2019;16:00;276.64;94.26;987.26;5.62;134.55;0.027242;0;0;0
22.12.2019;17:00;276.73;94.4;987.67;5.75;136.93;0.055795;0;0;0
22.12.2019;18:00;276.83;94.54;988.04;5.8;136.99;0.09561;0;0;0
22.12.2019;19:00;276.95;94.65;988.14;5.64;133.92;0.107133;0;0;0
22.12.2019;20:00;277.06;94.71;988.25;5.63;132.72;0.208995;0;0;0
22.12.2019;21:00;277.12;94.68;988.48;5.71;131.67;0.26545;0;0;0
22.12.2019;22:00;277.15;94.58;988.62;5.65;130.41;0.245984;0;0;0
22.12.2019;23:00;277.16;94.68;988.85;5.41;129.81;0.140198;0;0;0
22.12.2019;24:00:00;277.12;95.07;989.05;4.97;129.82;0.062789;0;0;0
23.12.2019;01:00;277.02;95.64;989.24;4.47;130.44;0.031572;0;0;0
23.12.2019;02:00;276.93;95.96;989.71;4.19;133.59;0.031044;0;0;0
23.12.2019;03:00;276.88;95.99;990.24;3.99;138.65;0.035668;0;0;0
23.12.2019;04:00;276.86;95.71;990.94;3.87;142.63;0.039839;0;0;0
23.12.2019;05:00;276.84;95.4;991.67;3.74;148.4;0.044523;0;0;0
23.12.2019;06:00;276.77;95.08;992.54;3.66;157.09;0.057576;0;0;0
23.12.2019;07:00;276.65;94.94;993.38;3.35;169.99;0.065131;0;0;0
23.12.2019;08:00;276.49;95.25;994.22;3.02;186.94;0.090807;0;0;1.2608
23.12.2019;09:00;276.75;94.71;994.99;3.17;207.27;0.156646;0;0;14.7489
23.12.2019;10:00;277.36;94.01;995.68;3.54;233.16;0.151286;0;0;34.3598
23.12.2019;11:00;278.12;93.57;996.27;4.34;252.91;0.126711;0;0;36.9276
23.12.2019;12:00;278.92;93;996.92;5.31;263.85;0.070746;0;0;38.8082
23.12.2019;13:00;279.47;92.23;997.71;5.88;269.7;0.035073;0;0;37.0697
23.12.2019;14:00;279.57;91.66;998.48;5.88;271.68;0.029897;0;0;24.4215
23.12.2019;15:00;279.27;92.24;999.4;5.44;271.48;0.029547;0;0;4.1488
23.12.2019;16:00;279.05;93.07;1000.2;5.3;268.8;0.031779;0;0;0
23.12.2019;17:00;279.12;93.24;1000.97;5.56;265.25;0.037353;0;0;0
23.12.2019;18:00;279.21;93.39;1001.71;5.79;262.29;0.046849;0;0;0
23.12.2019;19:00;279.26;93.55;1002.45;6.06;260.91;0.052248;0;0;0
23.12.2019;20:00;279.2;93.76;1003.19;6.16;260.9;0.042466;0;0;0
23.12.2019;21:00;279.05;94.15;1003.97;6.04;259.55;0.03422;0;0;0
23.12.2019;22:00;278.9;94.4;1004.59;6.12;260.1;0.030535;0;0;0
23.12.2019;23:00;278.75;94.73;1005.07;6.08;260.74;0.026198;0;0;0
23.12.2019;24:00:00;278.65;94.96;1005.45;6.01;260.63;0.022797;0;0;0
24.12.2019;01:00;278.64;95.07;1005.87;6.05;260.68;0.026215;0;0;0
24.12.2019;02:00;278.7;95.01;1006.36;6.11;260.71;0.03039;0;0;0
24.12.2019;03:00;278.71;94.9;1006.81;6.05;260.88;0.034666;0;0;0
24.12.2019;04:00;278.58;94.91;1007.03;5.76;259.98;0.025938;0;0;0
24.12.2019;05:00;278.28;95.11;1007.16;5.53;256.87;0.024453;0;0;0
24.12.2019;06:00;277.99;95.14;1007.25;5.56;252.13;0.027618;0;0;0
24.12.2019;07:00;277.8;95.09;1007.32;5.34;244.67;0.029932;0;0;0
24.12.2019;08:00;277.66;95.06;1007.4;5.22;236.24;0.024039;0;0;0.5559
24.12.2019;09:00;277.63;94.87;1007.35;5.34;232.2;0.017493;0;0;13.9974
24.12.2019;10:00;277.8;94.19;1007.22;5.46;231.2;0.014315;0;0;38.2852
24.12.2019;11:00;278.15;93.2;1006.76;5.46;232.26;0.009664;0;0;62.4973
24.12.2019;12:00;278.64;91.51;1006.18;5.32;234.21;0.003987;0;0;102.0765
24.12.2019;13:00;278.92;90.65;1005.61;4.6;230.26;0.002041;0;0;89.8859
24.12.2019;14:00;278.75;91.34;1005.04;3.62;224.84;0.002828;0;0;41.6312
24.12.2019;15:00;278.15;93.62;1004.54;2.86;216.67;0.005589;0;0;5.6158
24.12.2019;16:00;278.14;93.68;1004.18;2.55;204.68;0.011252;0;0;0
24.12.2019;17:00;278.09;93.7;1003.92;2.42;192.29;0.033829;0;0;0
24.12.2019;18:00;278.2;93.5;1003.8;2.27;181.06;0.078802;0;0;0
24.12.2019;19:00;278.1;93.7;1003.66;2.17;168.19;0.107543;0;0;0
24.12.2019;20:00;277.87;94.37;1003.59;2.11;155.97;0.1203;0;0;0
24.12.2019;21:00;277.64;95.25;1003.61;2.06;143.42;0.138064;0;0;0
24.12.2019;22:00;277.47;95.76;1003.83;1.93;134.5;0.151644;0;0;0
24.12.2019;23:00;277.45;95.57;1004.07;1.68;127.14;0.156359;0;0;0
24.12.2019;24:00:00;277.56;94.74;1004.25;1.36;114.37;0.146782;0;0;0
25.12.2019;01:00;277.69;93.85;1004.53;1.09;90.42;0.141627;0;0;0
25.12.2019;02:00;277.72;93.47;1004.94;1;55.74;0.134594;0;0;0
25.12.2019;03:00;277.6;93.94;1005.41;1.15;22.94;0.148462;0;0;0
25.12.2019;04:00;277.5;94.53;1005.97;1.41;5.15;0.177764;0;0;0
25.12.2019;05:00;277.41;94.87;1006.57;1.64;357.62;0.216764;0;0;0
25.12.2019;06:00;277.34;94.87;1007.29;1.8;352.79;0.251471;0;0;0
25.12.2019;07:00;277.24;94.89;1007.95;1.91;348.1;0.263257;0;0;0
25.12.2019;08:00;277.13;95.12;1008.72;2.01;342.05;0.265846;0;0;0.9083
25.12.2019;09:00;277.35;94.43;1009.5;2.05;335.34;0.243682;0;0;12.8615
25.12.2019;10:00;277.83;93.25;1010.3;2.2;328.98;0.174522;0;0;29.8195
25.12.2019;11:00;278.22;92.14;1010.85;2.78;323.09;0.102796;0;0;46.4268
25.12.2019;12:00;278.4;91.68;1011.33;3.18;317.92;0.054523;0;0;57.4892
25.12.2019;13:00;278.45;91.56;1011.83;3.39;313.64;0.025579;0;0;52.7799
25.12.2019;14:00;278.23;92.55;1012.41;3.22;309.03;0.020019;0;0;28.3395
25.12.2019;15:00;277.68;94.35;1013.05;3.26;304.51;0.028046;0;0;4.3406
25.12.2019;16:00;277.63;94.95;1013.8;3.72;300.66;0.038212;0;0;0
25.12.2019;17:00;277.81;94.84;1014.5;4.24;299.61;0.038975;0;0;0
25.12.2019;18:00;277.93;94.71;1015.17;4.63;302.1;0.035836;0;0;0
25.12.2019;19:00;277.89;94.42;1015.84;4.85;305.93;0.024266;0;0;0
25.12.2019;20:00;277.67;93.83;1016.35;4.95;308.13;0.01549;0;0;0
25.12.2019;21:00;277.38;93.03;1016.78;4.86;306.59;0.009764;0;0;0
25.12.2019;22:00;276.98;93.2;1017.09;4.73;300.77;0.011776;0;0;0
25.12.2019;23:00;277.07;92.35;1017.33;5.3;293.72;0.014823;0;0;0
25.12.2019;24:00:00;277.19;92.29;1017.54;5.8;288.85;0.018949;0;0;0
26.12.2019;01:00;277.18;93.2;1017.71;5.82;284.87;0.022347;0;0;0
26.12.2019;02:00;277.32;93.62;1017.83;6.08;283.1;0.040457;0;0;0
26.12.2019;03:00;277.51;93.82;1017.88;6.19;281.36;0.055198;0;0;0
26.12.2019;04:00;277.65;94.01;1017.89;6.12;280.75;0.054696;0;0;0
26.12.2019;05:00;277.41;95.16;1017.91;5.52;278.81;0.044363;0;0;0
26.12.2019;06:00;277.34;95.27;1017.98;5.72;282.55;0.058298;0;0;0
26.12.2019;07:00;277.18;95.59;1018.03;5.46;285.85;0.043839;0;0;0
26.12.2019;08:00;277.1;95.59;1018.22;5.09;285.5;0.028882;0;0;2.4904
26.12.2019;09:00;277.36;94.52;1018.6;5.09;284.63;0.027324;0;0;30.2373
26.12.2019;10:00;277.79;93.54;1019.01;5.3;290.1;0.02704;0;0;60.0717
26.12.2019;11:00;278.18;92.83;1019.1;5.1;294.06;0.024453;0;0;89.7089
26.12.2019;12:00;278.55;91.43;1018.98;4.96;295.84;0.045663;0;0;103.6865
26.12.2019;13:00;278.64;89.4;1018.9;4.86;299.31;0.070282;0;0;116.0147
26.12.2019;14:00;278.09;90.17;1018.93;4.26;303.63;0.044506;0;0;59.6706
26.12.2019;15:00;276.89;93.7;1019.18;3.78;308.27;0.027477;0;0;7.9466
26.12.2019;16:00;276.55;94.01;1019.4;3.72;311.8;0.018497;0;0;0
26.12.2019;17:00;276.86;91.99;1019.63;3.74;315.95;0.01941;0;0;0
26.12.2019;18:00;276.82;91.46;1019.82;3.53;322.54;0.018103;0;0;0
26.12.2019;19:00;276.54;90.87;1020.03;3.14;330.88;0.029705;0;0;0
26.12.2019;20:00;276.16;90.43;1020.27;2.83;336.48;0.036473;0;0;0
26.12.2019;21:00;275.87;90.59;1020.57;2.71;338.32;0.028998;0;0;0
26.12.2019;22:00;275.62;90.57;1020.93;2.71;340.16;0.023314;0;0;0
26.12.2019;23:00;275.3;90.32;1021.23;2.8;343.91;0.021361;0;0;0
26.12.2019;24:00:00;275.05;90.45;1021.45;2.88;349.36;0.020639;0;0;0
27.12.2019;01:00;274.86;90.77;1021.67;3.01;356.46;0.016785;0;0;0
27.12.2019;02:00;274.68;91.01;1021.99;3.2;3.71;0.020367;0;0;0
27.12.2019;03:00;274.74;90.56;1022.29;3.36;9.39;0.025289;0;0;0
27.12.2019;04:00;274.81;90.41;1022.61;3.48;12.56;0.022396;0;0;0
27.12.2019;05:00;274.74;91.06;1022.99;3.64;13.6;0.020151;0;0;0
27.12.2019;06:00;274.62;91.92;1023.54;3.89;14.23;0.018779;0;0;0
27.12.2019;07:00;274.47;92.73;1024.17;4.16;16.38;0.017903;0;0;0
27.12.2019;08:00;274.58;92.71;1025.13;4.32;18.49;0.025538;0;0;3.5465
27.12.2019;09:00;275.65;89.52;1026.19;4.74;20.31;0.035728;0;0;43.0404
27.12.2019;10:00;276.57;86.74;1027.14;5.13;22.28;0.039069;0;0;89.6676
27.12.2019;11:00;276.96;85.25;1027.74;5.08;22.82;0.034398;0;0;114.8137
27.12.2019;12:00;277.07;83.73;1028.22;5.09;21.29;0.02353;0;0;125.4073
27.12.2019;13:00;276.83;81.94;1028.8;5.18;20.2;0.013151;0;0;103.7151
27.12.2019;14:00;276.2;82.2;1029.44;4.9;19.16;0.006597;0;0;64.9166
27.12.2019;15:00;275.15;83.77;1030.22;4.66;19.64;0.005442;0;0;9.3666
27.12.2019;16:00;274.54;84.18;1031.04;4.71;20.89;0.006396;0;0;0
27.12.2019;17:00;274.24;84.92;1031.87;4.63;22.02;0.007898;0;0;0
27.12.2019;18:00;273.96;85.83;1032.6;4.39;22.6;0.00939;0;0;0
27.12.2019;19:00;273.71;86.45;1033.27;4.16;21.43;0.014186;0;0;0
27.12.2019;20:00;273.46;86.73;1034;4.03;17.25;0.015653;0;0;0
27.12.2019;21:00;273.34;86.47;1034.8;4.12;12.38;0.018826;0;0;0
27.12.2019;22:00;273.35;85.72;1035.61;4.28;11.25;0.015462;0;0;0
27.12.2019;23:00;273.32;84.75;1036.31;4.35;14.94;0.020137;0.000019;0;0
27.12.2019;24:00:00;273.18;84.21;1036.61;4.16;21.65;0.014744;0.000032;0;0
28.12.2019;01:00;272.73;84.74;1036.75;3.78;25.41;0.011118;0.000046;0;0
28.12.2019;02:00;272.55;84.54;1037.29;3.54;20.78;0.011174;0.000069;0;0
28.12.2019;03:00;272.46;84.1;1037.77;3.41;16.67;0.01011;0.000284;0;0
28.12.2019;04:00;272.41;83.83;1038.02;3.26;17.02;0.009877;0.000678;0;0
28.12.2019;05:00;272.37;84.04;1038.33;3.11;16.17;0.009999;0.000769;0;0
28.12.2019;06:00;272.4;83.99;1038.73;2.98;12.24;0.009495;0.000577;0;0
28.12.2019;07:00;272.35;83.85;1039.26;2.91;10.86;0.007401;0.000352;0;0
28.12.2019;08:00;272.38;83.26;1039.72;2.77;12.69;0.00555;0.000319;0;3.9699
28.12.2019;09:00;273.17;82.53;1040.1;2.39;13.71;0.004621;0.000392;0;52.6033
28.12.2019;10:00;274.2;76.84;1040.4;2.52;10.54;0.005557;0.000511;0;107.6776
28.12.2019;11:00;274.65;71.69;1040.4;2.4;7.44;0.009544;0.000911;0;136.8084
28.12.2019;12:00;274.77;69.53;1040.33;2.25;1.84;0.013494;0.00126;0;127.3052
28.12.2019;13:00;274.64;69.87;1040.18;2.08;356.94;0.011542;0.001384;0;102.3883
28.12.2019;14:00;274.25;75.28;1040.01;1.47;350.93;0.006252;0.001468;0;58.6303
28.12.2019;15:00;273.14;77.77;1040.07;1.55;328.77;0.002394;0.001333;0;10.2028
28.12.2019;16:00;272.16;78.71;1040.31;1.78;310.05;0.000834;0.000407;0;0
28.12.2019;17:00;271.82;80.2;1040.5;1.81;294.33;0.000132;0.000012;0;0
28.12.2019;18:00;271.78;81.11;1040.55;1.73;278.33;0.000006;0.000007;0;0
28.12.2019;19:00;271.73;81.86;1040.39;1.68;262.02;0.000003;0.000006;0;0
28.12.2019;20:00;271.7;82.68;1040.34;1.79;250.27;0.000001;0.000005;0;0
28.12.2019;21:00;271.89;83.5;1040.59;2.15;245.17;0.000001;0.000004;0;0
28.12.2019;22:00;272.15;83.06;1040.62;2.68;240.05;0.000001;0.000003;0;0
28.12.2019;23:00;272.09;83.52;1040.4;3.07;237.31;0;0.000003;0;0
28.12.2019;24:00:00;271.98;83.94;1039.86;3.44;232.51;0;0.000003;0;0
29.12.2019;01:00;271.44;85.65;1039;3.76;226.34;0;0.000003;0;0
29.12.2019;02:00;271.39;86.43;1038.55;4.14;228.39;0;0.000003;0;0
29.12.2019;03:00;271.51;86.42;1038.16;4.52;228.1;0;0.000003;0;0
29.12.2019;04:00;271.29;87.32;1037.56;4.54;222.51;0;0.000002;0;0
29.12.2019;05:00;271.16;87.74;1037.06;4.65;219.07;0;0.000001;0;0
29.12.2019;06:00;271.17;87.62;1036.65;5.13;218.4;0;0.000001;0;0
29.12.2019;07:00;271.18;87.59;1036.38;5.44;218.61;0;0.000001;0;0
29.12.2019;08:00;271.22;87.44;1036.25;5.56;217.03;0;0;0;5.1108
29.12.2019;09:00;271.66;85.62;1036.07;5.93;212.32;0;0;0;61.6724
29.12.2019;10:00;272.53;82.06;1035.81;5.99;209.45;0;0;0;115.9432
29.12.2019;11:00;273.51;77.86;1035.31;6.2;210.73;0;0;0;124.261
29.12.2019;12:00;274.09;74.82;1034.52;6.36;211.61;0;0;0;80.2928
29.12.2019;13:00;274.19;75.33;1033.9;6.12;211.23;0;0;0;50.1109
29.12.2019;14:00;274.06;77.31;1033.43;5.92;211.61;0;0;0;24.8054
29.12.2019;15:00;273.8;79.69;1033.05;6.03;211.31;0.000001;0;0;3.566
29.12.2019;16:00;273.62;81.64;1032.65;6.37;212.55;0.000002;0.000001;0;0
29.12.2019;17:00;273.54;83.01;1032.19;6.6;214.22;0.000004;0.000002;0;0
29.12.2019;18:00;273.57;83.31;1031.59;6.82;216.65;0.000019;0.000007;0;0
29.12.2019;19:00;273.77;82.23;1031.07;7.13;219.27;0.000037;0.000017;0;0
29.12.2019;20:00;274.07;80.34;1030.42;7.39;221.5;0.000052;0.000038;0;0
29.12.2019;21:00;274.39;78.62;1029.74;7.61;224.07;0.000082;0.000007;0;0
29.12.2019;22:00;274.59;77.78;1029.24;7.78;227.4;0.000075;0;0;0
29.12.2019;23:00;274.81;76.28;1028.82;7.99;229.99;0.000006;0;0;0
29.12.2019;24:00:00;275.16;73.23;1028.25;8.29;231.98;0;0;0;0
30.12.2019;01:00;275.52;69.39;1027.63;8.44;235.08;0;0;0;0
30.12.2019;02:00;275.82;65.27;1027.07;8.67;237.81;0;0;0;0
30.12.2019;03:00;275.68;64.12;1026.37;8.44;235.65;0;0;0;0
30.12.2019;04:00;275.15;66.91;1025.61;8.19;231.06;0;0;0;0
30.12.2019;05:00;274.91;68.84;1024.91;8.27;229.23;0;0;0;0
30.12.2019;06:00;275.01;68.62;1024.34;8.42;229.06;0;0;0;0
30.12.2019;07:00;275.13;67.65;1023.89;8.38;230.9;0;0;0;0
30.12.2019;08:00;275.09;67.22;1023.55;8.33;232.12;0;0;0;3.9208
30.12.2019;09:00;275.46;65.15;1023.25;8.51;232.66;0;0;0;39.9451
30.12.2019;10:00;276.18;62.34;1022.85;8.47;233.79;0;0;0;79.3654
30.12.2019;11:00;277.04;59.69;1022.18;8.43;235.97;0;0;0;123.635
30.12.2019;12:00;277.87;57.73;1021.46;8.36;238.28;0;0;0;171.2488
30.12.2019;13:00;278.13;57.95;1020.75;8.16;239.33;0;0;0;156.3746
30.12.2019;14:00;277.65;60.46;1020.07;8.04;239.55;0;0;0;87.4001
30.12.2019;15:00;276.65;64.38;1019.46;8.03;239.64;0;0;0;14.1591
30.12.2019;16:00;276;67.01;1018.94;8.27;239.83;0;0;0;0
30.12.2019;17:00;275.66;68.82;1018.45;8.35;240.13;0;0;0;0
30.12.2019;18:00;275.4;70.44;1017.93;8.36;241.53;0;0;0;0
30.12.2019;19:00;275.18;72.32;1017.63;8.3;244.32;0;0;0;0
30.12.2019;20:00;275.01;74.22;1017.44;8.27;247.25;0.000001;0;0;0
30.12.2019;21:00;274.9;76.11;1017.11;8.27;249.08;0.00018;0;0;0
30.12.2019;22:00;274.94;77.86;1016.71;8.43;251.13;0.002562;0;0;0
30.12.2019;23:00;275.33;79.38;1016.4;8.58;254.03;0.006733;0;0;0
30.12.2019;24:00:00;275.92;81.79;1016.02;8.52;256.78;0.015889;0;0;0
31.12.2019;01:00;276.46;85.68;1015.59;8.44;261.38;0.061504;0;0;0
31.12.2019;02:00;276.91;89.33;1015.47;8.49;269.42;0.122096;0;0;0
31.12.2019;03:00;277.76;91.81;1015.75;8.99;281.45;0.038961;0;0;0
31.12.2019;04:00;278.79;91.75;1016.33;9.86;291.88;0.022857;0;0;0
31.12.2019;05:00;278.8;89;1017.09;10.76;292.07;0.008604;0;0;0
31.12.2019;06:00;278.31;87.62;1017.5;11.05;287.02;0.002035;0;0;0
31.12.2019;07:00;278.04;89.16;1018.06;11.54;287.07;0.005063;0;0;0
31.12.2019;08:00;278.56;88.48;1018.79;11.62;293.62;0.01172;0;0;2.5286
31.12.2019;09:00;279.12;85.78;1019.81;11.03;299.42;0.002925;0;0;38.2632
31.12.2019;10:00;279.45;84.19;1020.96;10.37;299.45;0.000259;0;0;123.419
31.12.2019;11:00;279.73;82.98;1022.1;10.09;299.16;0.000114;0;0;182.8141
31.12.2019;12:00;279.87;80.65;1022.96;9.62;301.28;0.000087;0;0;189.1487
31.12.2019;13:00;279.69;80.21;1023.87;8.86;302.46;0.000063;0;0;154.3645
31.12.2019;14:00;279.1;82.9;1024.82;7.95;302.38;0.000048;0;0;86.9147
31.12.2019;15:00;277.87;89.38;1025.54;6.69;299.69;0.000042;0;0;14.1706
31.12.2019;16:00;276.8;95.68;1026.2;6.29;295.48;0.000042;0;0;0
31.12.2019;17:00;276.35;97.77;1026.86;6.26;294.14;0.000054;0;0;0
31.12.2019;18:00;276.03;98.8;1027.49;6.07;294.27;0.000162;0;0;0
31.12.2019;19:00;275.8;99.28;1028.19;5.86;294.51;0.000628;0;0;0
31.12.2019;20:00;275.64;99.54;1028.77;5.79;294.42;0.001482;0;0;0
31.12.2019;21:00;275.47;100.08;1029.23;5.66;290.76;0.00372;0;0;0
31.12.2019;22:00;275.53;99.34;1029.51;5.67;288.4;0.004051;0;0;0
31.12.2019;23:00;275.56;98.49;1029.53;5.47;285.15;0.007013;0;0;0
31.12.2019;24:00:00;275.61;96.55;1029.4;5.78;280.66;0.012874;0.000281;0;0
